Date,Close,High,Low,Open,Volume
2012-01-02,292.20098876953125,295.2983592398761,288.3292687312756,292.33763215179823,550952
2012-01-03,298.7601013183594,300.0354856842386,293.5218926931495,293.9773890953416,819196
2012-01-04,301.4020080566406,302.586287712139,296.39154708118315,298.8056727181896,1239328
2012-01-05,305.1826171875,308.0978055468246,301.4020022661828,301.4020022661828,1446292
2012-01-06,308.3255615234375,308.7810579784573,302.72293288565584,305.6381213183016,764727
2012-01-09,313.9737243652344,315.6590669351045,303.58840997438256,305.5926056468712,2368862
2012-01-10,315.0213317871094,318.11872986934384,312.92605925034775,314.2925485920523,1198771
2012-01-11,310.2385559082031,316.70660970191875,309.7375210388039,316.06893148643707,1091338
2012-01-12,308.781005859375,314.2925009143118,307.8244467845124,309.73753713294496,794478
2012-01-13,308.37109375,311.87842194227557,304.7271221842688,310.32972290632114,761454
2012-01-16,302.8595886230469,307.2323432477899,302.085239128731,305.68364425915814,594867
2012-01-17,308.1889343261719,310.19313013478796,301.99419277439705,302.9051858144405,786285
2012-01-18,302.81402587890625,312.47055590744213,301.58417993825327,307.91559153561354,969633
2012-01-19,302.4495849609375,306.0480173483087,299.44332008636053,305.1825631382954,1101256
2012-01-20,307.7789611816406,310.19308684055136,301.9941506245016,303.8161364502904,933672
2012-01-23,311.24072265625,313.2904567071417,307.8244992380972,310.4208345961528,1177690
2012-01-24,313.9281311035156,315.6134733795465,310.87629959848044,311.6050827334316,1602434
2012-01-25,311.83282470703125,315.20350919173796,310.37525846625493,314.2925163906058,756243
2012-01-27,314.7935485839844,317.3898836049806,310.9673955331475,315.56789801849817,1135637
2012-01-30,311.05853271484375,317.02552501047046,309.4642951609118,312.56166541972027,1011443
2012-01-31,319.07525634765625,321.3982770720671,309.41872625553356,314.20143887744706,1068217
2012-02-01,317.79986572265625,323.12917952986976,316.4789149511834,319.0752501702152,1192931
2012-02-02,310.056396484375,318.9385760392748,308.0066627409366,317.98201694489427,1340236
2012-02-03,314.4291687011719,316.84329413263475,310.01084792964843,310.6485540291117,1054585
2012-02-06,321.44384765625,323.4480153388308,317.02552656767676,319.4852184977723,1529667
2012-02-07,322.263671875,327.9118378100041,319.8495467484208,327.9118378100041,1164332
2012-02-08,320.89727783203125,324.58678828772076,317.1166625179038,322.9014735124672,1007241
2012-02-09,321.0339050292969,324.1768417784596,319.0752757775033,319.0752757775033,1110970
2012-02-10,318.6197204589844,322.26369152928015,315.7500988013851,321.03384573279675,1348441
2012-02-13,311.6506652832031,321.8537687102799,308.917686682885,321.8537687102799,1501856
2012-02-14,292.61090087890625,306.5946182324888,291.60880323043375,306.5946182324888,5296934
2012-02-15,290.06011962890625,297.80355890060196,288.69363034566584,296.52817446317,3535742
2012-02-16,296.2093200683594,299.71664810646,288.0559507292193,289.6957267411984,2001270
2012-02-17,293.11199951171875,299.1245589081166,290.8800555277839,298.7146009351326,1768936
2012-02-21,293.29412841796875,296.8925331172986,292.4286741807175,294.88836573826865,764907
2012-02-22,289.7867736816406,295.75376454539077,288.1925365102718,294.2506322012153,1137084
2012-02-23,287.23602294921875,293.3396859196167,285.23185544048243,288.7847218525419,2104238
2012-02-24,285.96063232421875,290.7433444901745,285.23184920992395,287.91926127001807,1081680
2012-02-27,285.64178466796875,291.5176994173678,283.5920508439404,289.6046089546824,1423323
2012-02-28,290.7889099121094,293.61296532224594,286.18837963829577,286.9627290706499,1173064
2012-02-29,288.73919677734375,296.93813247985656,287.8737424437825,292.42870672295624,1252248
2012-03-01,287.0993347167969,291.5176547315804,283.6375736873754,290.51555723318256,1201944
2012-03-02,287.41827392578125,290.51564437613223,286.0517845093354,290.51564437613223,1129556
2012-03-05,285.1863098144531,286.9172185265857,282.40779265242367,284.5941700030219,482920
2012-03-06,279.08270263671875,286.9172477591054,277.39736007762934,286.9172477591054,1648717
2012-03-07,281.4967956542969,282.9543898004683,276.57743973710234,279.082670119139,1856834
2012-03-09,280.1758728027344,283.77430610337694,279.6748377969076,283.3188096248804,1291983
2012-03-12,275.5753479003906,283.4098922769916,273.8444669779698,283.3187874281702,3205351
2012-03-13,280.4035949707031,281.8156506035321,276.12194515171234,278.08057426687907,884064
2012-03-14,282.2711486816406,285.1407706857911,281.49679917542954,282.3622535296589,4585070
2012-03-15,280.4035949707031,283.68317487121055,279.21931535724303,283.68317487121055,407449
2012-03-16,275.30206298828125,282.8632928687633,273.5256157289732,280.67691548897426,720011
2012-03-19,274.5276794433594,277.6250493309273,273.29783363175784,277.260657779677,510642
2012-03-20,278.17169189453125,279.21932818553887,274.20886715773963,274.6643636148123,740948
2012-03-21,279.6293029785156,281.4057225874351,275.66647800277354,278.7638485373734,741547
2012-03-22,272.9334716796875,279.2648554980086,271.47587751531916,279.2648554980086,1025331
2012-03-23,274.3911437988281,275.8942769135978,270.65606637940044,271.47595464188356,1408089
2012-03-26,263.27691650390625,274.39103967060936,260.8172248485772,274.39103967060936,4507034
2012-03-27,273.25238037109375,276.0308980927608,265.09898133661187,267.74085565908746,9810527
2012-03-28,273.7077941894531,276.03081467760865,271.56695557806444,273.297836314464,1815715
2012-03-29,272.6146240234375,274.84656773830017,268.7429042169225,273.206763845351,1258331
2012-03-30,277.9440002441406,278.71834993904986,273.7534264257815,274.3911327160134,695442
2012-04-02,281.63348388671875,282.36229497654824,276.98741396876954,277.8528684500357,444510
2012-04-03,283.81988525390625,285.8696197005198,282.40785708898244,283.31885017636625,1018547
2012-04-04,278.4449462890625,283.7742597777314,277.85280652394243,280.5857849487681,475752
2012-04-09,282.95440673828125,284.22979126704047,275.30207176442815,276.03085498049126,782999
2012-04-10,283.31884765625,286.0062883606486,280.4036586820313,285.1408338148111,865847
2012-04-11,282.5444641113281,285.8240443638908,281.6790374705277,283.2277088388912,1154930
2012-04-12,284.18426513671875,287.87377550607135,282.6355659834134,283.59209747137925,1661288
2012-04-13,286.09735107421875,287.7826937465957,284.2298264759071,286.6895187870844,1367848
2012-04-16,284.63970947265625,289.33131679930267,283.7742551982436,284.2752901141917,433148
2012-04-17,286.09735107421875,288.4203999906198,285.2319243731016,287.8737986102136,1106571
2012-04-18,286.0062561035156,291.2900042468958,285.14080165528816,286.2795428759562,878193
2012-04-19,291.3354797363281,293.06638825825087,286.32501944954686,286.9171869972011,973969
2012-04-20,293.2030944824219,294.2507308431205,289.9690527412922,292.337640035893,1324004
2012-04-23,287.23602294921875,296.02712583970856,286.50723981900455,295.11613302629365,745472
2012-04-24,285.9151611328125,290.3334827820542,284.82195840264745,290.3334827820542,571537
2012-04-25,284.3208923339844,289.78684978557794,283.91093440459593,287.7826542661414,887751
2012-04-26,281.0868835449219,287.3271912554276,277.85286946349,286.78058988638685,1778499
2012-04-27,282.9088439941406,284.22979486644294,279.3104385924757,280.676927990872,1100954
2012-04-30,284.22979736328125,286.68948942252126,283.227699568728,283.227699568728,2006375
2012-05-02,289.7413024902344,290.51565207366394,282.72667331406427,284.45755439383095,1568155
2012-05-03,289.37689208984375,294.15960486384984,287.64601112236767,291.5177309870393,1289672
2012-05-04,296.9837341308594,300.2633146692519,290.7434261816531,290.7434261816531,4511925
2012-05-07,298.39569091796875,301.8119140370172,296.98366314928,300.62763447626503,3128065
2012-05-08,296.0726623535156,300.0810251451198,292.97529236915307,298.71453593425736,2100908
2012-05-09,294.1596374511719,297.4847563783436,288.8303227809184,295.1617353227128,1228030
2012-05-10,297.34808349609375,301.6752998656332,292.0643356811751,297.849146282819,2621395
2012-05-11,290.515625,301.72085414829496,287.8737511979992,299.6255538353797,1542531
2012-05-14,291.88214111328125,293.9318752893595,285.0041553318494,290.33346974991264,1039803
2012-05-15,295.8449401855469,298.3957091497689,290.42452138495435,290.60673108295447,1133689
2012-05-16,293.157470703125,296.5736936889505,291.56323330973976,293.33968038288657,871437
2012-05-17,286.0517883300781,296.25492056300806,283.77430593891506,294.2507249382651,2394051
2012-05-18,288.192626953125,290.24236110243413,281.4968231717887,284.8675082267277,936240
2012-05-21,284.63970947265625,290.0600999136442,284.2297515950305,286.962729975752,662807
2012-05-22,283.81988525390625,288.3293121569772,283.09110190452026,287.8282770794372,859193
2012-05-23,282.36224365234375,286.23396324666624,280.26694342640377,284.54862092181975,871363
2012-05-24,282.0889587402344,284.22979771275357,280.63136447375547,282.77220344627466,668709
2012-05-25,281.77008056640625,283.04549281184535,279.7659129545512,282.4077866891258,505242
2012-05-28,285.64178466796875,287.50933661063783,281.9067363852191,282.407771310575,534748
2012-05-29,282.6810607910156,287.96483582527895,280.6768932687457,287.2360248888489,1474569
2012-05-30,279.0371398925781,283.637671142787,277.852860133839,282.7722166874241,758573
2012-05-31,282.3166809082031,283.7287365177515,276.75961891858736,278.7638143251031,2356059
2012-06-01,281.0868835449219,283.59211433516646,279.3104638471651,283.04554076742625,1007264
2012-06-04,277.4884338378906,280.3125172959196,276.0763782082281,280.3125172959196,397437
2012-06-05,282.1800537109375,282.5900116407217,277.5339843123382,277.85283739091506,832799
2012-06-06,281.63348388671875,284.13871466782564,280.1303509783147,283.5921133007786,938541
2012-06-07,280.5858459472656,284.45756622413535,279.6748529409433,284.0020697209742,579491
2012-06-08,281.6789855957031,282.40776871703594,274.2543720158168,275.4386793396001,920120
2012-06-11,274.9376220703125,283.40987198062777,274.25437745502717,282.3166694756534,1222161
2012-06-12,277.1240234375,277.98944992470877,273.29784252167883,273.7988774457842,1042642
2012-06-13,276.258544921875,279.447019471674,275.66640520859926,278.76377492528854,2002747
2012-06-14,279.3559265136719,280.8135205015133,276.12191331048956,276.7595915667813,956446
2012-06-15,280.9957580566406,283.0910305086725,276.9418287196667,278.35385652847566,1910992
2012-06-18,278.3083190917969,284.6397305975459,277.3973262306126,282.4077869671261,767775
2012-06-19,282.36224365234375,282.54442554071113,279.31041205891285,279.8570133266057,1410524
2012-06-20,281.2235107421875,283.09103500950323,279.993664804574,282.40779035541755,891021
2012-06-21,282.40777587890625,283.31876870432205,280.72243359162803,281.8611746233978,530095
2012-06-22,285.8240051269531,288.6936270285264,281.08683121229905,281.49678911307893,825032
2012-06-25,278.9916076660156,287.8737894610969,277.85286641023595,287.6915797396521,744627
2012-06-26,280.5858459472656,283.7743214693936,278.5361116830405,278.99160818620163,1211155
2012-06-27,280.9957580566406,282.8632822942648,278.53606622052,281.4967930078191,737342
2012-06-28,280.5858459472656,282.45337048970623,278.99160818620163,282.36229343011416,1037836
2012-06-29,288.374755859375,289.6046016831714,281.63341478987155,281.9522678258623,2159352
2012-07-02,287.3727111816406,291.33550791434254,285.77847366346987,288.10149435514313,1064183
2012-07-03,286.09735107421875,291.0622742277318,285.4141062990363,287.50940695704315,849875
2012-07-04,288.1014709472656,290.4700577706481,287.23601667291445,289.6957083359066,437634
2012-07-05,295.5716247558594,296.07265967479145,286.4161304451395,286.7805220044805,1301985
2012-07-06,298.714599609375,300.3544036927331,293.7041381014976,296.1638303258847,1255086
2012-07-09,294.2051696777344,298.9423161011441,293.1575055963474,297.75803644561597,482683
2012-07-10,298.2590637207031,299.9444061110473,292.4287148417499,292.4742533652877,1516731
2012-07-11,296.0271301269531,298.80564712759116,294.70617940785286,298.80564712759116,919965
2012-07-12,297.39361572265625,298.57789526221745,295.16167220429736,295.16167220429736,894092
2012-07-13,299.5799865722656,302.85956619864334,297.4391479410681,297.803539499267,1489295
2012-07-16,303.3150939941406,305.77475811756375,298.8512065899234,298.8512065899234,1041425
2012-07-17,302.3584899902344,307.46005498129364,300.39986112616765,304.2715803370432,1042014
2012-07-18,300.5364990234375,304.95481936766356,298.85115689609864,304.36267964759645,710533
2012-07-19,302.9506530761719,305.18259661972957,301.8119120440087,301.8119120440087,606579
2012-07-20,296.66485595703125,303.1329116225353,295.8449678419785,302.54077175062486,468739
2012-07-23,298.7601013183594,300.0810242039402,295.29831198092245,295.29831198092245,801928
2012-07-24,296.892578125,300.71875939427014,295.52608878616024,300.0810532489595,681402
2012-07-25,298.94232177734375,300.3543774871435,295.16170671151446,297.9857903298162,1222772
2012-07-26,298.4413146972656,302.6318880903408,296.1638321794313,300.6276923541265,1712900
2012-07-27,297.439208984375,301.08318091680223,296.0727195097148,299.716691442142,514074
2012-07-30,303.4972839355469,305.91140959895205,299.716668900256,299.716668900256,1135243
2012-07-31,308.46221923828125,311.87844280973013,305.273743904929,306.093632001817,2641073
2012-08-01,324.40765380859375,333.2051550983951,320.83367677518606,329.9060886189089,6571518
2012-08-02,319.9630126953125,324.4075854909563,319.3215455490883,324.4075854909563,1868257
2012-08-03,320.650390625,324.1785586230999,316.16000770309387,319.73398480557074,1776920
2012-08-06,322.0708312988281,325.0033130944357,320.78784079885867,325.0033130944357,755121
2012-08-07,322.34576416015625,324.36186825692147,320.92534625094964,322.80396709428584,837285
2012-08-08,321.7041931152344,325.2781975330771,320.8336245252705,322.62059876771076,1206082
2012-08-09,322.529052734375,324.36186444937874,320.23803809062036,322.8039633050306,1178923
2012-08-10,320.69622802734375,326.1946629496026,317.6720720402096,320.19218804624495,1006539
2012-08-13,320.650390625,323.44544515415095,317.6720717118549,317.6720717118549,740797
2012-08-14,320.2838134765625,323.39958747073433,318.4968110559793,318.4968110559793,786725
2012-08-16,326.2404479980469,330.31846478461614,321.10857018905045,322.345723548632,2587741
2012-08-17,325.2782897949219,328.6231657819041,322.6665273512684,327.1569107287575,1742431
2012-08-21,329.86029052734375,334.85468553355287,326.2862854081372,326.6528701142513,2452224
2012-08-22,330.1810302734375,333.57174324577284,328.9897138055836,331.09743616147534,1371314
2012-08-23,333.6633605957031,337.14569148274006,331.2806998993951,333.4342591434905,1848883
2012-08-24,336.0002136230469,337.19155805869127,331.0058183076744,333.5717436103898,1811574
2012-08-27,337.3748474121094,340.8572068279415,334.3507189411805,336.96248151143203,998529
2012-08-28,337.0081787109375,340.6738013209817,332.1970490352545,339.07009142908737,1314100
2012-08-29,335.81689453125,341.681885672585,335.17539932680614,339.02431462050174,1687287
2012-08-30,341.1778564453125,343.5605170368446,335.03795457590496,337.87881805171304,2867423
2012-08-31,344.9810485839844,351.07514286767537,340.85722159955554,340.9030307127859,3405168
2012-09-03,352.6329650878906,354.2366753490142,345.7141120050668,345.7141120050668,2102747
2012-09-04,348.005126953125,352.7246115607718,346.49306287039184,352.7246115607718,1149112
2012-09-05,342.3692321777344,350.15868192604194,341.13207868323514,344.6602468095895,939283
2012-09-06,343.6521911621094,346.9970668961232,340.4905798168232,342.5524929637959,1184777
2012-09-07,349.425537109375,350.8917920529833,344.29368675647635,346.4014090109535,2121094
2012-09-10,354.7865295410156,362.3468780231494,353.0453639687309,361.93451215856214,2883138
2012-09-11,356.9858703613281,359.1852666678116,354.6948558474793,355.4738063754851,1344010
2012-09-12,347.7760009765625,359.2310734724967,346.2639370003963,359.2310734724967,2700739
2012-09-13,338.7036437988281,348.0968047609674,335.72532446936935,347.7760570860354,4000689
2012-09-14,338.42864990234375,343.6521741358021,336.0918263048145,343.6521741358021,2461131
2012-09-17,338.7952575683594,339.9865739995526,327.4318025331898,338.1537622798785,3307433
2012-09-18,334.2590026855469,342.68994690766374,333.4800521922288,338.79522240755796,1185503
2012-09-20,330.7308349609375,333.8466089683178,326.9735657315299,332.65529266053505,2283728
2012-09-21,331.097412109375,336.27512737385166,328.34819464497446,331.0057939004173,3633903
2012-09-24,325.8738708496094,333.5716730970132,323.03300760081635,329.997696478556,3217311
2012-09-25,332.6553039550781,335.0379646180259,325.32405758692215,325.32405758692215,3822261
2012-09-26,342.2318115234375,343.37731895527855,332.65535820665,332.65535820665,2759519
2012-09-27,340.3989562988281,344.5227825284823,338.42866139369306,343.6521858045163,1693677
2012-09-28,348.3258972167969,350.15870906432906,334.5798083603052,338.7036350172527,3138518
2012-10-01,347.2261657714844,354.8323509924629,346.5846984659836,350.0670294572357,1100715
2012-10-03,349.1964416503906,353.2286498062409,347.36362993099954,347.7760237544575,2073432
2012-10-04,335.4503479003906,350.296133754952,333.4800809297295,348.14257442895575,4661063
2012-10-05,333.80078125,339.8032274887671,293.5247389420959,338.33700071988073,4565990
2012-10-08,336.6875,339.9865666170749,332.65531989756926,333.57172573750745,1298736
2012-10-09,340.811279296875,343.1939397455479,336.91655501404836,338.8868217050053,1134986
2012-10-10,336.59588623046875,345.02683195623416,334.4881637822721,340.9030052794664,1757299
2012-10-11,330.1351623535156,339.4366748667788,327.47759134493805,338.3828138765736,2736262
2012-10-12,333.6633605957031,335.4961722134038,331.0515984471825,331.64725662963804,1106140
2012-10-15,338.841064453125,339.16181209526246,330.63922087476413,331.73891908595334,1284811
2012-10-16,332.74688720703125,339.94067693876804,331.3722787729343,339.5740923164913,1018357
2012-10-17,331.5556335449219,335.72529704545695,328.6231515322749,334.57978970462113,735921
2012-10-18,332.60943603515625,335.31281587547255,331.1431814275119,332.1970423132786,1166800
2012-10-19,329.0813293457031,334.02991508702866,327.0652253931515,332.6553063829668,1235703
2012-10-22,334.0298767089844,334.7171809820481,328.07323967576514,328.07323967576514,1104824
2012-10-23,335.22119140625,337.60385180201064,332.7469128143497,332.7469128143497,1058090
2012-10-25,331.69305419921875,336.2750826978046,330.18096242149943,333.6633208603142,1741399
2012-10-29,329.86029052734375,330.63921311161977,326.19466719809526,326.19466719809526,710576
2012-10-30,325.0033264160156,329.21879888438093,323.67455472441895,328.0732915813733,573868
2012-10-31,332.93023681640625,334.763048531259,325.2782702800859,326.97359874313486,1203379
2012-11-01,343.9270935058594,344.797690222584,334.5797709096173,334.5797709096173,1523764
2012-11-02,345.4850769042969,349.1048919470531,344.110467844996,347.77609200313174,2104477
2012-11-05,348.41748046875,353.7326226799377,345.66826319403543,347.6843390822689,3798873
2012-11-06,363.6756896972656,365.55431061956045,356.5277068445213,361.52213022304477,9964130
2012-11-07,363.21746826171875,367.43294081168267,360.2391492162479,364.4546217662118,2523892
2012-11-08,360.5140075683594,367.02049382624114,357.4898798545118,360.78894606647134,1558177
2012-11-09,360.5140075683594,364.17963047798474,359.36850040910144,360.88056426602526,975854
2012-11-12,359.27685546875,363.26322598986394,358.31464063828406,360.65146406454903,574049
2012-11-15,356.2984924316406,364.7294352882114,353.77837698681003,360.7889023247046,1454577
2012-11-16,347.8218688964844,357.81071617523736,346.2639955534929,354.64910444513805,1503725
2012-11-19,350.70843505859375,352.5412462625237,347.27191405122505,349.8836476436416,1102346
2012-11-20,348.09674072265625,352.54131434379946,345.62243393293136,351.89981911194934,716283
2012-11-21,356.848388671875,359.91835348650795,348.2341803306761,348.2341803306761,3367381
2012-11-22,354.87811279296875,362.4384599344587,352.03724948590013,362.4384599344587,2337369
2012-11-23,349.7921142578125,355.0156106754736,346.95125060970577,354.649053939118,974479
2012-11-26,349.70050048828125,352.63298261736054,346.8596365769163,348.46334691776065,764393
2012-11-27,358.13140869140625,360.6057157676397,349.6546542546828,350.9834539746023,2350611
2012-11-29,370.73193359375,373.4353417327648,358.91030505612,361.06386415388795,5320498
2012-11-30,379.9876708984375,382.04958401095746,372.3356766431217,375.63474321645094,2875574
2012-12-03,378.9795837402344,382.04954857184543,374.90159496475195,382.04954857184543,1311415
2012-12-04,376.9635314941406,385.4402851457337,375.8180242439253,377.3758973243268,1667172
2012-12-05,379.8960266113281,381.2248262548205,376.7802523746581,380.30842042247724,1245858
2012-12-06,377.3301086425781,382.0495931755935,373.1604732127219,381.6830364289831,1409286
2012-12-07,376.3678894042969,380.26261422149975,372.28987223263084,378.7047131080239,1278702
2012-12-10,382.46197509765625,383.9740391094439,374.809980896808,374.809980896808,1913185
2012-12-11,381.499755859375,387.6396864291266,376.8261082543419,384.8446596875685,2524271
2012-12-12,380.53753662109375,384.7071721331765,376.23041785564465,384.7071721331765,1429028
2012-12-13,372.885498046875,383.2408999118822,371.0985235952632,381.45389749378603,947387
2012-12-14,369.3115234375,376.18456667765196,368.44092677382025,373.20624794025275,1224616
2012-12-17,375.0391540527344,376.59705543331916,369.3116165748368,372.01502545100107,877337
2012-12-18,377.8340759277344,382.14119409816817,375.81800007689094,376.64275965071255,1254873
2012-12-19,384.75299072265625,385.57775037079386,378.8421619724453,380.0335063232985,1840280
2012-12-20,389.3349609375,393.5962417802411,383.74488066467046,384.89038777113217,2775721
2012-12-21,384.6613464355469,394.14615235191246,383.14928241212317,389.1975664723046,1318439
2012-12-24,383.74493408203125,388.7393569480216,380.537513737465,385.806847160681,972238
2012-12-26,385.1195068359375,388.46438214674833,384.432202540573,384.5696578063492,708327
2012-12-27,380.40008544921875,388.92264892574104,379.07128573987944,387.3647757134511,1538127
2012-12-28,381.59136962890625,386.58579242683817,380.72080089856445,383.05762450259607,702962
2012-12-31,379.62109375,384.0656673690966,378.7504970738164,382.32450198321436,654260
2013-01-01,382.5536193847656,385.6235564976562,380.7666168555279,381.224819763898,727832
2013-01-02,385.3027648925781,389.4723993936115,382.1411542285553,384.7070788497326,2136297
2013-01-03,382.9201965332031,386.99818585521933,381.2706491952351,385.89851559639493,1107370
2013-01-04,381.36224365234375,386.2650199616424,380.5374840784626,384.89041134967925,1589431
2013-01-07,388.8768005371094,393.7795770811532,382.69106148710176,384.7987836064362,2172227
2013-01-08,393.59637451171875,395.7957433045162,388.41868623774997,391.12206714076444,3215124
2013-01-09,392.5882263183594,398.6365099943289,390.6179595059372,396.71205228381797,2631466
2013-01-10,389.8848571777344,395.70401161038393,388.5560575866575,394.1461385367438,1595163
2013-01-11,386.2650451660156,392.6340766702939,384.8904364643572,391.35108617555755,839019
2013-01-14,381.499755859375,386.7232805510435,379.9418826465266,386.7232805510435,1573682
2013-01-15,383.790771484375,387.5480411869156,380.9499356286256,382.32454444908035,1540527
2013-01-16,381.2707214355469,388.51035151866773,379.8503032613357,383.2868259084527,1360509
2013-01-17,373.34375,382.09544293579853,372.61063648243555,381.22484616301375,1493804
2013-01-18,375.5430603027344,378.6130251187965,373.93935026099126,374.5350363639686,1809419
2013-01-21,370.2279968261719,377.3759519149328,368.4868311472675,375.8180786091719,1340055
2013-01-22,371.41925048828125,373.48116348795674,368.8533254975013,370.2279341639516,1193800
2013-01-23,372.15234375,376.4594335678372,370.64028000579674,372.0606975907947,1517174
2013-01-24,358.3605041503906,373.389582786275,356.2069727298411,372.1524292689142,1368406
2013-01-25,364.63787841796875,366.2874257111061,353.68684540159387,357.62737932997385,1752022
2013-01-28,366.2415771484375,370.59450475515143,364.72951315203403,364.72951315203403,759123
2013-01-29,364.63787841796875,371.92331603806326,362.5759652764122,365.7833857188335,1955552
2013-01-30,373.6644287109375,374.44337915868977,362.94247070418993,365.6458787385998,2286887
2013-01-31,373.0229797363281,376.45950157875774,371.60256189471846,373.1604629832144,3175669
2013-02-01,379.75860595703125,380.44591039395874,372.97720777264465,372.97720777264465,1562599
2013-02-04,369.7239074707031,382.6452060483302,367.8452589213682,380.76658546547907,3494416
2013-02-05,373.2520751953125,374.8099762587771,365.2793614288682,369.2657322953333,2468796
2013-02-06,371.1443786621094,375.54311566706514,367.47875516915025,374.53509157969165,4484347
2013-02-07,361.15557861328125,366.974761797741,359.6893235481946,363.4465934129513,7134955
2013-02-08,348.829833984375,360.1932593926891,346.85956726690847,360.1474502929856,4826509
2013-02-11,361.98028564453125,363.12579287758354,346.99704544290995,350.06701042078714,2478271
2013-02-12,360.2848815917969,364.3170609243925,357.8564121729083,362.89664333027315,1348089
2013-02-13,355.427978515625,362.53012313377127,353.091127054925,360.55985634913077,1155959
2013-02-14,349.7921142578125,356.43605648277014,348.2342131701934,355.65710593896057,1587057
2013-02-15,349.7921142578125,351.67073501068876,343.697993154145,348.05092081877245,1671122
2013-02-18,348.0509033203125,353.27442744184424,346.8595869954294,349.1506014405776,1222225
2013-02-19,355.19891357421875,355.97786414115853,347.3178176593632,347.3178176593632,1159275
2013-02-20,349.70050048828125,356.39025243777945,349.15065134955114,356.39025243777945,1450610
2013-02-21,349.8836975097656,352.44965034086005,346.4930130791358,349.2422302768547,2069458
2013-02-22,348.8757019042969,353.36608476520706,346.9512441163394,347.3178008458347,2907761
2013-02-25,339.4366455078125,350.8917160768294,338.38278460875915,350.06695658915635,1480380
2013-02-26,331.2806701660156,340.5363735979755,329.447858712815,340.5363735979755,1615878
2013-02-27,333.7091979980469,338.8868856638213,332.0138415146106,332.5636906398451,1339909
2013-02-28,329.7686462402344,339.25345225230564,326.01137671293,336.3209423855103,3174611
2013-03-01,339.1618347167969,340.9030003619066,324.4076938927821,328.0733175525876,1666456
2013-03-04,340.5364074707031,342.18592675606595,333.02186857852547,339.07015256899945,1599432
2013-03-05,350.34197998046875,352.8162872072192,338.4287027500951,341.81941591764354,2457482
2013-03-06,350.0670471191406,351.8998588841623,345.98902975537214,350.98345300165147,956825
2013-03-07,354.0991516113281,355.4737601408492,346.676259958618,349.2422126602799,1250263
2013-03-08,359.0478210449219,360.1475193133903,353.961779477855,353.961779477855,1288925
2013-03-11,360.4682922363281,362.85095334067717,355.79461621750704,361.98035648658157,2453299
2013-03-12,354.96978759765625,362.346843004931,353.9159265346863,356.4818515546553,417576
2013-03-13,351.4416198730469,353.732634344188,350.2961126374763,352.8162285557316,571576
2013-03-14,353.0453186035156,354.19082580209937,348.371643639997,353.54933058429873,1063553
2013-03-15,351.67071533203125,359.5976196739058,349.79209468427814,355.42798459402223,1295135
2013-03-18,358.6354064941406,359.41435699804373,348.2341953298086,349.9753607131606,1245055
2013-03-19,351.4873962402344,361.8427974652371,350.066978587011,361.7969604001922,1396431
2013-03-20,357.1691589355469,360.7431359460949,350.0670140176495,350.0670140176495,1801592
2013-03-21,350.5710754394531,361.47632832068274,349.3339498138336,357.4441198772923,896447
2013-03-22,350.0670471191406,352.67880947759414,346.21813122599985,352.67880947759414,945182
2013-03-25,348.6007385253906,353.73261627185417,347.8676251186746,352.81621053021723,967047
2013-03-26,347.5927429199219,352.3122556270133,344.79771614177986,349.0589979373441,625109
2013-03-28,348.005126953125,352.58715627443013,345.62246611274884,348.55497606497914,1880216
2013-04-01,352.44970703125,357.3982931898113,347.91348673878406,351.6707564399746,1254854
2013-04-02,359.27685546875,360.6056549646158,353.73261198562057,355.1072205814196,1219812
2013-04-03,356.7568054199219,365.37104324675073,354.51162774647327,359.8726078508116,1640608
2013-04-04,351.3499755859375,359.23107100224297,350.06701306851227,353.77844534507904,1236015
2013-04-05,354.5116271972656,357.6274016568398,350.06705299913597,351.4416618459912,786302
2013-04-08,361.98028564453125,363.6756419427457,354.6490393529964,355.06143314348935,742653
2013-04-09,358.22308349609375,367.4787892679614,356.34446246822773,364.1339131135586,1128997
2013-04-10,365.6459655761719,367.0663835791577,358.8187302202967,363.5382431266143,1191028
2013-04-11,371.8316955566406,372.97720293666725,365.78341099680233,369.31157932058204,1652950
2013-04-12,371.64837646484375,376.2304056554668,369.95304803750264,372.06077027859453,1277480
2013-04-15,363.7673034667969,375.1307301049507,362.98835292215017,371.1443591723944,1218350
2013-04-16,366.5165100097656,368.39513070862586,361.522087225256,363.7672926164177,1184653
2013-04-17,367.79949951171875,369.4490188821267,361.9803166756606,366.562346000669,1568351
2013-04-18,367.6162109375,369.6781241549855,362.98837245818333,365.7375900814973,1271094
2013-04-22,364.0422058105469,370.77779406641804,362.8966985550071,367.93693047938217,735850
2013-04-23,362.896728515625,364.27133733575994,359.3227511765718,363.813134395715,598218
2013-04-25,372.9771728515625,375.1307321455998,363.3549116354903,364.7753294855539,1646543
2013-04-26,375.5888671875,377.92569044537544,372.15234594563526,373.8935111148838,1064859
2013-04-29,373.4353942871094,379.254577190157,371.2360257790841,376.5053595635035,919198
2013-04-30,371.41925048828125,378.1090294448971,370.4112265060723,376.23038082085736,964246
2013-05-02,374.85577392578125,378.7046893966241,371.87745513439825,373.0229623618532,1002488
2013-05-03,367.15802001953125,376.7344729074972,365.6917649791337,376.59701761512935,989546
2013-05-06,371.190185546875,372.19823759470114,367.47875296906926,367.47875296906926,566516
2013-05-07,373.9394226074219,375.451514741084,369.3115839210613,372.06080166737195,906339
2013-05-08,372.1065979003906,377.5592240951562,370.6861799672104,375.5889570384427,1202178
2013-05-09,366.608154296875,373.7102997349375,365.3710287550477,371.14437450520023,1077931
2013-05-10,364.31707763671875,365.6000679997242,361.2013038261686,364.59201612871254,1025051
2013-05-13,362.0260925292969,372.4273037349856,361.06387764602204,366.60812143343423,1078667
2013-05-14,365.3251953125,367.0205517691507,359.4602033244678,363.1258268127989,480898
2013-05-15,376.73443603515625,378.38395531510366,364.3629575360925,365.09607100129443,1604567
2013-05-16,386.81488037109375,389.4724515057182,374.8099592137382,376.6427707502357,2601211
2013-05-17,390.0223388671875,392.22170733370524,380.94992646374743,386.7232721841673,2126588
2013-05-20,382.46197509765625,391.2594765750839,381.2706307501218,391.2594765750839,976850
2013-05-21,383.1034240722656,385.348629413588,379.98765002226605,382.59941208126753,800809
2013-05-22,380.9499206542969,387.0898230310888,379.6211209934943,384.7071622426603,597852
2013-05-23,380.1709899902344,383.0576629575016,376.8719231848625,380.1709899902344,904509
2013-05-24,374.3517150878906,383.0575689271439,372.15234707969137,382.1411632598541,1107334
2013-05-27,367.9369812011719,374.81002568189115,366.0125231532726,373.8936197511286,838566
2013-05-28,363.17156982421875,372.93131295886127,362.89665929922154,366.28737159542857,1559336
2013-05-29,368.1202392578125,369.31155567015367,359.9183957554662,363.3549176754738,2492144
2013-05-30,350.9834289550781,369.6322929798005,349.150617315626,359.2310813326126,7939979
2013-05-31,339.5741882324219,351.8998585262517,337.2373644209912,351.4416555854623,2647020
2013-06-03,336.824951171875,344.29368104940784,333.5717216663935,340.4905744868903,1399483
2013-06-04,343.83544921875,348.325831808709,337.97043003477967,338.1537223717103,1936385
2013-06-05,344.15618896484375,345.66828091665,338.7035912036593,344.6143918674552,2132512
2013-06-06,344.15618896484375,348.3258521584991,342.7357711533426,344.1103798611769,1416392
2013-06-07,342.09429931640625,344.0187572323834,340.4447799407045,341.86519784942055,1426740
2013-06-10,342.9190673828125,344.56858666429184,338.7035950377713,342.14011684625825,1465436
2013-06-11,348.142578125,349.3797316204288,340.5364207281207,340.5364207281207,1466111
2013-06-12,351.9456787109375,353.22866935871934,348.4633474379298,349.1506518707463,2014328
2013-06-13,346.8596496582031,350.89183021681026,343.6522288555513,350.89183021681026,1435428
2013-06-14,346.3097839355469,349.3339401847314,341.59029914495056,348.14259573511737,2197305
2013-06-17,348.46331787109375,349.6088251619257,342.3233876056396,346.49305092416,875560
2013-06-18,347.91351318359375,349.6088697837066,343.9271417094068,348.509171457555,1270859
2013-06-19,347.7760009765625,350.0670154757493,344.61438978109044,347.3177980767251,997883
2013-06-20,347.409423828125,350.8001083077146,341.86515228611194,345.3016738328822,2055603
2013-06-21,349.425537109375,350.3419429533193,343.2856347348402,348.23422069884214,2001208
2013-06-24,348.3258972167969,350.7085582118866,341.0862960123425,348.9673645835395,1519576
2013-06-25,347.6844177246094,349.6088758454974,343.65223706962394,348.2342668972189,1718172
2013-06-26,347.8676452636719,349.6088106803161,346.03483367425997,348.23420198825715,1402616
2013-06-27,355.2906188964844,357.94819071448,347.9593708653286,349.5172442920541,1860142
2013-06-28,359.18536376953125,360.6057819655173,353.2745335392806,356.4819547257591,1568530
2013-07-01,364.50042724609375,365.416833097121,356.8026236907622,358.3604968576162,1111324
2013-07-02,363.99639892578125,365.0960691179114,359.7350895360084,364.72951238720134,872981
2013-07-03,363.7673034667969,366.33322859053004,360.1474892709901,362.3468576579737,992534
2013-07-04,361.61376953125,368.30352133691787,359.5976653880822,364.95864543408396,897272
2013-07-05,365.6917419433594,367.2954521751033,362.43851237413077,364.2255149618117,1123372
2013-07-08,363.35491943359375,369.5406589195377,362.48432268971794,364.6378820299736,972159
2013-07-09,366.69976806640625,368.5325796303683,363.1257911099773,363.1257911099773,559483
2013-07-10,366.65399169921875,371.5567686638401,365.0044443644883,366.56234551954134,661899
2013-07-11,366.56231689453125,370.54868768405635,365.32516348171515,369.81554627037605,745692
2013-07-12,371.5567626953125,372.79388821837824,358.45214227360333,364.63788175488054,1574902
2013-07-15,373.61871337890625,375.3140419967758,371.1444061513016,373.8936239746446,671824
2013-07-16,368.5784606933594,374.3518066223598,365.78340594480494,368.39516832849114,572326
2013-07-17,372.7939147949219,376.6428308220347,365.8292522186059,368.6242790709573,1203163
2013-07-18,378.75048828125,381.682997891016,372.6105864876236,374.07684129250663,1120322
2013-07-19,380.8123779296875,383.51578593469713,374.0309813344135,376.6427431760108,1230613
2013-07-22,377.1468505859375,382.87438766789194,375.8638878728777,377.6508906290433,566057
2013-07-23,374.9474182128906,380.3083976037342,371.1443398301503,378.704687493357,703021
2013-07-24,380.58331298828125,382.09540491333206,372.9771561261119,374.9474229791813,939074
2013-07-25,375.08489990234375,384.752998314262,371.5109227122381,383.3325524794277,1153706
2013-07-26,380.3542175292969,381.4997247835912,375.5430870612607,376.0929361366191,1511816
2013-07-29,377.78826904296875,382.04955017144226,374.5808489298083,378.6130286216275,1076847
2013-07-30,374.53509521484375,380.99574549729465,373.1146493176429,378.65892168444765,822828
2013-07-31,366.8372497558594,373.43538304783937,364.31713367394144,371.19017753371764,2371558
2013-08-01,369.63226318359375,374.260101013564,362.8966753582685,368.25765456481247,677074
2013-08-02,366.4706726074219,371.96910738912806,362.9883417656021,371.23599393816147,656648
2013-08-05,362.6676025390625,367.52454218874607,358.5895854616308,366.5623272662666,1054375
2013-08-06,360.5951843261719,364.2794263116245,356.4504120925377,364.2794263116245,2161665
2013-08-07,359.5360107421875,363.8189369094133,354.0096471435635,362.621569373127,925903
2013-08-08,377.0821533203125,381.22692546305575,351.52272510672907,360.8254415377043,3071245
2013-08-12,382.70068359375,395.08896004615707,380.95067405582336,393.29288061259024,3422954
2013-08-13,391.31256103515625,393.753365750852,381.64142573601254,385.00329095638864,1910148
2013-08-14,387.2138366699219,395.87179992914065,386.4309296068543,391.3586090065354,1298053
2013-08-16,381.9637756347656,392.1414822513097,379.93743142375865,386.84538472237244,1676509
2013-08-19,368.6083984375,386.5690769739435,363.8649146961763,382.24008167302816,1412434
2013-08-20,370.4505615234375,375.7466596440495,360.3649373372921,366.4899843246402,1370434
2013-08-21,361.7004699707031,374.18082851530704,360.1346558756555,372.93739121730283,1198064
2013-08-22,369.7137756347656,371.3717018328802,358.4768514651905,360.9636985995476,1326156
2013-08-23,364.74005126953125,372.1085371537642,361.5163386951793,371.00325302771205,1505564
2013-08-26,367.7334899902344,371.60195623167004,360.2268507943588,365.2005730272459,986582
2013-08-27,365.338623046875,370.8189439854307,361.47018600954243,363.81887892118954,1389978
2013-08-28,367.1347351074219,369.3452747711278,353.08856193969194,362.29916729558045,1776784
2013-08-29,366.259765625,370.2663851154952,362.0689508677309,368.4242637965126,2000822
2013-08-30,384.03619384765625,386.5691102696773,361.97678321973143,366.0755137642345,2873899
2013-09-02,384.86517333984375,390.529690349383,381.36512623102334,385.00332680670306,932389
2013-09-03,374.0887756347656,388.68759249103016,371.55585885905396,385.18757328073553,887841
2013-09-04,386.6612243652344,388.04281524997225,371.9703248226444,374.8716600588863,1481535
2013-09-05,385.55596923828125,392.0033933790266,384.3125318180012,390.9902211066304,826194
2013-09-06,402.549560546875,406.0035381105716,386.06257993120494,387.07575230493086,2382882
2013-09-10,406.0956115722656,411.437779899682,402.3192575030748,406.1877232536681,1859689
2013-09-11,399.5100402832031,407.8916974705067,394.6744720722825,404.3456084941237,1674548
2013-09-12,403.56268310546875,409.41142334641074,399.83239904055324,402.6416225355106,985827
2013-09-13,406.69427490234375,408.9048427107676,402.4113489634629,402.4113489634629,787196
2013-09-16,396.5626525878906,414.8457121569949,394.2139591680393,410.65489743262003,1248660
2013-09-17,397.9442443847656,400.6613845579426,390.5297173622245,395.13502063300547,912502
2013-09-18,402.5035400390625,406.00355957859375,399.2798274758206,399.2798274758206,971303
2013-09-19,404.9903564453125,409.8719663744466,396.0560573955326,409.8719663744466,1539956
2013-09-20,396.1020812988281,409.8259060851103,388.3651782416498,403.19425883122176,2071797
2013-09-23,392.32574462890625,400.79948465343443,390.2072885413716,394.2139074750332,1202592
2013-09-24,397.8521728515625,400.84562006819976,388.9639147830218,388.9639147830218,1665360
2013-09-25,404.11529541015625,405.03635591251555,395.13495551215277,398.3126254887068,874221
2013-09-26,401.398193359375,406.1416778785701,399.3258070345556,404.3455984869779,1041444
2013-09-27,400.01654052734375,405.17448464759127,397.99022441089465,403.3323637552553,696621
2013-09-30,398.35870361328125,403.8850671316158,396.885001053351,397.8981733200867,686309
2013-10-01,397.80609130859375,401.49033392892534,396.6547654897401,397.89820299581015,488339
2013-10-03,401.4903259277344,406.6943129035358,400.66137697638777,402.319274879081,943945
2013-10-04,403.3784484863281,409.687690287921,400.29289025641526,400.6613088267328,1437160
2013-10-07,405.0824279785156,407.84560969217137,402.5495114076645,402.5495114076645,1036750
2013-10-08,400.3850402832031,408.02983175667373,399.74028664197834,407.0166595098367,546510
2013-10-09,397.52972412109375,403.2402824522097,395.59549141678986,398.3586729633565,1238140
2013-10-10,398.8192138671875,403.8850468377869,396.97709278696954,396.97709278696954,894958
2013-10-11,395.3192443847656,402.6877296250517,394.2139603553065,402.6877296250517,569732
2013-10-14,388.595458984375,397.7600231380311,386.84544947749407,396.0560554174344,1024542
2013-10-15,389.70068359375,394.85862775633,386.8453905654883,388.77962314002264,741927
2013-10-17,382.1480712890625,392.3718504796056,381.13489891728955,391.3586781078326,1396794
2013-10-18,382.5163879394531,386.33881123680004,380.95060206291464,382.5624578263869,1438997
2013-10-21,383.89801025390625,389.5164850002144,380.72036835183565,384.0361918175696,1365372
2013-10-22,379.7072448730469,387.3981067584054,377.8190818241893,384.91123181297075,1382573
2013-10-23,390.34552001953125,391.4047623292825,379.01648446131,380.0296568701568,2311179
2013-10-24,387.0296325683594,391.95728374666277,384.7730231044641,390.43753954641335,1077405
2013-10-25,382.70068359375,387.76651695058666,380.39803206791515,385.23360027216836,871750
2013-10-28,379.2466735839844,385.83225075796736,378.555878185835,383.3914459728804,551183
2013-10-29,384.7730712890625,386.61519251605984,376.4374839803154,379.15459592501287,1093035
2013-10-30,386.2927551269531,387.16777381603043,383.2071969336963,385.5098481064947,927553
2013-10-31,380.582275390625,387.76653728454716,379.3388378797622,386.84547662591405,1884285
2013-11-01,383.4375305175781,385.1875682082195,380.858571986959,381.779632620543,576321
2013-11-05,387.44415283203125,390.34548822810353,382.7467379434409,385.00334775624157,1198094
2013-11-06,391.1283874511719,394.02972278832317,387.7665218030905,387.7665218030905,1264818
2013-11-07,388.319091796875,395.8257288514671,386.753277786626,392.1414870471486,970555
2013-11-08,389.74676513671875,392.83232359321465,387.1217369540719,387.8125323648454,1121043
2013-11-11,388.6414794921875,394.4441492535543,387.3059305571969,389.60858174957025,964562
2013-11-12,387.62835693359375,392.9704971398847,385.3717472329747,389.33232465563884,924373
2013-11-13,379.7532653808594,386.4309545768962,377.68087907864106,386.4309545768962,1255137
2013-11-14,371.1873779296875,379.93745259552384,368.4241964562655,375.93083383735484,2200117
2013-11-18,370.4505615234375,374.9176826687762,369.6676544404222,371.2795103901737,1141893
2013-11-19,369.114990234375,373.8124043406618,367.7333995036163,371.2794880009374,1269712
2013-11-20,361.8386535644531,370.08212886959257,360.87152309276314,368.7466078970752,1951113
2013-11-21,356.1280517578125,364.9702385533034,355.1609494353447,362.43732207122997,1706437
2013-11-22,354.6083068847656,359.2136095715808,353.50302299651526,359.16756778812737,1184733
2013-11-25,356.5425720214844,361.42418206951476,354.83860425087545,358.2925815797289,1229132
2013-11-26,355.7136535644531,360.4110406473692,353.9175739561321,357.371551580948,1169016
2013-11-27,351.79913330078125,355.8057247187778,350.9241144229769,354.6083570940843,934508
2013-11-28,349.95697021484375,354.8385799282614,348.66746294696355,352.3056633940558,2011901
2013-11-29,360.36492919921875,361.7465199820912,351.84511937150563,351.84511937150563,1713523
2013-12-02,360.963623046875,364.6018234539564,360.364939312536,361.0557347233588,975507
2013-12-03,359.7662658691406,363.2662848073441,357.4636144338652,361.0557450511873,809592
2013-12-04,359.2596435546875,362.8978438416926,356.6346435670271,359.21360177223374,887970
2013-12-05,356.95697021484375,363.54257499408925,355.16091918203233,363.31230987896976,691977
2013-12-06,358.06231689453125,360.54919181798624,355.52940018338023,355.9899304944986,555641
2013-12-09,354.9767761230469,364.74002483373897,353.9175619756672,364.74002483373897,1495597
2013-12-10,357.92413330078125,360.1346729864073,355.20699345043573,356.4504308075182,986823
2013-12-11,356.5425720214844,360.963651759001,355.66755318809237,357.3715209587013,546841
2013-12-12,350.8780517578125,356.5886106931595,350.14118640230566,354.65437778419556,1052271
2013-12-13,346.9635314941406,351.5688343910178,345.7200940902761,350.00302016266426,1849657
2013-12-16,346.2266540527344,349.31221250740106,343.73980744054626,345.858235455581,1085951
2013-12-17,357.187255859375,359.1214885592562,348.16087407131107,350.92405561155954,3377248
2013-12-18,361.7465515136719,365.2005287719183,354.60833184662937,359.90443030927383,2330228
2013-12-19,367.9637451171875,369.8058664944951,357.371547197669,362.7597578480019,1558022
2013-12-20,370.0361328125,371.55587733177646,368.378234811206,370.2663979853765,1573136
2013-12-23,373.1676940917969,376.4374760660968,367.7794839944036,371.27953111723707,1563675
2013-12-24,368.10186767578125,377.1743203185832,366.99661180737047,373.95060817910814,895726
2013-12-26,366.6281433105469,372.9374137449529,364.7399804129353,370.26634375252524,2154435
2013-12-27,373.1676940917969,375.70061072566614,366.9966049762204,367.5031770595788,1221207
2013-12-30,368.47027587890625,375.47034194838204,367.2729083615191,375.1019233359967,718101
2013-12-31,369.16107177734375,372.4308537241127,367.8715925781206,370.9571511641984,550785
2014-01-01,370.0361328125,373.85852906054123,369.16111391215276,370.72692833112944,429074
2014-01-02,361.3320617675781,374.2729800494856,360.5952245317461,370.26636082186957,734194
2014-01-03,360.82550048828125,362.8978868982331,355.529401885071,360.64127711953637,998001
2014-01-06,360.6873474121094,364.69396676412435,357.0491466894492,362.80577561230416,752348
2014-01-07,359.99652099609375,363.726804974033,358.29255335969367,362.8057444255505,955034
2014-01-08,372.29266357421875,373.0295007273029,358.3846444686048,360.22676545985075,1768447
2014-01-09,371.279541015625,375.240090432576,368.4242474759783,372.1084899507381,1161659
2014-01-10,367.5953063964844,374.5953728698293,365.6610734341925,369.5295393587762,875765
2014-01-13,370.4966125488281,371.6018964710713,365.0623608329643,365.0623608329643,770671
2014-01-14,378.694091796875,379.7072641634706,369.2532198558791,369.2532198558791,1375742
2014-01-15,385.0493469238281,390.43755669642263,381.6414397960815,381.6414397960815,2737981
2014-01-16,380.0755920410156,387.72041070087903,379.47690836554386,385.9243315659293,1332490
2014-01-17,384.6349182128906,388.64153750742327,379.9375034575261,379.9375034575261,1369311
2014-01-20,386.707275390625,388.4112430203651,383.2993401311449,385.9243683057675,825525
2014-01-21,384.4507141113281,390.52972009297406,383.48361166111795,387.07574261573666,757294
2014-01-22,389.3323059082031,392.2336410203355,382.5164353482258,384.7270031560765,1159013
2014-01-23,386.430908203125,391.4967407783984,384.4506338181342,389.5164663934076,657695
2014-01-24,381.6875,389.60862663605775,380.766439416936,385.0033237207379,994905
2014-01-27,382.2401428222656,385.0033245776073,375.5624535801899,379.016430774367,1305152
2014-01-28,376.944091796875,387.3060246807231,374.68748183653133,383.4375584940031,988099
2014-01-29,381.7795715332031,385.46381347803504,377.1742691021633,378.55585983147523,1227506
2014-01-30,380.8125,383.0690815082083,375.7466669170124,378.509848598642,1344614
2014-01-31,378.1874694824219,385.92437252225847,376.29927847966064,382.24013030247556,529559
2014-02-03,379.9375,382.93094696969695,376.2532575757576,376.2532575757576,883601
2014-02-04,382.3782958984375,384.9572823992498,377.6348395116452,378.2795931639829,1076767
2014-02-05,382.3782958984375,383.9901519207433,378.0953698037326,383.9901519207433,1340045
2014-02-06,377.680908203125,386.8454729119553,376.94407092670883,384.5428212874794,1533292
2014-02-07,384.1282958984375,385.0033146752053,379.93748158737367,380.25985840557956,943897
2014-02-10,381.82568359375,390.16129939332455,377.3585619002417,386.3389032937102,1133469
2014-02-11,379.9375,382.2401515151515,373.21376881917314,382.2401515151515,2568431
2014-02-12,380.1677551269531,382.1480297560582,375.7927173635297,382.1480297560582,2956000
2014-02-13,350.279296875,372.33870709142514,349.0819294685223,359.2135949676087,10135980
2014-02-14,343.8779602050781,354.3320030158073,340.79240175665507,354.3320030158073,3269119
2014-02-17,344.7989807128906,348.2068874696145,341.851576066801,343.87792027455436,1218421
2014-02-18,342.54241943359375,347.88458759024843,341.9437356864227,344.47665224706293,1787070
2014-02-19,343.73980712890625,345.5819282215402,341.71346268359406,343.555583776228,891444
2014-02-20,341.897705078125,346.8714266835386,341.1608397349097,343.7398262733551,1607125
2014-02-21,340.0555419921875,344.4766210727011,338.7199930467536,344.4766210727011,2004530
2014-02-24,338.4897155761719,343.37132472065946,337.5686551256245,337.5686551256245,1554990
2014-02-25,345.16748046875,345.858275960015,338.5358325091897,338.5358325091897,2141819
2014-02-26,345.67401123046875,349.496434978334,343.5555832207796,347.6082439963146,2983431
2014-02-28,353.96356201171875,354.6083156472197,344.93717976593183,349.0819522864838,2480770
2014-03-03,346.8714294433594,357.09520777993794,345.44376864057386,355.52939350811874,1038366
2014-03-04,348.75958251953125,351.75302940044776,347.23983818631206,347.23983818631206,783416
2014-03-05,355.06884765625,355.71360129489045,349.35826091226744,349.35826091226744,1224021
2014-03-06,349.77276611328125,356.7267624647445,348.29906351782427,355.52939491698896,1568154
2014-03-07,351.10833740234375,352.2135933372998,344.7529963150478,351.93728638069604,1616118
2014-03-10,345.7660827636719,351.61482216600507,344.33845032834984,351.61482216600507,2565231
2014-03-11,347.1938171386719,350.2793477749309,345.62800281786656,345.62800281786656,1770830
2014-03-12,348.8056335449219,350.7398381688218,346.7332473548548,347.4240427515438,1247912
2014-03-13,350.3714294433594,353.2727645694304,348.52930833365866,349.45036888850905,979770
2014-03-14,355.98992919921875,356.4504595086615,348.85170940285667,349.6806583381457,1056579
2014-03-18,355.3912353515625,360.08864999652343,351.84514644759497,357.3715100043635,1045604
2014-03-19,352.5820007324219,359.1215368792826,352.0754286252979,356.45046665268876,1190320
2014-03-20,356.6806945800781,358.2465087435346,349.0819451151701,350.46353592697153,1355616
2014-03-21,357.3254699707031,358.7070608666715,353.68726936790426,357.37151175715326,1005845
2014-03-24,360.1807556152344,369.8979623291215,359.30576486364527,366.58213837039483,1479217
2014-03-25,360.36492919921875,363.3583758954423,357.463594176894,362.4373153735274,1796133
2014-03-26,356.5425720214844,362.80577300105614,355.11491119376797,361.6544472247717,1590602
2014-03-27,355.8977355957031,360.7793726172729,352.3516474075187,359.2135586821682,2349700
2014-03-28,356.4044189453125,360.64127531990675,353.272790343514,355.85177695037515,1196519
2014-03-31,352.5820007324219,358.98338340538874,351.66094009507646,357.5557506609193,950977
2014-04-01,351.3846130371094,355.2991205217954,349.22011504151646,353.4109575667151,1470749
2014-04-02,358.5228271484375,361.05574371788697,351.43064951056385,354.42409636536775,2670463
2014-04-03,365.1083679199219,366.1215400676021,358.5227911228028,360.59517719865715,1714910
2014-04-04,372.2005920410156,374.0427132309157,364.9702607489501,366.5821167901127,1879042
2014-04-07,365.29266357421875,377.72698249090786,361.2400022897467,375.7006377944015,1371865
2014-04-09,369.3452453613281,370.1281523759456,362.6215152303338,366.812329090147,1026656
2014-04-10,366.0294494628906,370.45055687760015,363.0820726282876,369.71369158754686,1703713
2014-04-11,370.3123474121094,371.6018545454182,364.9702079772443,366.1215335544596,1525144
2014-04-15,369.0229187011719,371.0031933422726,363.9570854707317,370.49662126264394,841008
2014-04-16,365.56890869140625,372.15448567826235,362.5294202693299,369.4373740545361,891565
2014-04-17,369.0689697265625,369.62158356389034,363.4504948092544,367.9636858348328,1189809
2014-04-21,368.239990234375,372.79925112089893,365.66103198269764,368.424213584582,745738
2014-04-22,365.20050048828125,371.003170589321,363.8189096919826,368.562365804234,1162409
2014-04-23,367.5491943359375,368.6544782186085,365.9373384036887,365.9373384036887,748544
2014-04-24,367.5491943359375,367.5491943359375,367.5491943359375,367.5491943359375,0
2014-04-25,363.128173828125,369.34533343076254,361.42420594495314,365.8913558737417,630377
2014-04-28,374.7795104980469,377.17427341125403,363.12810083610964,363.12810083610964,1950705
2014-04-29,369.5295104980469,376.48350653123316,366.30579851551647,375.60848774970265,1115634
2014-04-30,366.0755310058594,372.9374153163066,361.56231177268137,369.5295081076562,810330
2014-05-02,370.35845947265625,374.41112034421946,366.12157524434747,366.12157524434747,989246
2014-05-05,361.7926330566406,372.476942837923,360.4110420015233,370.31244456319746,1734530
2014-05-06,360.0426025390625,364.41764062748325,358.7531232504992,364.41764062748325,1302895
2014-05-07,352.3977966308594,365.0623800766927,351.2004009672207,360.2728536392164,1677331
2014-05-08,357.97021484375,363.8189555740536,355.6215214372576,360.13471298596187,1878821
2014-05-09,361.3320617675781,362.8978760293946,354.7004423194739,357.6938892664169,1030990
2014-05-12,357.14117431640625,363.634638969655,354.14772798106566,362.06885313628896,1522838
2014-05-13,359.7662658691406,361.8846939461788,355.6214932856449,360.1346844770771,2079198
2014-05-14,363.4044494628906,365.4768358184582,359.95047220361135,361.2399795339067,1474530
2014-05-15,366.6741943359375,370.68081317268343,362.43731037189053,363.5425942263501,1681151
2014-05-16,357.601806640625,391.4507864063506,356.86496934492357,369.71374888066623,2820584
2014-05-19,354.3780822753906,363.26631185565145,351.89120729670867,359.3518041242144,2386910
2014-05-20,358.6149597167969,360.5952344374659,348.989864948805,352.76621913039446,1790091
2014-05-21,358.8912658691406,362.8978851979836,355.8057071626275,359.213642708664,2123860
2014-05-22,357.23333740234375,361.4241516316681,354.00962550023667,360.5030910882089,1343373
2014-05-23,357.2794494628906,361.88475308604865,353.7333600513504,357.5557845454057,1067882
2014-05-26,351.200439453125,359.95051624729535,349.1741227448636,357.69393436023995,1422191
2014-05-27,348.160888671875,355.57541487239814,347.51613504203067,351.845130880043,2348760
2014-05-28,349.8648986816406,352.2135921303471,346.8714515250136,348.7135728521687,1105072
2014-05-29,343.0490417480469,351.8451594919292,341.5753391232314,350.0951499224469,2231881
2014-05-30,354.19384765625,355.43728510610646,338.48977544045545,340.79242697406397,2158135
2014-06-02,356.6346740722656,358.2925719019181,351.1083104953723,358.2925719019181,907555
2014-06-03,358.29254150390625,359.58202060740587,353.87146226089726,355.57540173237726,755694
2014-06-04,359.9504699707031,360.96364224884775,356.7728277770016,356.7728277770016,853453
2014-06-05,356.6346740722656,361.0557536903648,354.60832951732255,360.3189164568612,853847
2014-06-06,364.87811279296875,365.9373267501506,356.0819962290875,357.32543353036004,1582458
2014-06-09,365.24658203125,370.2663737143253,362.2070931919364,366.58213118980467,1581828
2014-06-10,375.4242858886719,377.0361418515452,364.7860196685852,367.5031595351295,2777554
2014-06-11,380.5361328125,384.5427515340226,375.7926769482185,375.7926769482185,2536080
2014-06-12,383.2993469238281,385.92437514497044,378.9243092581035,381.3190723389445,1333274
2014-06-13,381.4112243652344,387.6744256005817,375.33221839649104,382.70070366562464,1137084
2014-06-16,380.9507141113281,385.0033756012114,377.7730434281405,382.00992830287663,2036826
2014-06-17,380.35198974609375,384.0822739692863,378.2335334801805,384.0822739692863,750090
2014-06-18,391.5428161621094,408.26005827342584,385.0953927940011,386.8454020864949,8551040
2014-06-19,392.32574462890625,395.9639168631449,386.52304641543674,395.9639168631449,1709421
2014-06-20,392.0494689941406,403.378532112701,388.9178683344113,392.9244878750175,2313373
2014-06-23,390.43756103515625,394.81259864218646,385.0493512026853,393.47707771147856,1003896
2014-06-24,393.6612854003906,395.8718251657982,389.8388896235449,394.02970400986885,826911
2014-06-25,392.7862548828125,396.8849571739707,390.52964545223335,394.02966405013643,743792
2014-06-26,391.957275390625,399.09549409915235,387.81250323728653,393.29282432789256,4161224
2014-06-27,402.411376953125,407.84562895831465,389.60864003010823,389.60864003010823,1649698
2014-06-30,403.42449951171875,409.8719230198969,401.30607160244597,407.7534951106241,1645312
2014-07-01,402.7337646484375,406.64827236657555,401.67455053464937,404.3456207676708,1068729
2014-07-02,409.2271728515625,411.29955899654044,402.0429121257201,402.64159583478425,1773781
2014-07-03,412.3587646484375,414.3850807238826,407.1087089681051,409.871890250694,1828531
2014-07-04,413.8325500488281,417.3786392694127,406.6482880269886,413.46413140052323,1472541
2014-07-07,414.1548767089844,417.88518885585796,409.59564378530035,413.556192964485,1432449
2014-07-08,407.1087951660156,424.28657015481946,402.59560373724054,415.3983407689435,2390257
2014-07-09,401.8127136230469,412.08253437817996,399.3258385933103,408.49040341964763,854107
2014-07-10,401.6284484863281,407.9837888773786,391.68100561878987,401.812671842909,1223859
2014-07-11,401.5823974609375,409.87194236265407,396.05603419312644,397.8981552823968,1176692
2014-07-14,398.4968566894531,402.9640061507751,394.9507678136186,402.5034758580313,641001
2014-07-15,397.75994873046875,400.3849765540047,393.8914837159386,398.95731603525826,834688
2014-07-16,398.0363464355469,401.76665885969396,395.6415831710092,398.49687675147567,823933
2014-07-17,402.549560546875,406.55618014247136,396.056093970542,396.056093970542,899509
2014-07-18,406.5101013183594,409.08905975422476,404.34560328725513,405.54297082350575,1460037
2014-07-21,403.7008056640625,409.549545457256,401.58237775874943,409.549545457256,564182
2014-07-22,406.4179992675781,408.95091597689446,402.5034916259074,403.93112434592445,713693
2014-07-23,407.1087951660156,412.45093553337557,403.4245526758254,406.8785300103787,794876
2014-07-24,404.85211181640625,409.273218866232,402.77972579232573,406.187660719783,674032
2014-07-25,410.4706726074219,411.25357978078426,404.2535132266373,406.60223474672455,930167
2014-07-28,406.1416931152344,411.66805685541107,402.82586924942046,411.66805685541107,425731
2014-07-30,412.8193054199219,415.76668199827486,404.4376496933373,405.7271287031501,1339082
2014-07-31,420.46417236328125,426.77344322198473,411.71409648715604,411.71409648715604,2893807
2014-08-01,407.5693359375,424.14842756885594,405.40483779725383,419.08259401483053,919050
2014-08-04,406.00347900390625,412.1745959293925,402.68768351230966,408.9508840059224,1540481
2014-08-05,405.7272033691406,408.2140782881448,400.661369955905,407.6153663979308,785917
2014-08-06,403.04400634765625,408.0404139321289,400.8696356827548,406.0973586946266,1184099
2014-08-07,402.4425354003906,406.7912478830991,399.75925422976536,402.48878718468035,799428
2014-08-08,404.06170654296875,404.94068802200525,397.86244322591546,398.7877047217897,613238
2014-08-11,404.8019104003906,410.1221640799386,404.0617124874975,408.41042464004033,961184
2014-08-12,411.6026306152344,412.25029679666267,404.38557315447537,406.9763225904183,1011391
2014-08-13,407.4389343261719,417.10790070351743,404.4318342507633,412.66665650222615,1542958
2014-08-14,415.07232666015625,418.449525586363,400.4069258098366,406.83750471719236,2478440
2014-08-18,435.844482421875,437.2786548999808,409.1969585949565,414.33214938098695,3374069
2014-08-19,439.0828552246094,440.9796583353711,430.7092495305804,437.1860803505891,1982745
2014-08-20,455.5525207519531,459.6699176257214,436.72344293566266,438.6202177808351,2686295
2014-08-21,456.0151672363281,462.3994663773818,449.8159034659366,455.55253645455986,1635039
2014-08-22,461.98309326171875,464.48131080977504,454.58100065917256,459.2998403406442,2077957
2014-08-25,469.47772216796875,471.3282453363381,458.00448417142695,460.78026892398105,1211454
2014-08-26,474.10406494140625,478.73037292688645,467.53467371793266,468.4599353150287,1497790
2014-08-27,474.98297119140625,478.73032546693213,470.6805390755321,475.30684660237347,1397996
2014-08-28,475.76953125,477.43499085362924,468.64500555690546,474.93677321144196,2615834
2014-09-01,489.6021728515625,491.4063876992545,476.23213212988225,477.7125280237535,1876424
2014-09-02,515.4169921875,532.0254501431897,493.6270915676377,494.0897223938492,5384451
2014-09-03,511.8547058105469,520.4596270158454,508.8938575266044,518.0539695514768,2999971
2014-09-04,511.02197265625,526.4738527396144,508.06112422839493,512.5949286779374,3561169
2014-09-05,515.8333129882812,518.0539632927811,504.8689862343362,511.8546996267454,2710206
2014-09-08,521.338623046875,523.3742097180109,516.9898825388761,519.996982526798,2158860
2014-09-09,531.9328002929688,534.8935915877527,524.6232126594701,524.7157162098794,1883699
2014-09-10,534.19970703125,538.8723228077381,531.8403014894818,534.8011495985645,1450646
2014-09-11,532.2105102539062,536.0966204631185,524.4845416230996,533.8759699225717,1346966
2014-09-12,566.9539184570312,570.7937758266683,532.9505622705019,534.8010850561633,4515925
2014-09-15,583.1461791992188,586.9860377960359,564.2245663739785,566.8152878071784,4011059
2014-09-16,573.384521484375,591.334559405485,568.249331824491,584.7652258187471,2498982
2014-09-17,564.5484619140625,580.8330456216643,559.0431433769123,576.4380524449174,2534042
2014-09-18,573.7084350585938,576.3917162471728,561.4024672604777,566.2600905865881,1768643
2014-09-19,581.15673828125,590.0392827597636,573.7546461192294,578.2884501578596,2601536
2014-09-22,567.0928344726562,579.2137383568647,562.1426512272092,579.2137383568647,2877030
2014-09-23,540.63037109375,577.3632699133861,535.6802438529589,577.3632699133861,5293569
2014-09-24,555.156982421875,558.1640827433268,530.8226126537471,543.2673929710686,3224447
2014-09-25,562.975341796875,571.3489466432671,553.2600965503093,561.9575203155293,2631825
2014-09-26,566.2138061523438,570.3774830489193,543.5911503862535,565.2422928378393,2038811
2014-09-29,570.7474975585938,575.6051201261173,563.3917142779823,566.260002157034,1105338
2014-09-30,579.9539794921875,581.1568083187773,567.9255782793134,568.2031454741436,1661328
2014-10-01,577.6406860351562,584.2100759196286,574.6798382332444,579.9538395564194,1220240
2014-10-07,557.1925048828125,583.2385830786061,553.5377105431592,582.6371969679557,2218559
2014-10-08,541.87939453125,558.7654161105874,535.5413196708095,558.7654161105874,2870865
2014-10-09,547.4772338867188,559.7832003856241,543.3135571896356,545.6729626899535,1833911
2014-10-10,548.1248779296875,553.7226981252168,536.6516139388466,546.2743551230018,2277836
2014-10-13,532.9044799804688,546.8296570766391,531.5165874498174,546.8296570766391,1570550
2014-10-14,535.2637939453125,542.7583897326821,527.5841345576474,531.7478114336266,1235691
2014-10-15,535.2637939453125,535.2637939453125,535.2637939453125,535.2637939453125,0
2014-10-16,535.4026489257812,548.5876267626317,532.2104851021622,535.5876560675092,1899046
2014-10-17,551.0858154296875,556.082250922547,532.4880788784124,532.4880788784124,1717922
2014-10-20,559.0892944335938,565.1497463222483,554.6943020487206,555.1569328260757,1386961
2014-10-21,562.8364868164062,565.5660191852875,554.9255133028649,558.8578741724558,1375706
2014-10-22,581.434326171875,586.338200633047,564.1781772906103,566.2600155831956,2149219
2014-10-27,581.15673828125,583.9325228420078,573.7546461192294,582.7296941603756,1316795
2014-10-28,597.8578491210938,600.3097586561886,578.9362367235973,582.9148505996587,1860143
2014-10-29,607.8043823242188,609.562345522629,600.494792918101,604.1033358347389,2970820
2014-10-30,601.9751586914062,614.1886227879885,598.6442396075588,607.2029091846374,2236206
2014-10-31,616.7330322265625,622.7009801062289,599.384379363276,603.9181832342733,1185420
2014-11-03,613.5408935546875,620.8504821786726,609.5160285174375,619.9252206553065,796370
2014-11-05,609.28466796875,620.5728690116896,603.085404927068,615.2063638686952,1178035
2014-11-07,601.558837890625,617.797167299668,599.2919357284543,608.359487903652,1670668
2014-11-10,594.943115234375,604.195729779233,591.3808812239956,603.2704683247473,672490
2014-11-11,589.3916625976562,602.946768165161,586.6158776874631,599.2919734053758,1156064
2014-11-12,572.0892333984375,594.7581424959335,569.9611430227576,592.121169537252,2128988
2014-11-13,577.0393676757812,587.5410633045087,571.950429332199,573.6621405492841,1824599
2014-11-14,563.6693115234375,582.6834238658076,561.5874731690142,569.4984476211267,2551434
2014-11-17,567.462890625,571.8116311533873,560.7547444666471,563.4842773016389,1168089
2014-11-18,562.4202270507812,571.5340874693062,560.7085157225404,566.2600851851398,1828374
2014-11-19,554.416748046875,567.879292693006,548.6801149767049,565.3348233571107,1553551
2014-11-20,572.2742919921875,577.3169789398473,551.1320873026464,555.1569526197453,2261492
2014-11-21,580.1852416992188,596.7936977610643,577.5945206625495,579.6301073604621,2847855
2014-11-24,571.9503784179688,584.7652266984736,570.2386108797814,580.1389195252261,1703235
2014-11-25,577.5946044921875,581.897093899187,562.5591021726071,572.7369806658616,4011692
2014-11-26,581.9432373046875,590.3168426653541,577.4556851025317,582.9147505943151,2164082
2014-11-27,589.9004516601562,594.0178765853894,579.4912598975618,582.9147387052888,2119129
2014-11-28,587.679931640625,598.2741318505416,585.3204693665343,594.017951052334,2330230
2014-12-01,594.989501953125,601.0037027712742,582.3597141191059,589.2528683395769,2014699
2014-12-02,591.6586303710938,603.1318420520095,589.4379796078224,594.9432982502492,1582287
2014-12-03,601.60498046875,613.4483152297731,589.3915185540958,594.0178256071106,4859501
2014-12-04,609.9785766601562,617.4269196197114,605.120954320428,610.6725227086888,1897979
2014-12-05,598.9218139648438,614.8363245557931,597.4876697997041,607.9893662226625,1448690
2014-12-08,603.177978515625,606.0462665005108,593.0926058424845,602.3452205982176,1732385
2014-12-09,592.1674194335938,603.68693755946,588.4663730621338,602.3452969551087,801143
2014-12-10,601.2811889648438,603.2705238645262,588.512591012101,593.0926469281616,1467006
2014-12-11,594.4342041015625,602.4376814133363,592.2598059041519,601.4199164518078,1179422
2014-12-12,593.0000610351562,601.2348537108581,589.0677000375052,595.8683488205235,1119398
2014-12-15,584.8577880859375,595.729611018124,576.7617497321816,593.0926382580077,1055655
2014-12-16,576.80810546875,584.1176382428984,570.7939050537423,582.9148094545941,1512132
2014-12-17,560.2459106445312,573.384636937003,553.1213848792097,571.8116808890509,2116349
2014-12-18,578.6123046875,581.9895320335273,563.4843004903308,563.4843004903308,1579359
2014-12-19,572.690673828125,587.0322285082576,570.7475906002735,584.7653263125072,1260103
2014-12-22,572.0430297851562,576.2529591059413,568.1106676717928,574.6800029658976,751698
2014-12-23,583.0072631835938,586.5233021505672,566.7689347460001,573.1995136269879,1378766
2014-12-24,578.3809814453125,588.8827340876719,575.5126931844301,587.6335970913644,2697412
2014-12-26,576.2529296875,582.7297610729775,573.1070740415037,579.2137781869873,525600
2014-12-29,576.2991943359375,585.13548824498,572.3668323355639,576.6693215841918,686818
2014-12-30,578.519775390625,581.8506943308702,574.9112328107907,577.8258292386171,481982
2014-12-31,579.5838623046875,582.1745833714257,577.3632119769212,578.2884735345765,789136
2015-01-01,581.434326171875,587.3559656533641,579.6763068020784,579.6763068020784,596787
2015-01-02,583.0535888671875,589.900490459501,582.3133344477086,585.6905616977604,688999
2015-01-05,585.6904907226562,590.3167979163582,579.2136606514737,579.2136606514737,1282895
2015-01-06,568.4344482421875,584.7653382689998,564.8722136285196,583.8400766578147,1615490
2015-01-07,566.2138061523438,571.6265635284991,559.3205964399833,568.4343999464281,813936
2015-01-08,571.9967651367188,575.0501172966935,566.2601315938479,569.0359165526412,1273014
2015-01-09,585.089111328125,593.5552769954737,574.5874154546987,577.3632000704218,2151608
2015-01-12,583.6087036132812,589.3915881120256,579.1674596129419,583.7475154306437,1094136
2015-01-13,588.8363037109375,597.0710952542329,581.2491498876509,583.8398701880869,1261489
2015-01-14,584.2101440429688,593.8790817105408,582.0357455953451,591.0570453802237,1033679
2015-01-15,590.3631591796875,592.1674306145385,585.3204721086631,591.1496654325646,1229115
2015-01-16,598.9679565429688,601.4199218908369,591.2420462896073,593.7402634136951,1245788
2015-01-19,608.6370239257812,612.1067546677648,600.4947337459563,603.2705183395431,1536486
2015-01-20,612.338134765625,616.6406239297868,608.2207092219572,612.4769465993676,1537603
2015-01-21,595.3595581054688,614.2348599194745,593.0926560038929,613.4484101881138,1541897
2015-01-22,605.8612670898438,608.0819174558457,593.4164876304063,595.4058226030115,1642285
2015-01-23,627.00341796875,635.1919588695207,605.6760972590998,610.5800279178628,2255956
2015-01-27,654.2062377929688,656.9357709528934,631.9537064236989,635.6547530206166,2067849
2015-01-28,650.9676513671875,654.1598145148901,640.78977589383,654.067310963613,1379608
2015-01-29,645.32373046875,658.6937722202044,635.1921043988631,647.6368845270124,2245977
2015-01-30,643.750732421875,650.2738151459697,639.5408036051532,646.7578325014598,1061983
2015-02-02,643.5194702148438,653.6973482484358,639.5871082473195,645.8326243133873,878717
2015-02-03,626.772216796875,647.4517905176924,621.8220334604515,643.1956098396604,772717
2015-02-04,627.3272705078125,636.5798851170723,616.7792672638652,629.547920603426,1326140
2015-02-05,612.8933715820312,625.9857907297079,608.1282512460883,625.9857907297079,913021
2015-02-06,606.0925903320312,631.676095762398,597.3951653117774,621.7757855021165,1572398
2015-02-09,582.5909423828125,606.9715610013236,579.4450306053031,601.4199918458237,1213162
2015-02-10,592.3062744140625,594.7581839296957,576.8543933927817,582.9148459728812,1834808
2015-02-11,588.8826904296875,592.907555347935,583.8862557618463,592.3061692596171,1671824
2015-02-12,611.2741088867188,615.8078569187043,585.7368544141058,593.0926955522358,4022095
2015-02-13,617.3807983398438,649.3948268895406,609.7473901925171,611.5979133797479,6373168
2015-02-16,621.359375,628.1600811933234,618.0747078324135,620.2027980766609,1056625
2015-02-18,627.00341796875,632.8788053412267,617.6582438303575,622.423362688033,975390
2015-02-19,631.44482421875,640.2810616798946,621.8683322589528,631.9537068314567,1803177
2015-02-20,625.4305419921875,638.4304551834733,623.2098917325912,634.9144726670144,1323954
2015-02-23,619.1387329101562,633.202662022453,616.2241367012322,627.3272742994526,1030305
2015-02-24,626.6796875,628.8077779434211,619.9252889302338,622.7010738060409,745543
2015-02-25,625.8006591796875,633.9892582055792,621.2669112338561,628.7615075878039,865007
2015-02-26,610.163818359375,631.4448367269351,607.1104661491622,629.6405651793352,1754632
2015-02-27,619.7864990234375,626.4021424675498,606.4165132440963,612.8933448501123,1632882
2015-03-02,663.3662109375,670.8145543497221,630.4268692812065,632.4624557753081,2226858
2015-03-03,677.1990356445312,683.4908036759364,661.6545944836017,666.1883992344546,2346080
2015-03-04,672.7113647460938,691.6329737851461,668.0388054486627,680.9924664961438,1975785
2015-03-05,684.23095703125,690.6152846963926,670.8146637561274,675.4409717820317,1863532
2015-03-09,679.3270874023438,687.006747493772,675.487229119886,684.2309626554134,886869
2015-03-10,674.9320068359375,696.5830918711245,670.8145819006102,684.6935042847608,2224099
2015-03-11,664.0602416992188,682.3341577511754,659.1563666609856,679.1419940322127,1656569
2015-03-12,666.3734741210938,673.5905039400388,657.8610553590214,665.401960650494,1970544
2015-03-13,651.245361328125,673.2666328154135,648.7008919017228,670.8146669605766,1031988
2015-03-16,641.8076171875,654.9000326129554,632.5086945839212,653.3733851287908,2758251
2015-03-17,657.444580078125,662.4872667974671,644.5834784755042,646.2026861806656,1832519
2015-03-18,658.739990234375,666.9285325914185,655.1314474990934,660.6367651702087,1470026
2015-03-19,657.2594604492188,672.4800228750261,652.8644684812687,662.4872103268034,1697308
2015-03-20,647.4979858398438,664.7078836089025,641.9001650644284,660.4978986087949,1874430
2015-03-23,648.885986328125,659.06386451699,642.1315875520306,650.9215732605959,825791
2015-03-24,657.1669921875,660.5904710937327,646.2951693670802,648.3770077795011,976875
2015-03-25,658.27734375,664.7541746266422,653.5122241585055,661.0068766284245,1175071
2015-03-26,648.5621948242188,663.6439491212618,644.9999034230558,657.398432695234,2634979
2015-03-27,642.1314697265625,656.0103919829003,635.8397029317185,654.1598690153886,2072818
2015-03-30,649.71875,657.814789538125,643.1493583192558,643.1493583192558,1612745
2015-03-31,659.2026977539062,664.060321592647,647.9144939196581,652.309486916614,2267378
2015-04-01,656.5655517578125,662.9498788328247,651.2452980197961,660.6367250336872,1693796
2015-04-06,680.668701171875,683.860808431216,658.3698632996949,660.6367654562515,2457940
2015-04-07,673.7754516601562,689.0422667741773,668.4089461268936,684.6935263257901,1652776
2015-04-08,681.6402587890625,690.3376842865997,670.4445591052113,677.2915178035497,2259141
2015-04-09,665.679443359375,686.4052685040548,661.8395852802761,686.2665131535776,1409699
2015-04-10,648.7472534179688,662.44111506952,642.1316097768367,656.9357967457552,2038210
2015-04-13,659.15625,661.1917799199055,639.355633268854,649.53350876228,1497566
2015-04-15,641.1138305664062,663.4126141138927,638.5230527244076,660.1279464963113,1604656
2015-04-16,628.11376953125,643.4268930920005,622.7010121487702,643.4268930920005,1787533
2015-04-17,629.5479125976562,637.5051384710389,621.868197390849,628.2525239794418,2231820
2015-04-20,610.6726684570312,632.7864437375218,609.3310278149661,628.9928372160447,1915626
2015-04-21,603.8257446289062,615.5303273704808,596.7937785102745,610.6727035919088,2144141
2015-04-22,607.6193237304688,618.0747688550252,596.793751364508,606.0463676647329,1969424
2015-04-23,614.3273315429688,618.8148268437874,607.8967533746755,610.6725376366603,3600202
2015-04-24,589.9929809570312,614.7899763027386,587.5410155468545,614.7899763027386,1623284
2015-04-27,581.4805908203125,591.9360342931232,574.8186968418958,591.0570245887698,1502771
2015-04-28,584.4415283203125,587.5411321762566,572.5056307622973,578.2885159215125,1434089
2015-04-29,582.2208862304688,592.1674488478347,578.843658659363,585.3667983918683,1272786
2015-04-30,588.4663696289062,594.3880663780882,573.6621842294369,579.6763845479713,2844112
2015-05-04,623.3486938476562,630.1955951734413,592.1673695025893,594.0178925322849,3045985
2015-05-05,612.8007202148438,625.1529959314154,608.0356570624339,624.1814261141185,2220174
2015-05-06,588.6976928710938,612.5231790658768,583.9325730427427,612.5231790658768,3640420
2015-05-07,580.8793334960938,594.4806929405617,574.0324302163631,588.4664913777389,1896392
2015-05-08,605.768798828125,611.5516840000877,585.6443584296951,585.6906102163732,2770332
2015-05-11,616.3167114257812,622.6547870873889,612.9395405671077,617.5658484339083,2078211
2015-05-12,614.4662475585938,624.4591186937153,605.3524427711525,615.5303210600064,2714276
2015-05-13,626.031982421875,628.2526328741534,611.0890413119796,615.2989703406657,1858476
2015-05-14,634.7294311523438,643.9357949834339,627.3273386607713,628.5764191793305,2412197
2015-05-15,632.2774658203125,635.3771259371863,622.3772122854334,633.6653581633499,1187367
2015-05-18,634.3131103515625,638.4305359724596,627.3736480040358,632.2312716473045,864835
2015-05-19,631.6759033203125,642.038841216276,628.1599216610039,632.4161010685667,848057
2015-05-20,637.0887451171875,639.0780797772852,630.1955361821343,632.7863133599757,884919
2015-05-21,623.9500122070312,636.996232034068,619.3700133845622,636.996232034068,1596030
2015-05-22,623.5338745117188,629.640579066835,617.9823043803433,625.4769014683035,1181691
2015-05-25,610.8577270507812,626.8647416309403,608.0819422169911,625.8469764479454,1333330
2015-05-26,609.793701171875,615.7616503247167,603.3631211773168,612.5232344327009,989654
2015-05-27,611.6904296875,619.6014616564387,604.1958332125432,608.6370776596839,1529286
2015-05-28,595.8684692382812,616.2242243985952,591.9823592311604,615.2989628003991,2667994
2015-05-29,601.8364868164062,610.6727247971821,593.2778160522033,598.5055107970533,3757040
2015-06-01,612.6156005859375,622.4696578933736,597.2562826758418,597.2562826758418,2655528
2015-06-02,593.3701782226562,617.8896075415552,591.5659070346829,616.2241481655333,1725187
2015-06-03,587.679931640625,595.4520952469373,583.9325769575336,594.2030146682314,1140795
2015-06-04,583.3312377929688,595.776018690969,578.5661175487763,590.9646466574477,965314
2015-06-05,576.1140747070312,589.2990506046887,573.662109231409,582.8222203391728,1161230
2015-06-08,568.75830078125,575.2351317986664,563.4842985152283,573.5696722603135,1535540
2015-06-09,547.7086791992188,564.4096417294659,543.7763169412675,562.5591183139594,1880172
2015-06-10,548.44873046875,555.1568760544073,542.0181520264242,545.9042614535006,1518836
2015-06-11,531.4239501953125,554.2316700583943,528.5556619713819,550.5306238476538,2025695
2015-06-12,538.1785278320312,542.2033939176184,529.0646655689427,531.1927563322819,1768081
2015-06-15,541.9258422851562,548.3101147589781,528.8796171479152,538.2247951211442,1358401
2015-06-16,546.2281494140625,547.7548536055666,532.6731011945698,539.4274994122387,1586626
2015-06-17,567.0928344726562,571.5340786797373,546.9220872232945,547.7548452192715,3226832
2015-06-18,561.679931640625,576.06773537376,557.0998763338555,572.1816826029011,2134429
2015-06-19,561.3098754882812,568.7582187898705,554.2316028788189,561.6336944030769,2017997
2015-06-22,567.64794921875,571.3489953424256,561.6337492677771,566.2600569223716,1609442
2015-06-23,583.2384643554688,584.3025374881846,566.7225719897277,572.274140041872,1700335
2015-06-24,575.2814331054688,586.8009519870795,570.2849975868095,584.7653650545336,1350706
2015-06-25,565.1033935546875,573.662061406314,555.1568336190136,571.8115386275839,1916121
2015-06-26,573.014404296875,575.2813061425139,566.2600070112079,566.2600070112079,2088582
2015-06-29,565.28857421875,568.0181071774555,555.249452180594,564.4095644220841,1359591
2015-06-30,569.4060668945312,571.8117247003138,561.2174670499219,561.8189097381135,2352929
2015-07-01,587.4485473632812,589.5766375128755,570.6550285939458,572.7368669633603,1789439
2015-07-02,579.53759765625,589.2528447426702,578.3810206221524,587.4486297482682,1018273
2015-07-03,584.3489990234375,591.1959580016459,579.2138080265267,579.4451234450677,1062854
2015-07-06,604.8435668945312,606.9254056586426,576.7618412367563,580.1390689323778,2193898
2015-07-07,598.181640625,609.4235919593198,595.9609901353729,605.9538608652073,1151563
2015-07-08,597.9039916992188,606.7402277162888,584.4876999693123,594.9431436089571,1553260
2015-07-09,593.2314453125,605.9537911948095,589.715406362604,598.644202607581,1165623
2015-07-10,599.5695190429688,601.8826730516222,586.6158565945095,595.220778212003,1329511
2015-07-13,611.829345703125,615.2065737546279,603.224422532737,604.195936096999,1334312
2015-07-14,616.177978515625,621.4519809705586,610.9039760606914,614.1423916853979,966237
2015-07-15,620.4803466796875,622.7009968954529,613.5408853472716,617.1494278295203,790552
2015-07-16,628.9927978515625,631.0283845803896,615.807820607764,621.9145807942452,1342722
2015-07-17,633.9892578125,636.3024118059245,627.8362456005962,629.2241379966509,1180811
2015-07-20,632.0463256835938,639.7722957528488,629.1780366353911,634.3132284338183,756355
2015-07-21,612.9859008789062,637.2740214797686,610.7652501202867,631.9537664910083,1019824
2015-07-22,624.1814575195312,629.1778927869399,613.9110762707862,614.373707074306,1412682
2015-07-23,622.8861694335938,626.3096489177066,613.6798044943888,624.5516291499622,759001
2015-07-24,627.4199829101562,634.5445098254817,621.5445932669606,624.5516940159262,1177924
2015-07-27,624.8753662109375,637.2738935903278,622.7010241543239,626.17075497242,807908
2015-07-28,621.68310546875,629.1776995951277,615.3912832940232,626.3556638548729,832236
2015-07-29,628.7615966796875,632.6477072363869,617.1495732748373,624.459163523712,1183157
2015-07-30,657.9072265625,661.2844538747386,633.8966775807287,633.8966775807287,2842736
2015-07-31,656.056640625,669.8893110356953,653.234604407736,666.0957615598295,2031688
2015-08-03,659.0637817382812,663.3662704762119,652.3093838105424,660.4516740442612,916688
2015-08-04,656.6118774414062,664.2915369636922,650.5513691480131,664.2915369636922,1237267
2015-08-05,664.8929443359375,667.9463527082315,656.0104558169495,657.8147271805366,1274983
2015-08-06,669.3341674804688,676.4586355940021,664.3839847504221,666.4195712714937,1374485
2015-08-07,661.7007446289062,674.3767812398771,660.1740406560782,670.5369801292572,980254
2015-08-10,661.7933959960938,669.4268046182087,657.6297185658492,663.7827311354953,914543
2015-08-11,667.3140869140625,676.4070649380275,662.4428426192413,667.1285043764633,1636795
2015-08-12,656.5973510742188,672.0461202014785,646.4836975590596,666.6181850060324,2149755
2015-08-13,673.1596069335938,677.3349594231887,659.2417653016104,660.4479669166805,2079678
2015-08-14,686.2423095703125,688.2372227236965,677.5668781853445,681.9741944077073,3238561
2015-08-17,652.4220581054688,691.2528143529614,650.4271447804375,691.2064328729978,7582133
2015-08-18,634.4678955078125,658.2210421148083,631.684327621731,657.849877077264,5972184
2015-08-19,645.8805541992188,652.6539484646358,637.3443241031113,637.4370870525674,2593642
2015-08-20,641.7052612304688,656.922124044693,638.7361669922379,647.1796349169116,2267326
2015-08-21,647.0868530273438,650.3807307859051,622.6841928109847,630.9421345780514,2011811
2015-08-24,589.977294921875,632.7051148193306,580.8379347357197,626.3028848987393,4568527
2015-08-25,598.8383178710938,606.817857255665,562.0024213259952,602.1785770014168,4891926
2015-08-26,591.4619140625,602.1786412671566,587.7968709441352,601.2507851172843,2031606
2015-08-27,613.2664794921875,619.6222709054714,593.8278835405468,604.9621563569322,3929856
2015-08-28,612.2457885742188,630.6637650445776,607.7457094091915,626.302830307182,2111583
2015-08-31,632.9370727539062,635.5814400341579,607.8385194879588,612.1994545634669,2172057
2015-09-01,615.307861328125,638.7362303646228,609.6015230486744,632.7979280353059,2567389
2015-09-02,601.5291137695312,621.431638952613,597.632106722967,617.0243223642966,2734383
2015-09-03,608.3489379882812,615.8645505284314,604.7766576520585,611.4572335943296,3366027
2015-09-04,602.6887817382812,630.7564223975154,599.8588326014847,627.4625453159381,4428049
2015-09-07,602.6887817382812,614.2405988896872,600.5547245186557,608.6734635523185,1844881
2015-09-08,603.1065063476562,606.9106939657262,578.5183180119441,604.9622186748798,2197872
2015-09-09,609.0911865234375,619.8079138268591,603.1992659383413,615.0294319582401,1561345
2015-09-10,606.5394897460938,610.0653312849473,594.4773615229693,602.1785551390583,1254979
2015-09-11,606.0291137695312,614.9365079042464,602.085726129255,612.3849041370088,1179996
2015-09-14,613.0345458984375,615.1686036344508,603.5704022084619,607.5137906932982,796196
2015-09-15,610.8076171875,618.8799760272667,606.3539195409578,617.9057385158103,921666
2015-09-16,613.8695678710938,617.6738118277497,609.6014525002366,612.5706033212788,1038816
2015-09-18,604.962158203125,620.7357114078077,600.3692593259816,618.8799992660803,2152655
2015-09-21,602.4104614257812,604.9620652285089,593.4566290652954,601.2506415154505,1001552
2015-09-22,597.6785278320312,606.1683771446914,595.7763775267633,605.8900316418215,1673424
2015-09-23,595.8226928710938,597.5392036449816,587.7967166290308,592.7143416059542,1098608
2015-09-24,596.7042236328125,603.8487267899982,592.9000363496591,593.8278924315835,2130588
2015-09-28,595.5908813476562,606.6787169603987,592.9464573587652,601.2507811720004,2002727
2015-09-29,590.580322265625,598.2815154558407,583.1574745387986,590.8586677290142,1385234
2015-09-30,590.162841796875,593.7815031213831,585.6627625116381,591.9721724591291,3135198
2015-10-01,587.8432006835938,602.178588263697,585.8947255931037,596.5186889003952,2945165
2015-10-05,593.920654296875,595.6836035020317,587.9360278849207,593.5031643662481,2469393
2015-10-06,616.0963134765625,618.3695717427139,595.0803548294872,597.4464326641153,2513511
2015-10-07,631.684326171875,634.2823115332213,612.9416244555781,620.6428742281944,2160153
2015-10-08,631.1741333007812,639.7568025150881,623.5657016979459,638.3650183181735,2304302
2015-10-09,639.8031005859375,641.9835961892783,630.2461950060663,635.0246761119201,1867010
2015-10-12,627.5554809570312,642.818725867167,626.3028978141409,642.0764522776082,980356
2015-10-13,630.0606689453125,631.8699996539498,624.9110789529151,627.4626832099611,1215291
2015-10-14,630.1998901367188,631.12774625982,612.3850412468066,624.4471708471225,1219164
2015-10-15,622.5448608398438,634.6069862495989,621.1066956750454,634.4214037630841,1232379
2015-10-16,630.4318237304688,631.4060612863206,620.7357163858169,625.7461618613984,1925227
2015-10-19,638.7825927734375,639.9424129881355,628.1586282804346,630.4782687098306,2154963
2015-10-20,625.0037231445312,639.8958559203732,611.0858843871694,639.8958559203732,5642920
2015-10-21,629.0863647460938,632.7050257801109,623.5192287748894,625.0037757144763,2005358
2015-10-23,632.9834594726562,636.5093014194565,630.2926540588162,632.8906398810983,1705211
2015-10-26,632.1019287109375,634.6535328268349,624.8182814328386,634.0968418542836,1217235
2015-10-27,635.302978515625,638.3648918157,623.751160644047,627.2306204468216,1610215
2015-10-28,645.8341674804688,651.5868860959711,627.0450831893424,633.0297658084389,1537365
2015-10-29,641.6588134765625,654.0457252101567,639.7567199792063,648.5713520891446,2975896
2015-10-30,640.6381225585938,653.1177958388645,638.4112457282132,648.5712792401001,1885373
2015-11-02,631.1741333007812,639.2464929692549,625.7461975855518,639.2464929692549,766804
2015-11-03,626.6739501953125,636.5555823819335,622.684124184436,636.5555823819335,1048233
2015-11-04,622.3131103515625,631.8236355714943,619.9006504630105,630.9421609320588,1321427
2015-11-05,610.5757446289062,626.6740832441726,607.93137718291,626.3029181214362,1833741
2015-11-06,610.6685180664062,624.1688130657521,604.0343242639196,607.74574868336,1715887
2015-11-09,600.879638671875,602.8281706262483,592.5289330635959,597.6321420464332,1192556
2015-11-10,595.5908813476562,601.7147092438925,591.508291662269,600.3229250282164,1166182
2015-11-13,573.322265625,590.0700556995862,570.7242234263068,589.1885811415895,2193410
2015-11-16,580.65234375,585.6164079299024,568.9149979085303,573.2758763308588,1127051
2015-11-17,589.884521484375,592.8072908813916,582.6936366373378,583.5751112675366,808720
2015-11-18,584.3174438476562,595.6836823345698,582.1370044233142,589.0031063465041,1026565
2015-11-19,589.7918090820312,591.4155574124824,584.4101978813438,589.1886799065533,523990
2015-11-20,600.1836547851562,602.0858049661739,585.569922204733,590.0236764870945,1070873
2015-11-23,595.1732177734375,601.2506629943127,587.7967515538535,600.8794979570149,878175
2015-11-24,591.3226928710938,600.1373259950163,589.1886351253548,593.827915716893,909556
2015-11-26,588.7711181640625,595.5908949558006,587.4257153984669,593.6423630302272,1319195
2015-11-27,597.214599609375,599.1166932822471,589.6989312430271,591.4154990019347,1110713
2015-11-30,597.214599609375,604.4982473195834,592.9000461047026,596.6114704934645,2146672
2015-12-01,601.7610473632812,603.1064500011905,598.4671696165659,598.9310976550285,670534
2015-12-02,610.9005126953125,613.6840811493339,601.7147141443036,601.8074771066996,1610659
2015-12-03,604.2198486328125,608.6735461809398,595.9155259675435,605.6580141305006,1484709
2015-12-04,599.20947265625,607.7457603106461,597.1681778601356,602.781752707411,1127553
2015-12-07,598.6527709960938,606.8178934035963,593.9206708757677,601.2043752879284,921343
2015-12-08,596.2402954101562,601.7146689445781,592.3433451727343,595.6836044139077,730708
2015-12-09,578.7965698242188,598.3743656857789,575.2707282997169,595.7299420685249,1044192
2015-12-10,590.8587036132812,594.616509176841,577.1264458110262,579.9563953523816,1030589
2015-12-11,593.1319580078125,596.5650365921055,585.2451818747403,590.6267354391751,1104857
2015-12-14,591.0907592773438,597.3537883984097,585.5236222808406,591.8794709976227,721113
2015-12-15,592.80712890625,595.2195314785296,590.6266336660866,591.0905615939732,948636
2015-12-16,592.5752563476562,597.4928818154378,591.1370342438988,596.5650258165418,1166504
2015-12-17,596.5186767578125,598.4207703325419,590.3947928532253,592.9000155127457,1333918
2015-12-18,595.7763061523438,602.4568805800915,593.9205941797379,596.4258166691228,995474
2015-12-21,597.2609252929688,602.9208243043576,594.8484656865355,602.9208243043576,738842
2015-12-22,597.7249145507812,601.2507564256745,595.2196917393057,597.4929505243824,508379
2015-12-23,600.7403564453125,602.5496869051752,598.0031700195544,599.3949539683974,342498
2015-12-24,601.436279296875,607.1889979071318,598.6527112562833,601.9929702522586,395801
2015-12-28,610.1581420898438,611.874709835332,600.6012356898608,601.3899473454121,793844
2015-12-29,606.6787109375,612.3850488178587,604.9621997412785,612.3850488178587,472504
2015-12-30,606.0755004882812,609.6013416708178,603.1991131466566,606.6321913895861,587218
2015-12-31,602.87451171875,607.7457563305599,600.5084899479539,605.8900440974894,765254
2016-01-01,608.0704956054688,610.9468836039549,601.7147037315127,606.0756388937152,556012
2016-01-04,599.0702514648438,606.63224391619,593.2711514414941,605.0084959096521,631534
2016-01-05,594.616455078125,603.0599780910868,592.0184697786876,599.5805183243853,642269
2016-01-06,605.054931640625,608.6272115544475,592.6216940547381,593.5495501416777,1234096
2016-01-07,591.4619140625,603.106497417029,583.6215182697096,601.2507851172843,732335
2016-01-08,577.4511108398438,598.4670701417397,569.7035365380282,591.3225682105806,1553402
2016-01-11,566.0386352539062,572.8584119628963,560.6570808886671,572.8584119628963,1668698
2016-01-12,567.337646484375,572.3944737590816,562.0024736948443,565.0643876215973,1278522
2016-01-13,564.739501953125,571.5128385260329,553.0948653961714,570.8633280860382,794118
2016-01-14,569.98193359375,572.5335376121942,553.6980720024092,559.8683370997453,986574
2016-01-15,565.1571655273438,572.4408703769383,558.8941364348867,571.559395696816,1119442
2016-01-18,548.4093627929688,564.1829172469553,544.0948657008381,564.1365357661066,1435098
2016-01-19,554.904296875,557.4559010009991,540.9400747118091,547.7597939958348,849433
2016-01-20,550.3578491210938,559.6364097966118,545.5793677204658,551.8887776534502,1002709
2016-01-21,538.3885498046875,558.0591121967344,534.9554706036479,556.945673451553,1452498
2016-01-22,539.9194946289062,546.0433223199442,535.7441421217869,540.7545311512245,1297154
2016-01-25,538.7132568359375,547.4351272792259,537.4142922079412,547.4351272792259,910559
2016-01-27,538.6203002929688,545.2544920190745,531.0118712880468,540.012084014656,982504
2016-01-28,536.115234375,543.2597375530479,533.5172486643937,539.0843851721961,1336930
2016-01-29,542.8885498046875,549.2907791741487,536.3935574833715,538.110125147394,1146060
2016-02-01,556.2033081054688,562.2343722960837,546.6464023297848,549.1980064104297,1045333
2016-02-02,532.5894165039062,562.3271940258828,521.4551429881451,557.6415319143688,1779141
2016-02-03,521.50146484375,537.0430531825979,519.0426803692435,528.8779315309438,1188642
2016-02-04,510.6920166015625,529.2491384747029,501.0886720531073,526.0944051035325,1614064
2016-02-05,529.0172119140625,531.9399248369514,504.8465136571565,514.9601684469612,864080
2016-02-08,525.9552612304688,534.2132040147427,520.6200881117804,533.4709303854687,1264314
2016-02-09,515.748779296875,529.9914041007102,511.34146291788664,524.14592212442,1357674
2016-02-10,499.7432861328125,518.6251922503998,495.4751706117409,514.9601492313037,2425499
2016-02-11,501.8309020996094,509.11460578252195,479.9799043145453,491.7636870088608,5647601
2016-02-12,490.46466064453125,504.336119218901,487.17078315949993,503.82580974350225,1981976
2016-02-15,500.7638854980469,502.89794293320455,490.371887159038,494.5936205565568,2467275
2016-02-16,486.2429504394531,509.8568981782627,482.9026913206841,506.5630205355079,2664696
2016-02-17,481.6500244140625,488.5161814306848,476.361290547347,488.0522534331248,1924596
2016-02-18,486.5677185058594,491.2069985959921,483.0418203318888,489.0728844490614,1967772
2016-02-19,486.7997131347656,492.6915765671545,481.7428861920303,488.00591470771445,1054082
2016-02-22,492.2275695800781,493.4801524295757,487.1243619783997,491.160512610631,1236400
2016-02-23,484.89752197265625,494.45448405891614,480.1654790349017,493.5266280607811,1047760
2016-02-24,476.8716125488281,485.315079673551,473.6704979551828,484.5264247097101,1836770
2016-02-25,481.5573425292969,484.15532842659263,473.20663716751716,480.629486377988,2723564
2016-02-26,486.1965637207031,489.6760238618341,481.55728353252846,485.1295066246877,1985528
2016-02-29,477.0572204589844,489.90800436000995,468.5673147761459,489.90800436000995,3487816
2016-03-01,479.0984191894531,483.7841372581694,472.835419554495,477.84583625201213,2146110
2016-03-02,487.6811218261719,493.61942325490656,481.92845956739455,485.73264675553304,3422308
2016-03-03,489.07293701171875,492.6915985236694,485.63991468152926,491.76374240592236,3101778
2016-03-04,498.9081726074219,506.23820088258975,491.99563421848495,495.1967486812098,2693406
2016-03-08,493.94415283203125,510.04248951548516,490.6502751324371,500.85669183260137,1409496
2016-03-09,491.1141662597656,496.40295675152277,483.73769978167024,495.3358997057712,4376676
2016-03-10,495.4287414550781,501.2278416766428,491.76369878868167,491.94928132213937,3609343
2016-03-11,496.0318603515625,499.69690336118407,492.6452194841184,495.9390973920656,2806975
2016-03-14,498.8154296875,504.5217675037278,491.8565087564141,499.1865947898953,3909833
2016-03-15,487.1708068847656,500.1144100862792,484.34085726352083,499.74324501418465,2961527
2016-03-16,492.6915588378906,496.2174004749579,478.959300727722,487.03165962826984,2221318
2016-03-17,486.7069091796875,498.2587290282186,483.9233408610941,497.6092184275117,2100095
2016-03-18,490.1400146484375,491.8101444036911,480.1655609665242,490.8359067657803,4345885
2016-03-21,497.1916809082031,499.5577593275724,489.44410493308965,491.76374524082945,1221223
2016-03-22,496.68133544921875,500.1144141827782,492.73794721122835,498.7226300987816,1529194
2016-03-23,494.36175537109375,497.6092519616364,487.63479814782687,496.2174677085467,1361735
2016-03-28,486.3821716308594,498.58344518323895,484.43363987106136,497.60920761926053,1947564
2016-03-29,467.1755065917969,487.12441104407816,458.8711838771542,483.45936843461715,6503207
2016-03-30,475.3870544433594,479.237679945611,466.2476944291762,470.3766654375543,4372138
2016-03-31,475.0159606933594,480.62947899619314,471.25812634872,475.99019831090175,3086978
2016-04-01,477.4283142089844,479.97991831980397,473.206580551996,476.7324221787608,1239447
2016-04-04,477.1963806152344,481.5573156089672,475.2015239805452,481.5573156089672,768318
2016-04-05,466.7115783691406,478.7737066371304,465.27341286355545,475.99013857528655,1086907
2016-04-06,468.5209045410156,470.88692604502234,461.1444379199529,467.0363292587738,1820374
2016-04-07,469.8663024902344,476.0365396177697,465.5053960036388,469.2632017152277,2102922
2016-04-08,468.0569763183594,473.76328512578874,466.94353777821385,473.0209833270523,1262329
2016-04-11,465.9229431152344,469.4951948260079,461.1908712591397,469.0312667678794,2929584
2016-04-12,465.7373046875,472.1395050691256,463.6496288033232,466.4331966488923,3622355
2016-04-13,474.969482421875,477.84584169526306,467.6394256590536,468.7064543996555,3642720
2016-04-18,486.289306640625,487.77391021879043,470.5157829664893,477.84583969868356,3507933
2016-04-20,489.1656799316406,492.13483036942034,481.7892136253574,487.1243854661774,2898556
2016-04-21,493.6193542480469,495.47506610612226,488.60890957851075,491.7636423899715,3392813
2016-04-22,493.0163269042969,497.84119005657425,488.9801754334375,491.4853982847972,1880283
2016-04-25,488.5162048339844,495.33592407209386,485.73263671527224,494.0833410714087,1959119
2016-04-26,501.5061950683594,503.12994315599974,486.3357713022834,486.7996993273235,1855477
2016-04-27,501.2278747558594,505.03206209953305,495.93908367838384,500.5783641618112,1456338
2016-04-28,490.1400146484375,504.52178507352176,487.1244821399521,500.0217053674433,3088525
2016-04-29,498.2587585449219,499.5577798232894,489.07295989666267,489.1657794918865,932705
2016-05-02,501.6453857421875,505.3103717586507,496.4029765150412,498.21230710160376,1336667
2016-05-03,498.1194763183594,507.537237472643,488.5625707416769,501.0422454026092,1524809
2016-05-04,494.7328186035156,502.29481084217326,490.8358121710646,495.47509205925996,785756
2016-05-05,502.71246337890625,504.7537582865816,495.01126846671195,496.8669808133538,1025103
2016-05-06,498.5834655761719,503.5939112984842,496.4957892971823,501.042306957497,511789
2016-05-09,497.8410949707031,501.2277918159332,494.77918168467505,499.46484287121547,727957
2016-05-10,498.3050537109375,500.57831223838724,494.31528423540465,498.25867223728255,669096
2016-05-11,497.8874816894531,500.57828660568305,492.4595470175464,493.6193669587088,943441
2016-05-12,497.60919189453125,503.3155292961176,495.79986125755227,498.2123209841374,670055
2016-05-13,493.34112548828125,499.83611852784,491.8101401905044,495.8927298966793,891484
2016-05-16,484.1552734375,495.33592746453314,482.8098708445404,495.33592746453314,883516
2016-05-17,485.96466064453125,490.51117845174804,484.8048404520622,485.26876852904985,679688
2016-05-18,486.7069091796875,488.74820393969117,482.5315567017974,484.8511969672919,653047
2016-05-19,475.71185302734375,487.95956536883426,473.39221268357073,486.2893790158422,1062398
2016-05-20,470.515869140625,478.0778912576437,465.04152340464395,477.1964165703919,1700932
2016-05-23,461.5155944824219,473.2065863977864,459.103163084661,473.2065863977864,2021694
2016-05-24,458.4072570800781,468.75287439475386,456.087617021347,463.88163027141854,2526624
2016-05-25,435.90673828125,445.3708808251517,424.447739312754,445.3708808251517,15183389
2016-05-26,434.1903381347656,439.711065764315,432.38100714331085,438.59765526766415,4432025
2016-05-27,439.2934265136719,443.9790879018384,435.25724732410805,436.92737676727774,2638981
2016-05-30,439.3861999511719,443.9790985034368,436.09232245896607,442.5409330216946,1183625
2016-05-31,438.5511169433594,444.6749719860058,437.02016026167706,441.102720851469,2368362
2016-06-01,431.3602600097656,440.4532660369484,429.3653752208159,440.4532660369484,1247617
2016-06-02,434.3294372558594,436.0923581468861,425.8859412540866,430.94276822279636,1354914
2016-06-03,431.6386413574219,439.7573817116173,428.94783618729605,436.55626704559546,1318109
2016-06-06,432.9841003417969,437.4842086817721,431.82428006427364,435.11818664199455,1409144
2016-06-07,434.5613708496094,437.8552483807456,432.98400429570506,432.98400429570506,1797918
2016-06-08,438.0872802734375,439.80381983259315,434.2366828726869,437.8089347518113,811331
2016-06-09,444.53582763671875,447.18022297350836,435.2572673784525,439.38620970382976,1695845
2016-06-10,442.0770263671875,451.49475961189387,440.2676957432447,440.73162376826394,1704257
2016-06-13,434.8861083984375,445.2780783668713,431.9633394137706,440.685208263384,1271568
2016-06-14,447.8761291503906,449.0823306957261,435.6747993723474,436.1851371922353,2522251
2016-06-15,454.6958923339844,457.0155326954799,448.89679143024557,450.8452949970863,1860880
2016-06-16,451.54119873046875,453.5824936275069,444.76786002689107,452.60822766104286,1239939
2016-06-17,451.3555603027344,454.64943776013973,449.1286832609709,451.86586977385315,593507
2016-06-20,453.0257263183594,455.4845392414399,447.7369353913469,451.5411509427138,1026672
2016-06-21,448.5256042480469,454.64945977762324,445.6492448597393,454.64945977762324,861422
2016-06-22,447.6441345214844,451.40193996149765,445.37087601545505,448.94312724667924,673949
2016-06-23,441.4275207519531,448.1544771901069,440.40687342229063,446.39155633846434,1918112
2016-06-24,442.16986083984375,443.5152636563844,426.4427152373988,434.2367016552048,1875935
2016-06-27,453.76800537109375,455.577336056546,439.8037826696595,440.73163875124106,2362093
2016-06-28,461.46923828125,463.00019518732245,451.44837538383547,454.64949026410426,1775304
2016-06-29,466.2013244628906,467.6394901399284,460.26302257028095,462.8146269311635,1048438
2016-06-30,464.8558654785156,470.23741906187956,463.4176999755583,468.5672895541924,2152521
2016-07-01,471.9075927734375,473.2065855804745,463.7888523345568,465.78373717921215,1008068
2016-07-04,473.39215087890625,476.36130145766117,471.4436475813432,473.8560788870918,1055119
2016-07-05,470.4230651855469,474.2272810405671,466.43329509120997,473.3922161738364,689915
2016-07-07,477.1963806152344,480.02633039215567,467.6858555959821,469.0312582665374,2078580
2016-07-08,482.7635498046875,484.7584632059013,476.03659262959593,480.629491958269,1828792
2016-07-11,484.3408508300781,490.1399510555341,482.48513875793225,487.4955840054614,1441960
2016-07-12,478.495361328125,485.1759360053023,477.0107577155093,484.8047709441891,891315
2016-07-13,477.47467041015625,481.97480594649613,474.3199940192345,478.77369145054695,1202156
2016-07-14,475.0159606933594,479.3304577515738,470.423061488552,478.68100376110846,1257722
2016-07-15,479.1448974609375,481.46453763719717,473.3921784974454,476.87163876183496,1004156
2016-07-18,470.3766784667969,479.97996680114557,468.8456931929295,479.7480027676411,1459230
2016-07-19,469.3095397949219,473.5776829337042,464.43829593690134,470.42297828883625,1027246
2016-07-20,480.490234375,481.9284565625665,468.79927076038126,470.84056540327134,3584904
2016-07-21,478.6344909667969,488.9337264602469,476.91798003380626,484.8047559682175,2274652
2016-07-22,482.8563537597656,485.175994089834,475.38706659147033,478.7737641261077,1188747
2016-07-25,486.75323486328125,488.51618391571145,475.99012791787266,476.96436539133737,1337348
2016-07-26,485.779052734375,491.9029370101109,484.10892307075335,489.44409567766627,2105457
2016-07-27,485.4079284667969,490.9750649188362,479.6552094733215,485.2687274027597,894972
2016-07-28,483.0882568359375,489.8615944186979,481.5572717585369,486.1037888845218,1347889
2016-07-29,489.3512878417969,496.86689895476434,482.4851306376797,484.71200773951153,1785352
2016-08-01,486.2429504394531,496.4029854874805,483.87692884433847,490.6502666657438,955999
2016-08-02,480.53668212890625,491.71733646519095,478.95931548083615,487.217200538878,1009436
2016-08-03,491.25341796875,496.310244983476,478.1242316480756,479.70159832677564,1846161
2016-08-04,488.9338073730469,495.4751818748002,485.2687642706377,492.87719599283696,1564658
2016-08-05,494.779296875,496.0318800371351,489.212159920007,492.5988575536993,699384
2016-08-08,496.7742004394531,502.1557547297502,493.5730854273088,495.3824162282464,852842
2016-08-09,494.50091552734375,501.04228964917303,491.9029297962719,499.0009949205303,886532
2016-08-10,483.64495849609375,495.4287414731096,482.02121043399654,494.08333889529,809814
2016-08-11,486.15020751953125,487.5883731262662,480.5366895263678,483.87694878277415,761596
2016-08-12,478.7273254394531,488.4234321868531,475.1550457789177,486.1965550833548,2124886
2016-08-16,514.1714477539062,517.3261243140868,473.3921634270938,473.3921634270938,8817547
2016-08-17,510.18170166015625,523.3108893561387,507.7229167442402,512.1766151145188,3819727
2016-08-18,512.7796020507812,517.2796806557715,508.4650493262112,513.7538394503136,1434412
2016-08-19,516.6302490234375,520.109709289802,512.6404792443742,512.9652062164988,1598177
2016-08-22,517.37255859375,524.1459536895758,512.4549324010974,516.815867565089,1218782
2016-08-23,515.5632934570312,517.5117687232872,512.2229773310772,517.3725676477638,874783
2016-08-24,526.2799072265625,530.733604469168,513.8929962900093,519.4137505299974,2340210
2016-08-25,522.2902221679688,533.0997117709428,519.5994168209803,528.8779778356408,3471437
2016-08-26,526.3264770507812,530.4554488405737,521.7799586068564,526.55844112176,2196070
2016-08-29,527.0221557617188,529.2025944928599,522.2901132834918,527.3005012077621,1085860
2016-08-30,534.5377807617188,539.5018439862047,526.7438248975939,528.8778822187769,1075723
2016-08-31,531.6151733398438,545.1154685101957,528.8779864694665,539.1307852316726,3596264
2016-09-01,537.3678588867188,539.3627154332182,529.8058093578594,533.5172335915397,960422
2016-09-02,536.2544555664062,539.1771683635891,530.2697722695415,538.4348947943923,880437
2016-09-06,536.8576049804688,544.0021094502467,534.4452013769937,542.7959076485092,1189215
2016-09-07,538.852294921875,543.6771567580878,533.6098866190215,538.2027844884146,1786522
2016-09-08,552.2136840820312,555.229216972303,539.2700777343407,539.2700777343407,1573263
2016-09-09,538.6203002929688,552.6309004385573,536.3006607568233,552.1669725313282,1513978
2016-09-12,530.7994995117188,539.2722149842118,523.5372125550317,532.7547677719695,1296182
2016-09-14,537.6893920898438,543.4619995262909,530.5201888297865,530.7064129717938,1579482
2016-09-15,545.0448608398438,550.2587962458063,537.0842185792567,539.0860288093432,1294197
2016-09-16,552.6329345703125,554.9140523591263,545.696497550298,546.6275613965381,2145891
2016-09-19,556.5899658203125,558.6383176840129,552.3536366100677,553.8899147147501,1213754
2016-09-20,561.2919311523438,565.6214016491085,554.91416523929,557.4280495010361,2209606
2016-09-21,559.8952026367188,565.1557359245626,555.9381814214314,561.2917983597613,1578461
2016-09-22,567.1110229492188,568.8335253342709,562.2695359248083,563.2936835274413,1926725
2016-09-23,569.39208984375,575.2112389444907,563.0143251603894,567.0178883761733,1225528
2016-09-26,562.8280639648438,572.604233810387,561.4314682726233,567.0178510415051,1796225
2016-09-27,565.3419799804688,568.228255178776,560.3607542961289,562.362564300767,1443938
2016-09-28,564.0385131835938,570.1835691719263,560.7332476224952,566.738621291326,1561039
2016-09-29,561.2919311523438,568.8801257738359,545.3707588740169,566.0869336669267,2252434
2016-09-30,540.0636596679688,562.2695700754703,523.4907318999796,560.3608434210179,6967821
2016-10-03,548.2570190429688,550.9105855655611,542.0654774788612,544.393137501677,1146677
2016-10-04,556.5899658203125,562.2228908247673,549.6069868492624,549.6069868492624,1656807
2016-10-05,550.864013671875,558.7780573176065,549.3277354095911,558.6383749928045,961556
2016-10-06,538.8997802734375,555.6589306699499,537.0841942816224,551.6553672185315,1504743
2016-10-07,530.7529907226562,543.1827284906287,527.4477250819325,538.9463420768489,1317543
2016-10-10,540.622314453125,544.1138043247478,530.939226478104,530.939226478104,929998
2016-10-13,541.8792114257812,557.7072983574622,540.4826155200448,555.7986286518154,3834775
2016-10-14,546.5344848632812,549.3276764383918,542.8102294298006,544.4395911819485,1054501
2016-10-17,545.6034545898438,551.2363799141956,543.415477119043,548.3966463368907,1344977
2016-10-18,551.8881225585938,553.0519524248076,542.1119516823976,546.5345051740102,1213156
2016-10-19,555.2398681640625,557.5209858139723,550.4449237444804,550.4449237444804,1001409
2016-10-20,555.4727172851562,559.1038893391445,552.865749649601,555.3796336233135,913371
2016-10-21,543.0430908203125,556.3107531335392,530.7064925290666,556.3107531335392,1792780
2016-10-24,544.3931274414062,553.4244595285617,541.8792432976938,544.6724352734551,992033
2016-10-25,544.2068481445312,553.5174871204856,542.5309444943856,545.6034439909245,831989
2016-10-26,537.8289794921875,544.5791914484209,535.5013201969346,542.810147652981,814132
2016-10-27,545.37060546875,547.4654989596671,531.1718829192008,538.1548612222578,779140
2016-10-28,535.5014038085938,546.3948055491464,534.1513498410295,545.1378920645068,911117
2016-11-01,532.3357543945312,539.5049573802366,530.7994763162989,539.5049573802366,880843
2016-11-02,521.4888305664062,530.6598434256673,519.1146291558049,530.6598434256673,806345
2016-11-03,521.395751953125,524.9337831901386,517.6714965820312,517.6714965820312,701598
2016-11-04,507.1504821777344,526.5165985759211,500.9123431190903,517.7645757978083,1517311
2016-11-07,508.12811279296875,517.4387515981537,506.4987510020614,511.6196023449131,939497
2016-11-08,498.39849853515625,512.9231295950277,493.6500953359014,511.80584154001747,1015538
2016-11-09,490.0189208984375,495.32599651230987,453.0091307454971,476.79780210720685,3810958
2016-11-10,524.8406982421875,528.8442613907115,507.42979305974956,507.42979305974956,3982787
2016-11-11,510.1765441894531,525.1201104347002,507.6626599548232,521.116546490176,1232505
2016-11-15,514.3197021484375,522.3733704902392,492.16033668247195,509.8505501309338,1505372
2016-11-16,501.052001953125,525.9113597154603,498.5846601754555,523.2578506416545,1169205
2016-11-17,508.0815734863281,511.47992257051067,499.14332609240796,501.84343409036535,924167
2016-11-18,512.9696044921875,517.345615653874,503.89173257461795,503.89173257461795,1214083
2016-11-21,507.5229187011719,517.0663238556028,504.7297269486555,512.0851546280013,1056778
2016-11-22,512.5506591796875,520.7905516779552,506.0332121056497,509.3850192983891,1300502
2016-11-23,514.6920776367188,520.8371330564041,509.43160105517853,516.6473457906478,1520986
2016-11-24,515.4835815429688,519.8129948381979,507.4763974314286,513.388687643706,1816603
2016-11-25,526.0975952148438,530.6598306213099,510.68850050319844,518.6025428993282,1022658
2016-11-28,531.218505859375,537.2238794825485,528.8908460695892,530.0546759644822,1224023
2016-11-29,529.9151000976562,534.3841959470277,525.3994055860201,533.4996737785516,832424
2016-11-30,527.540771484375,533.7323690151666,524.6544961884804,530.7064114062712,1366319
2016-12-01,529.030517578125,539.8773778803092,527.0752492980789,527.9132295363315,1064251
2016-12-02,531.8236694335938,534.337553132424,526.9821261668886,526.9821261668886,984594
2016-12-05,533.4996337890625,541.3205935599552,531.9633555680409,533.9651657557196,1158108
2016-12-06,535.22216796875,540.4361609553395,531.5910521240824,535.3618503129319,779936
2016-12-07,531.4978637695312,537.7825457943695,530.1478664263052,537.6429202903997,694556
2016-12-08,542.5775146484375,543.6482609176217,530.8926734891459,533.9651731460813,1177494
2016-12-09,538.9929809570312,545.6035127317707,536.7118627549972,545.6035127317707,539344
2016-12-12,535.1754760742188,541.8791469901374,533.1271242905177,536.6652122931041,848042
2016-12-13,538.9463500976562,541.1343844985427,531.1719887687294,534.5237962910805,553306
2016-12-14,528.8441772460938,539.6910919928399,525.3526883998387,539.0858778617752,585671
2016-12-15,524.32861328125,536.8048343802222,520.5577593458681,528.8442500799315,1032429
2016-12-16,527.16845703125,530.6134052547133,522.6527624587247,524.0959571451052,665505
2016-12-19,529.9151000976562,534.8962697832076,522.6993540736008,526.0511617537202,997716
2016-12-20,524.2820434570312,534.2444382503895,523.2578959291467,533.3599162066917,873053
2016-12-21,524.0028076171875,528.2857361119935,523.164884114117,526.0511597818654,743830
2016-12-22,522.6992797851562,526.935609031665,521.3957676350171,523.537203172278,1870565
2016-12-23,542.1585083007812,548.5363302381884,513.9472829397248,522.3268582050465,2585856
2016-12-26,516.69384765625,541.2273551283917,510.3160267706118,541.2273551283917,2106357
2016-12-27,524.7941284179688,527.1683297189953,516.8800861961311,520.4646590596785,1063407
2016-12-28,523.63037109375,532.56856199051,522.1406347258688,527.9132423926909,743252
2016-12-29,525.9114990234375,529.7754375113864,523.9562872751013,524.2821369572777,985947
2016-12-30,529.5891723632812,533.918642535156,526.6097563072968,526.6097563072968,673901
2017-01-02,526.9821166992188,532.9874896419699,524.4216912205565,530.4736059883037,520139
2017-01-03,534.1048583984375,537.037675748475,523.2579406346549,527.7270362354028,626867
2017-01-04,529.0770874023438,536.2928329850417,528.3787894427278,533.453099314797,729355
2017-01-05,539.8773193359375,541.4135973302631,530.0546076544558,530.8925878018379,919562
2017-01-06,542.6705322265625,550.2587251950748,537.4100556677201,540.0635648601991,851729
2017-01-09,536.9445190429688,548.3500508949693,535.2686155241183,543.3222835107921,545949
2017-01-10,535.2686157226562,542.7171263226438,534.0581872880574,537.6893589366018,430654
2017-01-11,537.1773071289062,539.0859766825503,530.2408699839592,537.1773071289062,543706
2017-01-12,545.8361206054688,547.2792580449568,528.1924512689874,534.3840479054113,1086059
2017-01-13,543.1828002929688,548.4898200212964,539.5050858568723,546.5346082085063,557024
2017-01-16,548.21044921875,551.1898652613653,537.596354153203,537.596354153203,634510
2017-01-17,546.7672729492188,551.1898264554065,541.1343477437056,549.7932306113472,737937
2017-01-18,540.761962890625,552.4934034535081,537.5497807069438,548.2104749327208,591422
2017-01-19,540.3428955078125,546.9069412690179,533.8254484023208,542.1584814241538,772657
2017-01-20,537.7825317382812,551.6554077615673,534.8031724664875,543.5551397757438,1100568
2017-01-23,536.06005859375,543.2292622322628,533.4996327819691,534.8496868482529,1197343
2017-01-24,539.9240112304688,541.2274666732902,534.5237948194106,535.0824672900204,527089
2017-01-25,545.2775268554688,548.2568854968416,537.8290165967898,541.1808234821459,888914
2017-01-27,540.15673828125,550.631207039226,539.5049821930055,544.3930676133942,622149
2017-01-30,542.1119995117188,544.2534352889602,537.3635959696775,538.8067337655814,589553
2017-01-31,535.6875610351562,542.8102221877098,533.1271354587991,541.4601682455597,712955
2017-02-01,532.708251953125,539.3187831458274,527.261493848944,533.4996335650568,873328
2017-02-02,544.067138671875,546.5344806083984,527.9597454129963,535.3617143949388,1033116
2017-02-03,565.9937133789062,569.3455203671065,540.3894585790773,544.0205733450233,2491068
2017-02-06,560.1279907226562,578.4234181484636,557.8003310922802,568.2747994289726,2513820
2017-02-07,556.357177734375,566.0868060793897,553.6105280827737,560.314198993976,1084820
2017-02-08,561.6177978515625,567.0179575099397,556.5434878515049,558.6383817831918,2122225
2017-02-09,547.1396484375,569.3920384954131,544.1602330010818,568.8799647862528,4192748
2017-02-10,539.9705200195312,552.8191904704122,537.0376460042992,551.1898286458678,1485266
2017-02-13,542.484375,545.0448005878136,536.3393194926707,542.5309168269802,946922
2017-02-14,536.33935546875,546.1620683808065,534.5237694737178,541.8791971140505,816754
2017-02-15,534.663330078125,538.7600330918781,531.7770553372661,537.6892871051235,1441907
2017-02-16,544.2999877929688,545.0448844497737,534.8962641909876,535.3617961876726,1156826
2017-02-17,552.353759765625,555.3331761564376,540.6223752096239,545.5104615792312,1209276
2017-02-20,551.8881225585938,556.5434420234491,541.8791857091549,552.3071126759568,1008015
2017-02-21,552.2139892578125,553.9830334401869,547.9311179488235,551.0967580138202,712028
2017-02-22,548.6295166015625,552.0279232708388,545.6035583004084,551.3761670404463,942703
2017-02-23,551.5623168945312,553.2382206699467,545.6500266062926,548.6759844996608,1263865
2017-02-27,544.9051513671875,553.8899407974169,541.2739794001983,551.1898327370782,867683
2017-02-28,543.4619750976562,551.9346333156587,542.4377707764693,547.1862304598775,749802
2017-03-01,545.8827514648438,552.0278072818389,543.9275400121269,545.3241358576762,808027
2017-03-02,548.6295166015625,551.1434010172806,545.9760066685304,547.7449943480043,1571599
2017-03-03,548.024169921875,555.5658213485384,544.6723627284438,548.3500763722213,759454
2017-03-06,549.4207153320312,553.9829505974122,547.6517282418237,551.1897592498623,943409
2017-03-07,547.5120239257812,550.9104293263532,545.6964382573609,550.9104293263532,475240
2017-03-08,551.0501098632812,552.446705620469,542.8567594533059,550.9570262105195,1055453
2017-03-09,548.5828857421875,552.5399074938861,544.9051718074351,548.2104374345038,690612
2017-03-10,548.48974609375,550.7243222880176,546.5810763761144,548.5828865846305,558480
2017-03-14,558.8245849609375,560.034956710496,549.6535711077521,555.8451690044324,1324778
2017-03-15,558.8245849609375,564.0850620953044,557.2883067376611,560.5004886778364,1479366
2017-03-16,559.94189453125,564.1316823980623,556.8227961338199,563.3867857596322,852049
2017-03-17,556.1243286132812,562.8279985219948,553.2845957348146,562.8279985219948,2189719
2017-03-20,555.193359375,560.0349027342379,552.5398501479585,556.3106473544591,1027093
2017-03-21,551.0501098632812,557.2417071178638,549.6069722797127,557.2417071178638,861663
2017-03-22,554.1692504882812,557.1952081951847,547.3724953121474,548.3035592219638,1018355
2017-03-23,555.1469116210938,556.9624977919228,542.0654737484217,554.7279214543429,1555876
2017-03-24,553.00537109375,557.0089341820195,550.7242533533882,553.9829767460119,930175
2017-03-27,551.2828369140625,555.8450721299301,549.3276257230465,555.8450721299301,1038435
2017-03-28,553.1915893554688,554.9140346851021,550.6777056851621,551.1897794187591,772698
2017-03-29,552.2605590820312,555.4261421541183,551.0967292406106,553.9830045162824,1047812
2017-03-30,557.10205078125,559.4297104850701,551.0035937227673,553.5174775684188,2096305
2017-03-31,552.0742797851562,557.6141206423696,550.2586940484059,556.7761405092161,2242680
2017-04-03,551.7951049804688,554.2623904957333,549.4208463069596,554.2623904957333,758083
2017-04-05,552.16748046875,562.2695587208019,549.746736858401,558.638386477643,1926049
2017-04-06,549.60693359375,552.7260313284968,546.5809763328358,550.7242214863813,1436914
2017-04-07,549.3278198242188,552.540002339567,544.8121816635005,549.6536695286505,1958876
2017-04-10,549.0018920898438,553.2382217835595,547.6983798020998,550.2588057170267,1177737
2017-04-11,540.0636596679688,550.8640361212243,535.4548815209299,549.3277577963325,2103296
2017-04-12,539.45849609375,541.8792397257316,531.3116862181483,535.3617918252503,1188457
2017-04-13,537.45654296875,542.7636176429305,535.0823418014543,540.4825001184225,1038273
2017-04-17,536.75830078125,540.0170242031656,533.5461191855507,540.0170242031656,487497
2017-04-18,536.1065673828125,538.3876852400601,533.7323658691993,536.7583234602589,1062574
2017-04-19,535.7341918945312,537.2238714065473,533.2668498233969,536.2928075046296,1078477
2017-04-20,534.477294921875,537.4101693466946,533.7789968995502,536.2928811454472,1339006
2017-04-21,525.5391235351562,534.4307740018895,523.9097614192968,533.4997099356841,1256922
2017-04-24,518.649169921875,526.1442234685886,515.4835865399939,526.0511398032171,1997176
2017-04-25,514.8318481445312,522.8855176163341,512.3645058231622,518.5561041299114,1543039
2017-04-26,518.3698120117188,522.3268334774571,507.8022597695633,511.8989067198679,1425158
2017-04-27,522.9786376953125,525.8649132402466,516.787039630285,521.3958175977923,2343761
2017-04-28,519.021484375,523.2112711335302,516.7403668853874,523.2112711335302,865584
2017-05-02,517.0663452148438,520.4647513851744,515.6232074486227,519.533687429208,1380964
2017-05-03,517.7180786132812,519.8595142524331,515.0645691863632,516.3680245708927,798476
2017-05-04,512.0386352539062,519.161240438617,510.4092733268135,519.161240438617,1271612
2017-05-05,512.0386352539062,516.1818812340405,506.6384756610685,511.15411312795766,560799
2017-05-08,513.5282592773438,516.554216814447,508.82639816213964,512.0385798362826,302450
2017-05-09,514.8318481445312,515.8094539751662,507.4764198423506,513.9473259824761,652189
2017-05-10,522.3734130859375,523.7700089983824,513.248997823491,514.7386773990455,718502
2017-05-11,523.2113647460938,526.051098247212,519.8129588139757,523.6768966914453,566621
2017-05-12,528.7977905273438,530.5667779650661,518.7423110663057,521.4889043021949,725246
2017-05-15,529.775390625,532.9875726366713,522.3268789817663,527.9132627141915,606569
2017-05-16,526.6096801757812,530.7063837639571,525.1200007769681,527.5873426606055,330195
2017-05-17,523.583740234375,526.982146062828,521.4423047166065,526.144165855705,895238
2017-05-18,521.4888305664062,526.0045242567916,518.4163312804736,520.7439908649114,2155599
2017-05-19,526.0045166015625,527.5873364614699,520.138825899671,522.6061109266915,685662
2017-05-22,524.2820434570312,528.5649713637048,514.9714047394308,527.913215287947,948063
2017-05-23,496.4432067871094,520.2784162443438,494.6276210947431,520.0921921273484,1225772
2017-05-24,483.827392578125,499.3761147027528,478.5668586575485,494.39494542248684,1340656
2017-05-25,469.2561340332031,488.80847295125324,462.1800437896228,486.0152816772461,4378940
2017-05-26,455.1971130371094,469.95448082195844,447.0968745467132,449.70384197524703,7010307
2017-05-29,470.51312255859375,472.51490415451514,455.1971108515081,458.08341447097825,4118338
2017-05-30,475.3081359863281,481.91866715439943,466.8354485455324,470.00106022291317,1047968
2017-05-31,480.7547912597656,484.24628066126763,470.18723940227034,479.3116536726702,1366315
2017-06-01,480.0099792480469,493.37078022524724,477.68231951274686,483.873917139697,1433241
2017-06-02,493.5104064941406,497.0950365887562,482.0117901146053,482.0117901146053,2152367
2017-06-05,497.9330139160156,499.7020582402545,491.6017901059362,494.674289928571,802335
2017-06-06,497.793212890625,502.355390767836,486.3410843106738,500.63294571286326,765557
2017-06-07,502.9607238769531,505.98668151423954,494.1156169371927,499.4226924665749,719071
2017-06-08,512.2247314453125,516.4610600318923,500.0743043623474,501.61058224086156,1396596
2017-06-09,513.1092529296875,517.4852642872387,507.66255226640794,516.274892676246,867969
2017-06-12,515.2041625976562,516.9266648298761,507.0108120206633,511.1540575503034,910344
2017-06-13,513.5282592773438,516.7404409514867,508.8729399894925,515.2041628554446,946713
2017-06-14,502.6814270019531,516.274937336941,499.3761046642014,513.4817456110422,1176535
2017-06-15,511.5731201171875,512.9231742667531,500.02790392263216,502.49524622451537,826366
2017-06-16,499.74859619140625,513.9007801924423,498.1657760442761,510.2230660696611,1127326
2017-06-19,502.541748046875,505.10217381274606,487.87749138779526,500.07440594143753,1723168
2017-06-20,510.0833740234375,511.61965230737076,499.05028869290396,502.5417785858114,774728
2017-06-21,503.70556640625,508.3608858739603,498.30540718923214,506.96429003364716,784293
2017-06-22,502.9140930175781,507.94180302828613,501.8898888250788,502.7744107279946,750732
2017-06-23,503.8452453613281,506.49875470917533,501.191679185851,503.61247938949487,603986
2017-06-27,497.793212890625,513.5746966031411,496.3500187429481,505.10203995430896,1038604
2017-06-28,499.84161376953125,501.5175741905631,494.39491288406333,498.49161662583015,601643
2017-06-29,506.2659606933594,509.24537633331,497.4208542536593,501.3313337293678,1252382
2017-06-30,517.299072265625,520.3716285511432,505.1021580916077,507.42981780631555,830751
2017-07-03,513.8076171875,521.3027274341396,511.0144253423326,520.4647471495359,490390
2017-07-04,507.47637939453125,519.5336685517149,505.8470175307938,519.2543607406005,559358
2017-07-05,508.2678527832031,510.03684026035137,504.12460667920357,508.45402011832914,833105
2017-07-06,505.4280090332031,510.12992713122765,502.86758334037506,508.68673264225697,556426
2017-07-07,509.4316101074219,513.9472470652594,504.1710766047789,505.19522411244475,893680
2017-07-10,511.34027099609375,521.3957490770545,508.45393900284114,521.3957490770545,123363
2017-07-11,501.3313293457031,514.5524470633846,499.0967534283727,512.5506371029584,1526837
2017-07-12,502.7279052734375,506.033170365683,499.98125572469513,502.26237337797687,1039208
2017-07-13,506.1728210449219,506.9176606656042,501.7036696655873,502.9606398013828,694180
2017-07-14,510.26959228515625,513.1559246598449,503.56592040273324,506.73156060009904,960041
2017-07-17,518.1370849609375,520.4647448214988,509.012669673064,511.15410537925374,692893
2017-07-18,521.1629638671875,527.9131764407241,516.8334944510417,519.5336022115063,1319574
2017-07-19,529.0770874023438,530.194375503256,521.582034001326,521.582034001326,761444
2017-07-20,532.4754638671875,537.2238669969403,523.8631228451395,529.7753558427365,1090882
2017-07-21,527.16845703125,530.706488925224,521.535531102045,530.706488925224,672906
2017-07-24,530.4736328125,535.8272499931439,523.3509715715486,525.1200156318561,873677
2017-07-25,525.492431640625,532.0098782429762,523.6303040399532,531.637429991792,510032
2017-07-26,537.6860961914062,539.5548461602497,526.5203037216224,527.6415651088731,864728
2017-07-27,531.3789672851562,541.3767891850457,527.9217690728957,536.0508413477482,1853099
2017-07-28,528.9495849609375,533.4346299086978,519.9796091248479,529.5569514312804,907951
2017-07-31,523.3433227539062,531.6125742691053,520.2598972015074,530.3044266870141,753415
2017-08-01,525.5392456054688,528.7628508561794,521.8484528410239,523.3434300730828,712732
2017-08-02,531.2388916015625,533.4347070559945,523.2499968062687,525.9129427281254,664681
2017-08-03,520.5869750976562,537.26554350591,517.4567851046187,531.2388142641181,1065451
2017-08-04,531.3789672851562,534.1820917227114,507.41223053217425,515.6814818407897,1004233
2017-08-07,529.323486328125,533.6215889127194,516.7094226645245,529.323486328125,769606
2017-08-08,540.62939453125,541.9375424455963,523.997529634555,523.997529634555,1367344
2017-08-09,524.9784545898438,542.8717546861336,520.6803533542994,542.8717546861336,1801630
2017-08-10,512.2243041992188,532.453485484809,505.96398129799127,523.2499160237768,1217416
2017-08-11,505.8706359863281,526.7071865932945,490.9673436787724,509.2343630958058,4337214
2017-08-14,532.6404418945312,538.1999843892186,515.8683997250686,523.2499848228514,4029605
2017-08-16,551.7017211914062,554.738439892063,524.2310738258841,532.126553853536,1838012
2017-08-17,535.5836791992188,555.0186648101985,532.5002535784386,554.4580627081349,1422631
2017-08-18,528.2020874023438,538.0130232549653,523.4367985143848,535.7705578493377,1680225
2017-08-21,524.8851318359375,532.5937252273865,518.7182799346668,529.6971856740033,1222907
2017-08-22,522.5491333007812,530.39790482921,521.381164741772,525.1653714670192,848353
2017-08-23,522.4557495117188,527.9218198791108,520.1198122556165,524.8383941069994,848822
2017-08-24,536.3779907226562,537.9664397274497,520.7272084987139,522.3156575035074,1866440
2017-08-28,536.4246826171875,542.8718931445642,533.1076626622666,537.7328304727997,905222
2017-08-29,531.5659790039062,536.3779762052811,527.4547060474475,533.1076635902837,608351
2017-08-30,529.1831665039062,538.1999064993311,528.3889707037704,536.3311568239861,596376
2017-08-31,534.3690795898438,540.0687442169219,525.118744377007,532.5937442969645,1908728
2017-09-01,531.0986938476562,539.4613032305166,528.0152111823319,535.396795396721,891591
2017-09-04,524.8384399414062,539.1343657912789,520.9607609457496,536.798428331178,1731377
2017-09-05,522.8761596679688,528.7160026638571,520.3533931175184,527.6415057704437,928770
2017-09-06,521.6614990234375,523.8105499029812,517.5035192825292,522.2221581853087,581901
2017-09-07,517.83056640625,524.1843041414148,515.1208564606557,523.2499292677225,885205
2017-09-08,515.77490234375,521.381151282269,513.1119569098388,518.1108394014663,775272
2017-09-11,517.5036010742188,521.5214594319725,513.9062799266234,518.6715698922338,523800
2017-09-12,523.7171630859375,525.8662140798106,507.6926097710626,518.0174986635277,1330724
2017-09-13,518.0175170898438,525.2121588865921,516.2888891411037,519.5124942614405,1159840
2017-09-14,528.8094482421875,530.0708314550902,518.9985124938341,519.5124072461384,1600717
2017-09-15,524.55810546875,528.622613578767,520.0263528667256,527.7816533347609,926019
2017-09-18,533.247802734375,534.6026578365279,523.8573457631497,526.2399905126066,649831
2017-09-19,535.7706298828125,536.7984195365289,527.4546698492089,534.1821810300237,675306
2017-09-20,532.3134155273438,536.1443299752374,528.1087282909978,534.9296539573483,759531
2017-09-21,553.0565185546875,555.018683005953,532.6403930512005,532.6403930512005,3102522
2017-09-22,546.9363403320312,560.6249558150704,544.2266872634235,553.0565417234548,4003845
2017-09-25,539.3211669921875,555.392425584692,527.3144161262592,543.7127401293419,2389495
2017-09-26,541.0031127929688,543.8062377297199,532.5937379827153,543.8062377297199,978323
2017-09-27,532.6871948242188,542.5916046023827,526.0531547607959,541.5637578263992,561243
2017-09-28,544.41357421875,550.3468321953862,527.1276380632073,527.921833939547,2993535
2017-09-29,547.6371459960938,553.1499811198187,539.8351378242825,541.937481502525,1021610
2017-10-03,540.9097290039062,553.8508003892164,537.7328310822337,551.3746837417606,522462
2017-10-04,542.9185180664062,548.8518328317789,541.283362009997,541.8440211614534,631463
2017-10-05,546.9363403320312,551.2812065514859,541.0497897019169,544.7405820669767,647977
2017-10-06,546.9830932617188,550.5337065016741,544.6003916255643,547.6371100727149,462656
2017-10-09,547.1231079101562,556.4201478144244,540.5357775157757,546.5157985577381,1116280
2017-10-10,551.42138671875,554.5048125760318,547.1232278309672,551.2812076676246,741493
2017-10-11,547.683837890625,555.0186576077302,541.516929699377,552.2155330743578,1053561
2017-10-12,550.9542846679688,554.4114268146726,542.2178435166044,550.7673982474021,751507
2017-10-13,553.9441528320312,558.9898002512855,549.6927583188053,551.5615081733855,936015
2017-10-16,566.931884765625,568.9408133084459,555.2989076154194,555.9529813523641,1716771
2017-10-17,590.6183471679688,594.1690173858315,562.4936856951007,566.2311852678257,2563968
2017-10-18,570.903076171875,589.590574573573,569.0343263317052,589.590574573573,1185323
2017-10-19,567.9131469726562,573.6595763722872,562.540490406883,573.6595763722872,151609
2017-10-23,553.9909057617188,578.7985481630242,550.8140082626506,572.7718186005171,1413195
2017-10-24,555.9998168945312,561.2323509669698,552.495910741894,560.9052855082234,1138645
2017-10-25,553.7573852539062,564.3625190499916,550.8140810926658,559.6906438922931,991374
2017-10-26,571.3703002929688,576.3224762812233,553.6638830153124,556.3268859262532,2002276
2017-10-27,584.0310668945312,588.4693480271243,575.761871175168,583.9843595517116,2198491
2017-10-30,584.9654541015625,588.6562467370491,574.2201416611243,582.3492155220093,1045267
2017-10-31,586.4136352539062,593.2346173083353,580.8073861328184,587.7217828607128,1522851
2017-11-01,585.6195678710938,591.7864204448416,580.387090355776,587.021130458739,1359809
2017-11-02,594.2625122070312,600.6162509316016,584.1245660606725,585.2925348346643,2058898
2017-11-03,598.0933837890625,605.615147774248,588.2357394542787,597.9999691057782,1722647
2017-11-06,611.8287353515625,617.6218717268056,595.1034571580354,595.2902865332661,2195805
2017-11-07,567.679443359375,619.8643142962288,562.4936742140097,619.8643142962288,7331364
2017-11-08,581.741943359375,595.944456991154,579.3125907905337,583.8442874388568,5570213
2017-11-09,574.2200927734375,586.7874467897673,571.4636753674463,583.049947128686,1809019
2017-11-10,569.3146362304688,580.7140218382251,564.0354520679533,576.976522099926,1400233
2017-11-13,562.5870971679688,571.1833575422143,556.6071321035021,570.2489826543554,1109147
2017-11-14,562.9140625,573.0520054186683,558.7560835824501,558.7560835824501,1498244
2017-11-15,554.6917114257812,568.0532617939105,551.4681064449732,563.1010859689044,1171698
2017-11-16,553.9441528320312,560.1110615699776,551.2812071011424,556.2800901502565,1228065
2017-11-17,568.6138305664062,574.5471453635228,561.2323031186686,567.1655608860674,1448847
2017-11-20,564.5960083007812,568.0999140204799,556.9808303914166,565.8106842110003,1609788
2017-11-21,575.6683959960938,583.0499810683025,567.1656065840699,567.1656065840699,2222545
2017-11-22,578.6117553710938,584.6384859084782,573.7062863106202,576.415996794011,2014698
2017-11-23,577.0698852539062,584.1711683404205,574.640533452821,578.6116265701779,792383
2017-11-24,575.2946166992188,582.9565020103184,573.0053868703934,578.845229785909,1118354
2017-11-27,574.4536743164062,579.2190205010294,570.9497684584707,576.5093104923387,1388114
2017-11-28,571.6505737304688,580.9009083972938,569.7818238607845,575.5749598627498,1486189
2017-11-29,568.0065307617188,578.7518422297612,565.5304144376302,574.6405698127097,1465289
2017-11-30,561.4659423828125,567.9598028016673,557.8685645298517,565.2968569485918,1612910
2017-12-01,558.8495483398438,566.2311321149432,554.7383334136022,564.8295699067379,747562
2017-12-04,557.54150390625,563.2411678787638,550.159919521123,559.9708557893537,660077
2017-12-05,557.3079833984375,560.4848241990863,552.9164094669419,555.95312823461,979009
2017-12-06,557.3079833984375,564.1756168765047,555.4859407318918,556.7006168330141,919271
2017-12-07,554.5047607421875,560.6249045441854,549.6927074996308,558.7561548623713,752359
2017-12-08,563.5215454101562,567.1656307590483,553.5704857769468,555.9531306451956,606123
2017-12-11,564.0354614257812,572.7251370555518,558.0087315918414,571.8374694470346,850998
2017-12-12,552.822998046875,566.2312566422733,551.2812564668997,565.0165805339691,762200
2017-12-13,540.2089233398438,558.8964231419005,538.5270027338798,552.6828066458272,1197264
2017-12-14,551.7017211914062,554.738439892063,537.3590309566246,541.9374911941193,1428906
2017-12-15,538.6204223632812,557.8218151470736,535.5837039391138,557.8218151470736,4312419
2017-12-18,552.822998046875,555.8597168324977,534.1354978276581,540.4425291516438,2379562
2017-12-19,564.26904296875,565.950906436597,553.5704386156359,553.5704386156359,1474696
2017-12-20,561.2322998046875,570.903057092485,558.5225898151112,565.950881587479,1068145
2017-12-21,560.4380493164062,568.7540086745236,556.8874361295773,563.3813530407231,1274585
2017-12-22,561.7462768554688,564.3625155214775,559.5504613272435,563.4281404957796,668806
2017-12-26,571.6039428710938,574.5472471215528,556.9809503723492,564.4092435042044,1239536
2017-12-27,572.44482421875,582.8163631396885,570.1555942321371,572.7718326326719,1765029
2017-12-28,566.27783203125,575.7150516607024,563.6148866824284,573.7061230433728,1428319
2017-12-29,568.5671997070312,571.7440975871283,564.4559268068733,566.3714412217784,702774
2018-01-01,571.3703002929688,577.3035586043181,567.1656128827998,568.0999878628373,873546
2018-01-02,567.9131469726562,578.3781589936731,565.7640957522924,573.8931701360166,1038258
2018-01-03,566.9788208007812,573.612918480499,564.8764767459606,570.9032077757262,771828
2018-01-04,576.2757568359375,577.8174983325109,563.8485812683626,569.4548310308525,990602
2018-01-05,574.7807006835938,579.1722167699699,570.9964369904405,576.5092713108087,1072254
2018-01-08,574.687255859375,586.3202344670957,572.024310275674,577.9108605862928,1061612
2018-01-09,575.201171875,578.0510609747251,570.576061693544,576.5093195610941,846158
2018-01-10,579.078857421875,583.1901298871007,572.6316476536163,575.5749514673255,1207313
2018-01-11,572.1644897460938,578.378106104991,569.1277710953002,578.378106104991,1092456
2018-01-12,571.9308471679688,577.8174545967959,563.5214731607498,573.7061822702685,891848
2018-01-15,570.2023315429688,575.1078001879513,568.2868742399202,572.3046752479612,470386
2018-01-16,561.9331665039062,573.239081568094,559.6906436174218,570.1089480258636,1088762
2018-01-17,567.3057250976562,570.529272775186,557.8685046934042,561.6060041731755,883340
2018-01-18,564.0354614257812,572.7251370555518,558.9898138834778,568.1933843298464,1028921
2018-01-19,563.1944580078125,565.3902161603694,560.7651061356339,564.0354182103372,818518
2018-01-22,561.6995239257812,565.2968446708894,554.177759955557,564.7362425128563,933769
2018-01-23,581.5081787109375,583.9842949333414,560.9052241916324,562.9608603157411,2105060
2018-01-24,577.7239379882812,582.816292147254,572.6783481939324,581.134428882471,1089562
2018-01-25,580.6205444335938,589.5905200246184,573.4258468086501,577.5838262242752,2973765
2018-01-29,574.6406860351562,587.16133517692,570.9966003362119,583.9377296785816,1564268
2018-01-30,566.1844482421875,572.8651941603092,563.6149174206681,572.7717794877761,596682
2018-01-31,553.2900390625,568.5670436350586,551.2811105089311,568.0998562532712,1264055
2018-02-01,548.5247802734375,557.8218220468284,542.1243349429117,553.0565328110796,1050098
2018-02-02,543.011962890625,554.9252421403952,537.358949465982,547.5436580678675,998752
2018-02-05,542.0308837890625,543.8996336825325,533.7149809809539,538.1999693193375,797017
2018-02-06,527.2210693359375,534.4624752506091,521.4279331982558,524.184350726559,1284112
2018-02-07,531.8930053710938,541.8441226181227,517.83067205884,540.5359747161665,3161498
2018-02-08,572.44482421875,576.6495114077337,542.0776389649786,545.674959636999,8349913
2018-02-09,580.6205444335938,584.918645856436,555.9530260137051,555.9530260137051,2373799
2018-02-12,580.8541259765625,593.3280069324702,578.237830873405,588.0487664211073,1957424
2018-02-14,575.7151489257812,588.9365202658672,571.3702825913259,581.2746342609878,1306512
2018-02-15,566.0909423828125,580.6672232904754,563.3812897159901,573.0053386244911,1391858
2018-02-16,570.9964599609375,573.6594625569419,565.7639835034281,571.1833463407877,906025
2018-02-19,560.998779296875,571.977685673788,555.3457648577485,571.837506610278,1216005
2018-02-20,563.8485717773438,566.3246311629321,553.1499672547329,563.8485717773438,1599249
2018-02-21,558.055419921875,567.8663565634483,550.5804205759143,567.1655753747646,1409752
2018-02-22,550.9542846679688,558.0555124116717,548.1043950712171,555.9531684971864,1859008
2018-02-23,556.5604858398438,565.2968691881346,551.2812443322305,552.9631079089943,1576584
2018-02-26,551.3746337890625,559.036519765635,550.1132504216401,557.1210625289222,1417465
2018-02-27,548.010986328125,559.5972601723589,544.8340882331717,552.8697481669885,1349590
2018-02-28,550.9542846679688,557.4481458022623,548.5715826077694,551.2812931316639,2255189
2018-03-01,543.5259399414062,554.9253261593375,542.3112638673852,554.9253261593375,1343806
2018-03-05,541.2367553710938,546.6094119846177,540.1154938892822,543.899701489384,1179725
2018-03-06,545.7683715820312,550.7206043146715,541.9841645368617,543.4324342665291,1891302
2018-03-07,542.1243896484375,550.4402929803412,540.2556396372604,548.8986084389547,1849650
2018-03-08,540.0687255859375,545.6749753325043,536.3312257548929,545.6749753325043,1084582
2018-03-09,533.5748901367188,546.7963206306505,530.7717648331061,541.8908513493284,1149194
2018-03-12,542.544921875,543.993191866708,526.5670735282046,537.3123871237023,919792
2018-03-13,540.7694702148438,544.6471488390705,537.405743406388,541.0030639384787,801792
2018-03-14,539.975341796875,545.4881201452478,534.1354979767398,540.3957649281449,811747
2018-03-15,533.668212890625,541.563634668001,531.6592841719385,540.0686577352907,849222
2018-03-16,522.6893310546875,536.3311815004785,520.4935158672997,532.6870966540066,1867538
2018-03-19,523.016357421875,529.6971608600536,518.9518493632219,526.6604423935577,1447941
2018-03-20,516.6158447265625,524.9784534817704,488.58460099814806,518.6714236428771,9119209
2018-03-21,514.8873901367188,530.2111646685995,510.5425801168774,521.8484960740011,3091963
2018-03-22,505.2632751464844,518.5781187356428,502.83392298772026,515.6815790825223,1506405
2018-03-23,503.06744384765625,505.2164946043846,498.9561716810945,503.6280459477714,1203262
2018-03-26,506.2444152832031,508.8606541443845,497.97521850078175,502.83398040282145,1105319
2018-03-27,509.2810974121094,512.9718901772534,505.4968899560912,505.4968899560912,2206872
2018-03-28,509.6548156738281,512.7849488694523,498.9562113466865,508.2999606228417,2667979
2018-04-02,538.43359375,540.9564176559448,510.0753353118896,512.0375,2823880
2018-04-03,532.8740844726562,540.3957922878623,531.472521884864,534.4625334780997,2493190
2018-04-04,532.4067993164062,537.6860402409313,527.4546238202288,534.789443872804,1852997
2018-04-05,523.5769653320312,540.5826003379026,521.7082154858854,536.3312058438646,2396864
2018-04-06,522.2689208984375,533.5281283123951,520.6804719826308,523.530304344379,2420324
2018-04-09,520.2131958007812,528.7627484583378,519.0452272426295,528.7627484583378,1470765
2018-04-10,521.5213623046875,529.7905571843017,520.0730356163008,521.3811832607414,1591682
2018-04-11,524.6514892578125,526.9874264317119,521.8483646491331,523.904000768108,1789789
2018-04-12,519.6526489257812,526.0063871513654,518.3912085311013,525.9596798100189,1309557
2018-04-13,519.0452270507812,524.3244677435616,516.288809848619,520.9606840794992,1019158
2018-04-16,546.5625610351562,549.225506453792,516.7559815377904,516.7559815377904,6741354
2018-04-17,541.8908081054688,549.7395241114043,537.9197142422513,547.1232854427592,2688507
2018-04-18,546.2356567382812,557.8219307072416,543.8063043075621,543.8063043075621,3853951
2018-04-19,546.0487670898438,553.1499942035404,544.7873266352279,545.9085880294231,1525419
2018-04-20,550.3935546875,554.4581199510953,543.3390351979252,544.1332310961283,1641179
2018-04-23,560.76513671875,562.2601137939753,538.1999593607475,538.1999593607475,3016500
2018-04-24,562.4003295898438,565.2034545613238,556.0465340307101,561.5593692865103,2782988
2018-04-25,554.131103515625,561.0922089375314,547.7306573329741,561.0922089375314,1125208
2018-04-26,560.5782470703125,563.3346645021084,551.7950999726592,552.2155800944109,1503008
2018-04-27,560.48486328125,567.1656678478566,554.084416859603,562.4937924949089,1031376
2018-04-30,567.5393676757812,569.0343447845089,562.4937201318135,562.6806065278347,687828
2018-05-02,571.8375244140625,581.0878601208865,568.9876919483364,569.968774334278,1862999
2018-05-03,569.3146362304688,572.8652495759089,557.821835941143,572.7718348943395,999887
2018-05-04,557.8218994140625,572.2580052018291,556.4203368527207,571.9309397196799,925559
2018-05-07,552.2622680664062,560.7183494262605,546.6093113802971,559.316787089388,1046885
2018-05-08,551.888671875,562.4470990272748,548.0576997732059,553.5238282888837,1039491
2018-05-09,549.4124145507812,556.8874133882068,547.1231847508766,552.5893118685732,652527
2018-05-10,537.7328491210938,555.5793900246028,534.9297239301932,555.018787798314,2163326
2018-05-11,536.0509643554688,542.6382968893774,528.0153049060385,539.1810978837926,921890
2018-05-14,540.5359497070312,542.4046997492336,533.3879579837171,537.2656371331772,888370
2018-05-15,538.0130615234375,554.0843213739546,535.4902378616596,541.7505611617104,2049528
2018-05-16,523.1565551757812,537.2655940511492,510.16872061204776,537.2655940511492,4071898
2018-05-17,517.41015625,523.25,503.44123859405516,521.2878353118896,3719963
2018-05-18,498.06854248046875,519.5124584201209,495.21871036450375,518.5780834949048,1708157
2018-05-21,486.29547119140625,501.572479347895,482.1374911121111,496.7604824044355,2013336
2018-05-22,489.6124572753906,496.24649638460085,473.9149700511311,490.3599458042184,3080285
2018-05-23,497.4611511230469,527.8283311946336,481.203007288221,481.203007288221,7413823
2018-05-24,498.48907470703125,508.81390730392155,495.21876212694764,501.29219977567436,1925524
2018-05-25,501.4324035644531,503.48798309236264,492.88284887166,503.48798309236264,1525355
2018-05-28,504.0953063964844,512.3177948909828,498.9562439587074,498.9562439587074,1460566
2018-05-29,495.7792663574219,506.99176441628293,493.06961354435896,503.72145248244846,2656979
2018-05-30,491.10748291015625,494.3777954482597,485.4545255002367,494.3777954482597,2156315
2018-05-31,490.35992431640625,498.62917620028577,486.8560185257073,493.9105374450379,3539206
2018-06-01,490.07965087890625,495.9194941925253,486.8560459638446,492.3688808637889,1625446
2018-06-04,486.529052734375,494.2843534909542,483.2120330346617,492.8827910519439,1247023
2018-06-05,506.5246887207031,509.00080540007474,483.7259718568287,486.1553241602022,3398337
2018-06-06,503.11419677734375,512.0374660293937,498.39561474633814,506.52463108324747,2909756
2018-06-07,505.216552734375,506.945123600048,501.9462403714205,506.3845214354302,1119973
2018-06-08,522.9229125976562,525.1186707041951,503.39445523467094,506.24428714838587,4815940
2018-06-11,523.9973754882812,532.593635038708,522.3155122572593,523.2498870555728,3113604
2018-06-12,529.884033203125,535.3968684475458,524.18436858477,525.0253288863676,3234303
2018-06-13,543.899658203125,554.5515558880107,532.5470363063182,532.5470363063182,4657712
2018-06-14,549.4591064453125,553.9908585809684,545.207712381953,550.3000666027742,3244655
2018-06-15,571.4638061523438,574.2202241891674,551.0944397436722,551.2813261754408,7125922
2018-06-18,566.6983642578125,578.1911638664959,560.9052286005939,571.8374260936212,2518169
2018-06-19,562.3534545898438,570.3891121451387,558.9430207632809,566.4647265511308,2992184
2018-06-20,563.2880249023438,581.8821128208358,560.9520870748815,572.7719552937332,9121187
2018-06-21,563.8953247070312,569.6884612383841,562.4937621766907,568.8475009082896,3052143
2018-06-22,575.3414306640625,577.4904818493106,556.1867423512516,564.3625239481831,3245849
2018-06-25,571.2769775390625,581.6952260251944,568.1000792838063,574.7341198977605,3253606
2018-06-26,560.1578369140625,568.754098694669,558.0554930724334,566.2312746787687,2323337
2018-06-27,562.7741088867188,567.1189758947935,554.0844319002991,562.9609953118554,2520918
2018-06-28,561.4659423828125,569.8753171142791,556.8874822171251,564.8296694635103,4173735
2018-06-29,576.182373046875,579.2190918310536,560.531591620724,562.0265688256605,1525608
2018-07-02,576.5093383789062,579.3124632008459,570.903088735027,579.3124632008459,1502606
2018-07-03,598.373779296875,602.3448730899124,568.1467135014492,576.509381248026,5271600
2018-07-04,587.62841796875,605.4749563708802,582.8630715942953,602.6251242321773,5043141
2018-07-05,585.4325561523438,595.19678482903,582.2089514847677,590.5249105368083,2127794
2018-07-06,572.3046875,589.5906249999999,570.3425228118896,583.8909603118897,2514518
2018-07-09,582.022216796875,583.9843815068481,574.6406314027386,576.3692023601089,1462808
2018-07-10,590.5717163085938,592.3003443026678,579.4526878576478,585.4793610753499,1872744
2018-07-11,584.2647094726562,589.1234711561784,580.5272092591357,585.1990845260364,1669583
2018-07-12,591.7864379882812,594.9166287446529,581.8353775388388,588.0957020218528,2177684
2018-07-13,585.57275390625,592.3936791849279,583.2368166854892,592.3936791849279,1475306
2018-07-16,580.2001342773438,594.2624658124006,571.043271210078,588.0956139790659,2211200
2018-07-17,595.6173095703125,597.6261814487289,579.4058703432222,581.0877908382755,2228377
2018-07-18,586.2269287109375,601.737531716586,584.0778204738823,598.0000315195886,2348371
2018-07-19,570.0621337890625,590.6183826748533,566.3713983628905,588.469331697283,1424272
2018-07-20,584.7318725585938,588.6562590247034,562.6339376876442,574.5939264650583,2832150
2018-07-23,592.487060546875,595.4770714272667,576.7428673761158,582.2557017190165,1553101
2018-07-24,586.1800537109375,592.3469620900021,583.5171081350181,592.3469620900021,1319369
2018-07-25,582.9566650390625,589.5907056344672,573.1924335477275,587.7219553788905,1413265
2018-07-26,586.6472778320312,589.8241754104866,576.9298127638924,578.3780825015307,3163498
2018-07-27,594.4494018554688,599.775350899833,584.825350511288,586.5539214943233,1508269
2018-07-30,592.6740112304688,594.496053763862,586.7874605323464,591.4593352181134,990056
2018-07-31,599.2613525390625,604.5405938287445,586.8808844274229,595.150136968879,2469759
2018-08-01,597.205810546875,599.4482763533912,593.3281314428781,598.9343815037557,2411436
2018-08-02,596.598388671875,609.1190354590223,591.50603393271,593.3280764395312,3974559
2018-08-03,598.9810180664062,605.1011622536986,597.065560927902,598.8876033883204,1530339
2018-08-06,596.0845336914062,606.2224794770517,593.6084171667551,604.5406159082901,2716402
2018-08-07,588.1422729492188,600.7096263485801,585.9464577883011,600.7096263485801,2414266
2018-08-08,591.0388793945312,603.0923393913482,582.6762119571832,587.7218596371816,4121062
2018-08-09,578.5182495117188,619.0233791304825,576.2290195716321,606.409317819899,9996909
2018-08-10,580.2935791015625,587.2546842186109,574.1734342917047,583.9376643930901,3168280
2018-08-13,589.9174194335938,592.9688783710575,581.3733573313136,584.0022951084349,2374657
2018-08-14,603.484619140625,607.474988073099,585.8800503208868,590.66847011724,2451003
2018-08-16,608.7424926757812,619.6808209993706,595.5038798770466,605.3155043375111,3925549
2018-08-17,607.3812255859375,615.4558329661537,604.3767005235725,610.3387592780467,2915387
2018-08-20,604.5174560546875,613.5779646061491,603.1560817795271,610.1979099884729,1296664
2018-08-21,610.5264892578125,614.469924409829,604.6582992418781,608.3200727344384,1981523
2018-08-23,617.756103515625,624.3754103140368,612.8268239605142,613.5310067541014,2891829
2018-08-24,611.41845703125,617.8030362177849,605.5972011557313,617.8030362177849,1904031
2018-08-27,619.3052368164062,622.0280997227138,608.6016933334031,613.1084515002749,1381724
2018-08-28,608.695556640625,636.1117497903123,605.2685683135009,621.5586396475081,5237362
2018-08-29,604.1889038085938,613.7188682598181,600.9027170745921,610.2918220288826,1891523
2018-08-30,609.775390625,612.0757326413187,601.372130809676,605.597227747449,2124122
2018-08-31,621.6995849609375,623.4365463919712,609.869278762945,609.869278762945,3056580
2018-09-03,609.4466552734375,630.1966073713218,607.0993795139395,624.844807178359,1971733
2018-09-04,604.5645141601562,614.9863981372666,599.4005062368662,610.1040519121186,2249087
2018-09-05,607.052490234375,611.1367847410687,598.273701168971,605.6441246747995,2542543
2018-09-06,621.6524658203125,624.093666902212,607.4749436892818,611.230584763095,2841096
2018-09-07,624.140625,628.6004489469725,616.2068214646046,623.2955828032219,2431363
2018-09-10,627.239013671875,636.5811826065379,623.436438422922,624.3753487217517,3453432
2018-09-11,614.8923950195312,633.7644696372244,610.8550347751301,629.1637861202054,3399042
2018-09-12,616.3477783203125,621.5587198730447,603.9541488796616,614.892478579502,3302191
2018-09-14,625.6898803710938,629.069934709604,618.7888549123704,623.436472607727,1512857
2018-09-17,624.2816162109375,631.8867683607127,620.0565189484959,631.8867683607127,2220455
2018-09-18,623.15478515625,631.8866395912254,620.2441288068999,624.3753570997992,1814726
2018-09-19,620.244140625,637.0037243872533,606.3013451572399,627.1920999845703,3043018
2018-09-21,613.2962036132812,630.5251842515806,599.4003429927616,627.1920642338009,2276641
2018-09-24,606.1605224609375,628.0841143645437,601.6537640680931,621.5586757185765,2766326
2018-09-25,621.3240356445312,625.1266117833125,603.7194634218868,604.6583739404279,2295464
2018-09-26,631.6989135742188,633.9992555443519,615.9252301178745,623.8590345585981,2131833
2018-09-27,619.0706176757812,635.6424109882724,615.8783563472143,633.7645899809215,3433359
2018-09-28,614.0942993164062,622.4975583604074,607.6627863796423,619.0705126806039,1862405
2018-10-01,614.1882934570312,618.7419862144433,604.1888742473358,613.1554575786638,1309530
2018-10-03,614.5638427734375,623.3896242016049,610.2918115538699,610.2918115538699,1533990
2018-10-04,599.4004516601562,614.6577464079397,593.4852700050097,610.3856580333238,1736407
2018-10-05,597.7572631835938,609.8691716244053,592.452397085805,596.489699899409,1806150
2018-10-08,599.77587890625,603.3907178892873,590.0581803740989,597.7102648168767,1564640
2018-10-09,600.2922973632812,603.8132111054758,587.0536846152451,600.4331568355846,1535781
2018-10-10,600.5271606445312,611.2307637620637,594.6120356823378,600.2924330086779,1881053
2018-10-11,578.556640625,595.0814419043951,575.5990497344071,589.1663174297563,1707508
2018-10-12,584.8472900390625,588.8845931524866,575.1764674217967,582.1244270544174,2085360
2018-10-15,608.2730712890625,610.103958005002,580.2935532180593,584.9411710949698,2666868
2018-10-16,600.6679077148438,611.8409640126953,598.414499909827,608.2730587703286,1510216
2018-10-17,601.3251953125,606.5361367286587,598.0859428733058,605.5033581800667,1280980
2018-10-19,595.0814208984375,606.113618484785,587.8517991039477,601.1843387121617,2267774
2018-10-22,591.1848754882812,601.5128884768025,588.5558808823387,596.3958160348191,1399755
2018-10-23,584.330810546875,593.3913179926371,578.3687529801654,590.3867935288353,1370461
2018-10-24,583.3450317382812,596.2081159371313,577.9932308898202,587.2884669585443,987144
2018-10-25,571.7965087890625,585.8801666410099,568.1817261963496,580.7630928268255,5739386
2018-10-26,566.8202514648438,574.941792492595,562.0787651424561,571.9842589520384,1935618
2018-10-29,596.3489379882812,599.2126031245489,564.70764739966,565.5526323396106,1614423
2018-10-30,573.06396484375,597.8042893524316,570.951416351124,597.1470405823055,2418471
2018-10-31,590.8093872070312,593.1566632785729,569.26138140897,574.613182313394,2305046
2018-11-01,577.8054809570312,593.3444365585592,576.4909834792497,591.513549823986,1442392
2018-11-02,570.0125122070312,582.0775458932419,568.5102784071864,582.0775458932419,1566053
2018-11-05,528.6535034179688,579.7771875285569,523.0669749270324,570.2942151571852,12941350
2018-11-06,498.3736572265625,521.0953016612073,495.1344047008728,521.0953016612073,16941828
2018-11-07,500.7678527832031,503.25598833471463,499.59421475070616,503.25598833471463,698244
2018-11-09,494.75885009765625,503.068184271408,491.98905293755786,502.78652261080583,6125274
2018-11-12,499.3594970703125,508.7955928843917,496.73055928657095,497.622535670308,7669697
2018-11-13,495.8385314941406,501.37812546591175,494.3362978610534,501.37812546591175,2410643
2018-11-14,487.8108825683594,500.0636517192868,485.41667253072524,498.18583093580236,2740756
2018-11-15,487.4353942871094,492.92799762372624,483.02250360897796,490.017398084186,2661535
2018-11-16,498.1857604980469,501.37807830123023,489.2661130376317,489.82949357694696,3483625
2018-11-19,495.9794921875,503.2560488641742,491.9421883314298,502.3171383252485,1913914
2018-11-20,488.8906555175781,497.4816512721484,486.9659006637045,495.7446899591133,1707971
2018-11-21,490.2521057128906,495.79164288591585,489.45399746058916,490.86236311066176,1749806
2018-11-22,486.30865478515625,492.9279616662226,480.48739882417027,491.05014085987506,2045318
2018-11-26,490.20501708984375,491.7542419201771,481.47316325309293,488.23332849354097,1728468
2018-11-27,486.0269775390625,494.75883254724704,481.7079554390445,493.8668562315282,2100159
2018-11-28,483.8204650878906,491.94206208803405,482.22430612001693,487.4822381726281,2003272
2018-11-29,492.6463317871094,494.24249103678136,484.47779929123845,486.35562021872386,2799578
2018-11-30,507.8096618652344,508.889431737109,494.8057758772259,495.7446862678848,3855382
2018-12-03,503.06817626953125,512.0817504112322,501.4720171427834,508.88943215773634,2033213
2018-12-04,513.0676879882812,515.4618984597071,502.3640846604859,503.256061155561,3400053
2018-12-05,496.1672668457031,515.3679980962283,493.209675838192,512.6451347145023,2192065
2018-12-06,483.8204650878906,495.7446373335465,479.7831622678831,495.7446373335465,2562048
2018-12-07,482.224365234375,498.2328336225943,480.7221314960673,488.2334148006933,3503808
2018-12-10,481.2384948730469,483.3979772456457,472.3658091387391,478.7503881428951,2201377
2018-12-11,487.0128173828125,491.9420967949735,472.2719132032325,472.2719132032325,2326059
2018-12-12,498.84307861328125,501.65980978253356,489.2661811765148,490.9562657233001,1683131
2018-12-13,494.8057861328125,501.1903654603143,487.48229639519155,499.5003381834085,2234487
2018-12-14,489.87652587890625,501.19038530756507,485.0881055202933,496.0733119084696,1950888
2018-12-17,491.6604919433594,497.0122357924177,488.89069458763345,491.9890876861797,1196871
2018-12-18,490.9563293457031,494.80583951991747,488.2804000042177,491.9891079856485,1628240
2018-12-19,492.6932067871094,496.30798871657606,490.62759255318275,491.98902402371664,1241000
2018-12-20,488.4681701660156,493.8669053480523,483.9144773263948,491.707422736547,2074097
2018-12-21,485.0880432128906,491.94207713650314,482.8815695612193,489.1722802114263,1758710
2018-12-24,487.1067199707031,488.98454083204473,481.6610509341215,487.1067199707031,1214348
2018-12-26,482.8816223144531,487.29451279335115,476.30924930953313,484.1021944112007,1318560
2018-12-27,486.26171875,489.17231806539183,482.59994526988754,487.2006291493577,1351636
2018-12-28,490.1112365722656,493.2565635395276,482.8816149163085,482.8816149163085,1933464
2018-12-31,487.763916015625,493.8668331553778,485.6044337197895,490.1111918386068,1897948
2019-01-01,491.0970764160156,491.98905276305885,486.9659050133816,488.23341113891337,1361809
2019-01-02,483.1163024902344,490.58065113143675,481.80186240222673,490.0173278517962,1243067
2019-01-03,481.0977478027344,488.7028996879393,479.9710437773029,484.9472578075325,2086150
2019-01-04,481.4732360839844,483.4449822850804,477.0134117356221,481.66102962311857,1651456
2019-01-07,482.6468811035156,486.1208610552237,479.1259670929756,484.47776785030504,1168002
2019-01-08,482.2713317871094,485.60445212073734,480.01792398904325,484.4777482217043,1765015
2019-01-09,478.9382019042969,485.1819503484215,476.4970291278643,484.05524640444594,1929305
2019-01-10,481.8957824707031,483.44500761655877,477.90541310781856,477.90541310781856,1252439
2019-01-11,479.0320739746094,487.29447362681964,477.201187323374,482.0365985681059,2051418
2019-01-14,480.6751708984375,482.5999256776726,474.7130843739056,479.0320777662664,1472415
2019-01-15,483.491943359375,483.8674731520847,478.3748699913867,483.0694221993493,1177377
2019-01-16,480.2526550292969,484.4308176438414,477.90537910051245,483.5388413295951,1446921
2019-01-17,478.4687805175781,483.49195725512067,476.59095958042377,481.1916151457972,1598184
2019-01-18,478.28094482421875,481.66102794395334,476.30922728326766,479.0320903248659,1502360
2019-01-21,478.1401062011719,482.78772399668884,477.1542617734055,478.84428897908225,1150380
2019-01-22,476.1214599609375,480.15876313814266,471.75553241971073,478.84429433532733,1455953
2019-01-23,478.18707275390625,480.4404807189679,476.1214869902965,478.8443215192613,1358623
2019-01-24,470.1123962402344,479.5014991916809,465.79340315191536,478.84425052377236,1620195
2019-01-25,476.63787841796875,477.52985479593536,470.72275411618057,471.4269369451207,1193442
2019-01-28,462.0847473144531,477.9053932743263,459.2210820577132,477.9053932743263,3215535
2019-01-29,474.1966857910156,476.5439617896906,454.1979057436132,459.221082111432,2675481
2019-01-30,474.9008483886719,476.12144904802227,467.29569739909977,474.1027975056881,1524621
2019-01-31,485.6982727050781,488.0924824396425,473.44550510516086,475.08859808271967,2203919
2019-02-01,489.5009460449219,490.6276500597194,481.1916113855654,486.02702318357075,1380838
2019-02-04,478.4687805175781,489.1723541287031,475.27649065507046,489.1723541287031,1480952
2019-02-05,476.9664611816406,482.5999233215813,470.5818822176827,475.60502970318026,4358002
2019-02-06,502.2701721191406,513.3023702455628,473.30477811613497,479.31379945008456,8775759
2019-02-07,500.3453674316406,513.2083938697127,495.88554309983755,504.2887452061065,4417618
2019-02-08,501.61285400390625,510.48556826416024,498.749188900475,500.2983565925576,2747159
2019-02-11,510.1100158691406,512.5512173266159,503.1151218317011,505.7910508924022,2989919
2019-02-12,510.1100158691406,512.3634237827265,503.34984943492697,507.0585570272044,2252766
2019-02-14,509.7344665527344,522.0341695677757,504.5704594796718,509.7344665527343,2766535
2019-02-15,507.5279846191406,517.7151964287849,496.21412622054794,507.0115953814491,2491806
2019-02-18,508.0914001464844,511.75311642535553,499.7820084892855,508.88945108627127,1590101
2019-02-19,506.6829833984375,511.7061307501584,503.96012051403216,511.5183372225203,1879600
2019-02-20,508.0443420410156,510.0160880612779,505.74405764384846,507.19935715222067,1208930
2019-02-21,512.1757202148438,514.429128524295,507.4811673256151,509.68758426093103,1093548
2019-02-22,508.2322082519531,512.7389668897086,506.16659382857284,510.579484345216,1592112
2019-02-25,514.8045043945312,517.1987141906238,507.9504706875956,508.41992583610545,1961905
2019-02-26,516.7763061523438,519.8277649468507,505.1807283492917,511.80003519606737,1952961
2019-02-27,518.1846923828125,521.4238875407249,511.002004627126,517.3396500680687,2389977
2019-02-28,520.6727294921875,524.193643347702,512.6450573629224,521.0952506161574,2618486
2019-03-01,517.8560180664062,521.3769320555803,513.9595743023127,521.0952703977549,2430914
2019-03-05,515.1331787109375,517.8090502456203,513.1614326216364,516.400684741779,1644098
2019-03-06,514.1004028320312,518.2785657746762,508.8425272612833,517.3396553294322,1587182
2019-03-07,508.2791442871094,516.4007425239681,506.6830423827262,514.1943259103476,1144534
2019-03-08,506.964599609375,510.20385142462345,505.36844072728536,507.9504439079636,2618767
2019-03-11,507.10552978515625,508.88948262842865,502.7865644788257,508.88948262842865,2342102
2019-03-12,505.8379821777344,510.4386660983488,504.4765506251817,508.79557288477844,2049339
2019-03-13,500.25146484375,509.35890746151364,498.56143753375807,508.8894522472634,1582245
2019-03-14,500.20452880859375,501.4720349594468,498.09198035280895,499.54728004992955,1490894
2019-03-15,500.0636291503906,502.6926239738509,496.636640759124,501.47199467444153,2019240
2019-03-18,501.84759521484375,503.0681672404939,496.68358815463483,500.48616371038946,1266863
2019-03-19,501.0495910644531,504.8521669749688,497.81033850862616,504.3357776820797,874797
2019-03-20,500.67401123046875,502.1293110066786,498.6553307848389,499.500373135695,1255306
2019-03-22,494.6180114746094,506.0727303767276,491.6134865862028,502.22322047087727,1579084
2019-03-25,494.6649169921875,496.40193560092536,484.66555570354456,493.4912790024494,1874898
2019-03-26,496.9652099609375,499.9697343800215,493.5851558060535,496.2140931828007,3044792
2019-03-27,493.3974609375,501.0026129598736,492.0360292699879,498.93705573363263,1217387
2019-03-28,493.4913330078125,495.13442637325824,490.39293983713895,493.20967132076015,4133379
2019-04-01,493.538330078125,496.44892972219805,484.75948246884775,484.75948246884775,4091454
2019-04-02,490.7215270996094,497.5755613294751,489.31316154662846,497.5755613294751,1268431
2019-04-03,488.65594482421875,492.74018227268095,487.3883813596118,491.0501549597499,3276338
2019-04-04,489.17236328125,490.1112737673944,485.8861765797445,487.2945423089611,5555991
2019-04-05,499.5942077636719,507.9505333608016,493.8668771678034,498.9370163199003,9784780
2019-04-08,493.30352783203125,504.10099701067276,490.76845838965073,503.7254099427124,2429845
2019-04-09,499.5002746582031,501.8475503849804,493.3034896621257,494.1015404866154,2301681
2019-04-10,513.0676879882812,518.0439025048148,498.373714772592,499.077897693985,5992326
2019-04-11,511.5653076171875,520.8136094248391,508.8894359045134,512.9736732147092,2977870
2019-04-12,520.9544067382812,522.6914253429378,511.9878239790588,514.4759594340744,4347530
2019-04-15,531.7049560546875,534.4278191782522,518.2785485940843,521.0952798364435,2252373
2019-04-16,525.179443359375,536.8219537797933,522.5974400836524,535.1788607861516,2246831
2019-04-18,527.2451171875,532.033594552654,519.4052383663407,527.6676383236227,2306549
2019-04-22,526.8226928710938,531.4233775427599,522.5975953464605,525.7899141765823,1205612
2019-04-23,527.3860473632812,540.7655221925551,526.1654751559557,528.1371643134393,2179959
2019-04-24,524.4283447265625,530.0148725593996,519.4051974663737,527.104273506932,1896565
2019-04-25,521.6585693359375,529.4985051693917,517.4804641092644,524.5692258148968,2416194
2019-04-26,533.254150390625,537.9017681336483,523.1608640212437,524.1467084378751,2593397
2019-04-30,530.4844360351562,536.1648331367007,524.5223772430446,535.085120438435,1914026
2019-05-02,531.0476684570312,534.8972352572501,522.6914007665582,528.6065244815087,1700976
2019-05-03,530.014892578125,537.9956305531721,527.3390210032252,533.3010788031444,2758638
2019-05-06,528.9351196289062,530.0148894476511,522.0341515197414,522.0341515197414,1715311
2019-05-07,523.8649291992188,531.7048060223046,521.2359922428057,529.545324140484,1478212
2019-05-08,523.9120483398438,527.1043668975086,515.4618540117817,522.0342273780522,1890174
2019-05-09,523.67724609375,526.7756387778645,515.1801189138237,525.695926262626,1672967
2019-05-10,521.6116333007812,528.3248652235753,517.3396026710668,523.6772475313747,1687480
2019-05-13,513.3023071289062,522.7383448197096,497.2469055309413,518.2785205935872,2027570
2019-05-14,522.0342407226562,526.4940656209163,508.1383767114925,512.6451356736876,1822829
2019-05-15,521.7525634765625,528.1371432581965,517.8091280122584,520.1564042045171,1396473
2019-05-16,516.5884399414062,522.6913566719054,507.9973880827819,520.1562874917757,2589467
2019-05-17,510.9081726074219,518.2316630620203,507.9505816033777,515.4618656196939,1194005
2019-05-20,530.9068603515625,532.3621599094074,516.7762712720651,525.7897875648468,1586746
2019-05-21,525.179443359375,544.5679636069613,518.9826584202549,530.9068304639903,4286383
2019-05-22,519.2173461914062,538.9344606037381,516.4475496102724,527.6675380824056,7762734
2019-05-23,530.2495727539062,534.1460732806436,510.5324571667756,527.5737014182668,5640728
2019-05-24,535.7422485351562,537.526201208509,525.2734320134489,534.4278083659083,1796355
2019-05-27,543.3475341796875,550.201569574856,533.3011800657307,535.1790011223002,1959075
2019-05-28,542.6433715820312,548.5115626033212,536.5873869867495,543.6292162122974,2469586
2019-05-29,529.8740844726562,546.8683978392263,525.6959788553091,542.1269115733339,1948077
2019-05-30,527.6207275390625,529.0760272440859,520.3911057675858,525.8837088598356,2577559
2019-05-31,524.7100219726562,534.2399848714499,517.1987392328116,528.3248611751302,1912387
2019-06-03,533.535888671875,534.6625927269484,518.7480483787258,524.850966594946,1284381
2019-06-04,528.2779541015625,539.873474500833,526.8225971511524,529.5454602060345,1558827
2019-06-06,525.6021118164062,533.5828514517414,522.5506525440722,530.4844581134511,1750285
2019-06-07,515.9312744140625,530.4843858852508,508.88944628284236,530.4843858852508,2696228
2019-06-10,520.6727294921875,528.2309464407174,516.4006988088046,516.9640221030706,1708042
2019-06-11,525.6488647460938,531.7987725440389,517.3395322058718,521.4707601043573,2518184
2019-06-12,527.2920532226562,532.3621922620547,522.2689055480915,524.7570410094995,1253337
2019-06-13,530.10888671875,531.9867078651948,525.0857380746315,525.8368550718988,1594956
2019-06-14,521.6585693359375,529.9679603460103,520.2971951689758,525.9306572883986,1808363
2019-06-17,511.8470764160156,522.5975556785443,510.6264469340871,521.5647770624262,1267159
2019-06-18,514.1472778320312,521.5646924200262,511.7530679329951,511.89392740621923,1257992
2019-06-19,501.0964050292969,518.1845828067687,500.0166353339589,516.9639536532449,1137906
2019-06-20,517.6212158203125,518.7009855438947,496.35493277646486,499.3124657169358,1986432
2019-06-21,517.8560180664062,519.9685664599107,511.89395996735533,516.2598589300054,1534007
2019-06-24,516.3068237304688,518.7010336586135,511.80000821097303,515.0392603756582,981017
2019-06-25,516.44775390625,521.0484386783418,513.1615668709142,515.4149751891947,805704
2019-06-26,522.5506591796875,524.6632079335142,514.5229853764566,516.4008064909692,1020879
2019-06-27,518.2316284179688,529.4516196285886,516.6824032705504,522.8322551864786,1323494
2019-06-28,519.6400146484375,522.6914736968758,512.9737158817669,518.1847148712611,996578
2019-07-01,521.8463745117188,525.1794948787737,519.3582964040486,521.7525063969166,565463
2019-07-02,521.4238891601562,524.3814799643999,517.809106894121,523.1139737948928,565414
2019-07-03,519.4522094726562,522.6914620052365,515.8843612032903,521.4238985064635,797387
2019-07-04,517.8560180664062,521.7055850784955,516.9640417278403,520.7666746813825,639531
2019-07-05,516.4006958007812,520.3910648137874,515.6495789772882,517.8559953912754,796604
2019-07-08,505.5563049316406,515.4617979667795,501.98845695347035,513.5839772091592,1490078
2019-07-09,515.2739868164062,518.7010325045354,504.0070626558148,504.0070626558148,1472836
2019-07-10,511.6592712402344,517.4805276059008,508.7486144041276,512.034801043684,1045560
2019-07-11,518.654052734375,519.9684927199988,512.6450041224142,515.4617349142956,726448
2019-07-12,522.7852783203125,531.8927202968537,513.7717617639353,520.1563407669142,1485506
2019-07-15,516.9171142578125,526.2592842894695,515.0862274987974,525.6959609666387,842129
2019-07-16,519.7338256835938,524.3345094354218,515.8373820182884,520.8605295928721,1460303
2019-07-17,523.4894409179688,524.3814171891775,514.006469545847,520.1563207212253,1034734
2019-07-18,513.583984375,524.850909077925,512.1756187871343,524.7100495965215,1355289
2019-07-19,503.9132080078125,518.2785252350855,502.786504100341,517.1518213276139,783708
2019-07-22,498.5145263671875,507.01165467402603,494.0547016269993,503.91326157899425,1816845
2019-07-23,496.5897521972656,502.5048764788764,489.17233683511324,498.5614411889542,2353027
2019-07-24,487.0597839355469,496.6836158108999,485.46362474856966,496.6836158108999,2707033
2019-07-25,503.8663330078125,506.26054327522223,487.29454008052795,489.500956790258,3183510
2019-07-26,499.5942077636719,506.9177548292659,495.9794255967531,500.6270436017513,1371242
2019-07-29,490.3460388183594,502.27021436390766,488.46821770273135,499.12482961129916,735045
2019-07-30,488.2333984375,501.00255670478714,486.1677841366484,490.2990127383516,1665158
2019-07-31,492.1053161621094,493.6163247289567,477.8455222494297,488.1390555669578,1828077
2019-08-01,483.9365539550781,490.54706385261125,480.86738864550915,487.4306921430172,1289007
2019-08-02,487.3834228515625,490.7831482028137,480.395204190066,480.67850022623577,1574251
2019-08-05,490.0277404785156,491.8219873811028,483.7477322217619,485.2114766430797,2162918
2019-08-06,472.3209533691406,497.67698782988384,469.2045814817022,489.1777603337378,7425849
2019-08-07,489.4610900878906,496.5909865616156,473.7375239013808,474.72911780259045,4668643
2019-08-08,475.0596008300781,481.6229048852514,466.3242834375515,476.66502204084435,6750611
2019-08-09,457.541748046875,483.2283138510059,454.7558786104154,477.75101660330415,5172748
2019-08-13,449.27862548828125,459.8082186191593,446.7288456182306,457.54176363441354,2952687
2019-08-14,451.6867370605469,456.36132397099357,439.1267783683642,450.8840552524942,2376714
2019-08-16,449.6091613769531,456.5029680301399,448.0981817651544,450.45907840248395,1279325
2019-08-19,449.37310791015625,458.5333703091294,448.1926594964065,451.8756527833974,1211272
2019-08-20,452.06451416015625,454.89759021592613,444.3679678196829,452.2061621990368,1606901
2019-08-21,442.00701904296875,452.34775695631924,440.9682476671743,451.9700192906179,1065506
2019-08-22,438.18243408203125,443.8013798399941,434.97162028585547,439.0323511428513,1398888
2019-08-23,439.9766845703125,441.3460161259979,424.2059125755332,438.1824089183906,2217428
2019-08-26,440.5904846191406,444.74568543288086,429.58871290986815,442.0542577120153,2158865
2019-08-27,439.45733642578125,443.7069506687778,432.9412670170948,442.4320606319706,2992115
2019-08-28,438.41851806640625,449.7036158427813,434.54664170675835,439.8822624955164,2193022
2019-08-29,439.3156433105469,441.9598359293173,431.1469181592143,439.59893936986583,1410078
2019-08-30,446.1622314453125,448.75921759151447,435.7742868605047,441.9598241536435,1126818
2019-09-03,443.4235534667969,445.0289745580037,435.34929924931504,441.015450649523,1564714
2019-09-04,445.170654296875,448.5703511431306,441.0626884751302,444.8873582344947,2339657
2019-09-05,451.7811584472656,453.0560483493109,444.4151727325073,445.7372690377796,1216510
2019-09-06,448.4759521484375,455.65308421290126,447.3899453800248,452.3478286797507,1668897
2019-09-09,448.57037353515625,452.0645121831408,445.831739123797,448.57037353515625,780846
2019-09-11,445.5483703613281,451.6867011843027,442.0070256557658,447.6259707830728,996410
2019-09-12,441.7709655761719,447.62600074239003,438.5601519254718,447.62600074239003,1179858
2019-09-13,442.9042053222656,443.51803267874055,438.65459141192406,442.00705308004467,818854
2019-09-16,444.3207092285156,445.73724709003056,438.2768201166259,441.0154542183141,1257381
2019-09-17,435.018798828125,446.1150127735421,431.571895579201,445.6900686801215,1753611
2019-09-18,433.13006591796875,437.0491483421781,429.0693354677349,435.7270520667209,1656705
2019-09-19,426.8973083496094,436.2464818682121,424.86694305337664,433.13008108883173,1027073
2019-09-20,437.5213317871094,439.126752949363,420.71176008374454,428.92769150545087,2558072
2019-09-23,423.922607421875,446.02059486034466,420.23961431872004,441.9598640475528,2819792
2019-09-24,425.19744873046875,429.73035836624376,421.7505456928964,424.9613590865318,1959468
2019-09-25,410.4183044433594,424.96142293086297,408.15184928496967,424.8669812951924,3524655
2019-09-26,414.0540771484375,415.9427945192694,406.4519724391152,414.5734628976003,3960277
2019-09-27,414.951171875,421.18394453107146,411.45706227263094,414.0540484776992,3151119
2019-09-30,401.8246154785156,408.71842226560733,394.74192542895304,406.07422950825315,6307161
2019-10-01,389.6896057128906,403.14671697799275,380.2932540861749,403.14671697799275,4914716
2019-10-03,394.8363342285156,397.5749683893806,383.88176876551836,388.1313824418894,2639852
2019-10-04,395.0724182128906,407.30184454783125,392.9948178064151,396.15842481737417,4182360
2019-10-07,385.5343933105469,396.58340031107053,382.93740719516654,396.58340031107053,2564196
2019-10-09,399.7942199707031,403.2411231045275,384.82613036322005,385.58160571709976,4117690
2019-10-10,398.6609802246094,403.5244212872821,395.26128347513117,399.5581324291722,2381621
2019-10-11,416.79266357421875,418.3508494618057,367.87487201134206,399.03870504122824,17354782
2019-10-14,416.3677062988281,421.6089138875528,409.37945833339967,416.7926792020758,5861895
2019-10-15,421.7033386230469,423.54484949649924,411.12653916034236,415.51780106679973,3153015
2019-10-16,421.9394226074219,422.9310164565351,414.5262304482771,421.4672432943789,2180925
2019-10-17,421.4672546386719,422.78937980640944,414.9511857071982,420.5228959871673,1818421
2019-10-18,419.4368896484375,426.0474002144319,415.61224863449917,423.5448555497847,2850227
2019-10-22,428.6444091796875,432.28019594719296,415.70671225081855,416.6982773603471,2333810
2019-10-23,428.97491455078125,431.3830175680499,423.167114647133,428.4082935997949,2262575
2019-10-24,421.9866638183594,430.6275396057513,418.8702630163314,429.68318096626496,1733751
2019-10-25,434.2633361816406,435.7743158036943,417.1704386474578,422.22276324954083,2647759
2019-10-27,435.396484375,438.08791192249447,433.93274019595054,436.29363649734313,179612
2019-10-29,446.72882080078125,451.7811450362202,436.2936698780497,438.08794544048055,3498572
2019-10-30,439.12677001953125,452.3005846479327,436.52978374522223,452.3005846479327,2640132
2019-10-31,440.87384033203125,446.3983441835978,434.54662586621333,439.12677107031686,3944718
2019-11-01,443.0930480957031,447.81484089800375,436.6713925928526,441.29874377519997,3649879
2019-11-04,442.2431335449219,451.87560306919653,441.0626852610421,445.1706510528515,2393325
2019-11-05,441.8182067871094,449.0425448039592,439.268426866085,443.99022018684167,1391429
2019-11-06,454.0948791503906,460.79983157343145,438.41851922569316,442.95142938292474,17751556
2019-11-07,445.5955810546875,460.28034476428275,443.8485119988699,455.18081443288366,5892783
2019-11-08,436.765869140625,443.9430005379786,435.58542084565033,443.9430005379786,4300075
2019-11-11,429.5415344238281,433.838354720576,426.61401686736076,433.838354720576,4109355
2019-11-13,422.97821044921875,429.68316226160397,421.1839348762096,426.85008646647253,3001272
2019-11-14,426.2834777832031,432.70513372827196,418.0203398101477,420.4284715968753,2659601
2019-11-15,437.4741516113281,442.0070616760313,411.1737570241596,423.0726819684296,10693852
2019-11-18,434.9715881347656,445.73727068833034,432.1857186651483,437.2380430692732,2847404
2019-11-19,445.8316955566406,450.93122617248486,433.97997797494,435.5381927021604,5080106
2019-11-20,455.7474365234375,456.7862366798757,442.57362338125233,445.7372302496858,4080054
2019-11-21,458.48614501953125,464.9077725980649,450.08135842365795,455.74751057631954,5600894
2019-11-22,452.2061462402344,458.01394618569157,446.39834629477724,458.01394618569157,2778328
2019-11-25,456.597412109375,458.3444813942805,449.420280529477,451.6395291443818,1465490
2019-11-26,451.92279052734375,463.2550935775201,450.17575019607114,456.1251977695989,3880896
2019-11-27,441.9598388671875,448.5703492775942,438.7017900656718,448.5703492775942,3494515
2019-11-28,442.2903747558594,449.98689190704596,438.27685053633166,445.73727802754604,2933958
2019-11-29,440.732177734375,447.05936317156585,439.69337749258614,443.5180183606068,1307574
2019-12-02,438.18243408203125,443.47084853313623,430.0137371416084,443.47084853313623,2492362
2019-12-03,438.41851806640625,439.9294977213347,434.40499366838316,439.1267870778221,1067139
2019-12-04,443.84857177734375,445.59564106846034,436.29370247049536,437.23806113385143,1426757
2019-12-05,435.91595458984375,444.13185747746553,434.78271269246346,443.37638209223775,1483537
2019-12-06,430.108154296875,441.01548506565115,428.7388227404831,437.238050504061,2520045
2019-12-09,422.97821044921875,432.28014840714116,419.86183860238907,431.9496171338017,3761784
2019-12-10,427.8416748046875,429.63597929510894,424.4892131253948,425.5280134041812,2807906
2019-12-11,424.9141845703125,427.8889085432286,421.8450189688277,427.7944669146597,1806996
2019-12-12,435.396484375,437.3324366338628,427.0389345236983,427.0389345236983,2730092
2019-12-13,435.5854187011719,439.1267635686611,431.1941568293929,435.39653544709046,1213599
2019-12-16,432.7523498535156,438.8906810571116,432.0440808684853,437.285259829894,903737
2019-12-17,438.13519287109375,440.2599997641261,434.73549607833434,436.3408884391249,2434853
2019-12-18,441.7709655761719,443.1402971484526,435.82151760044934,438.1824142288375,1705929
2019-12-19,441.58209228515625,445.2650851042959,438.937870882528,439.74058146581757,1485123
2019-12-20,439.8350524902344,448.0509844832462,438.0879831791296,440.921059201611,2248997
2019-12-23,441.8182067871094,442.90421348697555,438.65459949829454,441.0154961586729,866023
2019-12-24,452.06451416015625,453.2921689231739,439.598967986953,441.2515956861521,3262749
2019-12-26,447.76763916015625,455.700245897276,445.97336352502197,452.06448822326905,2887784
2019-12-27,454.3309631347656,456.5974181850129,446.49276886075523,448.14539653774335,2005404
2019-12-30,453.24493408203125,459.90265086759706,451.63951288999647,454.3309407380369,1809828
2019-12-31,451.59234619140625,457.35291126092613,450.4118978051045,453.2449739322287,1640854
2020-01-01,449.4202575683594,454.2364922521967,448.05095487304317,454.2364922521967,1316812
2020-01-02,447.1537780761719,453.19766709513164,446.0205362765699,452.20610213513197,1406381
2020-01-03,443.8013610839844,449.3258361556084,441.25158118974326,449.3258361556084,2252752
2020-01-06,440.7794189453125,443.80137828378736,435.5382397390172,443.6597014245306,1501855
2020-01-07,442.5264892578125,443.84858566396736,437.85190220013124,440.0711508923591,2365554
2020-01-08,438.8906555175781,443.9429797473684,435.9159317174611,441.77093769461237,1507276
2020-01-09,443.9429931640625,446.9649234572801,441.4876549873908,441.4876549873908,1700600
2020-01-10,447.1537780761719,450.45903303555224,443.6124334768358,443.94296473668106,1213600
2020-01-13,451.0729064941406,455.60584533687137,448.0981824901999,448.0981824901999,1229969
2020-01-14,457.3056335449219,458.20278570643313,452.53663433571654,453.85873055830984,2160301
2020-01-15,457.0695495605469,459.76097725885,452.86714238078093,457.0695495605469,1413668
2020-01-16,453.5282287597656,460.32762237414056,452.347780480849,457.06957359651545,1694372
2020-01-17,453.575439453125,456.0780128837286,450.0340945828803,453.2921433913208,2039387
2020-01-20,453.4338073730469,456.26688336890413,450.1285520445468,453.7171322643562,1206931
2020-01-21,447.0593566894531,452.86715633130854,445.9261436580999,452.30056422540065,1448808
2020-01-22,445.3595275878906,453.5754302280354,444.0846376966244,448.0981618012722,2380518
2020-01-23,439.2684326171875,449.37308198371716,433.7911638212146,438.65460524136046,5783749
2020-01-24,433.3189392089844,441.72372478791493,431.43022205329044,439.1267386988358,2713370
2020-01-27,438.6073913574219,440.5433150834563,428.9277150881712,432.04408713972407,5849003
2020-01-28,438.843505859375,441.95987808730246,433.4134432546699,439.1268019457172,3592413
2020-01-29,435.86871337890625,441.3932171185572,434.7355003166305,438.8434661137832,1737293
2020-01-30,425.9057312011719,435.3493172588475,421.51446944826023,435.3493172588475,2766881
2020-01-31,422.0338439941406,428.6915892804795,417.50093433413116,428.6915892804795,2184609
2020-02-03,419.8146057128906,425.5751989588998,414.9511646681385,419.2952200087128,1690394
2020-02-04,423.4976501464844,427.275084764557,419.4841258647822,421.8450225010776,2030860
2020-02-05,422.6476745605469,433.60223994600494,413.15688227831134,424.5363917366763,3637403
2020-02-06,415.187255859375,438.5129249832211,411.126525376545,436.76585579612913,7118843
2020-02-07,418.5397644042969,421.0895154626785,412.9680253243625,415.51780520228294,6386193
2020-02-10,420.00347900390625,425.90572013661995,417.500934527543,419.48409331204215,3557480
2020-02-11,425.52801513671875,426.8501114880394,418.6814148971429,422.2227598486476,1889638
2020-02-12,421.9394226074219,429.63596846565355,420.2395886082823,429.63596846565355,1683136
2020-02-13,418.7286682128906,423.9226413903205,415.99003357415427,421.93948223139336,2041017
2020-02-14,422.2227783203125,423.92261244358457,416.9343638641301,419.29526060175255,1814780
2020-02-17,407.8685302734375,420.94790446549405,406.1686960849604,419.76745605140127,4581786
2020-02-18,411.7403564453125,413.29854239731037,404.279929145188,408.90728059821174,2453801
2020-02-19,422.6004943847656,424.2059156119199,413.06246628949225,413.44020398425243,2359566
2020-02-20,411.5042724609375,423.8281410378043,410.3238241750484,423.0726656626506,3048500
2020-02-24,406.2158508300781,412.4014170249522,402.8161540659652,411.7403544693194,2569563
2020-02-25,402.10791015625,407.20747002985706,396.63064139809217,406.2631113598616,2438218
2020-02-26,398.7082214355469,401.3524140473377,383.22071699079567,383.40960024286846,8068909
2020-02-27,397.763916015625,400.4081089810795,386.2427277671262,388.2258869009881,5109022
2020-02-28,379.72662353515625,393.27817609095024,375.90195366453804,390.02012718111314,4200936
2020-03-02,379.5849304199219,388.36745340062004,372.69109571829273,384.3539295660848,3460583
2020-03-03,401.6357116699219,405.318733362917,379.6321672360459,379.6321672360459,5476676
2020-03-04,422.74212646484375,424.7724917146563,396.6306166336994,401.9190306193896,9297945
2020-03-05,416.0843811035156,445.7372336820136,413.1096574477229,422.93098056155503,9637431
2020-03-06,410.2294006347656,413.77074564856633,399.510923962421,401.3524348974131,2916146
2020-03-09,402.43841552734375,408.57674648684895,399.9358709769915,401.35240889072344,2986596
2020-03-11,393.8919677734375,402.43840135755346,387.3758993636077,401.35239475917126,5314547
2020-03-12,372.7855224609375,389.54788604214497,369.0080884144682,389.54788604214497,5636464
2020-03-13,401.8717956542969,410.7487896593145,335.53060318679985,366.4111413151438,6096891
2020-03-16,374.3437805175781,400.3136446011827,370.89687704857135,392.8532166828916,5394603
2020-03-17,379.3960876464844,398.51935030943724,369.00814249623835,374.91038405887815,2989674
2020-03-18,364.5224609375,388.8869040526565,360.4617300248208,388.8869040526565,4200456
2020-03-19,357.5564270019531,372.8720824642434,346.2962928994072,357.65182842210436,2926091
2020-03-20,374.8282775878906,381.5080077932239,355.4093709308647,362.4230643494146,4718358
2020-03-23,358.08123779296875,388.2831538238629,353.07144032884327,353.07144032884327,5507004
2020-03-24,360.18060302734375,391.00277471842895,355.5047686354304,362.61392164247223,6649616
2020-03-25,359.22637939453125,376.8322232178346,356.88846204544046,360.7054509443222,6418955
2020-03-26,368.4825134277344,376.64134364065944,363.09102311377615,365.47664087405064,4291225
2020-03-27,388.99884033203125,392.1955740714747,374.0171777247157,375.01912557199404,6471291
2020-03-30,411.9962463378906,418.6282763119483,388.99888200351035,394.86749671191217,9020926
2020-03-31,403.5034484863281,426.16682028063826,400.78383804674803,425.59426611630863,9434602
2020-04-01,394.8197937011719,411.18512796627476,391.6230596378783,405.4596445530856,6329668
2020-04-03,428.6478271484375,433.89618642103216,397.20537222136846,405.5550347004963,17906762
2020-04-07,469.7281799316406,489.91053132529703,431.3197304806533,457.084404646533,20843608
2020-04-08,489.2902526855469,505.7510169153386,467.58112884625643,474.2131585467848,19456188
2020-04-09,553.0816650390625,582.0908038043985,538.1954317142308,538.1954317142308,27207708
2020-04-13,565.7254638671875,577.3195913542465,556.3261516686375,577.3195913542465,15483858
2020-04-15,565.248291015625,585.9077656587872,552.1273923546994,576.7947167828148,16213806
2020-04-16,572.9777221679688,584.7626513647403,555.3718503161234,563.0058276400564,12716342
2020-04-17,570.6398315429688,586.862034111916,567.7770899131546,586.862034111916,8304173
2020-04-20,558.6163330078125,571.9757937798498,553.4633748415474,570.6398244055954,5856150
2020-04-21,565.009765625,581.8999533652676,543.9209249882949,551.5549028828675,14471856
2020-04-22,560.333984375,572.3097754473824,558.2346288232076,567.6816996849594,6182243
2020-04-23,559.8568115234375,576.2698740631306,552.5567975683975,563.0058154528696,6277840
2020-04-24,571.8803100585938,578.2737776647988,556.8986180316244,559.5705566677395,11127889
2020-04-27,580.8502197265625,603.7044493535145,572.5482583322212,572.5482583322212,14089786
2020-04-28,571.2122802734375,592.8259999885802,566.1070816792356,588.5795888230354,8193422
2020-04-29,568.9699096679688,580.086913170692,563.1012659189961,577.3195729125721,6767183
2020-04-30,562.6241455078125,583.4744825028918,559.2842801909587,580.0869164728944,9099721
2020-05-04,583.856201171875,588.7228974638502,554.0359723336728,562.0516731424353,16815950
2020-05-05,569.590087890625,594.5436133222064,567.77699519715,594.5436133222064,9257154
2020-05-06,564.67578125,578.2738038656528,563.0058486480777,570.162702656316,6978135
2020-05-07,562.576416015625,574.2659440266264,560.6202209357785,570.6398163737797,4620871
2020-05-08,564.8189086914062,573.6933954956058,562.5286922452667,570.6397929816276,5051303
2020-05-11,559.236572265625,573.4548791567738,556.7555527878673,573.4548791567738,5853892
2020-05-12,544.0641479492188,566.6320627502367,540.2948592817036,560.1431924420249,8868938
2020-05-13,544.1117553710938,577.3195456895019,542.8712456817738,572.5483097747126,10438589
2020-05-14,543.682373046875,551.4595114651769,540.199347272208,544.8751821145514,8546002
2020-05-15,544.2071533203125,558.2345984688235,539.7221799404995,545.8293851695163,14388403
2020-05-18,572.9777221679688,577.3195351224307,544.3980079129698,544.493409332469,22898114
2020-05-19,567.7293701171875,580.9456702335182,563.1966960223457,572.5483067168626,10951060
2020-05-20,592.2536010742188,595.7842694366514,568.1588571140585,569.685629473887,13440063
2020-05-21,588.3887329101562,598.1697655911875,584.2854820681014,592.2534802221234,7916771
2020-05-22,610.0979614257812,612.4835795720346,582.1862291146169,588.4842959663042,10874832
2020-05-26,598.98095703125,617.3025142450902,595.4979315824605,610.718185510505,8859302
2020-05-27,604.0862426757812,608.6189173587296,597.1679497386496,601.1758000542043,7710100
2020-05-28,599.6011352539062,608.475679778334,597.4063785970794,604.9926546054031,5488625
2020-05-29,618.4954223632812,621.167303204742,602.1300575650538,604.0385522007592,10580203
2020-06-01,613.1038208007812,622.7416941419997,605.5175439765886,619.3064275481821,7439123
2020-06-02,608.4280395507812,628.5149912937995,606.9012672070614,615.394091255911,6883363
2020-06-03,611.86328125,619.7835209079199,606.2331997953575,617.2547426756803,5044700
2020-06-04,630.3280029296875,634.38355370095,613.1038518908517,613.5809755110002,10452388
2020-06-05,621.1195068359375,639.1070427103547,619.3064139141771,634.574368648579,6481383
2020-06-08,606.0423583984375,627.7037809499504,604.0861633354593,626.6541323530232,6263334
2020-06-09,610.765869140625,624.3638908596241,607.9031277260989,609.6685198772972,8968365
2020-06-10,613.5332641601562,620.9763808568996,610.5273621082847,617.2070926745517,5425984
2020-06-11,605.9469604492188,617.3502259203709,603.8476050007121,616.1097162325434,3172467
2020-06-12,614.153564453125,615.4895340255836,588.1026237312669,588.1026237312669,5579009
2020-06-15,614.2012939453125,623.6006064920958,607.8555261445525,613.5810099072955,4520180
2020-06-16,608.6188354492188,620.2606626113726,603.5136363693906,615.0123031585072,2927072
2020-06-17,611.05224609375,614.3444109856566,605.9470462452726,610.7182828298811,2648039
2020-06-18,612.6744384765625,615.2986184280367,607.2829764309301,612.2927745201081,2161524
2020-06-19,607.0921020507812,619.1632946179176,602.6071284014843,619.1632946179176,4476020
2020-06-22,625.9385375976562,660.8162652942635,621.8352857938144,659.384894322507,29312493
2020-06-23,629.6122436523438,643.1625645237726,625.4135912330737,643.1625645237726,8287482
2020-06-24,602.3208618164062,631.9502265901123,599.5535215588243,629.8031703276317,6955942
2020-06-25,605.8515014648438,612.6266325149232,600.3645806907615,603.0841616034759,5816404
2020-06-26,605.8515014648438,614.2011635123602,602.7024394699698,609.763891241489,3847728
2020-06-29,615.3941650390625,618.3523086506754,606.3288148350788,607.8555873618523,6772032
2020-06-30,610.9568481445312,620.1653581024124,608.8097916692088,618.3045641752727,4319880
2020-07-01,598.408447265625,613.1992801371312,592.6352628578538,613.1992801371312,4809651
2020-07-02,616.6345825195312,624.5071223054888,597.358776485994,601.1757654731249,6169821
2020-07-03,609.5730590820312,623.0756793591014,606.424055180445,623.0756793591014,5379171
2020-07-06,605.565185546875,614.7736933465137,600.4122861593917,610.7181431769791,5604802
2020-07-07,607.426025390625,613.1992091298729,606.1378150061059,608.7619947278208,3781547
2020-07-08,605.37451171875,618.3522517296019,603.5614185477982,614.0104381537926,6952585
2020-07-09,609.8117065429688,614.4875414653062,607.1398258341893,614.4875414653062,4354183
2020-07-10,609.66845703125,617.397834756659,607.569101895146,610.7181054779935,4119561
2020-07-13,609.1437377929688,616.443752900688,607.4738050258229,611.6725164231284,3450069
2020-07-14,603.3704833984375,614.5351871109347,602.3685355027601,610.6704976603927,5432821
2020-07-15,609.0005493164062,614.0580476171759,604.1338538535858,605.374421756003,4253913
2020-07-16,643.6397705078125,646.4071108315104,606.805849932957,610.6705396492297,16098128
2020-07-17,657.5717163085938,664.7763291978954,638.6299328560115,643.6397306109521,15244102
2020-07-20,643.49658203125,659.2416609782612,641.5880876134305,657.4763269388291,5469496
2020-07-21,631.9978637695312,650.8919453314513,629.8031070148223,645.1664625404076,4314750
2020-07-22,631.42529296875,646.7886473795091,627.4174436573202,635.671704045829,5918154
2020-07-23,640.7293090820312,643.1626278504472,631.9025222754784,633.5724549145559,4620517
2020-07-24,635.5763549804688,649.8423626970126,628.0855375327749,642.2083848679728,4962702
2020-07-27,623.0280151367188,643.1149068856893,620.6423971560185,643.1149068856893,4465020
2020-07-28,632.2841186523438,635.2900203785211,614.7737072908183,621.2148753532366,4583066
2020-07-29,650.0809326171875,654.1841841029792,632.2841982840836,632.2841982840836,7288781
2020-07-30,654.5658569335938,666.9710701250885,649.8423218006149,650.0331828828553,7170665
2020-07-31,687.201171875,690.8750004449553,655.5678526321606,655.5678526321606,18897302
2020-08-03,677.897216796875,700.6082879260749,668.927270049799,690.8749550870963,12500683
2020-08-04,681.1893920898438,686.0083874094568,671.0266935845989,675.6070688434861,6970907
2020-08-05,689.1096801757812,696.5527971344061,683.2410362461677,687.8214114328115,5263136
2020-08-06,697.650146484375,705.8567078423733,687.1534266545355,691.7815607978157,9663886
2020-08-07,695.3121948242188,705.8089132580332,691.3520459362306,704.234382195912,6159632
2020-08-10,759.1990356445312,777.2343307037685,716.9735977886176,725.2278592202138,56895213
2020-08-11,742.404296875,765.1630685399921,733.5775105689669,764.4473831638272,14861526
2020-08-12,727.2317504882812,742.4043039036712,721.0291438361297,742.4043039036712,7841540
2020-08-13,725.4664306640625,747.0801529476847,719.5977871123798,730.905651329076,13741253
2020-08-14,736.4879760742188,751.708230537175,718.118717505078,727.1363651784543,16276204
2020-08-17,736.3448486328125,745.2670363341289,730.4762052673184,743.3585420029276,6145819
2020-08-18,729.8560180664062,743.9789245836073,728.0906838730724,736.6789095019815,5520627
2020-08-19,723.6533813476562,737.3468643800696,722.0312076109158,734.770385147261,6296055
2020-08-20,727.8043212890625,736.4402464469449,723.6533111934467,723.6533111934467,8167570
2020-08-21,725.9434814453125,735.3427920848219,724.3212497265195,733.6728596595451,4700914
2020-08-24,717.3554077148438,731.9076790386234,715.9240367649637,728.0906898389435,4942344
2020-08-25,713.5384521484375,723.3194874336551,711.1528337861893,721.6495545800814,3424047
2020-08-26,713.7769165039062,719.5023997913707,710.1507887370376,717.1167817549272,3730702
2020-08-27,721.6017456054688,729.0448621305272,715.6377005945842,716.4487874190137,6989194
2020-08-28,714.349365234375,735.7245238548326,712.5363306659088,728.0905469536151,8205618
2020-08-31,680.903076171875,721.1246188461662,672.9351353692826,717.5938925666612,7649137
2020-09-01,702.8507690429688,707.0971807649137,677.5155173321035,680.9030832702387,6260037
2020-09-02,704.4730224609375,714.2540566366566,695.8370966177309,706.0952544117778,5583378
2020-09-03,704.8069458007812,711.82069753876,701.3716792403279,708.7193941951804,3560610
2020-09-04,691.4473876953125,715.6852860119648,684.2905348351928,700.1787714817056,7473315
2020-09-07,683.9567260742188,700.2266302674302,674.6528152556298,694.6920077879753,4688730
2020-09-08,675.7977905273438,693.2127996554692,672.1716632889155,683.9565913744623,4818121
2020-09-09,694.2625732421875,701.3240261704556,672.9351705584719,676.7044588344713,9082694
2020-09-10,693.546875,702.2305597371314,686.3423200632253,695.6462305541762,4571167
2020-09-11,692.73583984375,698.0319007160355,687.2966185792543,692.5926794515397,2465429
2020-09-14,688.5847778320312,696.8390396681162,684.9109492937904,695.6462306306837,3104686
2020-09-15,708.4808959960938,719.502440296405,689.5868117323271,689.9207749791789,14548327
2020-09-16,718.1663818359375,721.8879690182098,698.5089138418103,709.9121789335177,6773101
2020-09-17,717.1167602539062,727.1363557065556,712.5363854097917,716.6396366609229,7105767
2020-09-18,769.3618774414062,781.8147929254197,740.6390573139801,744.3128860828489,35527335
2020-09-21,732.9572143554688,774.8009869277362,727.1363300237196,769.3617665113175,12576400
2020-09-22,742.0703735351562,751.8991082474001,720.5998110965818,741.497790257884,14483843
2020-09-23,732.289306640625,748.1297864755833,726.9454875059383,748.082085765277,6236391
2020-09-24,699.892578125,731.5735948959175,696.6004138357448,729.4742395344632,7123763
2020-09-25,734.86572265625,741.4500514293132,706.5246282883802,717.5938721683958,13365087
2020-09-28,739.3507690429688,742.4043719385429,721.0292099121547,736.7742897797458,9290917
2020-09-29,727.4703369140625,750.0383067173021,724.3213327710268,742.0226068599135,6582879
2020-09-30,739.25537109375,758.5311775800114,726.2298725721882,727.4703823736153,14333215
2020-10-01,737.633056640625,745.267033940916,730.7147647122362,744.1219256973475,5852563
2020-10-05,743.0245971679688,748.1774970440753,727.1840588816658,740.4958188195371,6798052
2020-10-06,744.6467895507812,751.9468040290791,741.4500846834954,746.2213207496699,4789613
2020-10-07,738.20556640625,754.475526785821,735.7245471319078,744.3127714174942,6086371
2020-10-08,774.3239135742188,778.2840045673834,739.4461895453962,739.5415909697606,12019967
2020-10-09,766.4036254882812,787.2539025185408,763.7316868613917,775.8029366637257,11673228
2020-10-12,776.4232788085938,782.2441635907169,763.5409412563221,768.1690170058275,6612623
2020-10-13,751.1357421875,791.1186668068206,742.8814802213224,772.94026843837,13964602
2020-10-14,745.7442016601562,758.1971162197754,731.7167558921115,752.7101947104395,8675720
2020-10-15,733.1481323242188,751.9468143310199,727.9952322477305,744.9331205147047,6291141
2020-10-16,746.55517578125,751.4695715142321,723.7010049305634,731.8598057727655,9099048
2020-10-19,729.0448608398438,748.2252062638412,727.279526816798,747.1755576408347,4351337
2020-10-20,729.3311157226562,739.2553097964441,721.6971382020891,729.9991004042312,6029701
2020-10-21,732.0029907226562,736.4879641309162,721.88799388073,736.4879641309162,6932513
2020-10-22,722.8422241210938,734.6271532569093,709.9598874535891,729.9990778252629,8429247
2020-10-23,722.889892578125,739.2075532411765,720.4565740757973,726.4206185631798,8515845
2020-10-26,712.9658203125,728.8063005695634,708.3376864369567,726.3729818528484,4665147
2020-10-27,735.0089721679688,738.1579765637841,712.8227227646513,715.6854646231438,7003966
2020-10-28,730.2376708984375,744.3128171196096,727.2795278710386,736.1063144843159,7050213
2020-10-29,727.4226684570312,739.2076569632858,722.3651696706112,731.0487963656365,6084020
2020-10-30,719.9794921875,732.3847054392396,711.8683912152087,730.6670721759854,4126276
2020-11-02,716.8782348632812,727.4703558683693,710.341664604508,722.84228007845,3265890
2020-11-03,724.5598754882812,735.2951563131055,716.40107370994,721.5062728495838,5390467
2020-11-04,745.4102172851562,747.9389373982356,722.55598538954,723.1285104076566,9035451
2020-11-05,757.1951293945312,759.6761487394797,742.6905607620153,750.0382756195357,6656549
2020-11-06,753.8076782226562,765.3063467212505,750.5632140542158,760.9168323687808,7765316
2020-11-09,728.2814331054688,767.2147049939505,717.8801159223073,758.7218821018188,21178707
2020-11-10,684.4815063476562,734.579484452772,674.1756482145579,734.579484452772,22558440
2020-11-11,708.3853759765625,711.3912779126806,685.7220052851793,693.7377049530769,18892977
2020-11-12,705.856689453125,724.1304890079641,699.9403449637333,708.4331686291247,10422659
2020-11-13,710.5802001953125,716.6396466133009,706.286087798828,708.5285454199413,6955531
2020-11-14,711.6298217773438,715.5899708006772,709.959889242164,715.2082486384434,631992
2020-11-17,708.5762939453125,717.4985408056474,700.4174914899704,713.204428119401,7313289
2020-11-18,708.9580078125,717.5939337981135,699.940359628878,713.1089600633493,7190828
2020-11-19,708.1468505859375,717.4985200934666,704.18675950185,708.5762734906921,5804230
2020-11-20,706.0475463867188,714.206348527106,698.7475318048505,708.0514422658915,5394676
2020-11-23,712.1546630859375,723.3670675186454,705.5703924497527,707.7174486177181,8690680
2020-11-24,714.206298828125,717.5938645989168,707.6696708340096,714.0631384570195,5471533
2020-11-25,698.1749877929688,720.0272137466702,694.882823301539,715.7808020543987,6060158
2020-11-26,704.9024047851562,707.0971616545874,693.260577519646,700.4174313825466,6088729
2020-11-27,711.4866333007812,714.7310968237323,701.3716370700176,707.0971198216097,12777697
2020-12-01,721.0291748046875,725.2278858619924,712.011585186427,718.5481553343161,6241872
2020-12-02,723.6533813476562,726.182159866319,716.7828477170068,723.319418106005,3983393
2020-12-03,727.2794799804688,729.8081999521828,721.4585374894393,725.227825335431,3765555
2020-12-04,731.8599243164062,735.3428917585176,722.3651527343185,728.0906361113408,5423289
2020-12-07,737.7762451171875,746.6984331297381,730.9533543480886,731.8599008355575,6779545
2020-12-08,730.9533081054688,743.7879437670725,723.1284699210893,741.4500266291766,4166424
2020-12-09,727.51806640625,738.4919088718269,725.1801491889717,734.674920188148,4045201
2020-12-10,727.85205078125,732.575586063164,720.5520364144168,728.0906125809161,3679209
2020-12-11,721.2676391601562,731.0486718256142,718.5480582526624,729.044776235105,3178041
2020-12-14,753.1873168945312,757.0043057633673,740.8298037831491,742.6905975052323,19785595
2020-12-15,745.8873901367188,761.4893094582665,743.5971734277621,753.1873466915864,8249684
2020-12-16,750.8016357421875,754.1892014300089,746.5075236256926,754.1892014300089,3817724
2020-12-17,747.366455078125,758.4834005538378,745.3625009149755,754.5710101403926,3984988
2020-12-18,757.1474609375,759.5807796761279,745.7441951217261,748.3683749510092,6487014
2020-12-21,742.8814086914062,779.5245226676467,725.2278363589836,756.7179924114132,14465355
2020-12-22,758.6265258789062,761.4892674859965,726.277522421736,746.221312248182,6139589
2020-12-23,786.9200439453125,789.1625017596687,756.0024087292594,759.9147992861542,8520251
2020-12-24,795.0787963867188,796.7010283113544,777.9977478294494,790.880085316206,7294578
2020-12-28,792.1683349609375,800.6133993687899,787.444799680856,799.2774299941274,4810932
2020-12-29,790.0689086914062,797.5120245227231,780.0970147141204,792.1682639880909,3311293
2020-12-30,786.1088256835938,792.0251699267527,778.7134099403019,792.0251699267527,2715404
2020-12-31,782.4349975585938,795.2218749993766,779.0474316719269,786.2996870417664,4842886
2021-01-01,788.78076171875,791.0232777250435,783.1030371165757,785.1546337797367,2474916
2021-01-04,794.1721801757812,798.9911165715795,788.7329598435655,792.9793712539191,3487801
2021-01-05,789.4010009765625,805.1460798718339,787.5402072767777,794.1722370054326,4559213
2021-01-06,787.0631103515625,796.223918783077,777.9500608760573,791.0709604001858,3318460
2021-01-07,788.7330322265625,792.4546197013561,780.5742301008072,792.0251968015525,2879675
2021-01-08,800.3270874023438,807.4839409472986,789.5441063764697,792.6931102877252,5072916
2021-01-11,817.6466674804688,820.652569374647,794.649333891555,800.6133787271265,5332109
2021-01-12,804.5735473632812,825.0421031426847,802.5218925928956,820.6525893339955,4338010
2021-01-13,803.1898803710938,813.0186148884736,794.4107944772937,808.5813421087569,3596529
2021-01-14,802.4265747070312,808.7722842814615,791.0710085846971,803.1899608954983,3652930
2021-01-15,786.013427734375,806.2434799571629,783.4369486542219,800.613398198407,3137877
2021-01-18,765.0676879882812,788.8284664221055,759.7716277087305,784.391193671802,3742440
2021-01-19,784.820556640625,787.6355972972675,765.7833149202513,765.7833149202513,3791378
2021-01-20,794.6970825195312,796.7010366506909,784.6774865916199,784.8683476863915,3056546
2021-01-21,775.564453125,800.8997059864324,771.9860259343279,796.7964544563212,3326213
2021-01-22,771.3179321289062,784.8682528231309,761.7277602626921,778.4747854981141,3883231
2021-01-25,798.5140380859375,817.7898430000414,771.2702924209842,775.8029665799693,10704200
2021-01-27,803.9533081054688,817.2650688911714,787.4448423293958,801.4722885525811,7410174
2021-01-28,803.3807983398438,810.0127702592765,787.9219809475318,797.2735925267278,4489853
2021-01-29,788.11279296875,811.9212142319054,783.1983965468543,809.1539322722296,7185812
2021-02-01,769.5049438476562,792.9794010138315,744.2650944652975,777.711446241002,13856367
2021-02-02,784.009521484375,788.5421959460496,764.8291749541307,770.0775348571224,8486828
2021-02-03,810.3944091796875,838.6878610692341,786.4905292180257,788.2081624756219,15674616
2021-02-04,796.2716064453125,817.3127460524272,794.5062141381511,808.7722217627232,4639606
2021-02-05,808.9154663085938,815.7860586738276,792.5024007257114,801.1860280567178,7381183
2021-02-08,808.48583984375,819.9368048223572,802.5694962896123,813.0185134811154,4244906
2021-02-09,803.2376098632812,817.6467198111783,800.613429967678,809.2016550805613,4200281
2021-02-10,823.8970336914062,827.3323002222686,802.5218736873449,808.8198817414676,5665209
2021-02-11,820.461669921875,834.8708365163355,816.8355424799511,828.2865080287355,5347864
2021-02-12,809.7263793945312,824.8034721929815,806.8159373365194,819.6982734146306,2473012
2021-02-15,805.6709594726562,817.408189260575,803.4762023972944,811.205581997413,2531913
2021-02-16,809.5355834960938,813.257170848656,802.7604517177258,811.1101146627839,2808115
2021-02-17,797.4644165039062,815.5951137544175,794.8879373513606,810.5853158299342,2539649
2021-02-18,787.683349609375,804.8597989198059,784.8683087683069,796.7963985672174,4114251
2021-02-19,770.4114379882812,787.6833469033427,762.4434973270328,786.1088157582453,3834443
2021-02-22,756.1932373046875,780.097119028219,750.0860316690662,774.2762341588217,4090429
2021-02-23,754.7617797851562,766.4036064299094,752.3284612500429,758.6264690165273,3264477
2021-02-24,752.9487915039062,761.5847175887677,740.7344381814531,757.6723271060532,1587082
2021-02-25,772.1292114257812,776.7572874458197,754.2847756062022,758.6265890902047,5478169
2021-02-26,751.0402221679688,782.482678012229,744.3127912799251,768.1689704876151,7549015
2021-03-01,753.6644897460938,763.8749472858868,746.2213726140706,758.6265872483199,2748271
2021-03-02,774.6578369140625,777.7114394906489,754.6186464486593,756.336279697169,4275166
2021-03-03,775.3258666992188,780.7173867923938,770.6500320214583,780.5265256997576,3265559
2021-03-04,769.8389892578125,780.574271103676,766.9285467170158,770.4592732837373,3640996
2021-03-05,768.3121337890625,774.8487036198399,763.6362993494789,769.600344174139,3832170
2021-03-08,772.2245483398438,781.5284585608057,769.3141060218119,770.9840386255743,2915298
2021-03-09,760.5350952148438,779.3337786020559,755.8592601655288,775.4213297413183,2783825
2021-03-10,775.2304077148438,777.4728652195936,764.3519669111929,769.1232026597023,2512573
2021-03-12,769.0755004882812,781.2421516238442,765.3062126056017,779.1427962499673,2082799
2021-03-15,768.6461791992188,771.8906432278385,753.8553464523685,770.9363959538481,2651062
2021-03-16,756.0499877929688,771.5088029136026,750.992489663581,768.2643393816664,3671229
2021-03-17,736.822021484375,758.4356862848871,734.7703666440965,758.4356862848871,3246092
2021-03-18,720.5997924804688,742.8337404717151,716.4964829485555,740.4958231958319,2894624
2021-03-19,725.8480834960938,732.1460910901433,704.3297646907453,716.6395756385762,5262000
2021-03-22,737.489990234375,748.7023958227741,723.9874261096693,727.1364304987359,3563266
2021-03-23,740.5912475585938,743.7403099932114,733.2435905248284,739.5415989088068,2118532
2021-03-24,756.6702880859375,762.1572091900615,737.2990826190332,742.2134204884569,6904173
2021-03-25,751.2311401367188,765.5925494587328,747.4618518879514,760.4396493052463,5292130
2021-03-26,751.4219360351562,762.4434790588843,745.5055920084523,754.8095017967178,2934548
2021-03-30,775.0396118164062,778.5703382157583,754.0938734704107,754.0938734704107,4453933
2021-03-31,777.8067626953125,786.2518842020818,768.1688905948348,773.8943730092062,3075406
2021-04-01,780.8604736328125,786.299694331935,774.4670057318308,782.0055819235689,1910949
2021-04-05,782.2440795898438,789.1623712361095,769.2185830553427,787.2538769888638,2920638
2021-04-06,797.893798828125,806.3388630314635,784.2480176288767,786.299672352575,4569120
2021-04-07,802.3787231445312,806.2434708423824,792.2637262688032,797.8938079639096,2404472
2021-04-08,803.4761352539062,811.539535670716,800.0408686615102,804.4303824454192,2459821
2021-04-09,842.64794921875,851.4747355140021,798.3709156130068,802.4264660729874,11189432
2021-04-12,861.1126098632812,896.9922776731592,838.9263646974291,849.2799224777783,30141861
2021-04-13,844.6996459960938,889.9309290216814,838.11531691843,879.7682311319649,11667200
2021-04-15,872.372802734375,883.0603830332631,843.4591241948658,857.6773725430755,13218002
2021-04-16,895.1316528320312,901.0479976395358,869.2238740249884,877.6689391887351,13746268
2021-04-19,903.0040893554688,911.306051420072,881.7243890179544,902.0021414710188,17805574
2021-04-20,905.8668823242188,922.1367859208582,898.0420434023584,920.943976885289,10205616
2021-04-22,901.143310546875,919.0832043123276,895.8949510020648,914.9321940904018,8522208
2021-04-23,892.7936401367188,909.2544040253812,880.531587145693,901.1433029787939,7972589
2021-04-26,863.9754638671875,896.9923946718885,860.8741603749709,892.7936835699899,10255697
2021-04-27,870.6551513671875,877.4302830562157,859.7767102051662,871.2276763788199,5669049
2021-04-28,868.5558471679688,875.9989639714883,861.6375546965164,872.5159382577743,7251009
2021-04-29,865.025146484375,875.4264649790885,862.6395283197738,870.2258057317317,4953091
2021-04-30,868.6989135742188,878.8616695319813,859.538163768656,859.538163768656,6459737
2021-05-03,868.5558471679688,882.106169588167,864.9297193142162,877.0486126356225,6330144
2021-05-04,838.2584838867188,871.1323123359795,835.9205665440915,871.1323123359795,8347795
2021-05-05,847.9917602539062,857.8681950421583,829.2407803021531,844.5087348301558,10491085
2021-05-06,843.8408203125,874.7584540986812,840.5964146511935,865.5022442481629,17973153
2021-05-07,842.5048217773438,854.528312423948,836.8747403638218,852.142694577985,5479029
2021-05-10,859.06103515625,864.9773793990199,837.3519115241426,851.6656194134441,8379304
2021-05-11,850.1388549804688,864.5002637122727,847.5623758882962,858.774780504168,5864464
2021-05-12,857.4865112304688,865.2636492130296,843.8407879093263,848.6120239127066,5224240
2021-05-14,862.6871948242188,878.8616969873322,859.5858913332211,867.4107302513409,15048471
2021-05-17,840.882568359375,863.5936380201088,830.1949890359057,854.051166881765,14122085
2021-05-18,843.936279296875,847.7055092871218,838.2584965909102,846.4172988148387,5129966
2021-05-19,862.591796875,864.5002913386904,840.6918112556268,847.2283814967149,7242643
2021-05-20,881.9152221679688,885.4459482494321,863.5936653539243,864.5479124979619,12378690
2021-05-21,884.4917602539062,892.2211393404463,880.1021881522163,887.4499033011925,6740711
2021-05-24,888.6427001953125,902.2407227217911,883.7760627986761,888.4041383966023,6420035
2021-05-25,892.7936401367188,896.9923510343555,887.4498792148411,896.6583878177228,3695242
2021-05-26,901.9067993164062,908.3956688792559,896.0858562253301,897.9466499859416,5445187
2021-05-27,899.23486328125,905.3420689140593,891.3146228380903,902.7178890041635,6249606
2021-05-28,891.600830078125,904.0060434284512,888.4041253195144,897.1832110313472,2156991
2021-05-31,905.91455078125,907.4890819491903,881.724407698267,891.6008428640703,3183414
2021-06-01,903.1472778320312,914.1688213891897,900.37993764351,908.4433381654578,2904962
2021-06-02,911.0198364257812,916.5544586766042,903.14729682757,903.14729682757,2449102
2021-06-03,904.8648681640625,915.7910097788183,902.7178120571612,911.3060364847663,2258695
2021-06-04,903.099609375,907.9662469919356,893.6525384213849,904.6263816588071,3057699
2021-06-07,896.801513671875,908.2047794463622,894.6544574556897,908.2047794463622,2028426
2021-06-08,910.11328125,911.3060902686763,889.2152439457404,896.8015209530472,2278534
2021-06-09,914.7890625,930.390980256482,906.725662355919,911.1151759913613,5498857
2021-06-10,929.6276245117188,930.3910106154933,916.0773027598703,916.9838492392518,4754350
2021-06-11,923.568115234375,937.3569987140509,921.3256576453906,930.3910059080847,3480545
2021-06-14,931.4884643554688,934.2080456857965,913.2146064569022,928.1962997369571,2377279
2021-06-15,925.3335571289062,934.0648843996281,922.9002383237093,930.3910558351768,1289684
2021-06-16,912.9760131835938,926.717196229632,910.1609722809354,924.665541442281,1684500
2021-06-17,907.44140625,915.8387701443452,900.3322528066576,911.3060958456365,2429291
2021-06-18,916.9362182617188,923.3773872866033,902.0976267288062,907.4414463468814,4978288
2021-06-21,916.220458984375,918.653777660281,907.0119503419278,914.1688042373139,1625660
2021-06-22,912.1171875,916.936182584478,905.7237776811298,912.451208974613,2344400
2021-06-23,913.9302368164062,921.8027760528827,910.542670975296,912.260304251093,1807471
2021-06-24,907.3936767578125,914.8367931953046,900.8093478462081,913.9779474267905,1769651
2021-06-25,913.3099365234375,917.0315237566485,905.5328570895985,907.489052125466,2134441
2021-06-28,918.98779296875,926.9080334133901,913.3100102413883,917.9858450151285,1759671
2021-06-29,934.780517578125,943.7504643992941,916.1249967908502,919.8942848138721,4300755
2021-06-30,927.432861328125,951.3844423469301,924.8086815724038,946.8040675127419,7195632
2021-07-01,933.3491821289062,935.1622751430716,922.9479223815654,932.4903945769028,2291137
2021-07-02,934.3988647460938,940.6968729343821,930.4864163020496,936.9275848666008,1421148
2021-07-05,930.104736328125,938.8360630639063,928.5779058972851,934.4942500512104,1286458
2021-07-06,924.7609252929688,930.3910069912998,920.609973328058,930.3910069912998,1157576
2021-07-07,921.0394287109375,924.6178557871746,917.0315787370263,923.7113092793355,1740439
2021-07-08,907.1551513671875,923.7113174900244,901.57277013306,921.3256994179943,1662518
2021-07-09,915.8863525390625,921.4209740560811,906.4870419256631,908.4432368270291,1301555
2021-07-12,915.9342041015625,923.6636418099982,912.1172150828675,916.0773644868157,1122802
2021-07-13,921.4688110351562,925.4766025899711,912.3080031777746,918.1766466214508,1317621
2021-07-14,932.442626953125,933.6354358919473,917.126913584549,917.126913584549,1729994
2021-07-15,929.0550537109375,936.1165063114591,927.5759821945468,934.2080119051157,979315
2021-07-16,932.442626953125,944.6092781291113,929.0550029727709,929.0550029727709,2087320
2021-07-19,929.4368286132812,938.5975789863395,926.8126486556976,927.6237355273531,854347
2021-07-20,911.44921875,929.5321562461819,909.0636007961368,927.5282604619872,1520300
2021-07-22,906.439453125,915.0753787750774,903.3381496752254,914.2642336964826,1783069
2021-07-23,904.6262817382812,913.8824905733684,903.6243338975388,908.4432702688225,1056183
2021-07-26,907.0596923828125,916.0773403504127,903.6721263665008,904.6263735960325,1306026
2021-07-27,871.3231811523438,914.6460316118134,867.4107905426588,908.9205478458553,3366104
2021-07-28,849.1846313476562,879.4342218759313,846.0833278571915,879.4342218759313,5094903
2021-07-29,842.6956787109375,858.7747789705603,832.10355809191,853.4309597069627,4929314
2021-07-30,877.9551391601562,887.3545091804197,837.5904935843927,844.6041873227676,6280365
2021-08-02,878.909423828125,890.8852152470023,871.6094672624971,885.8277164367843,2981630
2021-08-03,885.6845092773438,887.0204203322787,876.4760010482146,882.6786074791492,2014511
2021-08-04,896.658447265625,899.3780286174429,884.5871963165724,885.6846039456244,2517694
2021-08-05,902.1453247070312,909.3975801181631,889.3583889508164,901.0002164203718,4022548
2021-08-06,869.60546875,896.0381280524696,867.4107118207612,896.0381280524696,9727673
2021-08-09,881.4555053710938,882.7508228268356,861.0658803873217,875.170656466112,3310964
2021-08-10,875.650390625,886.3969338273432,868.3581248255254,882.750800927606,2552532
2021-08-11,873.0117797851562,876.9937771441597,854.9729698236467,875.9383375994357,2174054
2021-08-12,868.64599609375,879.1046978415344,867.1108006830436,875.0747366834913,2127392
2021-08-13,858.187255859375,874.0671621886024,856.2202100966707,869.3175677381712,2919925
2021-08-16,852.2863159179688,864.6160185374729,850.17537834532,859.7225320151985,1954152
2021-08-17,868.0222778320312,869.6054369895467,853.8694803385308,854.9249197768744,3767678
2021-08-18,872.0521850585938,873.8273168418378,863.5605299397647,863.7524439925405,2323095
2021-08-20,854.7809448242188,872.2440688703368,851.0868483331308,872.1001772587035,2354874
2021-08-23,861.9773559570312,871.2366677568997,852.6701388464706,861.6415502705902,2081206
2021-08-24,880.4960327148438,882.3190700089348,861.305796583655,866.4391613231668,2588128
2021-08-25,875.650390625,886.2050197665257,869.269672691447,879.8722657071899,1697757
2021-08-26,874.4030151367188,879.6323657020594,869.6054565563967,875.650368654813,1522032
2021-08-27,886.4928588867188,887.9800902683824,870.7568440101583,876.8017558425638,1878603
2021-08-30,896.8556518554688,898.5827613069633,883.1826093048822,886.5888643327646,2016968
2021-08-31,909.4252319335938,911.2483276981991,892.6337761794139,897.1434931518979,2463088
2021-09-01,885.4854125976562,916.2378116453219,882.7508274815816,910.5766687826315,4434153
2021-09-02,916.573486328125,921.1311665794294,886.0130642791656,889.4672827282616,3688123
2021-09-03,902.9964599609375,924.0097901404904,892.9696092970719,917.3891358198237,3110583
2021-09-06,911.7280883789062,919.2122684131123,904.4837862853091,907.554177073942,1699875
2021-09-07,912.015869140625,918.5405369756066,905.8270069744353,911.7280273439538,1113880
2021-09-08,913.2632446289062,914.5586205910417,901.9410180302522,909.6171118007225,1600457
2021-09-09,910.864501953125,913.5511231680339,888.5078896604207,912.6396338472962,3769007
2021-09-13,911.9679565429688,915.2782838006733,904.3877902754105,907.698117533115,865538
2021-09-14,914.55859375,919.5480077032149,911.1522803881662,916.1417529053273,1373821
2021-09-15,914.36669921875,917.8688818351397,909.9049463247806,916.3336865189069,2509424
2021-09-16,915.3741455078125,925.7368599705835,911.7280128254971,915.8539013492737,3574908
2021-09-17,915.422119140625,923.5300046605641,909.6650489817021,921.1312254276796,2006356
2021-09-20,900.1179809570312,914.4147299612292,892.154044864283,914.4147299612292,2308294
2021-09-21,917.38916015625,920.1717676550306,895.2244621711612,897.1434856699204,2438464
2021-09-22,924.4895629882812,934.804314209998,913.1193722764338,913.695055895787,2267730
2021-09-23,928.9032592773438,930.7263549445665,920.6514820302181,926.3605883944716,1297533
2021-09-24,928.4715576171875,943.5838675055953,921.5630613839827,930.3425586569741,1803409
2021-09-27,923.721923828125,930.7743113862876,913.7429787384771,925.9287890218126,1217035
2021-09-28,931.6859741210938,937.4430450219451,912.3038237087706,921.6111000446041,1542732
2021-09-29,947.6137084960938,964.3092350964765,926.072718205045,931.206082249881,4052980
2021-09-30,943.727783203125,959.2718854833879,936.8192867936804,947.9976222631531,2312926
2021-10-01,946.2704467773438,951.7396751600457,933.7008084151413,940.3214625464037,1948517
2021-10-04,918.7324829101562,956.5852324305758,916.2377758338386,946.0785672578737,4097873
2021-10-05,896.7116088867188,922.9542878894011,890.8586111944782,922.8583015851689,4986700
2021-10-06,876.4659423828125,900.5496617563125,874.259077265407,897.6711267604068,2615582
2021-10-07,878.9606323242188,884.9096162470718,861.6414588125459,882.7507150418064,7008049
2021-10-08,879.9682006835938,891.8182059100109,874.7389085080441,885.6293434224917,2075219
2021-10-11,876.7538452148438,885.7732789222503,873.155676219434,885.4374146776429,1449593
2021-10-12,878.8648071289062,887.2605350178642,871.092726744758,876.513991607208,1164581
2021-10-13,876.5139770507812,887.0206423472669,875.1226733109268,884.3340211802075,1821818
2021-10-14,874.4509887695312,883.2305444950889,873.0597436168681,880.304045441219,913675
2021-10-18,867.15869140625,878.8167818864187,863.0807667163728,874.4509568378638,1913667
2021-10-19,869.509521484375,880.1600780173756,866.6789502330442,869.3176074299896,1360282
2021-10-20,869.2217407226562,875.7464090823024,863.5605978224619,868.3581566992534,1941581
2021-10-21,874.6428833007812,880.7358177681342,865.09573011974,877.4254906718807,2723509
2021-10-22,860.0582885742188,877.9532051986552,853.3417066765242,874.6428781220021,1360319
2021-10-25,865.3356323242188,876.0342115646346,853.965441722371,859.6265843683572,1901039
2021-10-26,870.7568359375,877.1376119349613,863.5604984504132,872.1001756940007,1405411
2021-10-27,885.1495361328125,889.3714110044444,865.9113384152897,879.8242579534206,5111161
2021-10-28,855.64453125,890.9545489737123,850.4151809385988,885.0535873448378,2224983
2021-10-29,868.4060668945312,879.8722436140689,849.4077466296123,856.8439624289679,2783659
2021-11-01,872.43603515625,881.3594824777778,865.6714892139925,879.8722510181811,986133
2021-11-02,866.8229370117188,875.8902761837926,864.0403295155171,873.155691126175,1038025
2021-11-03,875.6983032226562,877.6652903304278,867.1106625127892,872.7237820629567,1275433
2021-11-04,873.8273315429688,877.2335864222482,872.0521997298601,875.698391102106,96347
2021-11-08,876.7058715820312,880.7837963981025,862.3131957606034,880.7837963981025,860650
2021-11-09,877.1376342773438,887.5483126815982,872.819831675109,876.034172408972,843911
2021-11-10,875.5064697265625,887.0685740958226,873.1556543290411,873.1556543290411,1597922
2021-11-11,868.26220703125,875.5065090395594,859.7225290205331,875.5065090395594,1180372
2021-11-12,878.8648071289062,879.8722827627912,868.3581416579347,873.9232981458252,936613
2021-11-15,900.1659545898438,901.7970776827017,873.2516036624097,877.9532345736843,2615304
2021-11-16,884.429931640625,905.6831397538525,881.7912743994948,904.963505960817,1925000
2021-11-17,868.6939086914062,884.4299242600443,864.5200561522104,884.4299242600443,1996857
2021-11-18,856.1723022460938,870.2771363450714,854.9249487138463,868.6459546964642,1009418
2021-11-22,859.1467895507812,872.1961250924832,847.2488211844474,856.8439380721535,1443344
2021-11-23,873.7313842773438,881.359514473813,853.9654654684847,855.5966471714954,1820473
2021-11-24,857.2757568359375,878.337050775436,855.2607470881799,874.1151757873275,1392190
2021-11-25,863.5125732421875,865.9113525119508,848.208349788308,857.8034668673614,1325422
2021-11-26,927.5599975585938,936.531408774225,854.5891424837829,855.8844598887528,14458893
2021-11-29,925.9287719726562,957.5926574390787,917.2931668454502,934.5643770998623,8303735
2021-11-30,931.9737548828125,944.1595658705578,919.7879438950672,925.9288425458215,4771579
2021-12-01,890.57080078125,946.7501986619258,884.5258302676025,941.0410923790065,3879683
2021-12-02,883.9501953125,899.9740531709818,880.3520262678087,899.9740531709818,2749084
2021-12-03,875.1226196289062,892.3458660685014,871.524450814114,892.3458660685014,2388529
2021-12-06,858.715087890625,878.7208852799588,856.3642722931085,878.0492153143895,1573419
2021-12-07,853.2457885742188,861.9293578415774,848.2083520940224,861.9293578415774,2471419
2021-12-08,861.5936279296875,865.4796389861809,854.2533392732371,858.7630564219866,1663728
2021-12-09,858.283203125,865.4795407699833,854.0133644095208,863.5605173979877,1645541
2021-12-10,857.7074584960938,864.5199675562546,854.9248513791597,858.7628978499977,947538
2021-12-13,855.2127685546875,866.4390671844851,850.6550879687226,858.9548876192689,1785608
2021-12-14,859.3386840820312,871.0927028035233,854.9249535387238,857.3237328696406,2651452
2021-12-15,859.4346313476562,865.3355930952488,855.5965845925602,859.9143871920433,1192775
2021-12-16,845.329833984375,866.9188479056559,842.6911767273295,866.9188479056559,2280037
2021-12-17,825.3720092773438,848.6881328131225,815.5849778305869,846.2893534665619,2824703
2021-12-20,857.611572265625,862.0733252341665,826.2355269926494,829.0181344342698,8501360
2021-12-21,850.8470458984375,861.0658694805647,846.3373289522417,857.6115920357564,2301316
2021-12-22,853.6776123046875,857.6595509130374,845.2818845254595,853.0059423695593,1271710
2021-12-23,872.915771484375,875.554428666658,855.1648049853796,855.884438762366,1970110
2021-12-24,871.5245361328125,875.9383254494171,865.2877095766125,873.3476319363592,1114033
2021-12-27,892.5857543945312,895.3683617359862,873.299592748,875.9382499096071,4596248
2021-12-28,895.5123901367188,898.3909256617894,885.6773937593937,894.2650364553124,1907169
2021-12-29,897.671142578125,909.233246635958,895.4642774218327,900.0219579123269,2687014
2021-12-30,914.1747436523438,916.3336449099851,898.19885092022,899.0624348488544,1729705
2021-12-31,905.875,918.4926026629973,903.8600487945088,916.3337012725647,2039044
2022-01-03,892.82568359375,909.5212114734203,888.3159666548551,908.7055913473507,2013140
2022-01-04,886.8287353515625,899.494302170266,882.9906883497705,899.494302170266,1238138
2022-01-05,890.9545288085938,894.0729416637921,881.7912042853378,888.987541643488,1407995
2022-01-06,884.6697387695312,898.0549379615336,882.0790456091529,890.9545283462659,1384402
2022-01-07,877.7133178710938,889.1315304004338,876.369978080367,888.8916524780859,1546099
2022-01-10,879.1046142578125,880.6877733938387,871.8603127756496,877.71331060692,1637506
2022-01-11,878.8648071289062,884.429963616797,876.034235727839,880.3520386421602,1578147
2022-01-12,869.509521484375,881.2155760345219,864.7119629444744,881.2155760345219,2090537
2022-01-13,886.6367797851562,891.5303246217437,871.9082985308005,875.0746754462707,2739659
2022-01-14,884.1900634765625,895.2244484249949,879.200590743612,888.5558301564134,2321761
2022-01-17,873.3475952148438,882.9427125901684,872.196169417015,878.5289234591498,1058857
2022-01-18,865.62353515625,877.5694094058468,862.0733300239585,873.3475929102141,1830577
2022-01-19,859.38671875,865.0957667876702,849.2638229783106,863.6085352941263,1413292
2022-01-20,846.6251220703125,863.4645991968172,844.4182568809196,858.7629684578937,1614683
2022-01-21,832.3284301757812,844.3702902154971,825.180056346963,844.3702902154971,1669132
2022-01-24,855.9804077148438,858.7630152120604,832.3284782443003,836.2144891143136,4992078
2022-01-25,868.9818115234375,872.1961523557151,845.4257519766437,855.3087695310625,2322693
2022-01-27,890.0430908203125,893.7852101337312,851.0869365417279,864.5201012673019,7859401
2022-01-28,894.5048217773438,903.8600612649587,880.3040597038051,889.0355931333328,2428175
2022-01-31,906.738525390625,911.5360837260251,892.9695563936044,900.9814553881448,2008278
2022-02-01,908.0819702148438,920.1717951932623,900.7896455629497,909.6171656342154,2033319
2022-02-02,913.2632446289062,919.6919848744647,906.4986987064689,907.2183324974504,1735750
2022-02-03,914.1747436523438,918.2526682501107,906.3067362450397,914.4146215698594,1116446
2022-02-04,907.7939453125,918.9722794196106,901.9409476945277,912.7354537174675,1428601
2022-02-07,895.5123901367188,908.6577140806662,889.5154411261547,907.890116320105,949273
2022-02-08,909.6651000976562,912.4956714643049,893.4013642720168,895.5123018283624,1812035
2022-02-09,929.0472412109375,933.1251661013547,911.7760299103469,916.1417966096508,2513281
2022-02-10,935.5718383789062,937.778703498291,924.0097345144376,929.7668045114123,2044733
2022-02-11,919.6920166015625,936.5314361786602,914.4147019523099,917.7729930927434,1292417
2022-02-14,916.2377319335938,923.9138254177954,900.8375225297577,908.6575661923663,2346622
2022-02-15,884.5258178710938,900.7895525431263,875.3624930493238,879.4404176851224,8304774
2022-02-16,895.3203125,902.180844340397,882.8466608366922,900.0219430909784,2480569
2022-02-17,890.6188354492188,916.8134950227941,888.2200560273903,896.9515896972653,2843010
2022-02-18,872.2921752929688,892.2020456300163,866.4871404737529,889.9472162704383,3643338
2022-02-21,870.5169677734375,876.7058297944532,859.7224614218793,866.5349708937291,1860041
2022-02-22,876.4180297851562,880.8317602781824,854.6850658690533,857.035881299361,1884736
2022-02-23,877.8572998046875,883.9981397005588,873.3955468620431,878.1931054825433,1399309
2022-02-24,859.5305786132812,871.9562669779156,852.1903491658107,863.3686254555499,2003438
2022-02-25,886.2530517578125,889.179550883991,854.8770058042777,866.4391106847897,2825642
2022-02-28,887.5963134765625,892.2979443757139,874.1151853926813,882.7987548300604,1534018
2022-03-02,885.7252807617188,893.593288893462,874.2111396608113,874.2111396608113,3276260
2022-03-03,897.0475463867188,906.7385915052696,882.3190060847454,887.5483567644173,2622469
2022-03-04,893.4972534179688,902.9004558038816,882.9905892173455,891.386316091186,2453781
2022-03-07,903.0444946289062,907.6981031273942,879.9202266307376,884.5738936931743,2604231
2022-03-08,930.2946166992188,937.4429910355656,897.527325180614,900.022032335067,5826939
2022-03-09,941.8087158203125,947.5657861327761,921.179213867318,930.2945751953854,3501351
2022-03-10,947.0860595703125,952.6992384369696,935.5239547145786,942.2885008281864,4146797
2022-03-11,1001.6822509765625,1011.0855130379448,941.6168384674564,944.3994459858574,11106725
2022-03-14,1006.1920776367188,1015.1634895869771,994.7738637327964,1002.689836123243,5590771
2022-03-15,1024.806640625,1039.151295404771,1002.6898464432002,1002.6898464432002,7945333
2022-03-16,1013.0524291992188,1034.353540605431,1006.6716534127642,1033.3940289722161,3379138
2022-03-17,1006.0481567382812,1023.2234419717937,1003.3614767551508,1013.2444954846209,3712730
2022-03-21,1007.7752075195312,1027.6370532950848,1006.6237231774772,1024.566662638732,2039889
2022-03-22,990.791748046875,1006.7676411170556,982.5399709353014,1002.689716432998,2269544
2022-03-23,973.3766479492188,1002.5937906920236,970.3061988211242,1002.5937906920236,2781735
2022-03-24,987.3375854492188,997.9881423914586,961.1908904020942,972.9449092764896,3344649
2022-03-25,972.465087890625,991.463466009896,965.2687502890664,991.463466009896,1680031
2022-03-28,975.9193725585938,1001.9701398647853,968.0514230995868,980.6210035353704,3847112
2022-03-29,996.7886962890625,998.8516698492961,978.89383839891,978.89383839891,3194089
2022-03-30,987.28955078125,1012.0930227806645,983.6913817826382,1000.7707374805408,3083750
2022-03-31,976.8308715820312,993.0946065617005,972.5610328168752,988.2970480758952,1976418
2022-04-01,973.7604370117188,984.3630882751859,965.268781790335,981.5804808861955,1285646
2022-04-04,986.1862182617188,987.9612915642083,962.8220721349788,976.7829563105171,1665075
2022-04-05,980.0932006835938,994.0540836788427,975.8233620669721,993.0945720150601,1596381
2022-04-06,987.3375854492188,991.9911939861548,972.9449092764896,972.9449092764896,1487844
2022-04-07,994.725830078125,1019.6252314114078,990.5040718864689,994.0542186734264,3496357
2022-04-08,970.6419677734375,996.4048323111791,964.3092142694842,996.4048323111791,3001682
2022-04-11,983.979248046875,986.6659276572046,970.6420119954051,971.0258401008655,2094493
2022-04-12,985.658447265625,989.9282277109676,971.9854047992973,980.1412546914928,2746930
2022-04-13,975.4396362304688,991.9433088543311,971.2178196056218,989.2566290629416,1890795
2022-04-18,986.2341918945312,993.0947247714322,969.2028572426541,975.4396840165809,2092141
2022-04-19,959.799560546875,996.8367480287635,940.6572900451418,992.8067285333013,1813890
2022-04-20,971.0738525390625,973.9044239075442,949.9645940898349,961.3348434383568,1796999
2022-04-21,958.120361328125,978.7018982542007,956.3452881735358,974.9118154648393,1526774
2022-04-22,927.8478393554688,958.1204226082066,920.1717455448754,957.5927028715179,2455188
2022-04-25,914.55859375,924.0097605019336,907.9859035135656,918.3486180867794,1309361
2022-04-26,938.7863159179688,940.8971949084724,918.3007049980042,919.3562030572053,1806747
2022-04-27,938.1625366210938,940.561315799363,924.9692511406131,926.1206768589713,1033333
2022-04-28,941.4729614257812,950.4923369348854,938.3545481700055,947.9976297558451,1840948
2022-04-29,941.4729614257812,954.6182844013803,936.9632443892538,941.5688891773017,1972427
2022-05-02,937.0591430664062,949.6767458892515,932.4534984212588,939.3619946709546,1767117
2022-05-04,918.7804565429688,943.2000420817824,908.7055832552184,937.9227275024845,2086372
2022-05-05,910.0009765625,928.0397859367768,905.7791013931384,921.0833256771366,2161283
2022-05-06,896.903564453125,908.033876783263,887.9321534549147,899.8300634347266,1828238
2022-05-09,900.309814453125,903.8600194482481,884.6697854896865,896.9035596382696,2047297
2022-05-10,888.6517944335938,901.5571800934308,881.3594702927303,892.3458910948052,1662201
2022-05-11,899.63818359375,904.4357422915921,867.6384905047236,875.0747064863787,5296875
2022-05-12,883.4703979492188,899.0624630772935,878.4329615232253,897.143439676915,2242769
2022-05-13,896.7596435546875,902.0369580939465,884.8617331863636,886.6847703433748,1734146
2022-05-16,895.6082763671875,906.7385890613024,888.5558299805638,888.5558299805638,1456551
2022-05-17,900.02197265625,902.9484716221403,879.1046293542138,897.1434375624666,2301253
2022-05-18,918.3486328125,922.2826659558585,903.2363234030864,907.5061622188531,2580102
2022-05-19,900.02197265625,915.3261959509872,896.5677539692886,901.9409960521054,1198917
2022-05-20,938.7863159179688,942.8162184008935,900.9815296916938,911.5361589000098,2594816
2022-05-23,930.7743530273438,947.7097586885435,927.3201341839017,939.1700807645492,1220231
2022-05-24,931.1101684570312,938.1145920891819,922.8103689035447,937.4429221926314,1622192
2022-05-25,932.5014038085938,945.9825897785854,930.1986109124268,933.0291820843308,1950710
2022-05-26,925.4970703125,937.7788093123984,921.3711813952465,932.7413724966472,1630614
2022-05-27,927.22412109375,938.2105419282307,921.1312451374304,930.8222900200681,1249374
2022-05-30,946.8461303710938,951.8356029055653,928.8073221901082,929.1911502942776,2171285
2022-05-31,952.7471923828125,964.2133693697921,939.0741501102431,948.8611815549773,4874664
2022-06-01,943.727783203125,958.2164459692013,940.6573338473773,954.2344487254106,1285579
2022-06-02,947.134033203125,966.0843904297656,937.9227437489202,937.9227437489202,2639988
2022-06-03,922.0428466796875,958.3123798565886,918.3967136681172,949.964615748552,1057504
2022-06-06,936.5313720703125,940.0336131597486,921.6109770233791,922.0427689960959,1412548
2022-06-07,933.3650512695312,939.9857057449797,923.0502999961851,932.2136254611121,1759986
2022-06-08,923.9618530273438,936.5314335492385,918.1568186422542,932.6454226675801,1874689
2022-06-09,932.597412109375,934.8522411874559,916.3336770191257,923.9138429038155,1405851
2022-06-10,927.6558837890625,932.2615281565475,921.1312160547968,921.1312160547968,776457
2022-06-13,916.09375,944.8790995679497,909.4251323039696,916.3336279130663,3016612
2022-06-14,925.6409301757812,931.4939280030529,912.3036943871517,916.33365515928,1570434
2022-06-15,929.574951171875,935.4280078560703,924.9693065863096,925.9288183151335,1112618
2022-06-16,902.8526000976562,938.1626210673287,890.2349970586419,936.4834754913963,1898194
2022-06-17,877.7133178710938,906.3067545021785,873.9232349852073,894.4568085637688,2715476
2022-06-20,888.3638916015625,890.5708153815557,865.4795607868244,877.7133350662391,942685
2022-06-21,900.2138671875,906.2108151695048,889.5632524330923,889.5632524330923,521963
2022-06-22,879.7763671875,906.738624555583,875.8423337838618,893.3054597473522,1698830
2022-06-23,895.5602416992188,899.3503247113525,877.3775414307381,879.8722484806767,615616
2022-06-24,895.8961181640625,905.2993214488336,892.3459130338264,895.2244482371614,722838
2022-06-27,894.6007080078125,908.0818942129023,892.8735986645819,898.1029491303202,846797
2022-06-28,906.8345336914062,909.4252271354584,884.5258854499822,897.143488418561,931109
2022-06-29,909.28125,922.9542911847049,885.5333363634074,899.1103912435373,2455089
2022-06-30,880.0641479492188,905.7790499424218,874.4989917704128,905.7790499424218,2433648
2022-07-01,910.864501953125,917.3412063323992,874.3071273268023,874.3071273268023,1793834
2022-07-04,892.9696044921875,911.5361328246688,890.9066308712684,906.3547461177706,1004832
2022-07-05,899.4462890625,911.2003073621077,892.5857569967422,897.1434375618962,1532205
2022-07-06,907.3142700195312,911.536145064356,895.3683958116887,901.9410277478892,1390651
2022-07-07,897.3833618164062,911.8719657775442,895.5123021960601,911.8719657775442,1390277
2022-07-08,897.5752563476562,904.0999243756513,890.2829320872338,904.0999243756513,1072803
2022-07-11,909.1853637695312,911.5361793131817,889.5153725317205,900.0220381008047,1037956
2022-07-12,897.863037109375,908.9933489554711,896.1838917020104,903.7640572522625,672406
2022-07-13,914.7504272460938,920.0757638661987,894.4088266915334,902.3727618404164,1511059
2022-07-14,912.6395874023438,929.4310423459314,906.8825171359708,914.7984887522335,1713101
2022-07-15,926.936279296875,928.8073388513588,912.9753955754835,924.0097802829118,1046876
2022-07-18,928.1836547851562,935.9077711143702,921.1792308221944,932.3096021028539,846036
2022-07-19,921.7550048828125,934.564463581267,916.7175680924618,919.4041893345253,1162631
2022-07-20,941.7607421875,943.1520458780499,920.0277785575943,926.6004689012447,1627220
2022-07-21,929.2869873046875,949.4367309633333,927.224013933107,945.1189287507663,1681422
2022-07-22,932.7413330078125,936.9632080621409,928.3276024578815,934.0846728607212,977238
2022-07-25,920.9392700195312,940.1295030208298,916.3815896817229,936.4833704633718,1024751
2022-07-26,917.0054321289062,923.0503447110008,906.2588883363204,921.0833572484714,988405
2022-07-27,934.6123657226562,936.7233031891112,913.2632302594473,918.1567750994948,904733
2022-07-28,928.2796630859375,939.3140483159661,925.1612498687556,937.4429886728669,1043837
2022-07-29,937.8267822265625,944.1115723043873,914.4146727412902,934.2765771358687,2941566
2022-08-01,963.8775024414062,989.2565995649555,948.2854367353631,949.9166183989389,4647912
2022-08-02,963.5416870117188,965.364724152844,951.835632241125,963.0139672751811,1184696
2022-08-03,970.8818359375,987.0976061864562,963.829448762377,969.1067628173228,4052763
2022-08-04,1002.2100830078125,1004.5129347715639,973.9044846844707,976.5911060328787,2865077
2022-08-05,992.326904296875,1003.6011662152557,990.216025512248,997.8921187332732,1561405
2022-08-08,992.66455078125,1002.2580269037242,987.4097362990993,999.0762083109753,767289
2022-08-10,1001.1492309570312,1008.8144786091793,992.1824907052325,998.449616582082,1293683
2022-08-11,1001.1974487304688,1011.4176608488517,997.9192363951969,1003.2221888591328,838963
2022-08-12,990.3504638671875,1006.2110649346433,985.7223857183985,1006.2110649346433,1140717
2022-08-16,997.4853515625,998.883355512202,988.5184944390784,990.3504469123156,776409
2022-08-17,989.0006103515625,1005.5843414819564,987.5060948876675,1002.4990344752982,1102323
2022-08-18,995.219482421875,997.0032969142053,971.2598030857588,991.6520888310507,1201720
2022-08-19,993.1947631835938,999.4618888157648,983.5530314417922,992.182451968857,654004
2022-08-22,985.915283203125,992.9537357171369,979.1178739865004,979.5999605812746,993053
2022-08-23,1003.3668212890625,1009.296509755329,974.0077368326097,974.0077368326097,1868332
2022-08-24,1000.1849975585938,1016.0938545963501,989.289911538766,1003.7042531093598,1562062
2022-08-25,989.0006103515625,1006.5485146336517,983.9868981930547,1006.5485146336517,1112617
2022-08-26,984.2279663085938,998.5941113221728,982.0103797734465,993.966150695443,1264070
2022-08-29,980.853271484375,987.3132429491434,955.7847711751193,964.1730888175229,1305557
2022-08-30,1001.2455444335938,1004.8611936879357,979.6962984170992,982.0103374792612,1571042
2022-09-01,986.34912109375,1006.8378002953554,982.8781213330967,989.2416405104473,1528731
2022-09-02,979.2141723632812,994.2552491154327,975.7913696435529,987.313249905797,1655229
2022-09-05,988.9042358398438,993.5321964399847,975.7432485234391,976.2253351086779,1275368
2022-09-06,1003.5596313476562,1004.6684540445754,988.1811161980074,988.2775099766696,1369910
2022-09-07,1013.828125,1023.8072941317992,995.9909207085117,996.8104443933303,2471263
2022-09-08,1018.215087890625,1021.7824814169472,1006.5967545169077,1020.5772649963092,1755391
2022-09-09,1020.3845825195312,1027.7604136158125,1017.2027637626398,1022.0236299416097,1092235
2022-09-12,1026.6033935546875,1030.2190429802147,1019.2274451872278,1020.3845236215493,936787
2022-09-13,1020.9629516601562,1024.9160379567304,1014.9368695931481,1019.1792549077048,1144685
2022-09-14,1021.9752197265625,1029.736860180281,1002.7400136587006,1002.7400136587006,998799
2022-09-15,996.2801513671875,1024.8677907741096,991.6520732223371,1022.0235270935123,927244
2022-09-16,1006.11474609375,1022.0236040818161,996.9551005854696,1001.2938800367604,2850439
2022-09-19,999.1726684570312,1006.5484987938955,978.6357335703356,1006.5484987938955,2073673
2022-09-20,1053.16650390625,1058.228413544943,1002.2581084611944,1004.1864549902202,2491392
2022-09-21,1032.051025390625,1062.3742257036913,1026.1213366219938,1060.5905288082624,2283817
2022-09-22,1023.8555297851562,1033.4008678662426,1013.3460185180396,1023.1323998956334,1634304
2022-09-23,1029.8333740234375,1053.841310304433,1025.157157530822,1029.013850340719,3268298
2022-09-26,1027.4710693359375,1042.4638901569476,1013.2012606301957,1027.519207371937,1219450
2022-09-27,1059.3370361328125,1065.3149805253465,1030.7011394859203,1032.5812301265128,2343041
2022-09-28,1057.842529296875,1077.6562156794273,1048.682884941321,1061.5545721542176,3450534
2022-09-29,1075.8726806640625,1081.4649325054631,1049.1168733945858,1061.120900787697,2093772
2022-09-30,1075.0048828125,1087.587390391814,1065.4596621075596,1079.6329613397463,1834565
2022-10-03,1090.23876953125,1103.8818428949685,1075.0530426949758,1076.7886014121734,2601710
2022-10-04,1103.640869140625,1106.3887392018726,1092.408227900411,1098.0486175412711,1911413
2022-10-06,1093.8062744140625,1109.1849080608326,1083.7307112327073,1109.1849080608326,1561938
2022-10-07,1089.997802734375,1106.0994480975905,1088.5997986729722,1094.3365821349098,1182984
2022-10-10,1078.76513671875,1090.9619509604315,1070.2322276324164,1070.2322276324164,1583891
2022-10-11,1070.3287353515625,1086.767936866054,1064.2545143013929,1081.609633353764,1538943
2022-10-12,1068.73779296875,1077.9939503356911,1059.8191903971956,1071.7749622487195,1231143
2022-10-13,1064.1097412109375,1087.4426848154944,1061.6510525519018,1068.6895637624166,1438932
2022-10-14,1069.171630859375,1079.8739292978541,1065.7970248303193,1075.1494573177924,1131139
2022-10-17,1068.448486328125,1073.1729582433281,1059.4334910279335,1068.3038368180535,1076392
2022-10-18,1085.514404296875,1089.708534295783,1070.521581232166,1073.7996760470835,960283
2022-10-19,1081.8023681640625,1103.9783525381922,1079.0062422470692,1090.9620138838118,1300144
2022-10-20,1096.0721435546875,1101.0857971283413,1076.981467068614,1081.8023330805593,1633570
2022-10-21,1094.095458984375,1106.870752953569,1091.9260694424365,1096.0720609791297,1349759
2022-10-24,1105.810302734375,1108.799216212606,1100.6519994852931,1104.556830454668,129688
2022-10-25,1114.48779296875,1123.1170957787203,1105.810234421415,1105.9066281992236,2210622
2022-10-27,1124.1295166015625,1137.8207284656569,1114.8734777570396,1128.0343473016214,2359658
2022-10-28,1113.812744140625,1129.8181121331997,1109.7632641045004,1127.1183803111737,1087865
2022-10-31,1125.57568359375,1135.651245258834,1117.524861868909,1119.4049523069395,1554670
2022-11-01,1131.36083984375,1142.7862685569705,1121.9118955434176,1125.67219450771,1491658
2022-11-02,1117.7177734375,1136.181713613786,1114.776998121522,1131.5054971694124,1479828
2022-11-03,1121.4298095703125,1133.867667214344,1109.8597313334315,1110.9202982990944,1992697
2022-11-04,1105.038818359375,1133.1444890860446,1100.121558857415,1126.0095842709866,1712836
2022-11-07,1090.3834228515625,1110.7274524782301,1076.4993061562016,1105.0388074374393,2006468
2022-11-09,1088.93701171875,1113.5715612953888,1084.6946269716586,1100.2177887604953,2068940
2022-11-10,1082.091552734375,1110.7274476657412,1078.9097343211497,1089.5156387693469,2028565
2022-11-11,1081.223876953125,1102.8695187535575,1076.6440541390396,1089.515743140294,1513809
2022-11-14,1089.03369140625,1092.986778211942,1078.138486547141,1084.2128251317647,1501491
2022-11-15,1078.668701171875,1094.2882589726476,1071.0517098208647,1094.2882589726476,1262746
2022-11-16,1081.0308837890625,1095.7345242597496,1077.222446942635,1080.7898405026579,1649021
2022-11-17,1079.3919677734375,1091.8779644487213,1076.4511922429374,1084.6949207191758,1270387
2022-11-18,1062.9044189453125,1086.6713087281232,1060.060037762538,1083.7305337774549,1486381
2022-11-21,1064.880859375,1068.4965082492827,1054.5642549991412,1065.362945891571,1488424
2022-11-22,1064.5435791015625,1069.9429253428043,1057.890760653907,1067.7735356988028,1302811
2022-11-23,1068.303955078125,1084.2610693559427,1059.2889587799834,1069.1717345377008,2192276
2022-11-24,1056.1070556640625,1077.6081643817922,1053.2627918982143,1073.6550779337438,2933085
2022-11-25,1065.748779296875,1067.339688550901,1039.8607534798073,1053.8895200422385,1454838
2022-11-28,1062.27783203125,1070.232260998128,1054.9018834498509,1060.5905289170637,673339
2022-11-29,1080.9827880859375,1085.5143549690551,1065.4113676349652,1066.3755408183451,1899345
2022-11-30,1098.8199462890625,1107.8349416394344,1079.873920484044,1080.98274313821,2680903
2022-12-01,1084.598388671875,1104.1710327947594,1076.9813973268674,1103.9782452455356,1360439
2022-12-02,1074.42626953125,1084.598342806358,1059.6262359982275,1084.598342806358,2586376
2022-12-05,1075.3905029296875,1082.3326202511846,1068.4485033051085,1074.426329776445,1236554
2022-12-06,1069.8465576171875,1077.752848463788,1063.868730864693,1075.0531164289637,1180968
2022-12-07,1065.70068359375,1082.4290650516828,1063.8687309768493,1071.1964237475286,1031921
2022-12-08,1067.82177734375,1073.124729736879,1063.6276476267496,1069.4608246410403,808315
2022-12-09,1068.2073974609375,1075.8725265015669,1061.6509733240753,1075.053002908687,994866
2022-12-12,1057.5052490234375,1070.2322886201493,1053.9377374432136,1065.4114224551936,1544297
2022-12-13,1070.1358642578125,1072.642691052573,1049.2132350815987,1057.649750629203,1282727
2022-12-14,1072.83544921875,1078.9097873253556,1066.5201855143102,1074.088921430247,1013627
2022-12-15,1062.3260498046875,1078.0420019170058,1059.9637549110962,1071.389183479447,710477
2022-12-16,1050.3702392578125,1068.3038360712499,1047.1884208261263,1057.0230574442098,1309491
2022-12-19,1057.3604736328125,1061.072516598568,1045.5974909724084,1051.2861359092756,779326
2022-12-20,1052.0576171875,1058.0836997245488,1049.4542789133402,1056.7338336968648,795748
2022-12-21,1087.5872802734375,1089.515626515057,1046.754572146526,1056.8301341802226,3224730
2022-12-22,1082.2362060546875,1106.2441432677542,1077.0297647167333,1094.33662729429,2070809
2022-12-23,1079.054443359375,1105.8583872799304,1073.3175422913903,1080.838140211955,2773210
2022-12-26,1057.2158203125,1094.336485229993,1054.8053875256498,1086.6231003120724,1279529
2022-12-27,1056.589111328125,1065.3149253189242,1051.0451157762811,1054.8536702952629,1209316
2022-12-28,1046.8992919921875,1063.6276732227864,1045.2601269585316,1054.805465035255,872940
2022-12-29,1048.5865478515625,1058.6621101085282,1031.6652621276185,1047.0920324024241,1625961
2022-12-30,1037.4019775390625,1055.7695217775172,1035.0398005736665,1055.7212660447913,1185711
2023-01-02,1032.581298828125,1043.2354603588055,1025.73569226719,1041.5481571650644,895053
2023-01-03,1037.35400390625,1042.2230081099658,1028.1943582017373,1031.7136140381199,952230
2023-01-04,1028.6763916015625,1043.1871273751385,1025.832010095994,1040.2946078286145,1369415
2023-01-05,1049.35791015625,1054.034126777129,1029.1585280891363,1036.4862210895467,1605744
2023-01-06,1037.7877197265625,1053.9376195729922,1035.0398498592394,1049.3577972284822,824772
2023-01-09,1048.489990234375,1057.6496346819126,1038.3180346502563,1042.994250644617,893437
2023-01-10,1040.0535888671875,1051.1898364606284,1036.3415455683487,1047.574186942878,594426
2023-01-11,1010.0677490234375,1045.1154188141982,1005.6325761579056,1040.053509873806,2168577
2023-01-12,1023.1324462890625,1025.9767102380554,1005.7773281535547,1015.0816233600318,1188988
2023-01-13,1029.495849609375,1032.243719463939,1015.5153393594701,1025.8802004068134,1089004
2023-01-16,1021.6378784179688,1036.196869902703,1013.3460126058683,1032.1473896237696,825308
2023-01-17,1030.797607421875,1032.7259539394342,1015.6118785960965,1024.7233865097223,762941
2023-01-18,1025.3018798828125,1033.593746473719,1021.3969310566342,1030.604832873116,1299797
2023-01-19,1026.6998291015625,1031.2796518935468,1020.6256084377179,1025.3982187948047,376954
2023-01-20,1015.7080688476562,1028.7726609649146,1012.8155496509414,1028.7726609649146,954230
2023-01-23,1024.482177734375,1026.121224930811,1013.0566323055932,1015.6599703020004,750581
2023-01-24,1024.096435546875,1036.3896420178025,1017.2508303847987,1026.8443052186424,712627
2023-01-25,998.1602172851562,1029.9779300795635,983.4565772816802,1026.7479736837565,2226483
2023-01-27,1009.7302856445312,1034.5094873994396,986.5901310916845,986.5901310916845,2947920
2023-01-30,997.3407592773438,1019.1310495698214,991.6521139853938,1019.1310495698214,2118395
2023-01-31,981.4801025390625,1005.6326289822224,971.4044810159052,1005.6326289822224,2705095
2023-02-01,995.074951171875,998.7869942772842,978.7321455850906,982.4924444269917,1598213
2023-02-02,988.5667724609375,995.7980710470745,980.8533284539328,989.3380403586418,1291262
2023-02-03,985.6741943359375,990.9772054817462,974.296962994951,985.3849541621374,1617105
2023-02-06,992.9055786132812,996.5693660450719,973.9595522630084,983.4566344583446,979035
2023-02-07,994.351806640625,997.7745506704384,984.7100163894531,992.905546930218,965322
2023-02-08,1001.8723754882812,1003.8971157232756,982.6371667104435,997.9192888014965,746863
2023-02-09,984.9029541015625,1007.1753321674106,983.4566942570668,988.5668594530559,1331902
2023-02-10,996.1836547851562,999.7029103336411,978.6839473640437,984.420789395147,1106858
2023-02-13,985.3367919921875,1003.318586470429,982.4924693446086,998.8834133866678,1042379
2023-02-14,991.5074462890625,995.4605327086388,981.1425848113013,989.9165370344874,759416
2023-02-15,993.8697509765625,996.4247157201994,979.696334755677,990.0611963359072,662924
2023-02-16,998.4013671875,1000.8118002323756,991.5075051397704,994.7857176201865,667265
2023-02-17,989.0006103515625,998.6423418685166,984.5654373931472,998.4012985805928,1509783
2023-02-20,929.4630126953125,962.2449031845663,921.0264967605781,962.2449031845663,5829572
2023-02-21,931.3431396484375,944.0219822643095,928.9809034744766,935.0551830300451,2042234
2023-02-22,928.0648803710938,937.94765544194,924.6902742493413,931.9697699708579,1602953
2023-02-23,925.8955078125,932.7893696992893,921.7495748417952,930.427133600766,1216409
2023-02-24,927.341796875,931.3913361933595,920.785430708756,926.6668638471962,1585383
2023-02-27,916.1573486328125,933.8980994722123,914.6628920041273,931.0055799914826,1377270
2023-02-28,873.9265747070312,912.0114144809965,870.7447562041096,912.0114144809965,5380673
2023-03-01,867.3701171875,877.6385844782627,863.8991174869798,875.2763485591928,3496231
2023-03-02,854.6913452148438,870.6483999108485,852.8111957044802,869.6360298201795,1887367
2023-03-03,847.1707763671875,860.0424646018332,845.5798671029235,859.0782914352393,1892639
2023-03-06,849.3401489257812,853.8235187512806,837.914661822145,853.2932352900011,4090356
2023-03-08,845.8209228515625,852.1362454160712,839.8912342502949,852.039851637376,2933956
2023-03-09,850.15966796875,864.7186588737422,845.5798455441948,845.8208888296977,6176157
2023-03-10,849.62939453125,852.9075479436785,840.0840567733695,847.6528513365056,1718841
2023-03-13,843.4586791992188,857.2463437908156,840.903655602182,850.9792181720479,1697362
2023-03-14,840.8071899414062,852.0398307618339,823.2592267111995,841.7231662104107,2444217
2023-03-15,846.4957885742188,851.750543761627,841.3374271578449,843.6514661472312,1286900
2023-03-16,851.7987670898438,858.1140893485035,845.3387953216859,849.4365311416085,2023997
2023-03-17,842.735595703125,856.5715167936057,838.830705910819,855.5590878283908,2205087
2023-03-20,835.64892578125,845.4835042094377,830.9244535529801,842.7355752751927,997827
2023-03-21,831.4547119140625,841.1446993781814,829.767408861887,835.7452943021436,888443
2023-03-22,832.4671630859375,834.9739898625373,821.4755650841591,833.0456434656261,1622488
2023-03-23,837.962890625,839.6984494348651,830.3941546704361,836.9023236620477,1865868
2023-03-24,845.8209228515625,847.508225917952,835.118624084133,837.9628878887069,3166046
2023-03-27,857.4391479492188,859.4156910849852,844.663854048088,849.4847196711562,3986238
2023-03-28,857.6319580078125,862.21178015569,854.6430449875269,859.849544330778,3623017
2023-03-29,855.8965454101562,864.4776514206699,853.6307031234352,861.9226277975089,3049688
2023-03-31,868.2379150390625,870.3591077227863,854.9323374389162,856.9570774992908,2320879
2023-04-03,859.5121459960938,877.3975457356286,855.26976069711,877.3975457356286,2623264
2023-04-05,863.6581420898438,865.2007956672256,854.5466935992482,857.1499730034843,1612376
2023-04-06,861.3440551757812,867.5147868405098,857.1499255362191,866.7916569820709,1512783
2023-04-10,869.53955078125,872.0946332239436,862.1636613317156,864.8151375521311,919722
2023-04-11,874.6497192382812,875.6138924132787,869.6842038476605,872.5767233726527,1778775
2023-04-12,885.0628051757812,887.9071278998263,875.6621164283447,876.4334432225445,3449942
2023-04-13,882.9415893554688,889.9800417979468,879.6151801156414,888.8712779503115,1068355
2023-04-17,873.9747314453125,884.5806357052627,868.8163699734446,882.2183998049461,2604979
2023-04-18,891.1370239257812,892.3422403498085,864.8633058819862,872.5766909957608,1949777
2023-04-19,879.2294921875,892.7761127618222,876.4333665984631,892.7761127618222,1538261
2023-04-20,871.612548828125,880.9650403805967,866.7434860717307,879.3259342159845,4446158
2023-04-21,882.2666625976562,885.6412687506378,870.6483874692265,870.6483874692265,3481218
2023-04-24,870.6483764648438,884.3396473107272,868.8646796316256,883.1826277317796,1784945
2023-04-25,877.0601196289062,879.3259029666849,864.188372911273,872.1909981970896,2440358
2023-04-26,878.4581298828125,881.4471019448333,867.804028387972,879.181259742396,1400796
2023-04-27,881.2060546875,884.4360111730356,870.6483470154614,878.5545785476411,2457652
2023-04-28,875.5174560546875,886.0751642867739,872.7213891043176,885.9305147684524,2695819
2023-05-02,884.82177734375,888.0035372057391,873.6373326626997,877.7833245948738,1857324
2023-05-03,887.666015625,891.3780586359125,884.1467601613107,887.9552557942925,2566561
2023-05-04,900.0556030273438,901.8875554855823,887.6660020365696,887.6660020365696,3393228
2023-05-05,891.6673583984375,901.694783159436,887.8588625109206,901.5019367508665,2262141
2023-05-08,899.8628540039062,901.4055664642086,886.7019248666007,893.9814209042484,3877794
2023-05-09,905.5514526367188,909.2152989114206,895.8132683149117,901.5019135548021,2657968
2023-05-10,910.5651245117188,912.7827109337219,899.7663737216014,909.6973451581944,1618668
2023-05-11,909.7937622070312,913.0719744614825,901.5018966435968,912.5416909978545,1537103
2023-05-12,903.8641967773438,918.8570785773018,880.2901497807728,914.8557361752767,3850078
2023-05-15,889.739013671875,906.3228044159875,864.7187074611243,906.3228044159875,5487301
2023-05-16,889.0640258789062,908.8778309183558,885.496632351613,894.174190582569,2964696
2023-05-17,890.8477783203125,898.6093602740178,884.1467632738994,891.8119514536537,1866976
2023-05-18,881.7363891601562,896.3436366424347,878.8920664576892,895.716900524642,1881606
2023-05-19,883.4236450195312,888.9676406090126,880.2900822950418,884.1467748790288,1168086
2023-05-22,891.8119506835938,897.6933832525136,882.6523059247613,883.4236326610767,1402783
2023-05-23,897.0667114257812,898.898605079501,886.5572006787864,893.2100188725293,1577827
2023-05-24,904.3944091796875,906.2263616928891,890.4138985900229,890.4138985900229,1034319
2023-05-25,911.5775146484375,913.0719712583133,901.5018934810167,907.7208220560054,2178211
2023-05-26,917.26611328125,918.6159792461858,906.8048580226059,912.011416631976,1130476
2023-05-29,921.9906005859375,924.8349232280254,911.2400461220742,917.8928645833333,1744868
2023-05-30,925.461669921875,927.0525793228134,916.9287602038435,923.2922801106672,1337311
2023-05-31,918.9052124023438,930.4270933592302,908.5403509996373,925.7990739909693,3561991
2023-06-01,930.18603515625,931.8733381482411,912.8309186671985,915.9644813666105,1132919
2023-06-02,931.24658203125,934.9104869566464,920.4478901936299,931.2948377658922,1098485
2023-06-05,939.8759765625,941.900775490264,924.7867020465869,935.2479572037608,1469770
2023-06-06,937.2244873046875,940.0206129451105,929.511102198371,938.0440697813086,2079735
2023-06-07,926.0401000976562,942.8649330879455,924.1599507130554,938.092264295792,1614117
2023-06-08,930.8128051757812,935.103328718809,928.4987660201475,930.3307185890626,1481632
2023-06-09,934.5248413085938,936.2121443493882,924.7867158696781,931.3912785185469,717024
2023-06-12,925.5579833984375,938.3814739180972,920.9299642667089,938.3814739180972,1239721
2023-06-13,946.3359375,948.6017208410293,922.7136955552725,928.4987343988793,2158120
2023-06-14,943.6362915039062,946.7216574118935,937.7547998687052,946.3359646052226,1831109
2023-06-15,962.4376831054688,964.1731830652941,945.4681997744431,946.7698688806577,1804458
2023-06-16,970.0064086914062,971.0670344905249,958.1470904360781,964.1731727658648,1572197
2023-06-19,975.0200805664062,981.0943595334943,963.4018060855908,970.1992149022955,1015057
2023-06-20,974.9237670898438,982.2996568543566,966.6800390464725,977.5269876841056,1413571
2023-06-21,972.7542724609375,977.1412483338204,966.3424977516389,974.0076857319817,1140198
2023-06-22,962.5340576171875,970.9223759116373,954.6278259046202,967.1620770335688,2852669
2023-06-23,953.9529418945312,964.124956897274,950.3372925678365,964.124956897274,1776614
2023-06-26,985.2886352539062,988.27754869105,953.904749921581,953.904749921581,2313439
2023-06-27,973.091796875,989.338091668381,968.9940607970028,987.3133514986376,1651238
2023-06-28,973.718505859375,982.010371564423,968.0780575177494,970.9223801329151,1653212
2023-06-30,978.5875244140625,984.854649722884,968.993990056252,973.7184619053619,1963457
2023-07-03,965.90869140625,993.0019933945482,963.2090182399345,983.9387418557088,1454455
2023-07-04,975.5985717773438,979.5999138625239,960.798537562997,971.8383318265135,1112255
2023-07-05,974.586181640625,982.2995666300221,969.3796820818563,980.5640667770992,748219
2023-07-06,984.6619262695312,986.8795129629178,975.164843347468,975.7433237549725,1236819
2023-07-07,984.0833740234375,991.8931531969528,962.2930249721974,973.2846227001066,1914093
2023-07-10,980.27490234375,989.2417013169894,976.7074497408482,987.31335492066,1142988
2023-07-11,990.9771728515625,996.4729125181805,981.5282292631908,982.444205490446,814514
2023-07-12,985.5778198242188,995.8944844467609,983.4084302056287,988.2774929132166,1163653
2023-07-13,984.131591796875,998.883429909044,981.5765092910242,991.0253948312823,1419223
2023-07-14,993.966064453125,997.7263630527104,982.8298181576048,989.3862422644158,787233
2023-07-17,995.6534423828125,1001.7759184412166,988.6631869365192,999.0761865004321,1047614
2023-07-18,993.8697509765625,998.1120187681438,982.9745470739246,995.6534478021483,780402
2023-07-19,998.6906127929688,1004.668439345624,986.0599090045957,993.0983613493213,1069988
2023-07-20,1018.6971435546875,1019.9987537101065,990.2057811563792,1001.7276027093754,1280545
2023-07-21,1019.5719604492188,1032.256515944726,1015.7812828542243,1019.5234319924655,879139
2023-07-24,1019.5719604492188,1023.5085793689234,1008.9286850759188,1019.5719604492188,936947
2023-07-25,1025.20947265625,1032.0134226999512,1020.0093345674301,1028.3684494622541,599999
2023-07-26,1038.5743408203125,1051.744891152323,1012.9623534316402,1030.3124017496784,1854416
2023-07-27,1138.64111328125,1185.2482472213592,1077.502850602317,1083.7721577763934,14590950
2023-07-28,1144.8133544921875,1157.0604420444497,1123.332215178575,1138.6411042817738,4454009
2023-07-31,1142.0916748046875,1151.5686057232795,1132.7605665536003,1148.7012740854252,2221571
2023-08-01,1145.3477783203125,1154.0471857256941,1135.3848513707485,1142.0916259256278,1362536
2023-08-02,1135.5794677734375,1151.8117033901547,1121.2425710434757,1151.8117033901547,1861901
2023-08-03,1133.1978759765625,1145.930958980547,1117.7918125512597,1133.392345743543,2574025
2023-08-04,1175.8685302734375,1204.0076801275068,1138.203801570734,1138.203801570734,8359856
2023-08-07,1189.379150390625,1194.0932922830993,1141.3140297057214,1161.531529734069,2468250
2023-08-08,1230.98046875,1233.4590983230644,1189.7680610952264,1190.6914069706493,5064238
2023-08-09,1230.5916748046875,1236.0348113864861,1217.1781251464351,1234.4309993499483,2105178
2023-08-10,1223.6905517578125,1242.1098904773528,1213.1444513358251,1230.5431499348706,2102129
2023-08-11,1215.185546875,1223.544781222908,1210.1312309612974,1223.0587847446102,1286301
2023-08-14,1200.994384765625,1216.9350918071316,1197.1550603311366,1215.1854571538477,830936
2023-08-16,1208.7218017578125,1211.103136869719,1191.7119262399794,1197.0578871170128,1665083
2023-08-17,1206.2431640625,1210.9573058001367,1191.7119179673007,1200.4112067825845,1855386
2023-08-18,1201.7720947265625,1221.7951255599373,1196.5233091203522,1204.2992526402247,1292509
2023-08-21,1199.2449951171875,1210.4229144704464,1195.8430196618478,1202.792674599423,1101408
2023-08-22,1186.8033447265625,1205.5142082695488,1183.9360130987482,1199.2449014521007,1379445
2023-08-23,1196.18310546875,1224.6138982537416,1190.739968870979,1216.9837775955866,2562635
2023-08-24,1186.3172607421875,1204.9309473509845,1182.9152858035577,1200.6055080238448,848018
2023-08-25,1175.5283203125,1185.7342464859028,1171.2515275190628,1183.8387890056651,887533
2023-08-28,1194.482177734375,1202.3552970160667,1177.0834799405472,1178.0554729049902,1666004
2023-08-29,1195.308349609375,1210.7630614948166,1192.9270143039248,1197.4953337822728,1209087
2023-08-30,1201.529052734375,1221.6007299443731,1196.6690882114447,1200.1195918318388,1282450
2023-08-31,1222.3782958984375,1230.6402358768441,1188.94171507906,1205.4170665798306,3103295
2023-09-01,1210.52001953125,1233.3618534009483,1204.9310601801535,1229.4738816784466,1167597
2023-09-04,1204.1534423828125,1220.2399731659807,1198.029957988674,1215.2828328512542,1126182
2023-09-05,1204.25048828125,1230.5429422084565,1200.5083395569607,1219.8510209096469,2179947
2023-09-06,1221.5521240234375,1231.515051631347,1207.7984002295393,1211.2490226177495,2721714
2023-09-07,1214.310791015625,1225.6830606122608,1210.131174038275,1223.7390747905126,849621
2023-09-08,1209.742431640625,1226.6551331175508,1204.2992947168348,1214.5052209432486,787710
2023-09-11,1212.4154052734375,1217.6641910325318,1201.8693052977255,1209.742424610624,1162138
2023-09-12,1205.076904296875,1224.6139388198526,1200.362643578257,1212.9985519012698,1132283
2023-09-13,1194.09326171875,1214.991108789937,1189.038946166774,1207.2151656936812,1627384
2023-09-14,1199.1961669921875,1209.402091817653,1190.691229637633,1195.5511938402356,1713142
2023-09-15,1200.8973388671875,1207.1666461906418,1193.8990368014015,1200.21699123494,1938487
2023-09-18,1205.805908203125,1222.3783169007197,1202.4039328594477,1206.1946104640724,1864030
2023-09-20,1204.9794921875,1217.5182237192464,1201.3831660926332,1208.4301142756199,1701959
2023-09-21,1172.6123046875,1205.5142419240483,1170.2794979049015,1197.4953001817596,1895731
2023-09-22,1152.6865234375,1175.2367135966083,1135.8224686030621,1173.5843729557603,2796199
2023-09-25,1146.31982421875,1163.6213456213377,1144.0356645915351,1152.783600854342,1267600
2023-09-26,1131.0595703125,1151.8115951531063,1128.9697618315047,1147.9236235238975,1056359
2023-09-27,1147.437744140625,1155.6996846956401,1137.3289931430145,1153.7556986826953,2165043
2023-09-28,1131.4483642578125,1151.8115677202084,1126.4425771741344,1147.437599741524,1303811
2023-09-29,1152.929443359375,1165.6138799678029,1132.3717690577723,1137.134558168655,1878381
2023-10-03,1149.67333984375,1152.492024553869,1138.1551281532504,1150.839683954731,1581125
2023-10-04,1134.3643798828125,1151.8116052614128,1128.775420616776,1145.1048304118733,999123
2023-10-05,1128.5809326171875,1140.0990247534994,1122.8947978816896,1137.3288687184083,1446743
2023-10-06,1130.427734375,1148.603954010551,1127.949105037663,1132.3717201606835,928951
2023-10-09,1127.02587890625,1134.1700036968327,1119.3957576176483,1126.539882408231,822110
2023-10-10,1122.700439453125,1131.0109075042947,1118.2778243257096,1127.608932375968,822199
2023-10-11,1139.1270751953125,1142.0917011141164,1114.389902406242,1118.7638706232747,1465239
2023-10-12,1125.4705810546875,1153.1237310687318,1120.1731486604017,1146.0282542257034,2533930
2023-10-13,1135.044677734375,1136.454019939994,1117.7918042342378,1123.6237614737208,940547
2023-10-16,1131.78857421875,1137.3288863749433,1126.3454376237835,1133.635384487974,802207
2023-10-17,1140.6336669921875,1145.056282143289,1128.1435819701612,1135.287706047614,877856
2023-10-18,1176.6947021484375,1185.2968164687152,1143.2095907567927,1151.8117050770704,7367540
2023-10-19,1189.0389404296875,1190.6912808690793,1156.3313562085807,1176.5973840751187,2157683
2023-10-20,1166.5858154296875,1187.629485161961,1164.6904767607691,1187.629485161961,692067
2023-10-23,1150.6451416015625,1176.3056569906796,1145.4448851212962,1166.3913777404723,957929
2023-10-25,1125.0330810546875,1155.4565048360919,1121.728400273284,1151.325535207866,1433911
2023-10-26,1118.6180419921875,1122.6518363900323,1100.2959989554256,1122.4574852642368,2016469
2023-10-27,1141.3626708984375,1164.3503268763363,1117.0628482265524,1119.73582872046,1775011
2023-10-30,1160.02490234375,1178.4442393595923,1144.521662737955,1152.7836025538977,2853500
2023-10-31,1166.3914794921875,1172.3206124493106,1157.7407189556584,1166.3428323866178,1720955
2023-11-01,1167.6065673828125,1174.8478676241966,1153.318318035476,1166.3915761576484,1051902
2023-11-02,1174.6534423828125,1177.9095949305326,1161.1913641875792,1171.73746362638,1556467
2023-11-03,1172.563720703125,1185.588450509941,1170.279560905078,1180.9714838037123,772013
2023-11-06,1170.3765869140625,1182.9153186231895,1163.7184595083104,1178.0067071863907,1262938
2023-11-07,1182.380859375,1183.4014995045738,1167.1206164518414,1171.2515867786542,1210644
2023-11-08,1206.2431640625,1207.6039778247753,1185.8313135827962,1187.775299342768,1107006
2023-11-09,1203.4730224609375,1210.1311500380807,1197.4952424473217,1207.2151713632902,751433
2023-11-10,1205.368408203125,1207.215218499564,1195.5513033449786,1203.1814241116404,576673
2023-11-13,1205.805908203125,1208.1872434831055,1196.1831542149982,1208.1872434831055,689808
2023-11-15,1206.97216796875,1224.711038164385,1203.03554931406,1224.711038164385,1323010
2023-11-16,1200.216796875,1211.3947144472916,1198.126988555104,1206.2917520773324,1251094
2023-11-17,1214.407958984375,1220.9202639859277,1200.8972338773933,1201.383230329792,992848
2023-11-20,1212.17236328125,1220.8231241171534,1206.243230118939,1206.7292265855463,848916
2023-11-21,1218.150146484375,1219.8511341215963,1207.3610486300101,1212.0265435297856,594738
2023-11-22,1235.888916015625,1247.601477387333,1218.8790410409702,1221.7463725046805,1735497
2023-11-23,1137.8636474609375,1234.4311298320692,1131.9345137959792,1234.4311298320692,7643376
2023-11-24,1165.079345703125,1171.2514770594075,1145.0076680298607,1156.720230261047,5331201
2023-11-28,1158.9071044921875,1169.0643821561325,1154.7274878416008,1166.391401860203,1691543
2023-11-29,1167.8980712890625,1173.001033816714,1158.3724937768577,1165.176443813726,2173427
2023-11-30,1178.3470458984375,1183.547184208596,1164.5446754599907,1166.391485709326,3219799
2023-12-01,1171.9317626953125,1183.7414998646007,1169.7934258295,1179.4647074815016,1078680
2023-12-04,1182.429443359375,1184.956601341149,1172.4665154560182,1178.3471203620081,2097408
2023-12-05,1190.15673828125,1194.579353731656,1181.943445189336,1188.3585750266784,2132150
2023-12-06,1171.44580078125,1195.4054496021208,1167.3634780438524,1190.6913077466438,1416770
2023-12-07,1188.552978515625,1190.6913154583058,1163.4755139621159,1172.2234501573198,1269290
2023-12-08,1184.9566650390625,1196.7177568317804,1170.279594191051,1190.6914475781043,1453955
2023-12-11,1168.627197265625,1184.8107853222737,1161.5802482212214,1183.4986185408543,1565455
2023-12-12,1165.079345703125,1180.2424116343448,1161.7258989140169,1176.694613720425,899911
2023-12-13,1182.429443359375,1183.8387856997435,1161.7259457191224,1165.0793926433385,1809563
2023-12-14,1170.911376953125,1188.3100751720197,1167.460754384456,1184.9080997133556,1809248
2023-12-15,1173.2926025390625,1183.4985279601779,1169.161632725754,1180.9713701576256,1976112
2023-12-18,1182.7210693359375,1184.8107592578083,1158.7127722736464,1171.834677102145,1995091
2023-12-19,1202.452392578125,1205.4170183830215,1178.2497456434971,1185.296694166847,1738507
2023-12-20,1201.57763671875,1213.0472009835144,1196.523320841912,1204.2992644379601,2484819
2023-12-21,1187.6295166015625,1201.577591167917,1172.0776299990255,1201.577591167917,1580136
2023-12-22,1200.994384765625,1207.701159401247,1187.4351314828368,1195.5998954457039,1969524
2023-12-26,1210.0826416015625,1214.9912537272164,1197.3495569927993,1205.2713236973987,820163
2023-12-27,1205.0281982421875,1215.3312992558865,1202.0635724354472,1212.0751467699195,2528609
2023-12-28,1225.48876953125,1228.4047484067353,1205.0282702943339,1205.0282702943339,2592699
2023-12-29,1211.3948974609375,1232.0982767274052,1207.2639272992578,1228.599125732515,1794218
2024-01-01,1215.963134765625,1221.6007411244104,1211.7835177770621,1217.3724770295821,343584
2024-01-02,1245.6575927734375,1249.010920937151,1217.0323296591253,1219.9483084628696,2589484
2024-01-03,1263.7366943359375,1270.3948225063043,1238.3677013352367,1254.8429348551178,2357093
2024-01-04,1260.3345947265625,1271.3666902117902,1250.6146659023134,1267.4787186820906,1248143
2024-01-05,1250.8577880859375,1265.0975089549481,1240.4088635643561,1263.5908723772882,1013196
2024-01-08,1236.1319580078125,1260.674778483297,1230.7373500070662,1260.3346047020507,740848
2024-01-09,1253.239013671875,1258.7307972511812,1237.735774479063,1248.0388754212483,1133466
2024-01-10,1291.9730224609375,1294.208653777099,1258.0505623563508,1259.7029029629143,3625567
2024-01-11,1288.5224609375,1302.4705358561105,1285.9953030310605,1302.3247131852333,1097204
2024-01-12,1271.3668212890625,1288.522521162901,1263.9796983513195,1287.1130601471855,2051301
2024-01-15,1276.37255859375,1290.563631850855,1270.005957347713,1279.14271475483,762036
2024-01-16,1265.8748779296875,1277.587439357338,1261.8897309326,1276.3724482819168,1030845
2024-01-17,1257.7589111328125,1276.1296021122675,1246.1921709863789,1262.9590498248958,2073596
2024-01-18,1285.89794921875,1290.028919010418,1232.3898116963828,1249.0595135271737,1723297
2024-01-19,1290.7579345703125,1293.6739132939788,1279.7258387960703,1293.6739132939788,1135846
2024-01-23,1369.5380859375,1385.0899733576562,1330.366722037388,1346.2102548072658,7556815
2024-01-24,1377.6541748046875,1383.1946057737894,1355.7843335749014,1369.5380574563744,1808713
2024-01-25,1331.2901611328125,1373.8633809419816,1315.592451337426,1373.7662053777574,1801468
2024-01-29,1299.40869140625,1326.7703154141338,1288.1822445436324,1326.7703154141338,2480508
2024-01-30,1280.2119140625,1314.1344923664578,1277.3445822683004,1307.3305415923712,1908926
2024-01-31,1313.162353515625,1315.009163679435,1275.2546319855662,1280.2117718399718,1723379
2024-02-01,1348.7860107421875,1355.784312365648,1314.1830862235568,1321.6187372041782,2784507
2024-02-02,1353.64599609375,1365.358439868559,1346.2102263478857,1348.1542122343087,1161705
2024-02-05,1393.74072265625,1406.4738066433185,1355.2498253477938,1361.421956885075,2369316
2024-02-06,1385.5272216796875,1405.4045475297467,1372.9886082828568,1404.3839075316437,979752
2024-02-07,1398.454833984375,1404.0437933556418,1381.0561367330915,1395.7818534155083,890299
2024-02-08,1380.4241943359375,1416.8739261112999,1377.9456837660953,1407.445642952661,1447767
2024-02-09,1399.4267578125,1407.0083497849412,1377.3625667578315,1388.1030169587352,1215784
2024-02-12,1394.56689453125,1412.0627677506698,1385.0899632040644,1399.6698575535809,453460
2024-02-13,1416.922607421875,1422.5602135331567,1389.949805256924,1398.6977410942054,981536
2024-02-14,1385.4300537109375,1414.0553157536456,1370.947335797547,1414.0553157536456,1113254
2024-02-15,1382.5140380859375,1397.6771031624296,1372.4539355886525,1385.4300167026274,1402161
2024-02-16,1400.3502197265625,1408.4178088111264,1385.9647950096519,1389.9499424430026,857301
2024-02-19,1429.1697998046875,1432.3287768689843,1398.6491976685704,1404.4811553257334,888909
2024-02-20,1410.9935302734375,1437.5775126079336,1395.7818175152079,1433.689540971401,1550412
2024-02-21,1406.765380859375,1421.5396255757075,1393.3031841848774,1411.3337000587537,1074054
2024-02-22,1412.597412109375,1415.2217456331286,1380.7646427622012,1414.7843962629977,1582836
2024-02-23,1425.3304443359375,1440.8336839789054,1409.1467384567845,1415.3675168869413,1308103
2024-02-26,1428.683837890625,1439.7159343286428,1420.616367460634,1432.2316359481774,898290
2024-02-27,1445.7908935546875,1449.2415160535043,1428.5380183635743,1432.1829919954996,1231196
2024-02-28,1435.633544921875,1452.1087774791747,1428.8295944720082,1449.6787951756507,1083605
2024-02-29,1438.8896484375,1448.2694035397135,1410.7505017823355,1434.6128559987656,4923680
2024-03-01,1429.7044677734375,1452.1574814062494,1419.1097207852235,1452.1574814062494,1982189
2024-03-04,1430.28759765625,1453.4210768696244,1428.586610027369,1441.4655163603254,1147249
2024-03-05,1432.1829833984375,1438.2579394151799,1412.1114236403087,1424.1155129990946,1306046
2024-03-06,1443.6524658203125,1448.172256570345,1407.5915526834588,1434.661531426212,1158132
2024-03-07,1441.611328125,1448.706805275198,1434.1755585304156,1443.6524895339205,1569074
2024-03-11,1461.974609375,1476.4573284269306,1446.860189810764,1451.1855110871675,2183994
2024-03-12,1424.6986083984375,1471.5972663245673,1419.1096491637174,1469.653280503795,1855916
2024-03-13,1430.0445556640625,1437.5775006471697,1408.4177136157869,1428.8295645377548,1720173
2024-03-14,1454.733154296875,1459.3986488873825,1413.617808387773,1426.0107174945942,1748907
2024-03-15,1446.3741455078125,1454.2957930677833,1424.9903007734026,1452.9350978695065,1537072
2024-03-18,1446.7628173828125,1453.9555887363683,1429.80158835342,1447.2974609505386,996530
2024-03-19,1395.490234375,1445.159169166493,1391.0190905240167,1441.0281991185714,1647925
2024-03-20,1377.7027587890625,1404.4325635118762,1375.953124110251,1395.5874518611677,1728210
2024-03-21,1408.1260986328125,1414.346877063873,1380.4243003559698,1387.0338996861242,1699939
2024-03-22,1439.7645263671875,1447.8806435956533,1410.41038736615,1412.305726117484,1746930
2024-03-26,1431.0166015625,1439.7645379958926,1419.1096880837154,1431.7455962652828,1635695
2024-03-27,1422.3658447265625,1454.1014379413407,1417.1657062289269,1442.4375226637362,1642266
2024-03-28,1455.024658203125,1471.791534967679,1420.227385152209,1430.7734839086052,2110407
2024-04-01,1456.6771240234375,1467.7092192590972,1451.9629823806151,1467.7092192590972,563831
2024-04-02,1447.686279296875,1460.8081837215755,1441.757146213047,1460.8081837215755,614238
2024-04-03,1430.28759765625,1459.4960326870566,1425.9136294676987,1451.525619463697,1465540
2024-04-04,1418.6722412109375,1439.7157919303295,1404.626873045169,1437.5774550764036,1474799
2024-04-05,1408.8065185546875,1432.7175199193834,1397.2397794329129,1398.6977687679732,1211684
2024-04-08,1421.490966796875,1431.5997166704763,1408.806530663709,1416.3394756262687,1039235
2024-04-09,1409.681396484375,1428.8296097807076,1406.5709479116508,1426.6426256841046,1225255
2024-04-10,1383.0972900390625,1414.5413561947344,1366.6220573628832,1412.4515476683287,2493253
2024-04-12,1357.6798095703125,1384.944140818696,1349.1262240895546,1383.1459775788446,2190583
2024-04-15,1342.7110595703125,1359.8181114378042,1337.0249246502076,1351.0215279453948,1125072
2024-04-16,1336.6845703125,1352.9654511645208,1333.1368911972697,1346.2101480626307,1433760
2024-04-18,1309.566162109375,1344.8980824653866,1304.8033728763846,1337.4623125931294,2974196
2024-04-19,1308.0595703125,1319.6748391181015,1297.6106456378877,1309.274561553734,1173025
2024-04-22,1316.9046630859375,1323.8057895024426,1310.246534914038,1312.4335191154896,974434
2024-04-23,1308.9827880859375,1331.387271842175,1306.8444511712387,1331.387271842175,1031497
2024-04-24,1359.04052734375,1362.6369725346244,1314.328850587206,1315.5438418034164,4415480
2024-04-25,1366.81640625,1370.9473761890342,1345.3353862973179,1367.5940480520574,2027213
2024-04-26,1369.683837890625,1377.5083096539943,1362.0050701431085,1373.5231624386438,695034
2024-04-29,1368.5660400390625,1380.3271307153523,1353.4029741211984,1379.2579622268677,1082487
2024-04-30,1360.7900390625,1379.209256773506,1355.9787217421192,1375.418579443012,1327606
2024-05-02,1380.2786865234375,1386.0619973265825,1358.992016410635,1360.7901797035172,1540210
2024-05-03,1384.846923828125,1393.8378584099185,1375.564343907411,1388.0059008433498,804513
2024-05-06,1383.5347900390625,1391.7480830135605,1365.6987431203736,1390.9219127355937,929301
2024-05-07,1348.3485107421875,1388.832038977346,1339.1632252478937,1383.5347251041674,1085239
2024-05-08,1345.9671630859375,1358.991891626019,1336.5388794528767,1336.5388794528767,1497782
2024-05-09,1320.7440185546875,1353.2084869500652,1315.106412194813,1348.9803415058987,1152636
2024-05-10,1302.033203125,1357.7769750554505,1280.3577128878653,1332.9425077320484,5080539
2024-05-13,1375.02978515625,1386.013233778825,1331.1929289230843,1332.6022711730702,7910590
2024-05-14,1319.3345947265625,1370.5100468001408,1312.2876459043632,1370.5100468001408,3721994
2024-05-15,1367.302490234375,1388.4433377461867,1347.8626304533987,1355.930219723099,7893092
2024-05-16,1381.2991943359375,1385.9648080809018,1348.4459029410586,1369.5381030577191,3226214
2024-05-17,1359.8668212890625,1380.1328511196268,1357.2910161709337,1377.41122332472,3443452
2024-05-21,1401.9052734375,1405.452952262993,1357.2907798518784,1370.5098583009417,2939271
2024-05-22,1440.78515625,1452.9350677792906,1396.9968276378445,1410.3130832133552,4216347
2024-05-23,1447.4432373046875,1462.4119515557802,1421.7339541478868,1440.493464404022,4389470
2024-05-24,1444.81884765625,1452.0602661972819,1437.6261948739368,1447.4432997659824,758326
2024-05-27,1437.2374267578125,1450.7481527517166,1433.8839798252347,1449.241516189785,1393334
2024-05-28,1438.014892578125,1452.886431865134,1433.8839226263426,1441.416867832534,784496
2024-05-29,1451.719970703125,1455.6564705605047,1431.3566492749344,1433.9324540614991,1607691
2024-05-30,1425.524658203125,1454.6359146005423,1413.27757229728,1453.1779253581446,1732140
2024-05-31,1406.6680908203125,1431.4539100064396,1399.6697893342327,1425.8649507781952,3270743
2024-06-03,1411.6739501953125,1441.4655581173124,1405.5504657448416,1440.493565158366,1335614
2024-06-04,1421.58837890625,1435.5849828827513,1378.820687829973,1419.1097493491893,2049577
2024-06-05,1455.024658203125,1471.5971838570845,1425.7676969703425,1448.2693553150964,1834280
2024-06-06,1435.633544921875,1458.9613750357037,1422.997636943551,1457.9893821142941,1605122
2024-06-07,1455.31640625,1461.294186466145,1437.869180715309,1442.4375,1591055
2024-06-10,1491.280029296875,1497.6951583730722,1459.9332599015195,1464.6960485942088,2751606
2024-06-11,1487.39208984375,1503.1383268827317,1484.2331130151324,1501.7289846813223,1699446
2024-06-12,1497.7923583984375,1505.6169484250834,1489.093069714156,1499.2503476964605,1578793
2024-06-13,1501.2916259765625,1507.5609324905472,1477.8179745740263,1506.5889396262721,1525789
2024-06-14,1520.9259033203125,1523.1128873640707,1492.7867560845477,1501.7290433806568,1845043
2024-06-18,1530.6944580078125,1532.7841478102005,1519.808066396474,1526.0288446527422,2068897
2024-06-19,1516.1146240234375,1537.6928196707404,1509.8938455232976,1533.2216759102114,1881544
2024-06-20,1501.583251953125,1515.4827982921022,1496.869109979913,1514.3649826939638,1705002
2024-06-21,1498.375732421875,1519.1277575216031,1490.5511419597988,1506.4918495688953,2613883
2024-06-24,1462.26611328125,1485.2051215327435,1453.178003578082,1485.2051215327435,1283529
2024-06-25,1457.69775390625,1475.2909209116783,1453.6154310489517,1469.2644935372366,1199626
2024-06-26,1437.6746826171875,1464.9876595280684,1433.6895354354253,1461.5856843592387,1930909
2024-06-27,1439.4244384765625,1444.5759301178362,1424.2613716065212,1439.521614044985,2792582
2024-06-28,1439.3271484375,1450.4077726891542,1434.7101821154845,1444.6731094419388,2087765
2024-07-01,1437.6746826171875,1451.8657553054393,1430.9679078397703,1443.3608173833647,1313651
2024-07-02,1446.957275390625,1450.9424226083743,1437.8205182672502,1438.549512952868,1191962
2024-07-03,1442.194580078125,1457.9894659593513,1433.3008206054758,1452.157508095514,1061247
2024-07-04,1439.278564453125,1447.2488592032462,1425.91366135589,1436.3625855955465,1498413
2024-07-05,1467.612060546875,1473.5411933332907,1444.3814071855343,1445.3534000571262,2188675
2024-07-08,1445.402099609375,1481.9490091770817,1441.659831996775,1473.541246802432,1524489
2024-07-09,1469.7020263671875,1472.5693581849068,1445.6452002186222,1454.9763090550412,1791406
2024-07-10,1470.8197021484375,1474.7563211038214,1450.4564970619065,1469.75053362089,671042
2024-07-11,1463.8212890625,1476.457196604208,1453.1293672964393,1474.5132108285607,1314312
2024-07-12,1469.7020263671875,1472.5693581849068,1460.322270421389,1463.87006851299,1192685
2024-07-15,1474.7076416015625,1489.0445374713665,1470.8683169478688,1474.1244695676635,1825510
2024-07-16,1468.09814453125,1481.7545740006194,1461.002548684901,1474.7076252613404,963199
2024-07-18,1464.453125,1470.6252561783183,1443.9926270155802,1455.0733697944102,2169744
2024-07-19,1443.8955078125,1463.8213630196062,1438.7438977861677,1459.544570366809,868261
2024-07-22,1448.26953125,1464.8420589171799,1429.461490933527,1433.7382837493947,1328847
2024-07-23,1455.9482421875,1461.8773753652677,1433.8354028992287,1448.269474264793,1241630
2024-07-24,1461.391357421875,1468.9729496698899,1443.4094883747816,1453.4695913816433,2266300
2024-07-25,1458.0379638671875,1466.4456073393396,1448.075036869309,1456.045331007022,2200932
2024-07-26,1530.888916015625,1555.188740079365,1458.9614367869544,1462.6064103965155,4687416
2024-07-29,1510.428466796875,1544.49686872494,1485.98293789904,1543.5248757301479,3983153
2024-07-30,1486.0799560546875,1520.2455299329338,1483.261152938075,1510.4769539094157,2988651
2024-07-31,1501.048583984375,1505.1795535370695,1480.8797326388667,1487.2462145233144,1645138
2024-08-01,1502.8955078125,1509.0191110861986,1492.5438774305867,1502.6525095659483,1529481
2024-08-02,1498.5823974609375,1510.9333269601857,1493.5831062986651,1498.778396477783,1353707
2024-08-05,1485.104248046875,1497.7491766978533,1442.905107204811,1442.905107204811,1719770
2024-08-06,1501.62109375,1511.8644953155474,1475.9388808044705,1483.0946397515404,1775016
2024-08-07,1522.84326171875,1526.1270231603692,1501.8171611918447,1501.8171611918447,1359682
2024-08-08,1538.9189453125,1558.2296347480558,1514.462144944845,1514.462144944845,3541556
2024-08-09,1543.624267578125,1549.946732193842,1530.6361605481773,1543.6733271657788,956684
2024-08-12,1554.8968505859375,1561.5134329288564,1539.9973352471143,1543.5750951583786,1731555
2024-08-13,1552.152099609375,1574.942549215446,1548.7703388211592,1568.3750266543382,2281463
2024-08-14,1532.8907470703125,1565.4344843548142,1524.264635674224,1565.4344843548142,896638
2024-08-16,1544.947509765625,1549.2115057386832,1529.1657588779415,1536.0274001036757,909870
2024-08-19,1544.359375,1553.6225426836415,1538.673967330579,1547.251018762664,742635
2024-08-20,1531.9593505859375,1547.7901605163906,1527.4012365680485,1545.339574448442,1413845
2024-08-21,1563.081787109375,1564.6011983281555,1530.145934425444,1534.7040484242632,1074905
2024-08-22,1554.4559326171875,1567.394980276154,1544.898646152089,1567.394980276154,906819
2024-08-23,1543.42822265625,1554.455860372692,1537.4486967017574,1548.8195122065106,770573
2024-08-26,1562.4447021484375,1564.4542306962408,1535.5863731118816,1538.9681342062017,658120
2024-08-27,1566.4637451171875,1587.7838448733144,1555.1419891078192,1555.1419891078192,1570234
2024-08-28,1586.21533203125,1597.7821463525177,1563.6699397821042,1572.2960507665266,1433847
2024-08-29,1586.5584716796875,1609.8390392034871,1577.197185086056,1589.9402325727674,2749546
2024-08-30,1622.18994140625,1630.8159323791424,1583.0785646998095,1583.0785646998095,3296701
2024-09-02,1614.10302734375,1648.3621723688827,1609.5449133713341,1636.011242641143,1306971
2024-09-03,1620.5235595703125,1627.0421426534217,1610.8193341533445,1610.8193341533445,1264708
2024-09-04,1619.2493896484375,1625.228796149084,1598.5664656916774,1602.732462304243,1019049
2024-09-05,1595.5765380859375,1627.1400377740692,1591.3125423948495,1618.4649873009898,1081756
2024-09-06,1579.206787109375,1599.6935917590388,1576.2660837061665,1595.576654857558,913336
2024-09-09,1588.1268310546875,1604.447758197994,1578.1774276877602,1579.2067216992614,1003511
2024-09-10,1599.74267578125,1611.8485477112015,1592.194918127402,1600.7229102639592,1248269
2024-09-11,1596.164794921875,1619.641482561597,1592.1458574769576,1594.939501819307,1243738
2024-09-12,1624.4935302734375,1627.189174991043,1598.3213185146035,1602.683313921901,1728200
2024-09-13,1626.8951416015625,1636.207369293262,1611.0153906639928,1626.1110258009908,747149
2024-09-16,1626.60107421875,1638.8049452879297,1621.45484334373,1628.365424438527,683436
2024-09-17,1638.756103515625,1649.7346821769024,1623.954466672028,1627.1892884216627,958137
2024-09-18,1618.9552001953125,1639.9322414411274,1605.6730951389452,1639.9322414411274,1084127
2024-09-19,1605.3299560546875,1635.0311085880944,1600.4778432537237,1627.189232767528,2048750
2024-09-20,1606.26123046875,1619.9354533964474,1577.9814900768188,1613.3679303420572,2504382
2024-09-23,1625.3758544921875,1631.9433777564893,1605.6241054539069,1614.2991568174355,1129445
2024-09-24,1605.1829833984375,1626.7970813871684,1592.8319335105607,1592.8809930964358,1476260
2024-09-25,1610.72119140625,1616.406599047596,1586.2643898779697,1605.6240201576484,759761
2024-09-26,1589.744384765625,1619.7884769333366,1570.6298117174065,1610.721307666874,2613098
2024-09-27,1639.442138671875,1645.8627222648117,1597.7821740120517,1597.9292331129448,3866952
2024-09-30,1621.40576171875,1645.7156236704643,1613.7600048885913,1641.8926854266228,1313437
2024-10-01,1631.943359375,1634.099947037779,1618.9063125113948,1627.1892460514762,945740
2024-10-03,1623.8074951171875,1644.8334771015097,1607.9276245568499,1628.414549365246,1533472
2024-10-04,1591.214599609375,1623.6603353420142,1546.1238157860935,1612.5836384093727,2371220
2024-10-07,1592.5379638671875,1612.3386524007542,1580.1870334127088,1590.920553051803,1553239
2024-10-08,1608.2705078125,1620.5234376265696,1591.753582354638,1592.5378177257453,1239808
2024-10-09,1647.283935546875,1668.4080350677445,1598.2722147629752,1598.2722147629752,1671718
2024-10-10,1586.9014892578125,1660.517068542076,1582.1963162891366,1660.4680089592177,2288313
2024-10-11,1564.2091064453125,1581.902385936922,1542.6439487816453,1570.4335712030934,1894245
2024-10-14,1566.855712890625,1574.2074712851022,1539.9973846154885,1568.3751241551606,2301224
2024-10-15,1540.6834716796875,1573.2272070263268,1537.0075925520916,1570.237563797063,2206500
2024-10-16,1531.3221435546875,1541.9087230188422,1519.7554493405396,1530.538027823189,2519123
2024-10-17,1527.891357421875,1547.496046012173,1521.4708937030662,1531.3221779251771,1498368
2024-10-18,1521.02978515625,1531.1753076862615,1505.9832099146902,1518.4322595266622,1879293
2024-10-21,1493.6322021484375,1530.3909930134525,1487.1626788876995,1521.3238246000822,1297970
2024-10-22,1480.4970703125,1496.523879559324,1471.8220194043588,1492.8970599752504,1757792
2024-10-23,1456.236328125,1484.1730109693797,1453.0016261164847,1475.0078424589576,1925211
2024-10-24,1462.803955078125,1478.1935884744294,1452.7565517081894,1466.4307747730415,1178365
2024-10-25,1459.4710693359375,1476.968230010833,1449.570725506958,1462.8038903353279,1175088
2024-10-28,1473.4393310546875,1483.2906147713293,1442.6108880337367,1467.2148666781495,928896
2024-10-29,1448.345458984375,1487.1627192601088,1421.3399520327425,1480.1540190134078,3475282
2024-10-30,1390.217529296875,1411.5376289000528,1375.2689537130377,1411.5376289000528,5064434
2024-10-31,1521.078857421875,1534.9981392030652,1488.0450032419565,1529.2148514853711,17447689
2024-11-01,1528.724609375,1542.3497718356514,1521.078733177028,1534.164838511136,538362
2024-11-04,1553.279541015625,1571.2668198840558,1532.1065000709111,1552.691424256125,4190449
2024-11-05,1569.5513916015625,1578.1284432474,1546.4669415378542,1552.2992887940122,2238168
2024-11-06,1562.542724609375,1580.4809426956426,1549.7506175690883,1578.3734147617513,2074821
2024-11-07,1544.99658203125,1570.3356191198748,1527.744479310752,1568.375150182147,1512145
2024-11-08,1561.121337890625,1566.169569164453,1537.6937109529988,1543.96723527108,1718495
2024-11-11,1522.1080322265625,1568.129989686757,1513.97203880056,1558.6707037452657,1725382
2024-11-12,1495.0045166015625,1526.1758986751345,1491.8676947322751,1520.3926114507822,2782808
2024-11-13,1475.8409423828125,1495.7397492895127,1471.5278869344486,1486.5255216629,1552443
2024-11-14,1470.1065673828125,1487.0156110816647,1460.7943404182272,1467.4109227351694,1469143
2024-11-18,1436.28857421875,1475.3999539675758,1431.9755185680408,1467.9011362515462,1760344
2024-11-19,1442.4639892578125,1456.4812694812035,1428.0544716826582,1436.0434060299606,1116002
2024-11-21,1436.5335693359375,1448.8844993270752,1425.1138141981796,1440.9446243083098,1363706
2024-11-22,1457.1185302734375,1466.5778167795402,1431.191376571879,1437.0237237678166,704859
2024-11-25,1473.5865478515625,1477.703484821885,1458.0987951393395,1466.3327887375146,2453548
2024-11-26,1463.1959228515625,1485.05519905713,1460.598397272302,1485.05519905713,873585
2024-11-27,1461.6766357421875,1472.3121556782648,1439.474301340567,1457.7066383249178,1676606
2024-11-28,1463.2449951171875,1475.2528672928267,1444.7675994151582,1455.7461775413033,4358321
2024-11-29,1503.5816650390625,1517.1088288187586,1460.5493482301715,1460.5493482301715,3256635
2024-12-02,1477.8994140625,1517.8930269892232,1474.5667126998765,1501.7191587649272,5328936
2024-12-03,1503.5816650390625,1518.775299198504,1478.6836857753112,1487.0647382875622,1951182
2024-12-04,1471.1849365234375,1506.3753792711698,1462.7549436911686,1499.7587963461135,2971135
2024-12-05,1468.6363525390625,1477.2134044894824,1441.0427271899189,1477.2134044894824,4084059
2024-12-06,1448.1983642578125,1483.33974448273,1446.8260121305202,1483.33974448273,3768932
2024-12-09,1439.9644775390625,1455.4031708823165,1438.2981267555017,1450.7470570168907,2144057
2024-12-10,1426.4371337890625,1449.7667617258219,1423.594549590131,1447.757233226207,3397465
2024-12-11,1425.35888671875,1438.8861699623899,1419.3794805182376,1427.3193556144934,2448702
2024-12-12,1416.830810546875,1432.4655011967466,1410.165168835117,1431.1422087023952,2651833
2024-12-13,1418.693359375,1420.8498272898705,1395.6578499294587,1416.5367718026046,1318852
2024-12-16,1419.820556640625,1428.7407859584052,1407.7146849833148,1419.379498996351,2076469
2024-12-17,1422.1732177734375,1453.6877812650737,1419.3795733458037,1440.9447326093448,3500888
2024-12-18,1443.2972412109375,1453.638642957781,1424.4766678056058,1426.2411376946304,2499842
2024-12-19,1476.7723388671875,1480.2031596288712,1421.2420303215717,1421.3400298403992,3426222
2024-12-20,1442.9541015625,1476.8211284095541,1440.0133983519445,1476.7721884838902,2196991
2024-12-23,1446.8751220703125,1461.5295793794837,1429.9660776408718,1444.8165339789678,760728
2024-12-24,1446.5810546875,1458.1968095112347,1432.4167141105772,1446.8261133110282,909994
2024-12-26,1461.0885009765625,1465.401436811845,1437.2687560818129,1446.5809833164435,1254464
2024-12-27,1476.8212890625,1482.8497552314375,1454.6680130645864,1459.177067879776,1446303
2024-12-30,1491.3287353515625,1496.5239062088974,1465.5485211218188,1479.1738040836508,1501086
2024-12-31,1498.7784423828125,1505.5910238033616,1484.663042669547,1487.8978641492097,1664122
2025-01-01,1498.87646484375,1517.2558606743276,1488.6820026915514,1501.670109078493,1578715
2025-01-02,1507.502685546875,1512.9429153142023,1497.063164023715,1504.5619819999304,1448048
2025-01-03,1481.37939453125,1508.5809020238835,1475.3509283986734,1508.5809020238835,1581838
2025-01-06,1461.921630859375,1479.4187912403706,1450.256817386204,1470.351622899159,981443
2025-01-07,1467.8519287109375,1480.1539180785044,1458.5397020740197,1460.5492304218353,1045516
2025-01-08,1465.3525390625,1483.0947591097695,1458.1478396103594,1475.1548838021547,1277871
2025-01-09,1458.784912109375,1469.7636101313426,1451.7272716833122,1460.647381561609,995821
2025-01-10,1439.7684326171875,1468.0971129800785,1436.1905528820648,1453.7857136971159,930723
2025-01-13,1410.75341796875,1435.0142213868546,1407.9597736278681,1431.142343047785,873093
2025-01-14,1419.134521484375,1423.251458591304,1406.0973545498766,1407.6167659137022,1028726
2025-01-15,1418.59521484375,1426.2410912371024,1401.5881714673758,1426.1920316527448,1126634
2025-01-16,1414.9683837890625,1425.5549633769913,1402.5683944575362,1423.0553177455986,1080833
2025-01-17,1413.7921142578125,1420.996813121845,1405.6561209250158,1414.9683476675455,658778
2025-01-20,1416.8798828125,1420.898939910947,1400.6570739451615,1413.792239923125,738447
2025-01-21,1399.7747802734375,1435.8474555272473,1396.8340769535353,1421.8300551727039,820225
2025-01-22,1410.949462890625,1412.4687544630601,1392.128890034547,1402.8134692562105,808605
2025-01-23,1422.46728515625,1429.377866424224,1404.2349478165017,1404.2349478165017,1070838
2025-01-24,1383.5029296875,1422.320190060896,1380.1701086187054,1416.683841961068,1615412
2025-01-27,1368.5052490234375,1386.9337039715783,1356.8404355008124,1380.2680620565006,1448841
2025-01-28,1392.5211181640625,1443.8854303159042,1339.098337476882,1367.4761982786288,5627159
2025-01-29,1395.8048095703125,1426.2411373752486,1382.718703478478,1411.5376204950912,3775947
2025-01-30,1428.6427001953125,1440.7486917932497,1397.8143735504962,1402.715545968275,1773294
2025-01-31,1450.158935546875,1461.5296317551135,1423.3984859756704,1431.1423624161407,2083385
2025-02-01,1411.0474853515625,1457.118504324486,1399.0396133852153,1450.158863687741,1306859
2025-02-03,1392.47216796875,1410.8515648586747,1378.3567672257814,1406.6365086422393,1757831
2025-02-04,1420.4088134765625,1434.3280951547763,1395.363774784093,1397.7163614549606,1750660
2025-02-05,1408.40087890625,1429.1818009890346,1401.0491206707097,1429.034741892819,2516488
2025-02-06,1442.4149169921875,1446.1398555684607,1409.7241237427947,1415.4094114580041,2918537
2025-02-07,1443.150146484375,1452.5603731259725,1426.2411024858316,1444.3754395277476,1445335
2025-02-10,1430.0150146484375,1448.3944107298537,1403.2546857484115,1447.0220585576026,1282801
2025-02-11,1424.4276123046875,1438.9840689067435,1414.8703271058857,1436.0433657686506,1938792
2025-02-12,1420.5556640625,1433.396830604294,1406.7834423484885,1424.427661790014,1791670
2025-02-13,1443.05224609375,1463.4901115295518,1418.4973239549065,1420.5557924776613,1879916
2025-02-14,1430.6031494140625,1450.8940747380839,1410.1163447165757,1448.7865466960259,1703559
2025-02-17,1445.502685546875,1451.43303188736,1422.614236180499,1428.6425820297277,1113888
2025-02-18,1452.805419921875,1454.5208301686487,1437.121669094229,1445.5027213057615,967394
2025-02-19,1435.2103271484375,1444.8656127731158,1398.1574162170245,1426.1920982049974,1210464
2025-02-20,1450.452880859375,1453.687702436506,1432.6126615717826,1433.1027788011947,1652209
2025-02-21,1446.5810546875,1472.3122101579704,1439.6214137108027,1459.5691617344994,1413123
2025-02-24,1447.5611572265625,1459.5690286848496,1428.7896444439405,1431.142230946864,1403090
2025-02-25,1434.4261474609375,1453.0996627548634,1425.8490954913582,1441.9249654001335,992994
2025-02-27,1412.6649169921875,1435.3573686892653,1407.6166855879953,1423.3004369594494,1260808
2025-02-28,1379.679931640625,1420.0655414569019,1372.3281735679395,1411.537549955595,3340343
2025-03-03,1379.72900390625,1390.0704052290373,1368.4072485072395,1372.3281861820453,854264
2025-03-04,1374.0926513671875,1377.229353633451,1361.839721174719,1374.7297080111787,1456530
2025-03-05,1391.6878662109375,1403.5977387597788,1365.564594077621,1367.5250629858247,2187830
2025-03-06,1432.8577880859375,1435.5043733871673,1391.6879388643815,1396.7851104287993,1525159
2025-03-07,1429.6229248046875,1442.0229148675287,1422.8594026408912,1436.9746833805782,678497
2025-03-10,1433.837890625,1452.903402134855,1428.2015427384208,1429.5248352672438,905854
2025-03-11,1417.1739501953125,1430.1620566038118,1409.5771332393979,1419.3794776986426,1231247
2025-03-12,1425.5550537109375,1428.2016389468663,1409.3321251859006,1413.4981217305294,1254797
2025-03-13,1433.0047607421875,1436.729579843001,1417.075950992428,1427.6134712884227,804032
2025-03-17,1463.097900390625,1467.3618962707249,1426.9272256434383,1430.9952224986582,1329884
2025-03-18,1463.097900390625,1463.097900390625,1463.097900390625,1463.097900390625,0
2025-03-19,1469.5185546875,1485.0552473703972,1466.9209093662041,1485.0552473703972,1015731
2025-03-20,1482.16357421875,1487.6038037180228,1465.8915863347268,1470.008642892111,984355
2025-03-21,1493.730224609375,1498.6804563849296,1480.1540015728112,1483.9769398130143,2846648
2025-03-24,1493.9263916015625,1504.6599111831476,1485.2512208175785,1494.9066260713887,826040
2025-03-25,1481.330322265625,1503.6797166340193,1475.301975842172,1499.758778650619,1092805
2025-03-26,1447.02197265625,1482.4574701291244,1443.1991542242754,1477.2132400233854,1375794
2025-03-27,1453.5897216796875,1459.5691280241708,1433.494915014479,1435.7493825043512,1848444
2025-03-28,1413.694091796875,1449.4237096949848,1406.0972747240944,1445.845829980815,1495932
2025-04-01,1415.70361328125,1437.0237127023108,1400.7550378251037,1410.1163247442585,1080262
2025-04-02,1423.6434326171875,1435.0631875149136,1400.1668661762465,1412.5177959077803,1054143
2025-04-03,1466.13671875,1493.191287136667,1450.747084700983,1452.7075537343626,3488899
2025-04-04,1387.27685546875,1466.136671956532,1362.574994299568,1466.136671956532,2768438
2025-04-07,1357.33056640625,1373.6514935858106,1308.6129631324193,1309.593197561732,1604721
2025-04-08,1404.2349853515625,1409.1850977979543,1355.3212597128356,1367.2311328576232,1324180
2025-04-09,1387.619873046875,1394.8736319583463,1368.4563612118857,1388.5021079894573,1701314
2025-04-11,1434.132080078125,1459.0789993179983,1419.9186803534956,1431.1423171006231,2311803
2025-04-15,1452.511474609375,1456.5304119747113,1433.2007839007654,1452.903472668411,1720323
2025-04-16,1466.82275390625,1469.3713393692494,1435.4552536662127,1438.1018386359588,1023697
2025-04-17,1485.251220703125,1491.9168629604405,1456.6284220494183,1468.3912356864257,1211601
2025-04-21,1481.2322998046875,1494.8575830174673,1475.2528934041234,1494.8575830174673,570266
2025-04-22,1497.9942626953125,1504.3657867226839,1472.9982838187013,1484.9572160953612,954974
2025-04-23,1503.385498046875,1508.580788391023,1486.035396491742,1502.6993818086019,819016
2025-04-24,1521.02978515625,1525.2448412566673,1494.759573052516,1503.3855646275738,1590469
2025-04-25,1495.73974609375,1535.7332391882978,1483.5848151861578,1525.244778612264,1353813
2025-04-28,1524.362548828125,1534.0668936845352,1495.7397511348481,1495.7397511348481,1207247
2025-04-29,1511.0313720703125,1529.7538257298186,1500.7389105674008,1524.2645368597703,1385331
2025-04-30,1519.46142578125,1539.7523510749306,1507.600612643196,1511.5215505174306,2315010
2025-05-02,1484.5650634765625,1521.8139722993485,1483.5848290338577,1507.110455658775,1578868
2025-05-05,1512.40380859375,1518.3832150118712,1498.0924090654926,1501.7192287915989,786898
2025-05-06,1481.5263671875,1501.6211733518164,1465.4504983245417,1499.7587039709358,1788719
2025-05-07,1478.977783203125,1487.7998932363043,1469.7635554591882,1470.3516721965616,1424662
2025-05-08,1457.41259765625,1478.8796359364678,1448.6884873021197,1470.351644262753,2773328
2025-05-09,1450.7469482421875,1457.020472490415,1434.7690792600247,1440.8466044863635,1042380
2025-05-12,1481.722412109375,1486.9177027026174,1433.2988049942098,1448.7865576001732,1706217
2025-05-13,1490.054443359375,1509.463134372417,1467.50904980126,1485.0552713279951,4042184
2025-05-14,1465.2545166015625,1476.13509516069,1445.4537087430122,1465.450515630275,3417567
2025-05-15,1472.5081787109375,1482.9967593753397,1445.845848886017,1465.4505383624376,3918531
2025-05-16,1470.253662109375,1480.3500050579978,1462.5097860933276,1479.8598878374573,1660861
2025-05-19,1462.11767578125,1481.8203642151423,1459.569090153052,1470.2536695463893,1857648
2025-05-20,1425.6529541015625,1468.1951515543678,1422.5161321856635,1465.842565031824,3573210
2025-05-21,1453.0994873046875,1461.5294791482845,1425.8489233314706,1430.1619785897701,2001251
2025-05-22,1439.474365234375,1460.2552888000098,1431.2403714915179,1453.6877655039689,1804507
2025-05-23,1454.8638916015625,1459.5690647235865,1432.1225007126661,1439.4742589298771,915286
2025-05-26,1454.8638916015625,1464.3722373570022,1449.2766032194916,1456.7263609480938,885022
2025-05-27,1451.237060546875,1462.4117568797535,1446.63000663037,1456.3342316739665,881728
2025-05-28,1439.474365234375,1456.6284690080226,1436.0435444796456,1455.6482345066713,1090511
2025-05-29,1447.708251953125,1450.2568375367239,1434.0829694601061,1445.8457826067372,1384536
2025-05-30,1436.7296142578125,1459.5691252629506,1428.2996217505931,1446.8260771579012,7040777
2025-06-02,1441.140625,1445.6497991474382,1429.1818127018557,1438.9841570962442,962897
2025-06-03,1444.0814208984375,1450.1589466071034,1431.5344910637505,1443.2973050911312,870331
2025-06-04,1442.80712890625,1458.588879816849,1436.925722132795,1444.081361912649,1297075
2025-06-05,1460.3533935546875,1469.1755039797279,1445.8458752149422,1446.8261097066134,1570159
2025-06-06,1474.468505859375,1476.1349760991238,1454.6678192554277,1460.3532265198373,861882
2025-06-09,1476.8212890625,1481.8204611327653,1467.4110616965538,1481.8204611327653,689631
2025-06-10,1480.938232421875,1483.2906993401116,1475.2528248352478,1479.0757630636679,929786
2025-06-11,1491.6226806640625,1497.7002059098925,1479.5658689987072,1482.6045717928605,1046396
2025-06-12,1473.0963134765625,1507.5025172021224,1464.960320042226,1496.817938243211,1199034
2025-06-13,1475.4488525390625,1480.6441430091224,1450.7469921572335,1450.7469921572335,874315
2025-06-16,1496.818115234375,1510.5413985436621,1470.1557840964883,1472.2142526613745,2679763
2025-06-17,1473.782470703125,1503.0915041950045,1465.9405952354662,1496.8179798893727,1334810
2025-06-18,1468.4892578125,1482.9967760511954,1466.3327898088564,1473.7825479621608,1075494
2025-06-19,1454.6678466796875,1479.9579420119242,1450.9429081041576,1472.7041835349826,1124204
2025-06-20,1470.0574951171875,1478.3894875925703,1451.8251590437362,1454.667862760959,1917041
2025-06-23,1469.469482421875,1475.1548902587706,1452.805496291525,1470.0575991773228,657381
2025-06-24,1472.704345703125,1488.2900982795788,1470.5477579954681,1476.919282284283,1351552
2025-06-25,1480.154052734375,1487.9959285104512,1470.3517080142797,1480.0560532186796,1032762
2025-06-26,1483.8790283203125,1492.3090210567498,1473.292447897557,1481.134323867737,1440423
2025-06-27,1488.436279296875,1494.67765269335,1478.1329157506045,1488.039972826681,1851991
