Date,Close,High,Low,Open,Volume
2012-01-02,342.08294677734375,344.40261972747356,303.7430558841844,331.40381213732763,164758
2012-01-03,343.089599609375,345.64995899066747,340.52921351481984,345.64995899066747,157968
2012-01-04,343.089599609375,345.78125467707116,341.53584939493214,343.57102603060963,290132
2012-01-05,338.0564270019531,345.67187141406333,337.2248430502026,344.88407050429544,351586
2012-01-06,337.15911865234375,340.50730528291047,334.8613508467714,336.5901529193303,312006
2012-01-09,346.7441711425781,347.9477640370459,337.5530981302788,340.6605454634166,282394
2012-01-10,347.6852111816406,348.82314299544004,344.00877088383425,347.11621856147235,354906
2012-01-11,346.569091796875,349.69844400235246,344.05248847645754,347.9915197605892,138162
2012-01-12,340.76995849609375,347.46633297289065,339.65390498771603,345.759408750714,284504
2012-01-13,341.1419372558594,344.621419612701,339.6319701900684,339.6319701900684,205604
2012-01-16,341.36083984375,343.13339861383406,337.72818293067,341.36083984375,134556
2012-01-17,339.4569091796875,344.7964895898398,338.60347387967226,343.89927125311726,190042
2012-01-18,342.98016357421875,347.7288731834905,339.5663156323935,340.9449870483815,353906
2012-01-19,341.97357177734375,345.71567304820127,340.9669357433233,345.71567304820127,66872
2012-01-20,340.2228698730469,344.8403111830565,331.36004961022235,343.5273007737491,526156
2012-01-23,344.92779541015625,347.31310279978294,337.7281436298082,337.7281436298082,138902
2012-01-24,347.7726745605469,349.61089444892417,344.4463922583515,346.1095334094492,282018
2012-01-25,352.1712646484375,356.17593012642936,341.86411218874224,349.6765396791274,617194
2012-01-27,357.81719970703125,359.918010931241,352.8715327151951,356.0227629081418,273226
2012-01-30,343.8336181640625,357.839061294383,334.8176248342238,357.839061294383,792224
2012-01-31,343.74615478515625,349.15137058270307,339.1943744300782,343.8336674466539,908200
2012-02-01,347.00677490234375,349.0200736618458,342.3674819019228,346.24085212403963,280146
2012-02-02,342.32373046875,349.65470573739753,340.9450587627722,349.195130693227,110258
2012-02-03,342.03912353515625,344.8839786893194,340.4197391047502,341.99536721808784,165612
2012-02-06,343.3084716796875,345.3217436570204,340.9450422165005,345.29986549247093,125348
2012-02-07,339.0411376953125,347.0723729670641,337.0935004993141,346.6347028876605,199532
2012-02-08,336.8090515136719,340.06969940532065,331.338174753612,339.01928038208297,157932
2012-02-09,335.8461608886719,342.6081696858344,334.8395249403622,342.6081696858344,190340
2012-02-10,330.2439270019531,340.04774669198713,328.6902036853732,340.0258685323963,298840
2012-02-13,326.9396057128906,331.7539774168288,326.0642654030837,330.26588820485046,482600
2012-02-14,320.9873046875,328.16507925353517,319.4992154644139,326.74265123948123,497080
2012-02-15,319.4116516113281,327.8149233468509,316.8731702311349,320.00252230753546,1829332
2012-02-16,323.7445983886719,327.814925228428,318.8864439494507,322.89113629809447,1024196
2012-02-17,331.3819274902344,336.3494724487725,323.00053437500856,327.31157418237797,1127116
2012-02-21,331.27252197265625,337.88133004866523,328.8653363311178,334.4893866446793,403634
2012-02-22,323.3069152832031,332.62928327442575,319.67425871641143,332.62928327442575,531854
2012-02-23,316.7856140136719,323.7445793104244,315.03493360827633,323.657039947502,911288
2012-02-24,315.4288635253906,321.68754095228564,314.59727960497014,320.37453058105183,200212
2012-02-27,313.52496337890625,318.6238306955341,311.008360320528,318.6238306955341,489036
2012-02-28,316.6105651855469,318.1642887183101,314.00642271367605,316.0634775533582,254428
2012-02-29,318.5362854003906,324.5323709617566,316.08534358753525,317.7484845829201,569756
2012-03-01,325.6484375,326.50189955059324,318.2518287258065,318.2518287258065,541624
2012-03-02,323.37255859375,327.6836253186006,321.9501306988364,326.0642405263538,304966
2012-03-05,317.442138671875,323.4163466076955,316.8731728478122,323.30692907563486,224188
2012-03-06,316.54486083984375,321.16227448351793,315.1443113496806,316.8731133744167,186242
2012-03-07,320.83404541015625,321.68750740510785,315.12245623357506,317.6390591826626,120410
2012-03-09,325.9985656738281,326.93956708098625,321.70940400524427,323.85399819616777,186698
2012-03-12,326.5894470214844,329.0841720338897,324.9700622440799,328.66838007961144,103492
2012-03-13,324.0290222167969,330.8129082301454,322.91296889273684,326.7425819647884,369544
2012-03-14,322.8911437988281,327.8149328435408,321.7532121271339,326.50192243161746,221862
2012-03-15,319.6086120605469,323.8758958230807,317.9673490749569,319.93686465766484,183094
2012-03-16,317.50775146484375,321.68749520960904,316.43545447149296,321.68749520960904,275504
2012-03-19,315.5163879394531,328.23069908900885,315.14435232394356,328.23069908900885,92302
2012-03-20,321.621826171875,323.43816756815033,312.9559645079649,313.37175639891154,160450
2012-03-21,325.9985656738281,327.2678196583768,319.4991753268005,319.4991753268005,304426
2012-03-22,324.8169250488281,327.377284839876,321.2717806689923,326.0205180077983,335634
2012-03-23,325.53900146484375,327.2896817918537,319.93682976106436,324.0509392148424,324962
2012-03-26,325.40777587890625,328.20887569081043,323.0005899107368,327.77120551477964,130048
2012-03-27,328.75592041015625,330.44093968217027,324.0947229597975,326.3706129201288,342080
2012-03-28,324.991943359375,334.3799728076888,323.0224278127329,329.1279313499764,297412
2012-03-29,325.823486328125,328.6902199208679,322.62850018552774,325.1669812284162,497388
2012-03-30,335.2772216796875,337.90324264716224,323.7227454507585,325.2108079710342,893634
2012-04-02,335.0801696777344,339.10673936121685,333.4170288796083,336.13058845195036,151114
2012-04-03,333.1545104980469,338.2314733542577,329.45619253247867,336.48079282270015,342352
2012-04-04,335.3865661621094,337.00595074861855,327.508504975778,327.508504975778,150118
2012-04-09,331.27252197265625,335.38660504114534,330.06892915188706,335.38660504114534,109510
2012-04-10,337.5312194824219,338.3190203968377,330.26587908371545,330.26587908371545,200052
2012-04-11,339.10675048828125,341.38264009825497,336.13059948135873,338.75661978980685,392974
2012-04-12,349.34832763671875,353.5937335384456,340.485506881952,340.485506881952,1055988
2012-04-13,351.95245361328125,365.2357316711997,350.04857247714983,350.1361118477648,803490
2012-04-16,354.4252624511719,356.7668136516386,351.0551971406103,354.07513169326285,212722
2012-04-17,354.33770751953125,356.61359741587114,350.1360851826449,356.61359741587114,247604
2012-04-18,358.0360412597656,362.8285344824949,355.8258124659449,356.08840385625973,234570
2012-04-19,370.9692077636719,371.9758704774095,355.12556973379736,358.88952233147967,635022
2012-04-20,364.6886901855469,373.0919632768505,358.9333164328047,372.3260404351767,332988
2012-04-23,363.3974609375,370.2688865145235,360.3994315842414,363.2661652565656,245340
2012-04-24,360.6182861328125,365.4326572581135,359.830485291325,363.7257331738379,158018
2012-04-25,361.1215515136719,364.7104513055199,357.99222664995096,360.68388145889185,360910
2012-04-26,362.5002746582031,364.0539982319845,358.47370423634055,359.10833124908623,400006
2012-04-27,363.59442138671875,366.7237731649095,361.1872359306526,363.26616882452794,217288
2012-04-30,374.7331848144531,377.2497881570867,363.33188283960993,368.4745070615133,520692
2012-05-02,379.1316833496094,384.4493851779988,376.37436735880965,376.3962455188041,584290
2012-05-03,379.3067321777344,381.9546304467244,373.3325257405456,378.5845659619835,202178
2012-05-04,376.658935546875,393.9031508354214,374.20799329365036,393.9031508354214,310558
2012-05-07,376.7902526855469,380.66362292915426,368.08060578720176,380.53232722336986,350110
2012-05-08,363.2880859375,380.6854735989494,356.89811272702826,378.584662318333,617298
2012-05-09,360.2900695800781,364.557353504173,354.51281830941963,358.8895197700298,228306
2012-05-10,359.283447265625,364.5135843395661,356.39480816368507,362.3908947356603,239862
2012-05-11,359.74298095703125,364.0978042416067,355.03802689917546,363.178680909322,103218
2012-05-14,385.9593811035156,388.6073066758871,372.0195985944299,372.0195985944299,1241700
2012-05-15,392.7432556152344,398.6299238338465,378.3220471149998,386.90037043481027,1342570
2012-05-16,388.08209228515625,390.79565231264434,379.10985502078125,387.3818040804664,404508
2012-05-17,392.6338195800781,400.0304546455913,388.9355287605834,390.7956266076772,586664
2012-05-18,400.2492370605469,402.15309098017894,386.0687175936561,389.08865144540863,469772
2012-05-21,406.15789794921875,407.90857854382745,391.7366612084764,391.7366612084764,342146
2012-05-22,405.0855407714844,411.40987882587496,394.6471199567922,411.40987882587496,394214
2012-05-23,413.138671875,415.34890040701094,404.40714855224246,405.28248870062396,685402
2012-05-24,411.8475646972656,416.1367263408332,405.4138088752827,410.53455439536145,382328
2012-05-25,414.9769287109375,415.9835646291179,411.7819155124647,414.21100601247747,302344
2012-05-28,410.8409423828125,415.78660934073906,407.62405100890214,415.78660934073906,394236
2012-05-29,405.96087646484375,414.8236955652715,403.5318128688603,403.5318128688603,356414
2012-05-30,406.6174011230469,409.61545733645215,401.9999869100102,401.9999869100102,294788
2012-05-31,408.5650634765625,415.9835774704503,404.2102403710903,407.3177143001563,1041792
2012-06-01,397.7109069824219,410.86289084883066,395.6976080805278,407.03327668645807,243774
2012-06-04,404.998046875,406.92380614545255,393.4435713920798,397.55765461420657,201440
2012-06-05,410.90655517578125,414.3860377497227,404.45092131898724,407.7334470088825,378020
2012-06-06,408.3025207519531,414.45178142541744,404.2978279280354,411.4099683381362,346838
2012-06-07,413.9046325683594,417.53728917555685,408.3462167723213,410.09689723008046,700694
2012-06-08,410.55645751953125,416.68383930096144,408.41188992398946,414.5173668284457,236668
2012-06-11,403.1160583496094,412.72292281830875,401.82492615402543,410.0969021004828,265826
2012-06-12,408.6963195800781,410.09686919318756,398.78310819370694,402.24068583344047,365680
2012-06-13,401.1684265136719,410.09690776286504,399.30832847952865,409.6592376371843,214086
2012-06-14,400.49005126953125,406.5517986608898,399.3521196050294,399.3521196050294,284616
2012-06-15,404.01324462890625,405.5450899258402,397.6451502371618,403.90382710769666,460954
2012-06-18,401.6718444824219,408.71832434047195,398.27990027676805,408.71832434047195,243364
2012-06-19,413.7951354980469,415.3488587629912,399.2644851491451,401.67167031584313,336442
2012-06-20,420.11956787109375,423.6646852337146,412.30714003381485,413.5763940943044,712684
2012-06-21,415.04254150390625,436.969829067256,411.8913115094608,431.10503916889206,514742
2012-06-22,417.165283203125,420.1633128228575,410.5564484005571,418.85030247028607,163010
2012-06-25,415.108154296875,421.8482568770644,414.47352739696277,421.7388393671919,206426
2012-06-26,429.0261535644531,431.95854883710547,414.99883095837805,415.7647537012883,470980
2012-06-27,433.84051513671875,437.713885090969,429.35439631689394,429.35439631689394,596102
2012-06-28,430.99560546875,437.2324040246573,428.06321062963605,435.48172372826224,446960
2012-06-29,448.677490234375,452.113189654382,431.4770348333522,434.7595604116754,780658
2012-07-02,457.321533203125,461.28241585558703,446.66424942388943,450.8002375283315,567850
2012-07-03,450.38446044921875,459.46611548141453,445.54818423013677,458.61262668753204,402242
2012-07-04,450.975341796875,457.6498117109389,446.8831097888169,446.8831097888169,350950
2012-07-05,453.0760498046875,455.08937493327755,448.6118363163442,451.6755269058217,110360
2012-07-06,446.8612060546875,454.6736072480066,444.89169045503417,453.4262580535321,97812
2012-07-09,443.6661682128906,450.09992377177315,442.5063318083335,448.1522865609423,230318
2012-07-10,456.5555419921875,463.4926018827486,442.0467685567291,442.922108692485,577542
2012-07-11,459.2909851074219,464.78371246545686,452.44143778241266,452.44143778241266,407720
2012-07-12,459.8818664550781,463.71147990402596,455.28633031634075,459.11594376528853,271614
2012-07-13,457.912353515625,459.88186901461694,442.79085652712854,450.8002142137097,249432
2012-07-16,463.2737731933594,467.7817963248486,458.76575006187016,459.4660649212833,287916
2012-07-17,463.9958801269531,481.17442832823104,461.7856251661187,468.7445891355064,198454
2012-07-18,463.53643798828125,467.86938309136536,461.34808727223185,466.57827753950863,539334
2012-07-19,470.7142028808594,472.2460482644791,456.94949930437303,456.94949930437303,226030
2012-07-20,473.9530334472656,477.0604809405625,468.7447477865527,470.62675087096846,267232
2012-07-23,467.978759765625,478.8110948642448,466.6438445747804,475.00338632140114,208162
2012-07-24,478.8330078125,480.4304609814402,464.54306795820986,464.54306795820986,271568
2012-07-25,481.8310241699219,483.3847209702788,474.39063246382824,478.3515148161566,372678
2012-07-26,479.21783447265625,487.5000434424625,476.0289758692415,485.86133495055816,377420
2012-07-27,471.511474609375,490.60045968376267,469.9613241312815,477.42418061996835,317840
2012-07-30,483.8240661621094,485.4849414894246,470.00555099987514,473.8588141982178,187050
2012-07-31,485.7284851074219,493.2799529263484,481.4323760547167,482.78324289409767,406492
2012-08-01,488.6737976074219,492.06199406813613,483.2261590049545,488.9616934754476,165814
2012-08-02,489.89178466796875,491.61910585287484,487.41155494692686,489.4267720068095,76958
2012-08-03,494.2543640136719,496.93393134790267,487.2122954042892,487.4115788309865,245878
2012-08-06,497.930419921875,504.9060962516678,492.90351477657026,501.18572472945465,605770
2012-08-07,488.4081115722656,501.03076510190476,486.7472361078394,500.3885815483092,249532
2012-08-08,493.8999938964844,496.49094833573776,482.80532619038956,487.63294747336954,339386
2012-08-09,495.33935546875,498.2846511905012,491.9954389463587,498.2846511905012,299242
2012-08-10,498.9934387207031,501.5179478177257,494.27654155683337,496.9339423178916,254250
2012-08-13,501.93878173828125,504.02039090072657,496.0481878812072,499.6135558575881,149728
2012-08-14,505.5704650878906,512.9004833824702,499.7463179490955,499.7463179490955,436154
2012-08-16,518.6803588867188,521.1384763643239,505.59269179138823,507.49713001222665,578310
2012-08-17,520.54052734375,529.4870880503628,517.7502349902753,523.5079364914503,656430
2012-08-21,521.1605224609375,525.744581716384,517.550929922717,525.744581716384,282936
2012-08-22,510.68597412109375,521.7363098211202,509.4458322340777,521.315576358536,213382
2012-08-23,524.4380493164062,532.2330810321514,512.6790829407245,513.7420000335851,947806
2012-08-24,522.4227294921875,528.6011630183732,518.6137461464268,526.1873795849032,220854
2012-08-27,525.8331298828125,531.1922101387478,521.3376831731613,525.2795047723863,182772
2012-08-28,500.8313903808594,531.0371516953502,484.95338058321533,531.0371516953502,2386924
2012-08-29,511.7709655761719,513.7197364484726,497.2438235080498,502.66934867318014,623248
2012-08-30,509.157958984375,513.6755725749949,505.85837476920335,512.0146971515953,392364
2012-08-31,504.8839416503906,518.6360112256076,497.0003523986572,497.0003523986572,447448
2012-09-03,494.07733154296875,509.0252130450961,491.6192138477441,509.0252130450961,350318
2012-09-04,493.102783203125,496.0480794880755,474.30169681636505,494.5200958692039,1120566
2012-09-05,496.4467468261719,503.001636051036,482.4289474550426,483.9790978485176,618680
2012-09-06,502.6473388671875,506.58916060597124,490.777594453425,504.4853851118683,434408
2012-09-07,511.0845642089844,513.7641315209161,503.15669543144475,508.44933016035486,433872
2012-09-10,513.2548828125,520.4077318116706,510.46464400857417,517.9496140907441,279880
2012-09-11,505.703369140625,518.5695849459157,503.3559769227463,518.5695849459157,353028
2012-09-12,504.3746643066406,512.5904288660225,499.6356007149782,505.7919230253885,547066
2012-09-13,494.8079528808594,504.9060964355511,492.061993982366,504.9060964355511,576306
2012-09-14,491.3534240722656,500.87577704240664,487.27871036234666,493.8336540328921,655158
2012-09-17,477.0919494628906,496.04809470807265,469.5405354601004,496.04809470807265,1036126
2012-09-18,485.13055419921875,490.2903505441315,477.00334917437186,480.5687161679028,338650
2012-09-20,474.3902587890625,493.47924117917995,471.46712911155356,487.19008174984396,793004
2012-09-21,476.2947692871094,481.56529118978,469.9169971555143,474.78889816278166,671216
2012-09-24,463.0078430175781,478.730798865352,453.97266884417496,473.90317625684605,1136930
2012-09-25,471.0242614746094,477.44631299447946,459.3316878944068,462.83060953546476,404546
2012-09-26,472.3529357910156,477.44628671609456,467.3703098860471,473.9030860725614,536538
2012-09-27,472.3087158203125,480.9895476724967,470.4706694430107,473.0395118576684,698156
2012-09-28,479.4836120605469,488.2973343968913,465.51014708435,474.3459819855516,939832
2012-10-01,496.9560241699219,498.1296660538681,480.5465556438465,482.25171002830285,710372
2012-10-03,501.8056945800781,506.5447029029163,495.07363627876657,497.06668625723995,925600
2012-10-04,501.0970764160156,509.0028306914257,494.0992347117926,494.0992347117926,778240
2012-10-05,485.2192687988281,502.9131077219344,481.6317344217644,502.9131077219344,262930
2012-10-08,487.3451232910156,496.93392144744433,480.30300075697807,487.6330191743638,336856
2012-10-09,501.9608154296875,504.97255772311513,486.3043077729392,493.78933024473014,353034
2012-10-10,497.84197998046875,511.3282691341582,493.6122615418097,504.46331619212316,423912
2012-10-11,495.2730407714844,502.07154654766623,492.9256485967982,498.7055165738354,361090
2012-10-12,505.8361511230469,508.0063722446669,493.8335702291226,493.8335702291226,461564
2012-10-15,504.5961608886719,530.7715488560054,503.26746044297005,530.7715488560054,415130
2012-10-16,496.4910888671875,513.7199162340903,494.2987546591914,513.7199162340903,193210
2012-10-17,499.1705017089844,504.30813125708215,496.4909348946809,500.47703517483444,259614
2012-10-18,503.35601806640625,506.98777765304413,498.2626663657783,499.5913668094204,251494
2012-10-19,499.32562255859375,506.41202471215917,494.8080087467211,501.05294389651687,200724
2012-10-22,514.627685546875,517.1965274332803,496.49095033415296,498.9933464008337,563266
2012-10-23,513.5648193359375,522.1792044327875,511.8596107429526,514.6499029269713,356790
2012-10-25,509.75592041015625,519.0789904568894,507.0542402318626,513.7641885068189,706900
2012-10-29,512.6126098632812,518.636040684197,508.5822295829965,516.0008065953451,396426
2012-10-30,514.1405639648438,518.1488314466542,511.63816761755095,515.380705855612,243130
2012-10-31,531.1036987304688,531.9230531533922,512.4576141748025,515.9564819302573,1191476
2012-11-01,531.4800415039062,538.1235420227051,518.1930404663086,532.0336665471395,561086
2012-11-02,528.424072265625,538.5664948651379,524.9251508363235,534.9790150462139,436882
2012-11-05,507.9178771972656,528.402007664803,488.9617305115946,524.3937399689565,937042
2012-11-06,504.4189147949219,512.1917788041756,500.01202653487786,505.37116078533,951340
2012-11-07,513.89697265625,516.8865481276405,504.46317954277134,508.40500097729836,451964
2012-11-08,515.7129516601562,517.9052858029745,506.2570441572028,509.35734524439806,290080
2012-11-09,516.377197265625,520.4075770493578,510.50877139677056,517.7280100266559,614896
2012-11-12,526.38671875,531.0371693573833,506.1018744746727,513.7640671013883,1049840
2012-11-15,529.9741821289062,537.8356579142302,523.9507523401826,535.4661534905163,1132714
2012-11-16,518.946044921875,534.6911656907918,514.406318727358,530.173606128084,436668
2012-11-19,516.310791015625,521.7141506037894,509.8444603756214,519.6989875899449,271044
2012-11-20,514.672119140625,520.4076542142802,510.2209511956178,515.9786529018184,222608
2012-11-21,520.0532836914062,524.8144598387081,512.0810817703425,514.229190539926,299138
2012-11-22,520.8504638671875,524.836564355967,517.3072634327168,521.0497472656473,318680
2012-11-23,518.946044921875,526.7854094235753,517.5066195431257,521.2934371655099,453626
2012-11-26,521.4705810546875,524.8366109532961,517.3073093615611,519.1010763667497,858570
2012-11-27,521.3597412109375,526.895991162069,520.3853287805738,523.5077953789884,722426
2012-11-29,522.9321899414062,530.5943842277748,516.5987501813363,522.7107398645165,1823112
2012-11-30,524.7924194335938,546.715977731104,513.7863610810684,522.7329228411384,7061922
2012-12-03,518.5917358398438,522.1792158225807,514.649914152535,521.2712489952115,432690
2012-12-04,518.946044921875,521.7363372820482,515.5800148491755,520.2969119032989,346694
2012-12-05,516.8865966796875,521.7141646423976,514.4949252649313,519.9868974597534,201234
2012-12-06,516.5100708007812,519.9204339820667,507.1206103829901,517.3294792310918,512718
2012-12-07,523.3087158203125,528.2691760825055,509.33519387539826,514.67216253286,251410
2012-12-10,523.4415283203125,526.3868251131128,517.351651294393,522.6886196958189,166776
2012-12-11,515.181396484375,530.5943422422697,512.2804331456466,519.2561100156931,274036
2012-12-12,520.0311889648438,521.7363436212428,512.2139909999722,515.0928417924493,1515652
2012-12-13,501.93878173828125,522.6221979462719,496.82326317477157,522.6000313118996,401190
2012-12-14,500.6763916015625,506.6777095247999,497.04463244248836,500.76500405968204,266198
2012-12-17,485.7949523925781,504.0203018899002,477.047675624278,504.0203018899002,926648
2012-12-18,485.8171081542969,489.0724129265547,479.37289036976415,487.9873293574525,463986
2012-12-19,490.66693115234375,493.39077794772237,481.1002985150031,487.25662154834833,384942
2012-12-20,495.67169189453125,500.10069319982136,492.0620450177284,493.811478907335,301522
2012-12-21,476.3390197753906,495.76017680726443,473.5487277406848,494.12146819319867,579212
2012-12-24,471.97650146484375,480.5687742012108,470.0498968465619,477.1141318019131,343892
2012-12-26,468.942626953125,506.41196295792514,467.3260308459866,506.41196295792514,299428
2012-12-27,480.3916320800781,484.48845824217705,462.83063128576566,473.77024276290103,2316586
2012-12-28,477.68994140625,486.9465105722612,473.5266695057484,484.0455472534479,405128
2012-12-31,489.1388854980469,494.27651588964375,473.7038276920824,473.7038276920824,502612
2013-01-01,486.4150390625,495.7381078747012,485.10850538209934,493.61216575019915,134850
2013-01-02,489.75897216796875,491.9513061263442,483.20402879481566,490.4676015438609,372366
2013-01-03,484.3998107910156,492.8149125702265,483.3147271875722,492.4827374999945,275836
2013-01-04,491.751953125,495.4944369670624,478.84140569740487,484.44410221107233,554734
2013-01-07,484.8427429199219,494.3429829952433,480.92308764518936,485.440701337811,357672
2013-01-08,477.53485107421875,486.39285279375497,474.81105879742285,478.88571796242877,430782
2013-01-09,480.7015380859375,485.86133426279304,478.3320337318291,480.87870891141984,241784
2013-01-10,473.48236083984375,484.8648714787675,471.62214803073243,481.16666655588426,207458
2013-01-11,470.93572998046875,477.91140702982744,467.32608310701545,470.3821048178212,218730
2013-01-14,469.1861572265625,473.880886944294,467.52528203880746,471.11276163136887,165240
2013-01-15,473.43804931640625,477.66776697821746,470.3820818199697,472.1093489910148,135744
2013-01-16,471.13507080078125,478.11074869982923,469.0312949264652,473.34957172111393,132294
2013-01-17,466.9275207519531,473.9031986763954,465.3109242612324,469.5849218660264,255086
2013-01-18,465.4879455566406,470.35984603344656,457.0728447330667,468.9647000839173,424972
2013-01-21,472.5079650878906,475.67471164413615,462.9413336555245,465.6872926740435,160964
2013-01-22,469.4963073730469,480.17018975990845,467.4810901429422,480.17018975990845,142188
2013-01-23,461.4797058105469,473.349449299667,458.7780261994639,465.9751523291664,187208
2013-01-24,455.2570495605469,464.75723562124097,452.20102788330985,460.74902192667537,289644
2013-01-25,458.3572998046875,462.3876796862809,445.1145767094945,455.2569992703925,254728
2013-01-28,468.4111633300781,470.31565550146104,457.5379976551979,457.5379976551979,139316
2013-01-29,474.279541015625,477.09194571751704,468.58828578668806,469.47408594885576,566438
2013-01-30,470.95782470703125,477.13631372709654,463.71641866691436,477.13631372709654,205356
2013-01-31,465.1337585449219,472.1316031824297,461.76772790933467,471.66653635631104,547106
2013-02-01,471.2235107421875,473.90307780811065,467.2595767173427,471.4228482138807,219168
2013-02-04,462.4984130859375,478.0441952337481,456.1870868839029,474.7446112312967,429330
2013-02-05,452.5553283691406,461.5019160248707,450.4294132411646,461.5019160248707,344522
2013-02-06,460.74896240234375,469.4740721166449,452.4224194973139,464.60217136826464,498394
2013-02-07,462.29913330078125,466.75024674448076,457.53795735663095,461.0147122330898,346770
2013-02-08,456.4085388183594,467.01597425661896,453.5296882581271,464.9786446731373,294404
2013-02-11,460.50537109375,463.5835051100883,456.1870951926545,459.73029593201494,130488
2013-02-12,466.06378173828125,467.237423713249,458.88876791204484,461.0589891446401,114844
2013-02-13,474.03607177734375,476.42768943429445,467.1267858996046,471.24577909095206,313706
2013-02-14,464.1814270019531,477.1362536869846,457.9808261954423,476.11756192850703,362548
2013-02-15,459.7081604003906,463.71642813393004,451.0273288146951,463.71642813393004,277814
2013-02-18,457.6929626464844,464.13712650050445,453.5075514002112,458.82232543411976,106782
2013-02-19,467.79107666015625,469.4298395135003,458.5345075714838,458.5345075714838,104284
2013-02-20,468.9204406738281,471.24566599948344,465.93086525512837,466.66166117046697,110146
2013-02-21,463.4727783203125,468.5440167981631,458.68948977938055,466.3737955405868,379270
2013-02-22,464.8236389160156,473.903090652822,461.05898819587634,473.903090652822,112796
2013-02-25,463.05206298828125,471.20143578977945,459.7303121777484,465.1115593038025,108146
2013-02-26,456.2535095214844,462.1219353409161,453.1310424595053,462.1219353409161,159770
2013-02-27,455.079833984375,460.6160850060827,440.2426812461983,456.2756425790833,371634
2013-02-28,447.3291015625,462.38770498143566,442.45720045637376,452.488898546979,468104
2013-03-01,461.16973876953125,466.81671516262753,447.32911035507954,448.21491057360447,257134
2013-03-04,460.1289367675781,462.07770807166565,452.71035989806296,460.5275576810207,171854
2013-03-05,465.8644104003906,468.7654273764175,453.6846589307249,453.6846589307249,168058
2013-03-06,460.0625,468.5218814854444,454.8584235860409,468.5218814854444,216406
2013-03-07,455.3235168457031,462.3434733487295,453.5297496279293,456.78505488892694,258046
2013-03-08,459.4202575683594,462.3876663683066,456.18706547831016,456.18706547831016,142240
2013-03-11,459.3095703125,464.1371381503429,456.1871029816442,459.2652370505389,173658
2013-03-12,461.0811462402344,462.8305799163302,456.36424961278595,459.73027938100546,97720
2013-03-13,457.0950927734375,460.30611865960486,451.75812467458366,460.30611865960486,176934
2013-03-14,453.68475341796875,459.2652844405899,451.8024277988136,458.35737158091405,135430
2013-03-15,450.0307922363281,457.5822607592601,448.21491259316105,452.6439137057417,259734
2013-03-18,453.99481201171875,455.6113542774416,446.04472202684434,449.47719812604873,240610
2013-03-19,442.8558349609375,456.0985591872935,440.5748885600257,453.6182752960368,795746
2013-03-20,427.19927978515625,446.7976089228169,425.18408976619713,439.37903235658376,645648
2013-03-21,429.3473205566406,432.2483104862516,409.43895784358807,430.8753041076944,345668
2013-03-22,442.9000549316406,447.6612305221558,430.94175344848634,430.96389304473814,918980
2013-03-25,437.00946044921875,452.1787863184934,435.14927493612714,445.02594009561295,317842
2013-03-26,442.7893371582031,444.67166242244156,437.2088071878037,437.9395760709057,937116
2013-03-28,437.36383056640625,447.3290824020965,430.96391898099,442.83363576100595,516084
2013-04-01,440.9956970214844,445.02607768553986,437.05387476390706,438.0282605274916,265274
2013-04-02,461.7455139160156,465.35510642460565,442.2578827774901,442.2578827774901,277542
2013-04-03,453.2417907714844,469.8727105745277,449.65431089914296,460.66036718868276,266348
2013-04-04,441.150634765625,456.0320941955755,439.3568947851447,453.24180196763217,283252
2013-04-05,447.5062561035156,449.1006855944108,442.2135946882895,444.67168475028444,105390
2013-04-08,454.5040588378906,457.93653459660726,440.68559740942567,440.68559740942567,157418
2013-04-09,454.6147766113281,463.9156785188574,451.78023224947157,455.7441934689377,156934
2013-04-10,455.9656982421875,462.38775033010563,452.28963245353026,455.6999689687827,134700
2013-04-11,461.4133605957031,462.7198943066001,455.30131739381187,455.30131739381187,77894
2013-04-12,460.35040283203125,462.3877326033073,456.18713082510203,456.6300309521167,200686
2013-04-15,453.197509765625,466.37378723010323,450.8722843307171,461.9447864017072,271100
2013-04-16,460.81536865234375,464.09284007185965,452.64388376610833,452.64388376610833,143140
2013-04-17,469.27484130859375,475.4089971254022,461.50192261741415,461.50192261741415,380944
2013-04-18,470.2491149902344,476.3389905081206,462.83053935935476,470.35983999965043,201606
2013-04-22,469.7840881347656,476.1175808360533,465.48797903134147,473.8366346358021,551570
2013-04-23,468.10107421875,473.90305406771097,460.1731525012633,467.8574575649792,248502
2013-04-25,468.4111633300781,472.35298527192094,462.96352420895414,465.532312505636,636644
2013-04-26,470.27142333984375,475.674783801737,465.4880798655732,465.99742587537384,182916
2013-04-29,481.7203063964844,485.8614115341263,470.80280807728013,470.80280807728013,373054
2013-04-30,476.0511779785156,488.76244372289545,461.9448201233116,482.3182254211758,374550
2013-05-02,480.4137268066406,483.8240900863355,474.78891704597703,476.05117154416246,195924
2013-05-03,474.0802917480469,482.82756897942517,472.5744205509198,482.29605640487466,99290
2013-05-06,478.2214050292969,480.0594513420534,474.0802997163109,475.23182921642564,115160
2013-05-07,488.2532043457031,490.7334347190152,478.1107786815676,478.1107786815676,244174
2013-05-08,483.7796630859375,494.27637084071944,478.86343012401204,486.3041713110304,324738
2013-05-09,479.5944519042969,487.6331010312932,478.3321971969089,483.64699938798566,155528
2013-05-10,481.9195556640625,483.6468767511638,478.3320759077444,480.1036761888842,51522
2013-05-13,489.20538330078125,491.15410071276625,478.77506312114065,478.77506312114065,199612
2013-05-14,496.535400390625,499.5914225650533,491.6192190134833,491.6192190134833,530450
2013-05-15,505.9691162109375,508.3386210788626,497.59829299246536,497.59829299246536,413416
2013-05-16,500.2335510253906,510.2209709986129,498.8384588097839,509.2244456646313,223824
2013-05-17,496.33599853515625,503.4445125673762,494.2765022959327,500.2556535333835,143038
2013-05-20,479.306396484375,500.4327606031279,476.2060962378656,494.2764393006415,249594
2013-05-21,445.7568664550781,470.35996466152733,441.57145458337357,470.35996466152733,1609216
2013-05-22,440.6855773925781,451.3151792593338,435.2379118423609,446.44327840373745,969762
2013-05-23,433.9092102050781,446.4432769592444,431.87185363439005,446.4432769592444,571370
2013-05-24,438.2054138183594,440.2427436702399,433.15634135764043,437.0981634570157,414306
2013-05-27,438.73681640625,445.55748857516244,434.08636548175775,434.08636548175775,285114
2013-05-28,435.2600402832031,442.45716636267605,434.3299609566919,435.8136653662395,314464
2013-05-29,440.5748596191406,442.90008506573577,436.47803383228256,436.47803383228256,239326
2013-05-30,430.83111572265625,442.9001446647713,427.81940014543176,436.25664249479973,453678
2013-05-31,432.9790954589844,437.14236690920484,429.6130657567667,429.6130657567667,420960
2013-06-03,422.37164306640625,437.0980697139458,420.06855740225114,431.8275483113106,284384
2013-06-04,427.5314636230469,430.3660350926098,421.3087225881613,422.9253187756034,184500
2013-06-05,430.6317443847656,431.7833008176186,422.5266782894814,427.5314438103145,182592
2013-06-06,425.7819519042969,433.55486940138246,423.52317246414424,432.13758383605347,324282
2013-06-07,418.3191223144531,428.72727411370107,416.5032428135319,425.1840735011911,146796
2013-06-10,414.7094421386719,422.438053252441,410.61261676375557,417.65473822119554,218216
2013-06-11,425.3834533691406,428.2401647357168,412.8272179297652,412.8272179297652,389616
2013-06-12,429.8124694824219,434.92796096919886,425.1841573629643,425.27274280224435,577146
2013-06-13,423.5675354003906,431.0746981324648,420.8437157760842,428.7273328117886,485852
2013-06-14,429.70172119140625,430.49893603683046,425.18413435736346,425.18413435736346,200030
2013-06-17,428.4393615722656,433.5991580763581,425.22833614218024,433.5991580763581,154012
2013-06-18,425.9591064453125,431.82753187853365,422.63735620009305,427.3985315515743,121198
2013-06-19,428.7494812011719,431.8055030235051,425.18414043010284,428.7273416003537,92302
2013-06-20,429.17022705078125,434.44074942404546,417.2340631107266,427.4207661263798,287718
2013-06-21,434.5735778808594,443.8744798600294,424.7411903820986,424.7411903820986,606694
2013-06-24,429.1259460449219,440.530624373152,425.7156096431884,436.566662809854,315230
2013-06-25,428.2622375488281,435.90226392501637,417.6990544266129,423.85537634853165,362246
2013-06-26,433.97564697265625,437.9396082266604,425.62699100067016,429.74595647482647,406440
2013-06-27,430.919677734375,439.3569196251157,426.5128161280105,439.3569196251157,668824
2013-06-28,438.95831298828125,440.68563432778376,433.2227778659782,436.25663297775577,300764
2013-07-01,438.2496032714844,442.87791424057343,431.8275524908512,440.2426535137498,493776
2013-07-02,433.7541809082031,439.2904318874393,431.38467630208027,436.4780272029775,273150
2013-07-03,427.1107177734375,435.96872012914713,425.2062526734555,434.04211542977146,232916
2013-07-04,426.3577575683594,431.8275625476396,425.73768666555753,429.6130622268825,177766
2013-07-05,431.22967529296875,436.25658040648983,427.53144339186485,429.12589990522173,141010
2013-07-08,429.2809143066406,434.484990389285,427.88576820340927,434.042090297145,146314
2013-07-09,439.3790588378906,440.6856195989762,431.3847170747767,432.0933464541054,504840
2013-07-10,446.0447082519531,451.31523058998954,439.82196685787045,439.82196685787045,704224
2013-07-11,445.3360290527344,454.1718639952294,442.45717854170226,450.0972048979028,469152
2013-07-12,447.3733825683594,450.0086435838232,439.5340723827877,445.5575029617248,916688
2013-07-15,443.5201110839844,449.54354081791496,442.6564505990711,443.34294025490925,590896
2013-07-16,441.2392272949219,446.08898882576295,438.55968708020345,445.11460319337164,146682
2013-07-17,441.52716064453125,445.82327037913154,435.8137380221034,441.1285397052998,215530
2013-07-18,440.4419860839844,445.9560974379225,438.471075338845,442.01427594764374,141324
2013-07-19,432.2705383300781,443.80808161569144,426.7342865584327,441.1285411647109,220006
2013-07-22,424.0547180175781,434.0421101455543,421.26445271599505,431.82760958358716,325098
2013-07-23,427.2879333496094,430.4989595395909,422.94751714757876,424.0547675579172,453052
2013-07-24,429.2144775390625,429.6130984433925,419.86929621065576,429.6130984433925,227338
2013-07-25,422.3540344238281,432.76837799580005,420.3971405790802,431.93614209802666,452350
2013-07-26,426.1554260253906,428.7196518902053,424.1310415201378,424.26599499566026,99086
2013-07-29,432.880859375,434.522871019686,424.06355173626827,424.06355173626827,196448
2013-07-30,416.3708801269531,435.91744169874715,413.4467693209244,432.9033527610388,705076
2013-07-31,421.3868408203125,424.22097332665317,407.23863849835925,416.3708554443321,295182
2013-08-01,414.39154052734375,426.44787004294744,409.8254175920391,421.07199875537714,653746
2013-08-02,417.4280700683594,422.8264284141127,413.08687924899465,416.2359216173507,222224
2013-08-05,429.484375,431.41878114450344,409.375485757558,420.62206503661184,724764
2013-08-06,419.47491455078125,430.9239376148621,416.77573555527937,425.12069179154565,325230
2013-08-07,425.4131774902344,428.0448664216612,420.62212307330867,420.62212307330867,117856
2013-08-08,436.05242919921875,439.9662448442357,423.02888302445155,425.1882485234077,196438
2013-08-12,453.52960205078125,457.7133243745233,439.29142059981126,444.4423597993114,701100
2013-08-13,449.2784118652344,457.4659281167189,444.5998233051082,453.46213439944904,245794
2013-08-14,449.0534362792969,454.94663301352017,445.6794623953973,449.8631845199388,172512
2013-08-16,446.21929931640625,456.453686663503,441.7431551829953,445.47701408626637,245288
2013-08-19,428.6971130371094,454.0693793325244,418.23779434207233,447.7038319560477,390266
2013-08-20,425.1431884765625,428.224767702942,422.21907783607537,427.37001668658115,247120
2013-08-21,425.1881408691406,435.7824119039331,422.9163101363847,430.99135867020607,254784
2013-08-22,425.548095703125,431.8686681147689,419.8348276230293,423.81610592422413,712434
2013-08-23,420.57708740234375,427.39249793369544,418.822610061419,422.01662757621466,390672
2013-08-26,427.4600830078125,431.44136194906946,419.3625441788357,419.3625441788357,295770
2013-08-27,422.3540344238281,429.5068699495739,419.5423895563918,427.4599979775742,281426
2013-08-28,430.54156494140625,432.31853005173946,412.6819906225927,418.4177463542885,223646
2013-08-29,430.49658203125,436.0973841975127,426.9201642052651,429.6193433256356,532974
2013-08-30,447.2764892578125,452.1125186865492,430.1816875562315,438.16675940368054,352458
2013-09-02,448.0187683105469,457.9157586320714,444.59979154317426,447.61388045076905,268028
2013-09-03,429.0795593261719,452.517450960019,418.48528535503704,452.517450960019,287912
2013-09-04,437.71685791015625,444.9146685232729,425.5705525005219,429.07947968292257,516786
2013-09-05,434.9052734375,448.51363601467546,427.7974399630648,448.51363601467546,389200
2013-09-06,442.1705017089844,444.46479279406384,437.8517989887315,442.66534019165874,188118
2013-09-10,447.68133544921875,451.6401257727307,435.2650957367656,443.56507654494715,620722
2013-09-11,447.2089538574219,450.6504179950506,443.11521010743684,447.6813321387393,203112
2013-09-12,447.4564514160156,461.10978881400774,439.0664915926552,447.2090046853092,427036
2013-09-13,451.0328674316406,465.6084471964311,449.0759733467027,450.0881656232167,635382
2013-09-16,441.8555908203125,458.4105492262946,438.66154598517767,458.4105492262946,640750
2013-09-17,444.8921813964844,447.9062700858783,436.9520855712673,439.6512645544615,272350
2013-09-18,446.66912841796875,449.41328262417846,441.4282117867619,444.937138832274,187384
2013-09-19,454.5867919921875,456.61117651862475,445.81445904429273,451.6626810095559,387810
2013-09-20,448.85101318359375,463.0891946173572,443.1602326523493,457.0610166820659,709180
2013-09-23,447.8388366699219,450.71797226836776,443.2502263225428,444.8472352661847,202110
2013-09-24,445.38702392578125,449.63823635429156,443.56508358712506,444.46480992300155,639716
2013-09-25,440.3260498046875,448.06370154780996,437.7168490020272,446.7141120853165,242052
2013-09-26,439.04400634765625,444.4198772115888,436.8171779613026,440.46105898808395,216636
2013-09-27,442.9803161621094,447.5464113493575,439.51636389274995,440.8659535464636,199364
2013-09-30,436.5247497558594,443.99249542935763,430.631552756492,439.58384151420404,262826
2013-10-01,446.646728515625,447.61394551152915,432.633504384397,433.3532746203202,381792
2013-10-03,455.9813232421875,457.5108690874148,446.64666195058095,446.64666195058095,426614
2013-10-04,459.9176025390625,463.6739490392354,454.58673493816366,454.58673493816366,301692
2013-10-07,471.99639892578125,474.6056271833798,459.3552552890025,461.1097325715301,400874
2013-10-08,476.2027587890625,478.789472441448,469.2523387219454,474.60572230726314,446212
2013-10-09,471.186767578125,476.83251827940455,469.00494185165616,472.2664503348667,231560
2013-10-10,470.9393005371094,479.05935361827795,468.35258702395987,474.1558335407971,305538
2013-10-11,465.20355224609375,476.85502081310096,462.90926077045367,475.5054311315544,274702
2013-10-14,461.0422058105469,469.9495175189324,459.5576630116378,467.31782925984214,268358
2013-10-15,464.2362976074219,466.9579918767257,456.6336261602116,465.158539114195,233574
2013-10-17,453.7994384765625,467.3178476804251,452.11245171642656,467.3178476804251,108788
2013-10-18,463.5165100097656,465.6083847503272,454.36180540853184,457.3758941636268,133794
2013-10-21,464.01141357421875,469.7021945020269,462.9317857379885,465.5634746899551,146278
2013-10-22,465.06854248046875,467.8576720207725,461.919500457252,463.80890370520814,142644
2013-10-23,458.1181945800781,467.7902537145662,452.65237298553643,467.7902537145662,222230
2013-10-24,445.9044189453125,458.86047389315434,443.6101001013639,458.3881230144645,458514
2013-10-25,438.5491638183594,447.4114750426196,437.3570427196538,447.4114750426196,550996
2013-10-28,434.8377380371094,442.66536833827394,433.30821970229215,438.6165997254239,141130
2013-10-29,445.88189697265625,447.61385921376205,430.63152435414446,430.63152435414446,529102
2013-10-30,437.67193603515625,449.23339877864606,436.8846754031886,449.23339877864606,608678
2013-10-31,437.4919738769531,441.4507646529315,434.20797791929397,439.7412899380172,769782
2013-11-01,439.7413024902344,443.11527667813897,435.91746507727584,439.96623410276135,477978
2013-11-05,442.7778625488281,449.4133448679495,441.54073872661905,441.99060193469506,538306
2013-11-06,463.20166015625,465.63093244699894,443.1152570637233,444.91470988428665,561542
2013-11-07,449.9532165527344,467.7678172683951,444.10499445335813,467.7227870125969,432420
2013-11-08,459.0404052734375,462.45935449880653,449.8631853101231,452.06752590113064,299326
2013-11-11,495.4344177246094,508.6603533035057,472.35641110193586,472.35641110193586,2713396
2013-11-12,512.1241455078125,518.2422724636339,500.1802586686563,503.39679070035265,1799262
2013-11-13,512.5964965820312,521.8186902985033,509.312528841709,517.5675058927358,700162
2013-11-14,516.5779418945312,523.1459337252298,505.19638080620615,512.8440553152939,383232
2013-11-18,519.7044067382812,524.8778329901663,516.1729919754164,517.2976498562609,304866
2013-11-19,512.5516357421875,520.2893158791751,510.8421884984504,520.2668007527678,334196
2013-11-20,512.3941040039062,523.4607259958943,508.3003605124103,515.070767655864,344404
2013-11-21,509.5149841308594,517.7924769345198,504.74644580411046,514.1935717950964,276452
2013-11-22,508.0979919433594,517.7925663018698,506.5459858000915,510.81968639076723,293974
2013-11-25,522.7410278320312,527.4196160004351,509.53755416194696,513.2489254869162,434744
2013-11-26,523.078369140625,528.5666775152366,517.432564734131,521.7737550438924,569074
2013-11-27,519.614501953125,532.3905726756335,515.3857769647872,526.2499840359876,658400
2013-11-28,515.0933227539062,523.3708159540744,508.43532596106877,519.7719106422567,960950
2013-11-29,518.3775024414062,522.7411544844604,509.8750750902948,516.4880436328517,289154
2013-12-02,522.021240234375,525.4401893878149,516.6678574588232,518.9846637974164,260706
2013-12-03,518.1974487304688,525.6651671220857,516.4429712076632,521.773839326426,209076
2013-12-04,512.21435546875,522.2913046289051,510.6398338785681,521.8414413174245,246100
2013-12-05,510.9771423339844,520.9191088025118,508.8178317640702,519.5920342308442,187954
2013-12-06,512.1692504882812,513.7437716799449,507.4456869132905,507.4456869132905,203004
2013-12-09,502.0923156738281,517.1177578102416,498.9208130050796,517.1177578102416,202634
2013-12-10,502.0473327636719,511.9443231944969,493.49993193705023,501.6424448994225,457036
2013-12-11,511.6069030761719,512.8440268250921,497.8411007075388,499.3931067174812,308232
2013-12-12,512.9339599609375,513.7437356257972,502.96953476494383,504.746472304855,262998
2013-12-13,499.16815185546875,521.7962907922206,494.87199162210624,512.3716246317719,588158
2013-12-16,504.6115417480469,509.69501799767244,499.730536892311,499.730536892311,250370
2013-12-17,519.2095336914062,523.1008606830811,507.4905773871288,507.4905773871288,410624
2013-12-18,531.0635375976562,534.4375117882386,507.44571826358003,523.1909311529641,680182
2013-12-19,529.2640380859375,537.609022148381,526.3399273782804,532.1881487935947,527834
2013-12-20,533.4253540039062,535.7871360899451,523.0559840220805,528.4093677334247,255384
2013-12-23,538.5761108398438,543.0972572083379,528.8141030013677,535.337118308488,553828
2013-12-24,539.3634033203125,547.1910331364297,537.1366026872065,541.8601657761644,244722
2013-12-26,529.646484375,543.7496862254695,527.8695465102879,539.2735688711002,455102
2013-12-27,549.6878662109375,552.4320208036021,527.7120594282453,533.4478153445693,474148
2013-12-30,547.573486328125,555.5360982261592,545.481666298884,551.0824413903019,465808
2013-12-31,549.4404907226562,556.3683960244466,547.213689514736,547.708528125946,213110
2014-01-01,552.0046997070312,555.2886683452119,549.462961468236,552.4320478106134,168936
2014-01-02,555.2211303710938,560.0796748174138,548.833095001803,552.3420498702499,617586
2014-01-03,562.1266479492188,563.6786542011118,551.5323464090687,556.0309789246402,280924
2014-01-06,564.0836181640625,566.8277733855571,556.4809172047096,565.3882327524647,327226
2014-01-07,553.4667358398438,567.0525829781425,551.892214586037,565.4780617243356,143272
2014-01-08,556.5707397460938,562.2390601067351,552.5219708684598,553.0842998792423,232766
2014-01-09,555.5135498046875,560.5970258233021,551.1273836973223,560.5295353617392,319842
2014-01-10,562.3289184570312,566.3776866699219,551.5547183453679,552.4769048226774,302964
2014-01-13,567.56982421875,569.8416000573628,563.7010123159697,564.5782234461881,363092
2014-01-14,578.1641235351562,584.8221204104192,566.5127113758527,566.5127113758527,378860
2014-01-15,581.3131713867188,584.3722629354198,575.4649501256253,580.3234943700475,714052
2014-01-16,580.278564453125,586.8465563235857,576.319746246713,581.2232662093313,192082
2014-01-17,571.0787353515625,580.9982394545651,566.3551724291677,578.0966441967817,327550
2014-01-20,583.1576538085938,584.3722624111405,567.3224371514922,571.0113481233738,322490
2014-01-21,586.4866943359375,592.7847798066953,583.9224957888222,584.8222222846448,446264
2014-01-22,596.2487182617188,598.7679412916777,586.8240509250287,588.398572183121,514772
2014-01-23,596.2711181640625,600.7922649995588,589.8605679759354,598.3180175585273,602726
2014-01-24,596.9235229492188,603.9638933882868,590.647898025025,595.6414237437203,428284
2014-01-27,588.7360229492188,596.9460273961527,585.4295389905666,596.9460273961527,325360
2014-01-28,580.4134521484375,593.3470185573581,574.0703923013111,588.3310880385452,254898
2014-01-29,581.5381469726562,588.7134980886916,578.1417127014727,583.4725807328903,247880
2014-01-30,570.7189331054688,583.472543249011,555.5810261468995,583.472543249011,327530
2014-01-31,591.794921875,594.4715854165582,571.7985285788333,574.4751921203915,337794
2014-02-03,590.6929321289062,605.4933883640122,582.5953940435837,596.4511484850576,753396
2014-02-04,603.491455078125,625.3098192758805,598.9928232847733,614.0632397925013,1547316
2014-02-05,604.6610717773438,611.2740932811583,593.8193804357096,606.5955053614048,535454
2014-02-06,614.49072265625,617.2124174542993,597.5534141704597,607.2704499928725,413398
2014-02-07,623.2404174804688,625.2648016505559,614.5130614086618,618.1119665999278,438504
2014-02-10,617.0098266601562,627.4241146728474,615.0304178129612,625.3097798293268,189462
2014-02-11,610.1044311523438,620.3613337635767,605.0659854329301,617.6846697716894,124926
2014-02-12,623.532958984375,626.0521821179783,610.914273273679,614.0633159194196,378660
2014-02-13,607.3602294921875,625.0848486336234,602.9290884355623,624.2076374546998,192064
2014-02-14,613.7034301757812,615.3904173811262,607.7652571789463,607.7652571789463,313374
2014-02-17,612.21875,614.51304100025,609.5645465266023,614.51304100025,91172
2014-02-18,611.18408203125,620.0913946211625,609.0922073411257,614.0407021322023,147126
2014-02-19,614.2432250976562,619.8665151052975,609.2047243018447,612.2638160319782,106484
2014-02-20,627.3790283203125,630.7080260312802,608.3048231121303,608.3048231121303,246996
2014-02-21,639.345458984375,642.8094380375549,630.6631335162634,633.4072876288279,484010
2014-02-24,642.1123046875,646.4534960720871,638.3784726278409,641.0551370234684,229316
2014-02-25,642.1797485351562,645.5537226955862,636.4214773353783,644.181617904367,159402
2014-02-26,638.6257934570312,650.952056230423,632.7100813410573,641.5049289458073,437542
2014-02-28,640.8526611328125,645.1038465236334,632.1927942948906,632.1927942948906,468386
2014-03-03,644.6764526367188,652.3016115785057,636.8488223147889,643.7542111509252,259112
2014-03-04,644.406494140625,650.0522990499062,641.1675011909196,647.8479584715242,273378
2014-03-05,642.1348266601562,648.7028192563221,640.897702698329,645.5537764443982,161392
2014-03-06,644.9913330078125,654.5509255632901,642.8319677822467,642.8319677822467,342132
2014-03-07,626.3671264648438,649.9849486474927,616.8075317718668,647.7581473791091,366344
2014-03-10,618.8093872070312,625.2873737788528,607.7877380860209,625.2873737788528,363260
2014-03-11,618.0895385742188,629.2011928670055,614.5356631289995,623.0155736978743,349502
2014-03-12,623.3529663085938,628.1215053392822,615.8627328984618,618.112048942649,470724
2014-03-13,625.3997802734375,636.1065460843984,622.7231162781673,628.009008722645,291566
2014-03-14,629.3360595703125,635.7466097414352,623.5103534860393,623.5103534860393,382216
2014-03-18,636.9613037109375,640.9425819719937,623.510383304568,635.1618509452677,392728
2014-03-19,635.5218505859375,642.8546442108668,632.0579252038264,639.7281162977258,627142
2014-03-20,632.4627685546875,644.5415861091471,630.3259180685466,635.206923459163,212604
2014-03-21,633.7222900390625,638.8057663428385,630.235850117121,633.3174570768563,201054
2014-03-24,633.6998901367188,642.4047332066341,630.8207542990215,636.6240013172812,234700
2014-03-25,635.2068481445312,643.2818707424314,631.9003645567957,635.0494070051043,325326
2014-03-26,621.4409790039062,643.3043175545926,616.9423474126154,643.3043175545926,477446
2014-03-27,602.4793090820312,625.7147550578045,599.4877077272707,625.7147550578045,616054
2014-03-28,611.5889892578125,619.0342468046756,598.3855159931234,602.5017750465112,362076
2014-03-31,614.468017578125,618.741717016337,587.1163192075963,612.3536280649995,1057934
2014-04-01,606.7755126953125,618.0445530283534,602.4792971228223,614.5131378531083,329190
2014-04-02,616.3574829101562,623.0604547419921,605.0659289732703,608.327436768851,233626
2014-04-03,619.3040771484375,622.1157216575967,569.5267117752959,569.5267117752959,302960
2014-04-04,607.1354370117188,621.0362225523821,605.9432884048509,618.9668625656209,174168
2014-04-07,607.5852661132812,611.8139914489319,598.7454426803132,608.7774146531376,289768
2014-04-09,612.286376953125,613.7484324644643,605.0660500773024,607.1579250995923,733158
2014-04-10,604.773681640625,614.5132325092857,600.6124463545995,610.3070218788337,235786
2014-04-11,606.0781860351562,617.167324712163,603.8063549472818,607.0228877563239,353988
2014-04-15,592.80712890625,609.4070890879772,585.1369407115908,608.6648039538276,414146
2014-04-16,595.8663330078125,597.8682023136911,588.4210749633618,595.0115819312228,285528
2014-04-17,595.9788208007812,602.2993661456168,590.7603634732312,597.035988393624,227244
2014-04-21,602.5692138671875,608.4399503261436,592.9196706320571,592.9196706320571,182542
2014-04-22,611.4766235351562,612.3088595659906,601.9620047995321,606.7080840605606,232298
2014-04-23,615.2328491210938,619.4390587011169,612.713626397893,614.4681037119756,372476
2014-04-24,615.2328491210938,615.2328491210938,615.2328491210938,615.2328491210938,0
2014-04-25,616.1102294921875,620.811278439026,613.1636032698495,619.4391735750479,398282
2014-04-28,628.6612548828125,633.6547799217938,617.5271416036201,618.5393337199102,829218
2014-04-29,625.5571899414062,635.4091484391912,623.5777812099808,633.3623041710147,311684
2014-04-30,621.3734741210938,632.0577239023614,610.95913124605,629.8084081589367,208818
2014-05-02,620.4738159179688,635.1843205284052,615.8627181379005,625.2873301711855,441080
2014-05-05,612.21875,624.3425394944635,606.8653677227944,621.7108511437375,178868
2014-05-06,608.2825317382812,617.0098887277426,604.166272509972,616.3125788076408,116326
2014-05-07,608.9574584960938,614.9181471375806,604.8411983757746,608.2601484248821,95336
2014-05-08,615.6153564453125,618.1121195053639,605.9883266091384,613.9733994775665,147856
2014-05-09,602.096923828125,619.9114957416305,598.3180619276985,613.8383424814622,209702
2014-05-12,600.2749633789062,606.3930920529206,593.5945056922998,601.9169750786639,349784
2014-05-13,609.9020385742188,611.8139571904389,590.6703866110635,602.2768792355058,318800
2014-05-14,612.4212036132812,615.5477855330766,602.1868166943661,611.8138993285528,187688
2014-05-15,597.4408569335938,614.0632805472662,596.0687521795808,607.7651956185763,204636
2014-05-16,585.9243774414062,602.3669014599327,578.0742855683446,602.3669014599327,568800
2014-05-19,571.9335327148438,596.9684292185647,551.3073172625102,587.0714394349864,686548
2014-05-20,575.824951171875,583.4276509633055,571.9336231360445,571.9336231360445,240958
2014-05-21,581.1107788085938,584.3722869536391,574.1153842004858,576.4547057500343,119192
2014-05-22,575.7574462890625,587.0715175528595,573.5756205976214,583.2701952097789,280272
2014-05-23,582.9327392578125,585.3169811982194,575.9823200747393,575.9823200747393,344264
2014-05-26,559.0223999023438,573.5754604049258,544.3343585019296,573.5754604049258,1137278
2014-05-27,562.9364013671875,568.5822074662999,559.6299172602558,559.6299172602558,420358
2014-05-28,566.15283203125,568.8520112066076,558.7300892990168,564.5783108456247,321158
2014-05-29,565.3430786132812,571.1013497138288,560.0797009796903,564.5783331160733,381166
2014-05-30,573.6655883789062,580.3235863746092,557.8304241120275,566.8276890170602,894950
2014-06-02,561.0469360351562,578.9739746960183,558.2802661987248,573.6655666372563,246184
2014-06-03,557.4930419921875,567.6824557600254,555.1312598897393,564.1735003846943,299514
2014-06-04,556.54833984375,564.5783880048937,553.376781913281,558.2803024016519,272356
2014-06-05,555.603515625,560.0796320841154,552.5669393064717,557.4704037999979,301648
2014-06-06,571.438720703125,577.174476411816,554.2539687026699,560.0796750839525,479714
2014-06-09,584.5972290039062,594.7191510143625,576.7246229957736,577.1744861962384,445364
2014-06-10,597.7106323242188,601.9168414214197,580.3234121327589,591.5699898872698,639290
2014-06-11,595.4613647460938,606.5279871651182,588.4209955215832,601.8719145826248,513792
2014-06-12,600.4774780273438,603.7164714072161,590.4229906259742,597.8682492549851,287584
2014-06-13,606.8881225585938,609.0924088537553,596.0688879472299,600.6574717601625,522916
2014-06-16,603.8063354492188,616.0426468378283,593.8193948651888,610.2394008595671,385092
2014-06-17,606.1906127929688,611.36403917302,602.8391541909973,605.0659548842619,443294
2014-06-18,607.630126953125,620.4512265638411,601.084651153457,601.084651153457,403246
2014-06-19,607.5626831054688,615.5927291372833,605.2908522921705,611.81386779439,204994
2014-06-20,595.7763671875,613.5909403971724,591.5926720306153,609.5197110495848,567812
2014-06-23,609.3846435546875,611.8139156734374,598.7903987726876,607.3152839405444,364076
2014-06-24,605.7858276367188,617.4372965287013,602.8392563654585,613.7259248009332,595552
2014-06-25,608.169921875,609.519511143937,603.4238443132667,603.4238443132667,390880
2014-06-26,610.6668090820312,615.8402361379465,605.80831923066,607.3153500422204,998842
2014-06-27,646.7009887695312,652.3017647143739,619.0568568952509,619.4617448356503,972880
2014-06-30,656.4177856445312,661.2762744146172,645.2836733717195,652.2565517647935,630934
2014-07-01,661.7037963867188,666.7872176325067,653.2238859917342,661.2089578463241,439840
2014-07-02,681.1378784179688,688.9655092910417,658.3073204052229,662.4235797786869,517654
2014-07-03,675.6270141601562,687.8182955042178,671.7132264122823,685.2091219772817,395588
2014-07-04,687.7283935546875,695.0161557101072,677.0666572689913,681.5427743158473,346360
2014-07-07,690.2251586914062,696.8831013818433,673.2203070518179,691.8896306352796,296476
2014-07-08,677.426513671875,695.4660176728887,666.0224921151016,690.225155131935,237118
2014-07-09,658.8695678710938,685.2765681003604,650.5021241451599,683.3421345618933,295632
2014-07-10,664.33544921875,674.1424884814709,631.1580397859531,652.5490559014811,547162
2014-07-11,663.1884155273438,676.1444997642557,653.2014728261472,656.8003790125172,259994
2014-07-14,641.7748413085938,670.2736645416937,636.6239295449067,657.7000098487965,336086
2014-07-15,645.1937255859375,652.301585518249,632.9124942006595,644.2040485945743,335870
2014-07-16,669.2615356445312,674.3450123399576,645.5762794432679,650.1648626313033,272544
2014-07-17,669.80126953125,672.5229086987614,659.7243237699156,669.9812257781364,114788
2014-07-18,673.4451904296875,679.2934118562646,663.5707154484812,670.7460113097288,119726
2014-07-21,674.6372680664062,681.0702780116497,672.5453934849545,674.164889804005,166078
2014-07-22,664.8529663085938,675.8746168975898,659.9494454717234,673.4453441521267,208696
2014-07-23,665.145263671875,674.3449442475002,661.5913333696369,670.7460386077537,404632
2014-07-24,674.9522094726562,677.0440842375074,667.1245791768894,668.0018453246986,278366
2014-07-25,673.93994140625,676.2342323771952,664.4478403837543,674.7946923328582,110130
2014-07-28,662.4459838867188,677.9437469794324,653.7410882599795,672.5453893392511,389330
2014-07-30,670.993408203125,673.3101595104384,659.9942211570844,659.9942211570844,246760
2014-07-31,672.999755859375,678.950282615589,665.9777491108582,676.2144184814765,457222
2014-08-01,682.1192626953125,695.3654263603339,668.1663675674888,673.9344919085728,654802
2014-08-04,684.9918212890625,700.9282038533404,681.6859862387408,681.6859862387408,377798
2014-08-05,688.480224609375,694.4535168724066,684.4220149871846,684.9919866852086,406036
2014-08-06,692.7208251953125,701.29322234941,688.7994307929794,688.7994307929794,375780
2014-08-07,685.0376586914062,697.1666468051993,683.715313054876,696.8703060143214,86200
2014-08-08,684.3308715820312,693.5644134921322,678.4943388755704,683.715257592317,259070
2014-08-11,688.685302734375,695.2969735729662,680.3865381532116,688.0697445126955,315814
2014-08-12,672.110595703125,682.6208956005858,660.3463581271136,682.6208956005858,936198
2014-08-13,673.6837158203125,684.2851892444368,665.7953410348396,676.6703897376494,354844
2014-08-14,666.1373291015625,670.7426892551472,663.5154593101165,669.3747571900449,395038
2014-08-18,665.93212890625,672.1562311497984,663.5838899757198,670.2867350618179,317302
2014-08-19,679.5887451171875,681.8230455654216,666.1829980890886,666.1829980890886,194346
2014-08-20,691.6492309570312,693.1995650764704,679.5430657333327,683.7380350811824,350436
2014-08-21,703.436279296875,710.1619456273545,694.5903626861667,697.0982382670235,530782
2014-08-22,709.9338989257812,714.8812976055071,702.4102727980058,705.8301028560855,325076
2014-08-25,719.4867553710938,725.779210136106,709.09044831752,712.5558654482766,367096
2014-08-26,718.8939819335938,731.1141989299217,707.4489599401711,726.2580283240139,236518
2014-08-27,711.9402465820312,724.7760205186959,707.289299730923,718.8939013872593,209990
2014-08-28,713.4905395507812,718.5746980011369,706.8104604176152,715.4284432370512,249674
2014-09-01,714.4937133789062,726.2123651145201,711.324692940901,714.2657246952714,223460
2014-09-02,729.4725952148438,733.9183744286615,711.3474953431252,716.3404251187396,382782
2014-09-03,736.8822021484375,742.7870864335287,732.2996076195501,737.4977604248248,766566
2014-09-04,735.423095703125,741.3736226917063,730.1565904360813,737.6802170986871,153240
2014-09-05,753.6165161132812,759.2250594173955,729.5637124678566,735.2634289715118,204474
2014-09-08,768.1622314453125,775.1614724317756,754.6424922791697,759.8634105201477,261646
2014-09-09,761.049072265625,774.7055726023045,751.4279049691272,774.7055726023045,347424
2014-09-10,762.1205444335938,765.1299837738657,748.5779839104248,763.7620517408969,382644
2014-09-11,785.0106201171875,790.0719577342705,751.1315353089055,764.1268902058673,430226
2014-09-12,800.787353515625,804.3439989045506,780.2227873516281,787.4956590604952,543488
2014-09-15,787.016845703125,802.4972532831158,786.3328797306136,800.7873383518373,329550
2014-09-16,762.0521240234375,800.3998069108469,757.3783563218727,790.6647019037491,322070
2014-09-17,771.8101196289062,775.1159556177997,752.8186507121748,762.3941756455216,271028
2014-09-18,793.3321533203125,797.9831555232606,763.7620343466721,763.7620343466721,355154
2014-09-19,781.6364135742188,796.2276899403603,775.3439590381015,796.1593378614356,411768
2014-09-22,782.7763061523438,785.1930084078979,773.428770337964,781.5223684211464,367244
2014-09-23,780.10888671875,792.9446610532231,775.9366825740475,785.1702244868295,245624
2014-09-24,789.0459594726562,794.2896988410157,777.0993755240428,779.7212452082225,284522
2014-09-25,785.8997192382812,800.2401834521517,778.3988590507431,786.5608640769011,564970
2014-09-26,783.1866455078125,809.3597552026822,779.7212289558233,780.1772062826981,390596
2014-09-29,816.4502563476562,820.3032426436371,784.007457158646,784.0302226290898,297660
2014-09-30,820.9188232421875,829.8787894362173,802.9761253830652,813.9195819470593,615618
2014-10-01,815.1735229492188,833.5037905029393,813.07603823163,820.7592455928366,374694
2014-10-07,807.5587158203125,827.4849039442003,800.3542513558658,819.6192945803554,357670
2014-10-08,788.2479858398438,811.4572430023636,784.7141615425054,810.2261264794219,251548
2014-10-09,807.399169921875,810.5910117614327,789.3197103168526,790.6648213990015,372424
2014-10-10,805.6663818359375,814.8086942044029,795.9996287272809,805.7119684381681,171634
2014-10-13,787.3132934570312,805.6663815835028,771.6048405333725,803.0216907193931,304888
2014-10-14,804.800048828125,810.978564385348,790.7559237285309,790.7559237285309,316992
2014-10-15,804.800048828125,804.800048828125,804.800048828125,804.800048828125,0
2014-10-16,776.2329711914062,805.233117298132,772.8815490578389,804.3439837982465,318974
2014-10-17,777.5325927734375,790.6647633566845,775.2071193075897,776.6206380290814,248584
2014-10-20,794.882568359375,796.478489190729,777.5782490382146,777.5782490382146,94364
2014-10-21,795.0421142578125,802.5201540987194,782.1379883585727,792.5570599087878,164806
2014-10-22,813.4406127929688,814.968181146905,796.1591191237983,796.1591191237983,134936
2014-10-27,822.2867431640625,839.0439107801047,813.2584250289326,834.3245563388667,234222
2014-10-28,828.5108642578125,834.3929833421504,817.9322117558041,823.0391359302981,202170
2014-10-29,828.4197998046875,835.9661927169581,821.28374204181,831.2468375471823,364774
2014-10-30,834.9628295898438,838.8842231697803,823.4949895608769,825.7748760214552,359786
2014-10-31,855.1854858398438,860.9080236187795,837.630358564539,837.630358564539,257412
2014-11-03,823.3126220703125,854.0455039811784,819.1860608002278,852.7231586462794,681916
2014-11-05,784.8053588867188,829.9698780827324,772.9271276868946,823.0846318283062,943928
2014-11-07,798.6900024414062,808.4251087958992,767.2503829864116,780.770124024164,1026738
2014-11-10,793.6057739257812,805.2788388705012,777.8973761387304,798.8723346981568,228282
2014-11-11,790.7559204101562,795.6804981935817,781.4083844714924,794.0161696868769,176824
2014-11-12,799.0547485351562,808.288290210806,785.0562099807247,792.944640689133,499574
2014-11-13,797.4814453125,811.5027467379228,791.4397463243097,805.8714384359052,343862
2014-11-14,786.0821533203125,806.9659388272611,783.6882721626105,794.5633768080676,291964
2014-11-17,782.4800415039062,790.9839755062663,776.9854915555558,778.5814124595724,250752
2014-11-18,781.95556640625,790.0719298162107,777.4413795219277,778.8548981706172,258754
2014-11-19,783.2550048828125,790.6418148576215,779.721180817703,786.1048629998363,250564
2014-11-20,793.1270141601562,797.002821637296,782.5711273695687,784.8510141208274,209314
2014-11-21,792.3518676757812,796.5468929511662,788.0884903227208,795.5893515893972,154170
2014-11-24,787.8833618164062,797.9604512398024,781.545264814298,797.9604512398024,178594
2014-11-25,790.2315063476562,795.6804129858212,780.5191672942576,785.8769007341335,361706
2014-11-26,794.8597412109375,800.0578944402722,786.7889639036844,787.700918657557,655436
2014-11-27,791.8502807617188,801.5170342944839,786.6749488023072,792.9446375697506,535008
2014-11-28,787.837646484375,798.0743151931965,783.8250237492385,793.8565249257849,248306
2014-12-01,784.5545654296875,795.5436077062064,779.0372509915641,786.560876769358,272518
2014-12-02,790.1631469726562,793.2865806326565,776.4382401126506,786.6749091745887,201772
2014-12-03,789.66162109375,794.7685453050863,786.6749470955824,793.5146075543181,102806
2014-12-04,782.9358520507812,793.6740841625623,779.766776391396,791.1206223925738,209874
2014-12-05,770.670166015625,788.726858805136,764.7424601827204,782.5255776814342,298170
2014-12-08,758.4271850585938,772.858824352335,749.4443974340476,767.5239113648316,551920
2014-12-09,760.93505859375,769.2338244771158,756.01048072499,758.7463449495677,270598
2014-12-10,761.892578125,767.6150605674445,761.0262100130968,766.0191398154698,247226
2014-12-11,778.4217529296875,783.551498174816,760.5702283443808,761.0262056995033,266036
2014-12-12,779.3109130859375,793.172636286674,771.194549284728,780.6332585931508,310026
2014-12-15,787.8604736328125,792.9446323502971,763.4885059035867,774.8879399511758,254396
2014-12-16,766.8626708984375,791.1206418003635,761.0717255991458,788.3391913101541,388648
2014-12-17,745.864990234375,764.5828837195103,737.4522299405432,763.7621021810045,516166
2014-12-18,762.25732421875,765.4948079773342,748.3728359847256,749.1707963582052,281230
2014-12-19,775.9366455078125,782.0011666154722,758.2903440708632,766.953913846778,287068
2014-12-22,782.6624145507812,787.0170211443467,773.7708549260334,776.6435349154742,181812
2014-12-23,780.2683715820312,788.3847901827274,768.3446091340404,777.8973117708114,116550
2014-12-24,762.8501586914062,782.9131634627283,755.5545205927436,780.5876899510399,566780
2014-12-26,771.513671875,775.184311786442,766.0647648375649,766.9538984005615,70864
2014-12-29,778.6953735351562,781.0892547888875,771.5365509075662,776.5294809722566,93814
2014-12-30,783.0043334960938,788.8408662158529,773.4060430582828,778.0342245905955,183636
2014-12-31,785.762939453125,788.7723787200481,777.9201515864413,783.825035786985,138518
2015-01-01,795.8855590820312,799.3282099747908,786.3328568748013,791.0294453473844,186924
2015-01-02,799.2827758789062,806.85198939996,796.1365207642441,799.784339874275,204160
2015-01-05,794.47216796875,805.0964630676914,789.9808019585618,799.2143437996359,121542
2015-01-06,763.3745727539062,788.8408993252975,760.1143232227,788.8408993252975,682896
2015-01-07,752.2030029296875,774.7738804455076,745.5229240073929,764.3091674732144,415972
2015-01-08,753.7533569335938,765.9963372630959,752.3626037953929,756.9223771517287,124860
2015-01-09,776.1874389648438,783.7566517931167,756.9223960532476,756.9223960532476,152108
2015-01-12,778.0343017578125,786.9030404006007,766.4980506524176,781.0893282377106,194864
2015-01-13,786.059326171875,788.7951901374402,777.4413435480859,777.4413435480859,112556
2015-01-14,777.5781860351562,793.4005775880545,773.8163729517646,784.2810307192262,256164
2015-01-15,773.1551513671875,788.0428223576719,770.6245105767318,780.0176324637513,188754
2015-01-16,780.7017822265625,784.007618654699,775.6176226565462,776.0736000949099,233268
2015-01-19,780.7017822265625,787.9290134923644,777.623934517608,784.7371714238191,188148
2015-01-20,772.676513671875,786.5381818918124,770.7841963584215,786.5381818918124,196708
2015-01-21,765.7000122070312,777.4642508270326,762.7589803826814,776.9854523154868,225258
2015-01-22,755.0985107421875,769.735372915981,750.7439046747767,766.4979447811698,491236
2015-01-23,765.3351440429688,768.276231282687,757.3783617246486,757.3783617246486,284424
2015-01-27,769.9177856445312,775.1615253750093,759.4531273164886,765.4491851749084,550398
2015-01-28,793.0130004882812,795.224479450825,768.3902241750103,772.8131821000978,565222
2015-01-29,806.3046875,811.6395996828367,790.1630798347234,799.1002238450401,519390
2015-01-30,794.47216796875,816.1995010134635,779.8581265010156,808.9038630155778,555528
2015-02-02,770.5105590820312,792.4886453952158,756.0104568845039,784.2810529803056,1081282
2015-02-03,756.8768310546875,776.666259612475,754.2777267057076,770.6017384594873,226616
2015-02-04,746.0017700195312,768.7778165184134,741.0316057437066,757.3327960998947,258772
2015-02-05,739.5952758789062,745.5229815425473,734.1235475740068,745.4773949389329,390698
2015-02-06,731.5928344726562,741.8751459449556,725.0039840519235,740.5072138995747,267052
2015-02-09,737.9537353515625,741.0543478548659,716.7963757246322,720.6037753667372,181220
2015-02-10,743.904296875,753.5710510206603,731.752543858872,740.6896896453859,338944
2015-02-11,747.1417846679688,756.922477550104,739.8005040614823,745.5230426472409,119496
2015-02-12,749.7636108398438,753.3202009247201,743.3799276676401,748.7148406256046,125904
2015-02-13,753.7305908203125,763.6709197272298,750.0827718689741,752.3626587135606,382978
2015-02-16,748.144775390625,761.9380890920215,741.4191100320928,761.9380890920215,182534
2015-02-18,759.0653686523438,761.482070541933,740.7806905458403,746.8907973339439,182914
2015-02-19,759.931884765625,767.4099248746794,755.5545130822007,763.762105861609,218156
2015-02-20,771.5365600585938,774.7055806342188,758.1308137464357,762.3941911832924,165942
2015-02-23,768.4130249023438,774.6599481318943,764.6284462106559,773.3376026554713,593010
2015-02-24,769.37060546875,774.7055182030394,765.0844072434307,770.6017220501099,189252
2015-02-25,796.0225830078125,803.4322161018276,758.8832443180253,769.370725004939,890970
2015-02-26,784.5775146484375,797.5044626448106,775.6175477180234,797.2764739476567,517330
2015-02-27,774.7966918945312,792.9901993161894,773.1095979617878,784.2126353169182,303472
2015-03-02,804.503662109375,810.3173735803591,782.2747653085534,795.6805111268474,324572
2015-03-03,808.4478149414062,818.5933106449856,798.575894506563,806.4870901364209,754516
2015-03-04,793.1497802734375,817.4533953260639,785.8769637955493,811.5028686359387,270110
2015-03-05,808.2882690429688,825.319012110898,792.4886425683651,795.6804840516669,1166766
2015-03-09,803.454833984375,822.1270823931808,792.5113786446988,808.9037405244053,643736
2015-03-10,803.8881225585938,818.9125549953243,796.7292999427002,807.0799642250204,352058
2015-03-11,808.6759033203125,820.2121535825803,799.4195400141211,807.079982451059,501972
2015-03-12,820.5084228515625,823.4722756361658,807.102733247164,810.7277309268906,151164
2015-03-13,808.6302490234375,833.9825787205167,805.8487983021186,829.8787825431058,275896
2015-03-16,811.6397094726562,818.4793699457405,795.931311517326,816.6554604862513,143212
2015-03-17,820.7365112304688,830.7224275731745,812.7569066102502,812.9621298401242,223370
2015-03-18,821.4659423828125,828.9667468430303,813.9423167926531,822.8566397769453,265376
2015-03-19,835.5328979492188,845.5188129350535,825.318994290928,832.8426204819779,467244
2015-03-20,823.6319580078125,845.6784530446207,816.3134988453904,832.6146900665734,323112
2015-03-23,822.6058959960938,830.7906665219547,804.8455462101684,817.3393357522523,193710
2015-03-24,830.0155639648438,836.2624311807926,824.0194508860047,828.5108164970012,180638
2015-03-25,820.7135009765625,836.262314781074,818.0232239461542,830.9045818483163,209228
2015-03-26,823.4950561523438,829.3315882279084,810.2717136116916,820.713605577776,217200
2015-03-27,818.1373291015625,832.1586320804523,804.868399853799,832.1586320804523,140264
2015-03-30,825.3418579101562,827.6900968283002,818.5705494605961,822.5831725669059,138064
2015-03-31,814.124755859375,836.718456331651,799.2371395713959,825.182206849044,392544
2015-04-01,821.8307495117188,824.8630099619699,807.1254802628113,807.1254802628113,136006
2015-04-06,855.9835815429688,861.9796955370168,816.6783515880185,823.4496049042397,432418
2015-04-07,882.4302368164062,884.048978802254,842.6917964690316,864.0315604118925,503404
2015-04-08,886.1692504882812,897.8194952534247,874.5646479919089,888.996343748228,401488
2015-04-09,881.8602294921875,893.7156410572325,871.5323309773019,893.7156410572325,399102
2015-04-10,883.7982177734375,890.0450860459958,873.4931394065732,882.3162911861739,118882
2015-04-13,881.2445678710938,890.5236950875455,872.1022004521958,889.1329420140078,271886
2015-04-15,876.6620483398438,893.008825323716,871.3727221737176,880.0818784896621,338338
2015-04-16,864.806640625,878.48596127918,848.1178805591601,875.2485331899504,343912
2015-04-17,863.3931884765625,875.9097455749577,855.7327460555027,861.7972676106169,432288
2015-04-20,832.1131591796875,865.7414920573782,807.0799890645765,861.5237011540746,473784
2015-04-21,811.1837158203125,834.1649856807024,805.2560101959932,834.1649856807024,287870
2015-04-22,819.8699951171875,822.4462222972941,800.2401503609121,808.5161493729711,356776
2015-04-23,816.5413818359375,832.1130183707915,810.2716937162982,825.7749225212245,211648
2015-04-24,809.8613891601562,819.3457406437979,802.5201646949229,816.1994856840408,175572
2015-04-27,793.0814208984375,808.0146789937982,770.6017154552536,806.1679484762652,465446
2015-04-28,803.5689697265625,808.3339111464192,782.0240382349996,787.9289231200182,181234
2015-04-29,802.8164672851562,808.4933625676265,792.1237658982714,799.7842070213742,155312
2015-04-30,785.8541870117188,808.9950388616529,783.3691325751131,798.8723633711281,341696
2015-05-04,813.2128295898438,823.0391643147424,788.840861088368,788.840861088368,147716
2015-05-05,797.2763061523438,816.1765429041353,794.0844650639443,813.2126904649073,165138
2015-05-06,782.7991333007812,797.048425810261,775.1615125157001,797.048425810261,333450
2015-05-07,786.6293334960938,790.8698894382039,763.579656276648,779.2652881893126,568372
2015-05-08,785.51220703125,793.3322301983524,771.9241145599085,790.2087962904569,369032
2015-05-11,789.5020141601562,799.8527341068461,779.7213216010842,785.6946141606218,219268
2015-05-12,794.4493408203125,804.7544175600391,782.457114527775,788.8407972803326,527612
2015-05-13,795.56640625,804.7999467151454,783.6425885417635,802.4972390506787,254000
2015-05-14,803.9108276367188,815.2874393837362,788.3619566630614,795.5892416362975,323802
2015-05-15,818.479248046875,822.7654457705764,804.3439518410515,812.0499792919684,163648
2015-05-18,827.5760498046875,829.8787576329679,820.3032335064336,820.3032335064336,195660
2015-05-19,820.4400634765625,828.9668176087897,814.603531165073,828.1688572508054,303456
2015-05-20,813.2128295898438,825.1594702470377,793.4006348518845,824.4070964437973,1733214
2015-05-21,839.6139526367188,842.6233922666031,815.1279891546982,818.2514231316335,510674
2015-05-22,844.9031372070312,854.8662859938455,825.3645205385635,839.6138115250908,435806
2015-05-25,827.9637451171875,862.8687800012592,812.597274084029,854.9575836263634,737036
2015-05-26,839.4771118164062,844.196466196687,819.4824607439016,829.8331798541735,267204
2015-05-27,832.2955322265625,837.9496071976198,828.1005069426121,837.6076241633397,367600
2015-05-28,824.338623046875,837.5619659078396,816.1994386595405,834.438532260871,311790
2015-05-29,829.8331909179688,841.1186303375503,818.1601818829037,824.1334740393922,452612
2015-06-01,833.002197265625,837.949540300986,822.4919529146015,830.790718286091,93282
2015-06-02,826.6185913085938,838.9528018380151,821.2152704283192,828.9897071075,202058
2015-06-03,807.399169921875,831.7027879076003,800.4227490121959,824.4071494171827,550536
2015-06-04,826.7781982421875,829.8560456878197,805.0280985575748,807.5815608616905,309984
2015-06-05,817.1569213867188,828.0319690349846,814.2614766172444,817.7953007492805,179306
2015-06-08,806.3504638671875,816.1995648018087,794.3810568414627,816.1995648018087,318354
2015-06-09,803.43212890625,811.6169004634479,797.9604004460485,798.416377817732,269884
2015-06-10,807.6498413085938,818.4793028363731,800.6961870644408,803.2040623656106,338480
2015-06-11,803.7969360351562,823.5179574332616,801.6082223784764,815.6067054763108,303822
2015-06-12,804.4807739257812,815.4242291430744,802.0640719674457,807.0798222753717,131248
2015-06-15,804.7089233398438,811.0469645570317,800.468311331442,811.0469645570317,170008
2015-06-16,807.9462890625,813.3040230010295,800.2402606058873,804.8000341705932,148674
2015-06-17,819.0492553710938,827.598830061815,809.8157147051148,810.2716920219533,300096
2015-06-18,838.51953125,848.8018428273077,821.6711903168458,821.6711903168458,257668
2015-06-19,832.6602172851562,854.7523530130355,828.2144381782783,842.4181435853324,279886
2015-06-22,824.9541625976562,839.2946830129583,819.3456748393346,838.0863319570398,227130
2015-06-23,832.1131591796875,837.083323916922,823.0391978878873,827.5989718374046,231240
2015-06-24,827.5533447265625,839.8874992595448,822.1727894649556,832.1131184529072,250544
2015-06-25,831.6115112304688,838.9527354158712,787.8376857338511,827.5988882954265,473758
2015-06-26,835.1453247070312,840.8222203619848,824.4070360165231,832.1586508463243,162046
2015-06-29,835.8065185546875,838.0635842698978,805.6664255535787,825.7750164225527,193272
2015-06-30,857.1690063476562,864.0770743008433,837.1972319057134,840.8222295571267,396722
2015-07-01,850.7853393554688,865.0118662727436,848.7562623838918,859.9732942197154,287874
2015-07-02,844.8348388671875,856.3254455849592,842.1217402940356,852.2216495198555,122364
2015-07-03,847.7076416015625,854.5017165419754,843.5810791954099,844.561386155459,122286
2015-07-06,869.7084350585938,874.564605234518,835.5329530674691,835.601360805978,242832
2015-07-07,870.6431884765625,876.8216483514993,863.6895336873614,864.5330806770702,240574
2015-07-08,860.8395385742188,875.5219850758614,857.2373068440522,864.0769662071697,196412
2015-07-09,849.5997924804688,874.1085749014135,847.6618887541615,863.621095911986,179696
2015-07-10,855.6187133789062,861.0220897405956,848.5738852793394,854.8891607194162,181606
2015-07-13,858.1265869140625,861.7744058643156,849.00703953843,859.2665303360166,117164
2015-07-14,861.2271728515625,865.1941533157323,857.2373712566182,860.8851898577102,104128
2015-07-15,859.9960327148438,865.8553300496388,855.4590250575866,862.1391038195991,191312
2015-07-16,870.0504150390625,870.9167831807694,860.4293035927287,864.8750829833111,145282
2015-07-17,900.5552978515625,905.3886467989109,866.9269671090042,873.3106502330153,567652
2015-07-20,893.3280639648438,911.8407338141335,889.155859951274,905.1150676939892,369436
2015-07-21,887.5826416015625,901.467128216249,880.0361949708449,896.8845340556405,260050
2015-07-22,886.3060302734375,893.6700760752366,879.8767603629425,889.6118662705989,90866
2015-07-23,901.3532104492188,904.5450518419818,885.2344225480242,888.2438618717987,288528
2015-07-24,891.7777099609375,908.694458659715,888.1982988647972,901.3532343936,156680
2015-07-27,869.2752075195312,893.4191852805616,866.3569414266769,891.8916723318843,200888
2015-07-28,873.219482421875,885.9640276158538,867.2689554942634,870.9167744448176,158692
2015-07-29,870.1642456054688,885.5078924645193,866.8812313994674,873.6524829876513,216962
2015-07-30,880.104736328125,885.5080570579332,873.1966680051195,877.3004643560574,373364
2015-07-31,894.4451293945312,901.9231688223855,880.1502510714912,880.1502510714912,396792
2015-08-03,899.415283203125,909.6291865248644,891.0936969326779,896.4514305588561,221158
2015-08-04,893.8751220703125,899.1872689445612,884.6871680023373,899.1872689445612,304904
2015-08-05,910.4956665039062,916.5145457337563,890.6378290818208,903.2683804077601,248208
2015-08-06,919.4771118164062,931.843959184161,908.3307846580544,914.2724151246599,442702
2015-08-07,907.5247802734375,928.4125551048072,901.7904491436032,922.5170284915995,210878
2015-08-10,950.0833740234375,987.9669554140219,946.5137964456013,971.8462824818583,1150876
2015-08-11,986.2627563476562,1001.1398564555204,952.1329450677847,958.9266569831649,971462
2015-08-12,1003.995361328125,1010.9963156024313,987.0456056200503,987.0456056200503,582158
2015-08-13,1005.1701049804688,1029.8807497248545,995.704944115535,1013.2994854180142,786688
2015-08-14,1005.4464111328125,1019.4944269946,992.5729240049867,1005.0088724727985,418214
2015-08-17,1017.4678344726562,1020.5537694488858,1000.6793271660175,1005.4694251187714,279608
2015-08-18,1055.097900390625,1060.7401351520723,1014.2204852821811,1017.4446194315794,577384
2015-08-19,1112.879150390625,1127.3877564438212,1051.6666955457451,1059.358537217502,975914
2015-08-20,1107.305908203125,1119.2351597825736,1095.4226482144236,1107.7203947642345,904628
2015-08-21,1123.7952880859375,1144.4297754805657,1083.5397028716718,1083.5397028716718,1141290
2015-08-24,1024.7218017578125,1118.7743625683531,1017.0069106202992,1096.2054273004037,839972
2015-08-25,995.6358032226562,1059.2664734394957,946.9744426265835,1040.9349417977037,1064464
2015-08-26,993.7704467773438,1081.489914935688,983.3610529469206,1008.8547907979581,824334
2015-08-27,1019.03369140625,1043.4680462073482,997.1786890482936,1017.444676262208,911324
2015-08-28,1035.2926025390625,1050.1466505568067,1020.2082592032136,1036.328931470533,502104
2015-08-31,1088.88232421875,1105.4174824136348,1027.0019297549175,1035.8682991451103,870912
2015-09-01,1056.8712158203125,1112.32627803558,1040.4741457898033,1100.6733135854322,748214
2015-09-02,1036.4901123046875,1081.4667398757615,1031.7229545663142,1081.4667398757615,666404
2015-09-03,1032.1146240234375,1052.910247314328,1022.5343158188132,1045.5407967644464,551404
2015-09-04,1002.5906982421875,1043.2378231393384,981.196285021227,1032.1146039119117,731552
2015-09-07,964.5689697265625,1011.4571229620313,958.4891953023621,1004.0876721572077,622694
2015-09-08,964.3155517578125,978.6630177122636,937.3019556088852,958.1206301183813,682920
2015-09-09,954.1824951171875,986.5850896083874,945.1780386235163,977.8338679918797,808550
2015-09-10,994.4152221679688,1002.0610720053239,924.1060475771137,942.0460872883637,899004
2015-09-11,986.3549194335938,1017.9053803167136,977.4885490394324,1006.6439609292329,601782
2015-09-14,1009.660888671875,1017.053279229732,982.4860381733364,992.5729292262856,540042
2015-09-15,1006.2755126953125,1024.1695060297013,999.4817999994635,1016.8921506182663,385476
2015-09-16,1018.6422119140625,1035.1083257989915,1006.4595006331048,1012.8387253974461,1300500
2015-09-18,1024.9754638671875,1040.4742945007117,1013.2994457288914,1030.3413000434227,736506
2015-09-21,1028.7291259765625,1032.4138508513386,1015.5561895696861,1020.1391560917923,795264
2015-09-22,1017.4907836914062,1037.25007631121,1002.8670315054023,1031.7229888708307,1237088
2015-09-23,1026.8408203125,1036.3290333305517,981.0581515529224,1019.5635775042296,558209
2015-09-24,1033.012939453125,1047.3833481249515,1027.1173554611441,1028.0385369458627,504230
2015-09-28,1021.2676391601562,1047.3831057179643,1008.1867976352443,1040.934836817326,546436
2015-09-29,1015.3260498046875,1026.8869208498807,1008.6935889936033,1010.996542393132,163955
2015-09-30,1027.071044921875,1038.171324560664,1019.4712992008232,1038.171324560664,417245
2015-10-01,1037.203857421875,1040.9346860105757,1023.2019491028734,1040.9346860105757,291154
2015-10-05,1049.8240966796875,1061.8915469858493,1036.6972655848722,1045.5405819379214,628718
2015-10-06,1047.3369140625,1068.9386805419283,1033.4732045551928,1066.7278231854475,406514
2015-10-07,1046.139404296875,1054.7524256321315,1037.3881832981804,1049.1332430595862,279738
2015-10-08,1003.6268310546875,1050.1464776524494,1001.3238782528181,1046.4617531694585,322234
2015-10-09,1009.0618286132812,1018.7342304430209,991.927882147516,1008.6472296369717,289890
2015-10-12,1010.8123168945312,1014.2206428309364,997.547283272359,1011.457098845021,339264
2015-10-13,1009.660888671875,1016.8921399588252,998.1461215114773,1015.0497772131616,270165
2015-10-14,986.7234497070312,1009.5226886778822,981.2423530709626,1007.1276395990068,486198
2015-10-15,979.7684326171875,996.7181914495459,977.3733836672534,987.5063782198829,151136
2015-10-16,985.3414916992188,990.0855973623953,969.0826210520586,981.0579766354015,214349
2015-10-19,1014.3588256835938,1021.5439724583784,987.8287588795977,987.8287588795977,297844
2015-10-20,993.9085083007812,1026.5644525149012,991.0528687903095,1017.9053258953352,234968
2015-10-21,1002.567626953125,1007.7723236923189,983.4071237343401,994.8757857291631,273662
2015-10-23,1004.0875244140625,1011.4108700942282,995.7968934785335,1011.4108700942282,241811
2015-10-26,1007.2195434570312,1015.1416792627731,998.5604177140164,1005.9298672912415,354438
2015-10-27,1011.7335815429688,1029.1899241787012,989.9015147869547,1008.647533878769,201887
2015-10-28,1022.2810668945312,1027.9463550400012,1005.0089155052342,1011.4571853572384,548935
2015-10-29,1032.7364501953125,1042.0403598918842,1006.2985888631596,1022.5113590941513,665771
2015-10-30,1062.9049072265625,1074.4657762889144,1035.7300617729663,1038.1712144475564,473494
2015-11-02,1064.83935546875,1073.129986208864,1031.9993358850663,1067.6490030880059,407864
2015-11-03,1095.837158203125,1100.8115592871693,1066.7278541042192,1066.7278541042192,567727
2015-11-04,1083.0787353515625,1109.3785021208512,1079.255811095504,1101.732653608734,419054
2015-11-05,1062.9049072265625,1093.5341821869717,1056.4106472230803,1082.3879121347636,257738
2015-11-06,1032.966552734375,1072.2549547963722,1013.2993559072247,1063.043142469943,375940
2015-11-09,1049.363525390625,1066.7277675101482,1005.0086307025663,1022.3268812340926,286276
2015-11-10,1027.209228515625,1057.5161152849091,1013.2994136005226,1050.883655011806,290554
2015-11-13,1055.074951171875,1065.2079452001442,1021.5900343045989,1021.5900343045989,237426
2015-11-16,1038.0333251953125,1075.525478790393,1031.723254565653,1054.844887155869,278606
2015-11-17,1035.6380615234375,1050.0084671054994,1020.6688656152712,1046.46194164165,281249
2015-11-18,1043.007568359375,1048.3043610447946,1033.7496509470407,1035.868413000766,174558
2015-11-19,1061.7994384765625,1071.3336405609991,1040.0134825394393,1053.831199313657,290252
2015-11-20,1058.4832763671875,1068.5701652753667,1052.3112950122209,1063.5036688020782,123194
2015-11-23,1059.6348876953125,1081.3747437486034,1047.8437221500249,1058.4834110775653,212724
2015-11-24,1054.7987060546875,1073.6368189014152,1043.8366259545046,1061.2008711921324,216009
2015-11-26,1040.10595703125,1058.4374904522763,1032.8286010562003,1054.7527646369508,534645
2015-11-27,1055.443359375,1061.2007418721362,1041.9480323119376,1041.9480323119376,598446
2015-11-30,1059.6348876953125,1075.0185703288607,1036.3289559725522,1056.5949444449043,544833
2015-12-01,1046.32373046875,1059.3584680215754,1042.9613963196,1052.9101990857919,144274
2015-12-02,1048.396240234375,1060.9242813357164,1042.7770577310753,1055.2130032075502,242630
2015-12-03,1037.848876953125,1053.232558835985,1033.565361654353,1050.1466241407866,198431
2015-12-04,1040.7967529296875,1053.8314918616368,1027.3475273589952,1033.5655016335284,278270
2015-12-07,1039.3228759765625,1059.266475036156,978.1564107969149,1041.8561247325435,144834
2015-12-08,1040.9345703125,1058.7594008630356,1036.3286651341261,1037.2498461698008,231568
2015-12-09,1034.53271484375,1049.2255117539885,1016.1550802458012,1040.9348799666436,277050
2015-12-10,1019.1490478515625,1043.6985553366856,1012.4704825151185,1038.0332670787488,179075
2015-12-11,1037.1578369140625,1040.9346569850313,1011.5489570104595,1022.5110347375087,279448
2015-12-14,1039.967529296875,1052.4495802390004,1031.4466027172596,1040.9348145908712,268495
2015-12-15,1030.847900390625,1042.9613436057805,1027.7618533110817,1039.9675046083398,301425
2015-12-16,1028.2686767578125,1047.383189674027,1025.2748373853933,1040.0137389111492,230698
2015-12-17,1041.3494873046875,1045.5409077293311,1030.2032146547986,1032.4140725441832,377943
2015-12-18,1057.608154296875,1061.6152701826948,1040.013615183459,1041.8559776549973,455033
2015-12-21,1069.53759765625,1080.8220686267418,1065.8528724413957,1067.6491310040813,433168
2015-12-22,1072.34716796875,1080.5457043276815,1065.8068029898786,1068.3861557035514,176056
2015-12-23,1074.6038818359375,1086.5331323750484,1067.3265284892223,1075.0183683609,180507
2015-12-24,1074.6962890625,1084.6910846349615,1070.4127731174738,1079.5324913506813,104277
2015-12-28,1080.4996337890625,1092.1526005104145,1074.5580589825624,1074.6962586766688,162979
2015-12-29,1074.9263916015625,1091.0470630039588,1063.6419216198851,1082.3879370180384,189792
2015-12-30,1067.28076171875,1082.296063717644,1063.964531124506,1078.7034337201703,138608
2015-12-31,1063.826171875,1074.7882515262622,1054.844654452775,1068.6163819695182,302126
2016-01-01,1070.8731689453125,1073.1761219968078,1055.2591922357262,1063.0431285702284,100178
2016-01-04,1059.08203125,1081.1903811060574,1048.1200644054773,1069.4914242867799,233101
2016-01-05,1057.0556640625,1066.267478128404,1048.7650314031862,1056.5950733592047,302272
2016-01-06,1047.5673828125,1063.3196738050701,1045.5408288286897,1058.4373676864884,392164
2016-01-07,1038.125244140625,1046.968674776391,1027.11717234039,1027.11717234039,316523
2016-01-08,1040.658447265625,1049.9163641112184,1033.5653963876175,1049.9163641112184,366442
2016-01-11,1012.8389892578125,1039.092660193554,1008.0488907683974,1039.092660193554,168277
2016-01-12,1013.5758056640625,1021.4058465309337,1002.8900128748703,1013.2994063009712,275705
2016-01-13,998.9749145507812,1028.5909128337241,975.5308978215888,1017.905233326587,239949
2016-01-14,1001.7385864257812,1013.2994570287111,981.0581106687066,990.730514576708,366830
2016-01-15,992.2044067382812,1006.5288216690938,978.8472772017416,1003.1203832145708,152999
2016-01-18,983.26904296875,994.8759060495479,954.3439246919737,992.9414476108983,229101
2016-01-19,986.3086547851562,995.6126747597826,958.0284372422665,980.9197673154436,667040
2016-01-20,976.6363525390625,994.0007097055161,959.5485071863137,982.9004302512401,359534
2016-01-21,974.5635375976562,991.2829977014725,968.2074777200081,985.4335199791709,337935
2016-01-22,996.5799560546875,1005.0087873476095,977.3733486487752,978.2945299387363,162161
2016-01-25,1001.4161987304688,1017.721175698101,996.9945958273847,1013.115269060164,210420
2016-01-27,1054.0157470703125,1058.253271606809,999.4818514019523,999.4818514019523,383545
2016-01-28,1040.1517333984375,1063.043062824777,1020.5305296336478,1049.2253453703822,334538
2016-01-29,1051.021728515625,1064.8855516546976,1027.255319140068,1057.516101470236,349675
2016-02-01,1051.9429931640625,1066.7279987480297,1041.4416157779904,1061.200910671615,283070
2016-02-02,1035.8681640625,1069.7215700467568,1025.643076173355,1050.146471348377,303619
2016-02-03,1019.3329467773438,1046.0010934810011,1014.2203469155281,1031.7227870530348,249442
2016-02-04,1001.6004028320312,1024.1693431128974,972.8594808009464,1024.1693431128974,512652
2016-02-05,1022.92578125,1031.7231080887072,989.7172611777316,997.6393982679195,474625
2016-02-08,984.42041015625,1005.561475827465,974.8401022299578,994.8757953303609,520662
2016-02-09,952.1790161132812,990.2698380934239,942.3223655496956,971.8462131986626,301134
2016-02-10,937.440185546875,951.4882005683664,918.7401599157596,944.0266544237786,366989
2016-02-11,939.1903076171875,943.473766582939,911.9694136368543,923.023588347604,462682
2016-02-12,909.3441772460938,945.2241452612773,884.5643768472386,940.7103904548868,736094
2016-02-15,914.5027465820312,929.9325335427454,908.4690202392977,923.9448550206772,455879
2016-02-16,893.3154907226562,913.8117729279453,875.3064090635711,908.514980897365,395940
2016-02-17,910.5877075195312,920.2601110895414,856.6986019151888,896.4936449909767,526313
2016-02-18,898.4741821289062,929.518004001416,885.3473482581766,920.168047294827,342584
2016-02-19,917.1741943359375,922.1024918575861,885.0249441080678,898.6123684386365,212929
2016-02-22,913.2590942382812,944.2107610875709,908.8373793531482,934.9989487842774,359241
2016-02-23,902.757568359375,913.627495182488,895.3881188217474,911.9233324666868,314131
2016-02-24,867.66064453125,901.8364465215017,853.5665263833831,901.8364465215017,823896
2016-02-25,866.693359375,870.7465793778819,856.7906609054817,861.3044715348527,679713
2016-02-26,860.4292602539062,886.9132188809501,850.4805148667215,877.6093115573981,583423
2016-02-29,875.6288452148438,881.7547231519484,845.4601586133433,861.3044877069588,792995
2016-03-01,881.985107421875,885.117090322019,868.1673869741704,879.7282018371935,486669
2016-03-02,893.9603881835938,917.8650537450978,882.4456221351278,887.0975763738193,616872
2016-03-03,900.5467529296875,908.2846977941809,890.1834640349771,899.0728854433272,479030
2016-03-04,930.9918823242188,943.0132867730316,900.1783572897273,900.5467960667456,531786
2016-03-08,942.1381225585938,944.7174750357408,919.3388866423628,931.0378997513374,387188
2016-03-09,930.024658203125,942.1382153116754,919.4310727950739,942.1382153116754,203045
2016-03-10,936.2886352539062,946.697915801337,923.0236029020643,930.3930528254341,262703
2016-03-11,925.1424560546875,942.368559242724,920.720796640374,942.368559242724,248070
2016-03-14,932.7420654296875,938.3152007591721,918.9243466502509,934.5383801159027,503296
2016-03-15,887.742431640625,939.6049276783758,866.9237004887707,939.6049276783758,1371394
2016-03-16,898.9346313476562,909.2058239868263,877.9317117040941,883.4127509659235,464515
2016-03-17,907.6370239257812,915.5946586446828,899.5397586582831,912.1044629954655,623673
2016-03-18,915.687744140625,919.6898807557885,890.2326055848984,910.7084208727894,314050
2016-03-21,923.2265625,929.7881189450551,901.9596029727204,912.1044610271812,276676
2016-03-22,911.22021484375,928.112783509507,893.6761884739242,928.112783509507,630746
2016-03-23,902.2388305664062,912.1044271579365,891.628613487044,911.5925431774778,519608
2016-03-28,904.8449096679688,911.1737867128312,893.5366525137147,910.2430678295699,382087
2016-03-29,909.312255859375,913.2678107083026,870.3151159202613,902.7972243434941,528121
2016-03-30,914.1985473632812,921.9700266721974,904.7983101435625,909.1261185083256,573823
2016-03-31,918.8521728515625,921.3186004949872,901.6338743478867,917.6887743040169,461518
2016-04-01,938.6764526367188,941.3755599318455,910.1964795253866,916.7115112521094,228313
2016-04-04,940.58447265625,943.6558903899999,922.10972570416,940.072588636149,112395
2016-04-05,943.143798828125,956.7788508947265,931.3702410211889,937.792166150455,275291
2016-04-06,926.2048950195312,947.8441084857454,904.5191001651223,942.6320487927362,729242
2016-04-07,943.6558227539062,953.6144685605847,917.2233858672704,935.1862475117796,226225
2016-04-08,943.2368774414062,949.3330735622832,930.346389368413,940.2120416678009,133452
2016-04-11,949.4261474609375,965.1553166163656,935.4653666034202,944.5864555422484,276931
2016-04-12,951.1016235351562,963.200968686896,941.8874841200492,955.8482669874412,187964
2016-04-13,952.171875,963.2939762318163,938.7229767241455,963.2939762318163,444316
2016-04-18,967.0635375976562,976.3241453903701,939.0953886547983,939.0953886547983,300959
2016-04-20,975.9051513671875,980.4655821676114,961.3393807949815,976.2773479616616,362803
2016-04-21,1015.4607543945312,1019.3231463802831,975.3932661004027,986.5618912847585,566475
2016-04-22,995.357177734375,1029.7473056493104,990.2848057067888,1023.2787418050551,648920
2016-04-25,986.5154418945312,1002.0585155235957,983.6302360584988,993.961193013658,234919
2016-04-26,985.119140625,994.6590070874876,978.2783810550109,990.1450442156662,448874
2016-04-27,970.041748046875,996.7999157190723,966.2722911556209,996.7999157190723,320238
2016-04-28,977.3944091796875,985.3985684534704,964.4108132385563,970.4140179037479,323697
2016-04-29,978.2785034179688,987.4460608328026,968.8782663042147,985.6312046264778,183734
2016-05-02,982.6528930664062,986.3291866513727,971.1119579451235,975.3932414349031,105563
2016-05-03,968.087158203125,993.5888754045916,965.1087899501258,986.6549523510423,245808
2016-05-04,978.1854858398438,981.9083611427546,953.9867963709228,970.2743758211581,248101
2016-05-05,971.6702880859375,990.7500207542917,966.4582862747669,986.5617867539212,240051
2016-05-06,951.3807373046875,971.7634442676665,948.5885809968905,971.7634442676665,320213
2016-05-09,977.3014526367188,991.2156551201405,948.7748948629785,954.9176170453185,285857
2016-05-10,996.9859008789062,1000.42962849544,972.9734247831897,986.5618961012026,294333
2016-05-11,991.1690063476562,1008.8061969452103,975.3933670866923,994.0077443211711,265876
2016-05-12,990.3314208984375,1004.2456220233855,988.516451004006,999.4989786919639,283261
2016-05-13,1003.873291015625,1006.1070388939836,982.9786990666428,984.7005061515584,162565
2016-05-16,984.0025024414062,1003.8733271315225,972.601196548848,1003.8733271315225,219481
2016-05-17,1014.623046875,1018.2062912651452,984.7004169639155,986.5618544250949,784700
2016-05-18,996.47412109375,1014.4369260389889,994.0076935136217,1008.899194540043,224889
2016-05-19,983.0716552734375,1002.384068856324,979.2091498342351,997.6838938402989,440328
2016-05-20,970.9722900390625,993.6352678076444,967.0167355385439,984.1884502190753,164093
2016-05-23,963.0146484375,980.8845166658286,957.0581393078529,973.5318157933297,175588
2016-05-24,958.873046875,971.1120218581524,943.2369823445397,946.5410227341664,201240
2016-05-25,967.9940795898438,973.7179090012391,959.9433396946295,963.3404858484631,125503
2016-05-26,969.3435668945312,977.1616270265797,955.662046873292,969.250517743235,202483
2016-05-27,1009.5042114257812,1013.5528156527304,970.7397490595021,970.7397490595021,224931
2016-05-30,1033.237548828125,1043.1497272531567,1006.1070717651147,1043.0100967037342,694026
2016-05-31,1023.2787475585938,1045.4764820101027,1016.3449378873091,1037.658421303727,538448
2016-06-01,1047.756591796875,1057.2034094621943,1016.344835214024,1016.344835214024,506466
2016-06-02,1062.6480712890625,1066.9759359486206,1031.2363152951882,1040.543502256336,483965
2016-06-03,1061.7176513671875,1072.5605499508113,1050.2232949582078,1063.7187198495724,471371
2016-06-06,1062.9273681640625,1087.5448330606646,1059.25096102264,1061.950068054958,456329
2016-06-07,1068.69775390625,1072.1879490529066,1051.9448172022983,1069.3957929355813,278491
2016-06-08,1058.6925048828125,1070.791847795759,1054.5042707975617,1068.6977307531336,160125
2016-06-09,1036.35546875,1068.0464919329652,1029.8870180050353,1064.4631333687298,194652
2016-06-10,1045.476318359375,1048.919931963164,1020.9983721061143,1037.5186283548687,337843
2016-06-13,1044.2664794921875,1048.8734920446939,1026.3501428342333,1037.7514479802041,250050
2016-06-14,1037.7979736328125,1060.8332623845654,1029.3749236136882,1045.429821834607,343112
2016-06-15,1045.429931640625,1048.82707811174,1032.3532865607815,1038.9614811812269,445509
2016-06-16,1030.817626953125,1048.9200617212514,1025.8847719895734,1044.7784086086874,197059
2016-06-17,1036.0296630859375,1040.9159368243443,1019.369773712362,1034.028594927582,295478
2016-06-20,1045.2437744140625,1047.0120492107837,1022.6738439323443,1034.8662372637593,191427
2016-06-21,1039.798828125,1050.7347722392592,1031.37589252827,1046.4070214164497,360516
2016-06-22,1031.5621337890625,1049.8507804801598,1025.6986736617068,1049.8507804801598,179789
2016-06-23,1026.3499755859375,1035.5641128025989,1023.8370807146275,1032.9580551772208,299256
2016-06-24,1023.7907104492188,1032.7255884723297,983.769800858931,1006.7585104573992,385379
2016-06-27,1021.975830078125,1032.3998352570575,1006.1070289951582,1006.1070289951582,298080
2016-06-28,1030.4918212890625,1037.28611404931,1019.3697769515541,1022.859972490078,580907
2016-06-29,1033.7027587890625,1042.1722763340329,1028.3511262023953,1034.9592063259163,285257
2016-06-30,1032.77197265625,1043.3356066107292,1022.8597963114998,1043.3356066107292,781154
2016-07-01,1055.0626220703125,1059.018176269651,1038.9146764732836,1042.4048713550526,441798
2016-07-04,1065.114501953125,1069.5818835408497,1055.8073149622958,1058.6925202068285,284864
2016-07-05,1060.1817626953125,1064.6492583819904,1052.8756428356105,1057.529236837094,138753
2016-07-07,1045.1971435546875,1065.6263744237958,1041.2881702974187,1062.8807995898958,256965
2016-07-08,1044.0802001953125,1051.5259492040489,1033.097674962181,1051.5259492040489,351498
2016-07-11,1070.60595703125,1074.9802902563,1047.0587242756167,1048.175541469587,253886
2016-07-12,1083.2635498046875,1092.1053777171194,1074.980130406205,1074.980130406205,340867
2016-07-13,1085.125244140625,1093.5481824517049,1076.1437835702513,1088.9411691046002,691963
2016-07-14,1073.5841064453125,1091.2211817778134,1070.4196398892107,1091.2211817778134,289284
2016-07-15,1072.6068115234375,1085.1715150412276,1068.9770991754706,1075.445549244932,270276
2016-07-18,1071.53662109375,1088.382608984549,1061.2521327049394,1072.606856844425,402223
2016-07-19,1078.796142578125,1084.2408248568001,1067.441418618954,1072.7464703544558,288709
2016-07-20,1104.2978515625,1107.9741453618076,1077.539686174871,1078.7961338269677,385006
2016-07-21,1105.554443359375,1114.0705441765879,1097.7829631213745,1108.0208712132228,473335
2016-07-22,1121.1905517578125,1129.892750797918,1103.8326214549677,1108.4862159804948,461601
2016-07-25,1120.7249755859375,1143.8533131827521,1115.0476140852797,1122.4467825047998,481192
2016-07-26,1104.2510986328125,1127.100286972506,1101.040164730367,1122.4466937149812,211255
2016-07-27,1107.369384765625,1114.023933962636,1092.8966605286103,1104.7633264189571,241400
2016-07-28,1112.6744384765625,1119.6548301859511,1085.7301719235807,1107.555484556344,415548
2016-07-29,1115.4666748046875,1126.1699428566308,1110.2546713455026,1114.0705963631297,390486
2016-08-01,1093.920654296875,1126.1235119289227,1088.1036600131536,1115.9321833891106,263163
2016-08-02,1099.5513916015625,1108.8585811129806,1091.8263788618242,1095.4562054939079,109773
2016-08-03,1091.4541015625,1108.4863043286819,1088.9412057636926,1100.109833515115,150079
2016-08-04,1071.0247802734375,1102.9019027799466,1061.950270946767,1094.2461715154018,228739
2016-08-05,1102.1107177734375,1107.5088187828508,1073.3514833993554,1074.9802413407808,165700
2016-08-08,1110.25439453125,1116.5832137204861,1094.0598659242505,1105.6938500365884,124723
2016-08-09,1102.5760498046875,1113.000054925693,1093.920319514236,1112.2089666678448,185024
2016-08-10,1079.540771484375,1103.739460567749,1072.6534295610952,1103.739460567749,182258
2016-08-11,1094.4786376953125,1102.9016875900904,1065.0214809805586,1080.6574873709226,364846
2016-08-12,1111.32470703125,1116.6297581657425,1091.733032988886,1098.2946452564465,444729
2016-08-16,1174.4739990234375,1192.8091127295663,1126.3093042983667,1126.3093042983667,1254941
2016-08-17,1185.8753662109375,1195.9736423360512,1166.562951363877,1173.6363914286073,630246
2016-08-18,1187.2249755859375,1195.9737557435776,1162.23519648622,1190.808220536159,573970
2016-08-19,1209.934326171875,1215.0532790902946,1187.2247668657167,1187.2247668657167,600203
2016-08-22,1213.28515625,1232.5511059802807,1205.5136760235491,1210.3999503328514,342572
2016-08-23,1223.2437744140625,1228.2695650851697,1200.859941643464,1216.0307036543363,266945
2016-08-24,1254.4693603515625,1263.2181401323921,1224.7329389872916,1227.4785141081738,665901
2016-08-25,1245.11572265625,1285.881140107921,1239.4848281699362,1256.4704471780844,624369
2016-08-26,1239.484619140625,1256.470235284283,1230.0843830659373,1237.8092800483307,358191
2016-08-29,1213.005859375,1251.5375268645207,1204.5362273912974,1242.6026490932281,396327
2016-08-30,1223.0111083984375,1246.697856874387,1213.2385608081568,1219.2882331259495,483127
2016-08-31,1230.8756103515625,1242.6026444837028,1220.730752730764,1223.895219366582,635036
2016-09-01,1226.5477294921875,1239.7174230376236,1210.0274710395465,1228.5487976048523,389591
2016-09-02,1223.66259765625,1234.8778051488594,1214.8207686562619,1226.5943847315057,309086
2016-09-06,1237.6700439453125,1239.7175800887887,1217.3337450030378,1227.6182343371715,251201
2016-09-07,1226.2685546875,1251.816739350175,1219.8465724841926,1233.2023640438529,247033
2016-09-08,1239.298828125,1242.4631815746184,1224.1280642255476,1233.0164753909019,333250
2016-09-09,1232.4112548828125,1261.6358463399697,1221.2890976583221,1246.2324055903712,293125
2016-09-12,1213.6573486328125,1226.9200918981635,1204.350160376426,1220.3120109587564,251865
2016-09-14,1219.427978515625,1224.7331449407152,1208.1663014291232,1214.6348665948262,212868
2016-09-15,1245.11572265625,1248.9781149922478,1214.9138278136033,1219.2416931876228,403832
2016-09-16,1249.5830078125,1265.9636355720859,1239.0193724116543,1257.8198462698497,573650
2016-09-19,1251.3514404296875,1261.0309387792904,1156.4181217805033,1246.2324869731137,452375
2016-09-20,1243.8126220703125,1263.1250370931084,1240.8808351394057,1260.146668777134,329038
2016-09-21,1237.1580810546875,1254.3297990816573,1233.202525783307,1243.440433544527,189804
2016-09-22,1236.92529296875,1250.327666495553,1230.410261327831,1246.6978404301283,226991
2016-09-23,1242.4632568359375,1251.165570188974,1223.8954586312434,1238.3216028204329,346847
2016-09-26,1240.0430908203125,1257.726746884647,1231.806252691919,1246.232393165455,292044
2016-09-27,1228.3626708984375,1248.047281878167,1219.939620634007,1245.3017069679966,168646
2016-09-28,1226.9666748046875,1231.341007845353,1219.9397022171554,1228.5488513649782,264258
2016-09-29,1205.3275146484375,1234.551996193721,1135.4770182061543,1228.5489049443636,1097313
2016-09-30,1201.371826171875,1209.9343933565306,1182.0128304329182,1187.1317836355806,233870
2016-10-03,1209.748291015625,1226.6873270208891,1201.5579204734202,1201.5579204734202,333442
2016-10-04,1208.6781005859375,1220.6378155143643,1203.7918264483467,1214.5881427725851,197552
2016-10-05,1194.9964599609375,1220.5912291487332,1181.08225815683,1215.5188567004097,434420
2016-10-06,1181.4544677734375,1202.4886899367002,1176.8939229295336,1191.3200643335729,641255
2016-10-07,1183.5487060546875,1192.204323613995,1176.4286837822683,1181.5010563169253,311475
2016-10-10,1177.03369140625,1191.320203941829,1173.729593832871,1191.320203941829,163028
2016-10-13,1160.1407470703125,1181.966053024024,1145.57497810489,1177.033312560144,300081
2016-10-14,1149.0654296875,1168.8897859511053,1145.0168255528586,1163.3985222036765,251771
2016-10-17,1139.7115478515625,1158.41896965825,1127.100264925115,1150.4612798982976,341435
2016-10-18,1190.9013671875,1195.7876412206733,1130.823419105799,1130.823419105799,498335
2016-10-19,1180.1048583984375,1191.3200653968415,1173.8690878763798,1190.38934659575,169237
2016-10-20,1169.215576171875,1191.2271000896994,1163.398583255597,1181.407970601765,139088
2016-10-21,1186.201171875,1191.087445827408,1155.1151396265775,1168.982873185563,273426
2016-10-24,1178.5693359375,1200.022337457561,1169.2621473527079,1193.181576570367,174109
2016-10-25,1189.08642578125,1207.0493457225357,1174.706864440828,1174.706864440828,396724
2016-10-26,1187.0386962890625,1198.3003702499511,1176.4284799968452,1192.2506984778156,183546
2016-10-27,1187.7833251953125,1213.4712557893804,1177.3593197463706,1188.3418473837266,1586411
2016-10-28,1191.22705078125,1202.9075039057616,1186.7130871876934,1189.0863520314126,302744
2016-11-01,1198.3935546875,1207.1423344990183,1192.7627738779597,1200.6273026243127,243446
2016-11-02,1179.54638671875,1195.9735954015605,1168.4708108558295,1186.666407888708,369096
2016-11-03,1172.3798828125,1184.804955260914,1164.4221921453475,1179.5463716606575,267019
2016-11-04,1167.0748291015625,1177.3127362111084,1129.334248788347,1172.705723457068,280678
2016-11-07,1179.03466796875,1190.668653429394,1169.3085879557682,1182.012922801419,362185
2016-11-08,1158.7913818359375,1179.1275630409752,1150.64759307772,1179.1275630409752,173337
2016-11-09,1164.8876953125,1172.705756411203,1051.7123053529042,1093.5946537961615,496344
2016-11-10,1168.6104736328125,1188.527878182459,1158.2795179311436,1179.6860498013052,135935
2016-11-11,1136.4542236328125,1168.9827998882718,1126.1231541764141,1158.7448932013522,287849
2016-11-15,1081.02978515625,1121.5160491720028,1063.4857601387152,1121.5160491720028,756365
2016-11-16,1073.1654052734375,1098.2482325981132,1034.028632556359,1098.2482325981132,542704
2016-11-17,1086.1490478515625,1093.5947996791654,1043.3825562370314,1073.910070562309,279284
2016-11-18,1102.156982421875,1107.5551960495482,1070.326449963849,1074.049324572419,190525
2016-11-21,1088.847900390625,1114.489134068848,1076.1901479732521,1109.1840825804238,424566
2016-11-22,1097.64306640625,1105.5077075195072,1068.5116395219893,1098.2480562785192,356426
2016-11-23,1096.1075439453125,1108.5791992550458,1086.1488976978803,1100.10968044464,235062
2016-11-24,1068.1395263671875,1093.9203934396444,1063.3463014977638,1082.0537279305884,565194
2016-11-25,1075.02685546875,1087.9637566212887,1051.7123027804405,1068.5582912793398,501144
2016-11-28,1085.404052734375,1093.0824816573572,1070.0007271234144,1074.9800492175127,322168
2016-11-29,1093.08251953125,1110.9058051593192,1077.7722425329177,1085.4040903422201,179598
2016-11-30,1092.663818359375,1107.3692201334836,1082.4259120544746,1093.0825963538691,519489
2016-12-01,1070.6522216796875,1101.970928302114,1062.1361229486474,1101.970928302114,409981
2016-12-02,1057.15673828125,1065.85893479126,1044.6386180923873,1061.0192433370737,315145
2016-12-05,1053.8992919921875,1070.0938200144435,1050.8744562321988,1057.1568074260215,281718
2016-12-06,1074.2821044921875,1082.844671445748,1057.2964875054147,1057.2964875054147,252914
2016-12-07,1080.3316650390625,1085.2179379156123,1061.76387355342,1081.495063343003,384693
2016-12-08,1080.5645751953125,1092.6639201372066,1013.1340405605509,1041.4743838445777,1392033
2016-12-09,1081.02978515625,1088.3824857116208,1066.138285748157,1083.3565819387645,143298
2016-12-12,1070.0009765625,1081.7745930450335,1063.5324122182235,1081.4953319374856,98459
2016-12-13,1079.9593505859375,1090.4765166571901,1062.6945879916454,1070.3264353900502,387406
2016-12-14,1090.6162109375,1101.9709335576254,1079.7267340511942,1081.1693934719617,296015
2016-12-15,1072.1878662109375,1098.24798795912,1068.7442527108878,1089.8715202543472,313230
2016-12-16,1071.8157958984375,1081.4952945794357,1061.0194800521142,1075.3525729438672,226907
2016-12-19,1081.727783203125,1087.079415600129,1066.4175063995526,1073.0255862888814,258789
2016-12-20,1061.9967041015625,1081.4952170006852,1059.6699071630928,1081.4952170006852,140238
2016-12-21,1069.023681640625,1082.8448342704203,1061.0661033934796,1062.8809597621766,387260
2016-12-22,1031.4691162109375,1070.3266263411488,1028.444280093017,1068.4651887301206,402626
2016-12-23,801.8143310546875,1031.4226378685019,745.5988868628729,1024.256147795338,13374164
2016-12-26,709.4869995117188,791.1110576440749,692.1291262720601,791.1110576440749,18358412
2016-12-27,733.8252563476562,741.7828908036212,707.3462948691996,707.3462948691996,5970762
2016-12-28,767.470703125,783.6652330386878,732.4756988140704,740.386808648784,6649536
2016-12-29,734.5698852539062,778.7325080251643,727.2171832870504,770.5421931397453,5931262
2016-12-30,729.404296875,744.4819520098508,718.5148761216874,736.1985323992938,3817278
2017-01-02,742.5739135742188,748.1582259359171,729.4973268218877,739.7352328183347,2246725
2017-01-03,723.9596557617188,755.2318441132895,720.0506819235229,745.5058204871922,2244443
2017-01-04,700.1796875,730.4280461507944,696.7360168461355,727.2636365604953,3592668
2017-01-05,711.0692138671875,718.5149647977339,700.0867426059458,707.3463384019143,2766188
2017-01-06,686.3120727539062,716.6534832168225,684.2644800119732,711.0691703605875,3469778
2017-01-09,683.2872314453125,713.9078459576757,677.702918631397,682.9149212017578,5617248
2017-01-10,688.126953125,695.2469749890824,679.8901140957494,688.452738803649,2965489
2017-01-11,688.824951171875,697.9925653029178,686.9635135988592,692.4547771618825,1664183
2017-01-12,687.149658203125,691.0121638306576,679.6108588703917,684.5436570020915,1669512
2017-01-13,694.5023803710938,704.0887726559887,687.8011936454404,687.8942428028737,2252584
2017-01-16,686.8705444335938,703.6234845417302,685.9398255386973,692.4548578029726,1772100
2017-01-17,687.2427978515625,693.3855193269998,681.2861746944482,693.3855193269998,1754258
2017-01-18,688.033935546875,695.6193171801663,684.5902643120083,686.4051774985734,1610696
2017-01-19,681.4722900390625,691.5240413241844,678.4939786343613,690.5933225606257,1272642
2017-01-20,664.9055786132812,681.2396833016325,661.7411117556749,679.424770157022,2245530
2017-01-23,639.4503784179688,661.741106372273,637.2632118298027,661.741106372273,2931044
2017-01-24,635.7274780273438,644.5227822291857,629.6312811235294,641.2652663623234,2842017
2017-01-25,626.6529541015625,639.1711332713946,624.9776716297656,637.542375378093,3149495
2017-01-27,659.414306640625,666.3946980306105,628.23522509869,628.23522509869,3560127
2017-01-30,652.5269775390625,667.3254303061368,651.5032095038993,660.6242430756396,2056687
2017-01-31,651.59619140625,658.9488924485709,645.0811599837359,654.0160943042662,1262953
2017-02-01,645.6396484375,656.1567596060421,643.1266962947165,651.503165566283,962459
2017-02-02,686.5447387695312,691.2913818800764,637.5888962885639,645.6396365517663,3714463
2017-02-03,707.6719970703125,717.9099035840526,684.171348027409,692.454767838425,4003286
2017-02-06,702.9717407226562,722.2376269259348,681.0998538247703,719.4454711517366,4132473
2017-02-07,686.7774047851562,711.0226174416354,680.820781919963,703.7164409953286,1253993
2017-02-08,688.0803833007812,695.805337820295,683.1475851237351,687.8011790278478,741700
2017-02-09,704.6006469726562,707.1601236392152,685.0090278499459,689.5695726329867,1524937
2017-02-10,698.132080078125,711.9067624003923,694.7815154522859,706.2293441982249,815744
2017-02-13,689.1043090820312,702.6927825517938,685.9398420406252,700.9243938863184,634245
2017-02-14,674.3057861328125,691.5240843294405,670.8621151321731,691.5240843294405,1023673
2017-02-15,660.344970703125,677.5632680364694,656.2497853714871,677.5632680364694,839676
2017-02-16,682.403076171875,683.9853095874416,652.433917665307,661.554951087331,981043
2017-02-17,696.64306640625,700.6451461411908,679.4247675037576,688.7319560996995,1169616
2017-02-20,704.3214111328125,711.9998407883734,693.3854658658015,698.969778342573,990960
2017-02-21,709.5799560546875,714.3265986783294,699.4350995527877,706.4154897678854,839400
2017-02-22,698.9699096679688,711.162304810386,693.0132858509647,709.9523815744062,687454
2017-02-23,697.6203002929688,705.0195264867176,694.5024148786589,699.9005728290583,1331033
2017-02-27,713.9544067382812,725.0299837701061,699.8540502521117,701.7620125322978,1867238
2017-02-28,706.2760620117188,720.2834278434232,705.2988184623522,716.6536011668304,800786
2017-03-01,711.8602905273438,728.6132298468175,708.6493559363677,709.5800747874496,1615887
2017-03-02,699.4816284179688,720.8881585422764,697.108307091586,714.7919624116663,996652
2017-03-03,705.9501953125,707.3462734838497,696.2706972685155,698.876755300288,467700
2017-03-06,705.20556640625,710.9760336752811,702.134206074744,708.8353352320075,389466
2017-03-07,702.6927490234375,707.3928679701606,698.0391546590438,706.4156245149524,756161
2017-03-08,720.795166015625,732.1964709991814,703.5768686935193,703.5768686935193,3371633
2017-03-09,707.2532348632812,732.4756914787407,701.7619712515508,716.8396270880302,1454586
2017-03-10,708.55615234375,714.3266197867273,703.9025587295042,714.3266197867273,540659
2017-03-14,718.3753051757812,725.0299675233018,710.1384662648002,721.2140430484385,667664
2017-03-15,714.233642578125,723.4477247784808,711.9998946956681,718.5149264118377,318722
2017-03-16,717.7703247070312,725.4952791143508,715.8157812117512,715.8157812117512,580238
2017-03-17,710.8829345703125,723.1684328212523,709.2076522648574,720.3762767099732,545476
2017-03-20,735.8728637695312,739.9214679469909,711.3949131582309,716.6534972568339,1390193
2017-03-21,590.4945068359375,662.2994224341927,585.0497682070766,662.2994224341927,20647975
2017-03-22,583.5607299804688,595.287764989505,569.0880629507204,577.0456979073216,9453821
2017-03-23,579.4189453125,600.3135925702502,577.231778976924,585.2824620646641,5171016
2017-03-24,580.2566528320312,587.1905193203909,578.9070991976685,584.4914120516652,1913210
2017-03-27,590.587646484375,600.3136700188631,584.537973840774,589.1450435999076,4793870
2017-03-28,589.2381591796875,597.3819501947645,585.4222341123968,593.6590743021579,1638403
2017-03-29,583.3280029296875,594.4035792779438,581.7922942001458,592.6817154286747,1342990
2017-03-30,579.7913208007812,589.7034425006583,578.9071265291733,585.2360033678566,1482125
2017-03-31,580.6287841796875,585.8873670674105,579.418861343719,582.164492614242,943936
2017-04-03,583.8399047851562,586.2598078025915,581.9784671440069,584.4914193208722,1394464
2017-04-05,587.9815063476562,594.4034877466528,584.4447868437188,586.2131181924084,1845745
2017-04-06,584.631103515625,591.8441750369905,582.6300351451328,589.0054369284843,944868
2017-04-07,578.9537353515625,589.0985950473801,576.1615783864654,584.5845738698591,1103003
2017-04-10,612.5059814453125,615.2050885199925,597.7075875300558,610.5514948095538,5746326
2017-04-11,613.34375,618.1369750177734,609.6673990142544,615.9497515370161,1917078
2017-04-12,605.6187133789062,614.0417068635425,597.5214487402717,613.2506186337866,1243019
2017-04-13,603.9434204101562,610.5515008214209,601.523517572962,605.9444316414098,839170
2017-04-17,595.5669555664062,609.1554267014443,593.8916163578807,604.9671922932602,1080488
2017-04-18,588.35400390625,602.1751575192626,587.2836543966843,597.4285136215713,847780
2017-04-19,589.4708251953125,593.0541272424448,588.2143773334492,590.2619703880139,543978
2017-04-20,587.1904296875,593.7985095000652,585.8874008311772,592.309382355604,497703
2017-04-21,587.1439208984375,592.8678641303286,586.352832656369,589.7033975489217,484788
2017-04-24,590.8667602539062,594.7757902629331,564.0155477416366,567.8780531756938,2643935
2017-04-25,602.4078979492188,604.2693360270843,590.4015996243536,593.7987468390909,1302405
2017-04-26,598.9176025390625,600.7325157262529,584.305304682234,584.305304682234,1064558
2017-04-27,586.0269775390625,598.9174071696652,583.6535997110957,595.6598921345544,899486
2017-04-28,584.8637084960938,589.9826618247921,581.6992418975444,586.4924663734068,664760
2017-05-02,583.3280029296875,592.4490357306572,579.8378074594261,586.2597898473339,678683
2017-05-03,581.4666137695312,588.3073747383089,579.5121268660439,586.073683535262,605083
2017-05-04,583.4675903320312,588.726117034492,581.6992020352191,581.9318817160332,370345
2017-05-05,582.58349609375,590.0757717395385,579.8843886107983,583.095380118014,750235
2017-05-08,583.51416015625,585.8409571448254,580.0239646733869,582.2111311200209,456711
2017-05-09,588.2608032226562,594.6362610545598,585.5151714151397,585.8874816558957,742101
2017-05-10,593.1936645507812,597.6611606886142,589.0985354998652,590.0757789775512,517605
2017-05-11,591.1925659179688,600.0343941111178,590.4014208904324,593.7985670767418,748146
2017-05-12,582.4903564453125,591.0529810339892,581.2804333288468,589.7965333373843,501407
2017-05-15,581.001220703125,587.2370481296545,577.9763845520876,584.9567756698664,393660
2017-05-16,579.3258666992188,584.4913441275689,577.9763132216884,582.3041779032193,895976
2017-05-17,576.9059448242188,582.3506831271575,575.1841380074997,579.3258474499336,529890
2017-05-18,569.925537109375,581.885305730488,567.738371025588,573.3226828717413,599481
2017-05-19,568.669189453125,573.3227834748363,561.4095941405689,573.3227834748363,792474
2017-05-22,554.0103759765625,571.4613538002677,549.2171513450241,570.5306349830034,677559
2017-05-23,536.0939331054688,555.4528693285215,532.9760484046484,554.056791377726,1471397
2017-05-24,518.5965576171875,536.1871099012207,514.68752706299,535.3494970152595,1381402
2017-05-25,511.6626281738281,520.644086752529,502.77427555322174,516.5489015670298,2057066
2017-05-26,507.52093505859375,522.1332311416977,504.9149338580589,510.0338871045461,1229349
2017-05-29,530.04443359375,547.2627338948639,495.7474635544317,506.31110074626866,3661131
2017-05-30,547.2626953125,550.1944824743027,523.994723573023,527.7175990513393,2338661
2017-05-31,541.81787109375,550.8457963247906,535.2097347622251,548.1002218220934,9021300
2017-06-01,560.2927856445312,573.3228504269622,542.4229711530254,544.0982538351659,2970631
2017-06-02,575.60302734375,582.1645832274467,561.3164603220952,564.0155674433776,1949558
2017-06-05,587.1439208984375,592.3559801615451,577.4179550718508,577.4179550718508,1920453
2017-06-06,586.5855712890625,591.0064859477266,578.9071405661196,589.7965627708803,1275238
2017-06-07,601.0581665039062,605.8979154386153,585.375578051201,586.4458705459937,2639884
2017-06-08,605.7117309570312,615.3912283571467,598.0798261000052,601.2442924671943,2609516
2017-06-09,605.8048706054688,614.1813395422417,601.2908504833795,608.8297066104145,2066229
2017-06-12,600.2205810546875,610.5515370845583,596.2184447413485,604.9672242453702,1130204
2017-06-13,600.825439453125,606.9216355162332,595.1015535889416,603.1057116067776,738157
2017-06-14,599.0571899414062,604.9672317132079,597.8937914188808,600.406686782281,653215
2017-06-15,611.8079833984375,617.9042370129971,598.2660361546525,598.4521912768608,1299049
2017-06-16,596.9630737304688,617.8576657893082,594.1709172711243,614.0882659305069,1356699
2017-06-19,600.5928955078125,605.8049554378238,592.0302702565303,601.9889738594376,708952
2017-06-20,599.8016967773438,604.9206497912131,596.125346433343,603.1057369068014,661839
2017-06-21,599.9412841796875,601.24431315373,596.0323108706888,601.0581580422148,290273
2017-06-22,596.0789184570312,603.1058346444289,592.4025675172516,599.3829591219325,324395
2017-06-23,594.3570556640625,601.9424372793497,590.5411309682991,597.3353674494882,503545
2017-06-27,597.3353271484375,603.0127460327985,593.1936170392765,595.6600446342175,624815
2017-06-28,596.5906982421875,600.3135731142136,593.100503049663,597.0560576011908,409519
2017-06-29,593.240234375,607.7129015376805,589.4707774813708,596.5442750239868,1257720
2017-06-30,602.4078979492188,604.595064968078,593.7056976578303,593.7056976578303,501156
2017-07-03,623.86083984375,627.3045109834601,603.6642292415737,603.6642292415737,1298948
2017-07-04,609.6673583984375,627.5836958808819,607.7593961577247,625.4430539326049,518839
2017-07-05,607.2940063476562,616.880398458191,602.6869370071538,609.6208033068426,601009
2017-07-06,611.6218872070312,618.4161231419761,610.0861784516882,610.0861784516882,543530
2017-07-07,632.8887939453125,638.2404271294089,608.8762598892893,610.4584932354662,1764390
2017-07-10,684.4507446289062,696.1777807803835,674.771244740345,675.7019636986075,1281487
2017-07-11,684.2644653320312,703.3907250929952,679.8900756605134,690.8260214360247,2039831
2017-07-12,681.2861328125,687.6150090237621,671.1878569818259,685.3813180820864,791255
2017-07-13,679.1920776367188,694.8281428828687,676.3533965187015,681.7515544623452,778554
2017-07-14,684.9160766601562,690.5934393554077,678.4940933828736,678.4940933828736,892835
2017-07-17,680.2623901367188,687.5685099564378,674.864175679286,687.5685099564378,651371
2017-07-18,684.0783081054688,691.1983295451115,675.7483636046398,676.6325578131643,685734
2017-07-19,703.2510375976562,706.4155039479796,686.4981007451349,688.8248975302074,1547904
2017-07-20,693.106201171875,708.0907489554285,690.5932494151173,708.0907489554285,627321
2017-07-21,671.281005859375,698.0856987874884,658.1578921069719,698.0391742038561,977652
2017-07-24,640.2413940429688,648.5247560990987,632.8886938477026,640.7998025207988,2439455
2017-07-25,628.7005004882812,641.730562674567,627.3044223968935,637.5423284004037,950863
2017-07-26,631.7718505859375,637.0769586076791,628.5143350926916,629.6312089088311,948487
2017-07-27,614.46044921875,637.2630555918297,611.4821382495262,634.4708997094118,2063178
2017-07-28,627.5836791992188,630.5619907381887,605.0137481654164,611.4822552250774,879841
2017-07-31,626.2807006835938,633.6333450896097,622.7439238127913,630.0966250253746,733178
2017-08-01,621.4874877929688,628.1886746123272,617.0200488489193,624.5123239372251,971964
2017-08-02,622.697265625,625.3498477089494,618.9278666704981,623.5814596529831,346352
2017-08-03,623.6281127929688,637.2631657653682,621.2547912439121,628.2351821567651,604522
2017-08-04,634.8898315429688,651.4566142841289,614.2743880692312,622.6973815746251,1211462
2017-08-07,636.6581420898438,644.7088819053023,633.6798307635523,638.4730549923154,427725
2017-08-08,627.0252685546875,637.5423796607706,624.0469570256156,636.6116608583461,360022
2017-08-09,594.77587890625,629.7243609015542,581.6992902233435,629.7243609015542,1428857
2017-08-10,582.7230834960938,601.7562964580679,570.3910580091139,585.4221910422887,1219649
2017-08-11,583.7468872070312,595.8927571113205,568.6692301366917,573.3228244913291,1248311
2017-08-14,594.77587890625,598.7779586616724,569.599944986698,590.0757600025597,933408
2017-08-16,611.71484375,614.274320083682,591.4717127472423,598.0797925588522,781871
2017-08-17,600.9651489257812,613.7160080254149,599.3829155823403,613.3436977775812,398334
2017-08-18,591.1925659179688,600.0809186876635,586.81817639794,595.660004591089,325046
2017-08-21,579.0466918945312,594.9619597655559,575.37034147796,592.9608917343719,310755
2017-08-22,585.6082153320312,600.6392881999813,577.9763106576868,583.5140982644309,752436
2017-08-23,594.1708984375,599.289851784041,582.629962715399,591.0064318279207,743570
2017-08-24,626.7460327148438,629.1658787566665,592.8678472899358,593.798566045493,1927158
2017-08-28,646.7565307617188,656.9944377820526,631.3996702312179,631.7253990956011,2008764
2017-08-29,639.8225708007812,654.9002248458077,634.0055790246569,644.7553684656226,958208
2017-08-30,653.9229125976562,659.8795347880423,644.196947974448,644.196947974448,1072727
2017-08-31,648.152587890625,660.7172915519805,644.476237309878,656.1567467596766,956295
2017-09-01,662.625244140625,668.2560813758632,650.6654737813653,651.5031434026522,769185
2017-09-04,659.9727172851562,672.3513235005489,647.1753330303162,661.2757464046409,838545
2017-09-05,673.8404541015625,678.4009992345468,656.7152043686182,663.4629160982264,613300
2017-09-06,650.3863525390625,668.4888464101973,648.1526612747509,663.7887273512245,1116325
2017-09-07,648.10595703125,661.7410089825593,644.5692372615728,654.1556287026799,844736
2017-09-08,658.2974243164062,667.3254084277187,654.2953446648344,658.4370548650651,1098200
2017-09-11,669.7452392578125,677.0979406486521,660.9965164454,661.7410801390951,1275485
2017-09-12,749.32177734375,755.3714503041666,670.5829796892642,673.8404958987194,9950074
2017-09-13,770.8678588867188,805.537134761793,737.2223509859992,753.8822405049709,14259641
2017-09-14,809.7719116210938,813.4482623833392,774.3580712848263,776.6383437935535,8987791
2017-09-15,817.6337280273438,840.8426650225167,800.3564267489766,814.2441480172258,8306635
2017-09-18,785.150634765625,832.1334705669054,746.170835633405,824.789466264811,7798290
2017-09-19,812.7847900390625,820.8349493592417,753.420676410017,791.8355151148005,9669769
2017-09-20,887.684326171875,893.4277574062086,814.997391823391,822.906354602739,18987654
2017-09-21,932.9724731445312,941.2580177732161,894.5575760593262,899.0298932843227,16933145
2017-09-22,913.5296020507812,945.6361077214464,904.8203530747753,938.8099396051174,7292332
2017-09-25,897.0055541992188,915.1772724992579,876.0562802145392,913.105872117472,4565575
2017-09-26,904.0201416015625,920.8266166799037,886.9311583972079,886.9311583972079,3559032
2017-09-27,801.0155029296875,869.889206832537,788.8225431401362,847.3863680713708,13299756
2017-09-28,803.1810913085938,837.9710233793879,783.3616757883717,811.607890059587,13462318
2017-09-29,805.7232055664062,820.3170819161337,797.0610223041225,813.4909139460999,4835013
2017-10-03,805.5819091796875,821.0231940733977,802.4748374845196,819.1401133530459,1777997
2017-10-04,820.8349609375,833.8753307792558,805.3937318849737,806.8531081034982,3130671
2017-10-05,812.87890625,837.7826620861645,809.7247688002213,825.7309560904583,2266261
2017-10-06,814.0558471679688,824.3657265519619,810.7604556047698,818.9989345127672,1353429
2017-10-09,828.1318969726562,832.792533725472,814.4324948247975,815.3740352812423,1648284
2017-10-10,834.3460693359375,842.2079088859443,826.6724918969918,833.2632748620019,1301458
2017-10-11,809.20703125,839.8070989003451,804.0285582630186,837.029542804822,1675671
2017-10-12,832.13330078125,835.4286918119824,811.3723487810474,817.2569756216411,1283989
2017-10-13,821.6824340820312,834.1107806025684,818.4341077519823,834.1107806025684,871875
2017-10-16,822.6238403320312,829.4970736028647,815.5622874920523,827.6139928455369,805305
2017-10-17,830.8624267578125,832.9338273538181,819.2343670880231,825.6839540013343,685961
2017-10-18,826.0133056640625,830.9093267884091,818.4809831549325,830.9093267884091,964826
2017-10-19,828.4143676757812,833.2633241307146,819.5639216511322,830.2974486342688,203741
2017-10-23,822.3885498046875,830.9094797180132,817.1630115956257,830.9094797180132,654295
2017-10-24,818.9047241210938,826.4841124887618,814.6677925217319,822.9062706316021,521040
2017-10-25,819.6580200195312,825.7309673618432,813.0672369277036,824.7894269201536,304274
2017-10-26,808.4066162109375,821.4940515956791,805.0170935407515,819.6580362047163,760876
2017-10-27,820.1758422851562,835.8995788962853,800.5447473854937,809.7247665410463,1008712
2017-10-30,821.8706665039062,832.3217423176745,810.0072225743414,823.8008128970891,800374
2017-10-31,830.9094848632812,840.2307587284627,819.2343597661926,822.8593251435725,1410837
2017-11-01,869.6539916992188,878.8810780170753,830.4388030144818,833.2634247934426,3578561
2017-11-02,1010.1787719726562,1052.2655841215353,956.6050973712388,956.6050973712388,10648166
2017-11-03,988.382080078125,1019.5941687516299,967.5269362780275,1019.5941687516299,3177065
2017-11-06,987.72314453125,1002.4581619613939,975.483117572336,975.483117572336,1034461
2017-11-07,957.546630859375,993.3251677056446,945.8244408465914,988.1466952673687,1494151
2017-11-08,957.1700439453125,982.9682764874633,951.6149895067084,967.9036285719466,946549
2017-11-09,950.4380493164062,969.6925636316344,935.1380165117863,957.2171522678673,670869
2017-11-10,956.981689453125,1025.33749978532,952.6976346419856,990.5005048431191,2507352
2017-11-13,941.9171142578125,960.3242190522311,926.5228930099969,956.6051226822473,739717
2017-11-14,964.1845703125,972.6584345955424,933.5373818485072,939.6573949418156,1164915
2017-11-15,956.3225708007812,997.0912575627677,951.8973195429256,997.0912575627677,1262085
2017-11-16,947.1426391601562,970.5399541190683,943.6589279576447,956.6051093090217,665741
2017-11-17,960.9833374023438,970.7282586218547,951.0500391217411,954.7220700703789,1679469
2017-11-20,986.310791015625,993.3252217261957,955.6636019451076,958.0174531814257,1538322
2017-11-21,981.2265625,1007.4484453093036,975.4360648041481,993.3253362629115,1256707
2017-11-22,965.173095703125,988.382090864089,958.8648206395908,986.7343950707933,939683
2017-11-23,977.4131469726562,982.4503655418279,952.838963490028,966.0205301786252,795495
2017-11-24,985.2748413085938,993.1367950828376,966.4911575280448,981.0850327756675,690988
2017-11-27,980.331787109375,986.2635374130518,973.8822585627595,982.9681461185929,274364
2017-11-28,972.7994995117188,990.5476280757479,969.1275838831499,979.2020202330489,340814
2017-11-29,986.1222534179688,997.0912213803183,973.0819426785259,974.4471301996842,700142
2017-11-30,980.1435546875,996.1497414595341,972.6112315006604,982.9681758825649,889359
2017-12-01,974.494384765625,994.7846278327099,970.8223539521441,983.8156583893415,444515
2017-12-04,973.9765014648438,983.8156684201391,965.0789899216612,980.1436375692189,256844
2017-12-05,963.8079223632812,974.2589985637525,940.6459923868633,974.2118755667306,389829
2017-12-06,960.3712768554688,972.9879421068683,954.7220340504365,963.1958982579848,376314
2017-12-07,960.7478637695312,968.7509573079994,954.7690476458474,958.4881437836077,429699
2017-12-08,988.994140625,998.0329062228315,959.4297466425144,963.1959085527892,792945
2017-12-11,983.6272583007812,999.6334458882852,974.2589768335145,997.8446109875794,423683
2017-12-12,1001.1870727539062,1018.6055720920392,985.7929084878447,985.7929084878447,1434393
2017-12-13,981.2733154296875,1007.4481833636264,976.8009987278397,1007.4481833636264,452631
2017-12-14,998.8331298828125,1002.7405456060383,981.4617551368119,990.4063891117014,564894
2017-12-15,988.5703735351562,1012.156008354658,983.8156631075555,1012.156008354658,606073
2017-12-18,991.0184936523438,1004.0588065168761,958.1587074010755,994.2667623853434,402545
2017-12-19,995.7261962890625,1002.740627001945,987.6759790845449,1002.740627001945,224548
2017-12-20,997.8445434570312,1007.4482093859373,990.5946135505056,999.9158863251079,217170
2017-12-21,1022.6542358398438,1032.6816651396905,993.3252263130609,998.9744693063104,790565
2017-12-22,1026.23193359375,1034.2350271543014,1021.9950017087522,1030.7984965726653,623289
2017-12-26,1024.019287109375,1031.9282492326552,1014.0389821382935,1031.9282492326552,351265
2017-12-27,1057.7735595703125,1075.2391806766746,1016.8636734945783,1024.2547429493552,1626564
2017-12-28,1049.111572265625,1070.6257511421734,1045.439541083295,1057.161790052497,1026977
2017-12-29,1034.140869140625,1062.6695890628926,1028.350372728585,1056.9732237034607,481728
2018-01-01,1034.8001708984375,1054.478276131346,1026.3733141502444,1030.9868857582753,429620
2018-01-02,1017.7110595703125,1044.591969511173,1010.6965145042292,1035.6944585455033,413942
2018-01-03,1035.129638671875,1050.712064835628,1016.957861224031,1017.3345004072157,768114
2018-01-04,1041.8616943359375,1047.2284292539387,1028.1622339809405,1042.1912105266667,450896
2018-01-05,1042.897216796875,1057.8206087171857,1037.6246136966367,1041.155390094224,568810
2018-01-08,1050.947265625,1069.0249088398127,1042.8971648003374,1042.8971648003374,468360
2018-01-09,1025.6199951171875,1061.9634312664493,1020.2531459215877,1050.9473397180898,639168
2018-01-10,1016.2045288085938,1049.8174727702801,1011.8263432671666,1021.5712627405865,807750
2018-01-11,1037.1536865234375,1042.2850348042498,1012.2028704237874,1021.5711497403894,459962
2018-01-12,1029.85693359375,1045.1098420719588,1020.1590215179885,1042.1910898241695,276559
2018-01-15,1015.3101806640625,1029.8570504280042,960.3713151795884,1029.8570504280042,279071
2018-01-16,1028.8681640625,1038.330690062529,1012.1558237173988,1015.9219849219287,804279
2018-01-17,1042.8031005859375,1046.8987782785964,1015.1687983069376,1027.2205612225216,840913
2018-01-18,1026.65576171875,1054.2899518021547,1017.8993892867236,1042.8032039271964,582399
2018-01-19,1034.093994140625,1039.0840899122559,1019.3117390868836,1026.2791618883675,322347
2018-01-22,1014.8394165039062,1039.1782157194575,1004.8591100769931,1031.8812767612972,690857
2018-01-23,1036.965576171875,1042.89732712097,1015.9221696029787,1015.9221696029787,1019038
2018-01-24,1038.4251708984375,1060.2688672690933,1022.9838817716565,1040.3552602054367,821655
2018-01-25,1054.8076171875,1060.17435078711,1031.080733271582,1035.6943036108535,2015896
2018-01-29,1036.0711669921875,1049.8176350108831,1018.7467991764802,1049.8176350108831,909205
2018-01-30,1016.7695922851562,1043.4622420361811,1005.8006226529668,1035.6945330383933,662548
2018-01-31,978.6371459960938,1016.7695334137148,950.0142939352994,1016.7695334137148,960918
2018-02-01,982.7799682617188,996.7146979694329,962.7251106912679,988.6174730814976,763908
2018-02-02,968.1389770507812,989.7944076096609,947.9429227100645,965.0789705587656,1850108
2018-02-05,974.1649780273438,987.2994230630244,941.5405741463425,946.2482770170742,545693
2018-02-06,944.553466796875,956.6051740314152,921.1561502549376,924.9694353573631,659453
2018-02-07,954.0159301757812,963.9021056180173,946.9073107559689,950.9559234912796,382513
2018-02-08,969.6925659179688,988.523375568054,956.6051302243313,956.6051302243313,424810
2018-02-09,957.1229858398438,967.9036360814414,946.2482045348722,946.2482045348722,472189
2018-02-12,975.9066162109375,982.0266287583288,958.0173487647168,962.2542805282953,488773
2018-02-14,989.276611328125,1003.4939656008056,971.0108165792851,979.2021734023566,365498
2018-02-15,986.8284301757812,997.9386524182216,976.4244781387883,993.3250816587633,260354
2018-02-16,984.5218505859375,1005.8006429806799,975.0123144863118,991.0185030476706,632838
2018-02-19,957.3583374023438,983.9097901220168,948.3666374166521,981.0851687149681,502939
2018-02-20,954.6278076171875,969.5511995493789,943.8000933226326,957.3582402199239,396055
2018-02-21,947.8958740234375,964.7964795906016,938.998305033603,958.4882043763192,628446
2018-02-22,959.6651000976562,965.6909819420995,938.7628906918875,938.7628906918875,775993
2018-02-23,988.7117309570312,990.9243283128045,957.4526299628449,957.5467610331466,806228
2018-02-26,974.8239135742188,1000.8575308488848,971.9051610712712,998.0329094071664,240854
2018-02-27,975.0123291015625,983.9098410203854,965.7380630546762,975.2477142309932,338955
2018-02-28,965.9264526367188,973.976555207088,957.075948668596,969.7867458225812,362857
2018-03-01,958.9119262695312,972.093435700065,957.7820661848938,966.8679549261426,272425
2018-03-05,952.9330444335938,960.2771057475096,949.0727516646418,958.4881559470291,472011
2018-03-06,954.4395751953125,963.8549797893926,950.4850937723851,952.8389449209051,409750
2018-03-07,932.8782348632812,956.7933844724939,927.4173119311104,952.5564525905752,571021
2018-03-08,944.0825805664062,948.1311928358472,923.1803719717459,934.1493407346773,405968
2018-03-09,940.31640625,954.8632168812816,938.5274565083552,941.7287168459096,371889
2018-03-12,954.53369140625,958.6764923500299,938.7628889564874,946.2481469857585,244331
2018-03-13,974.9180297851562,988.6174895424717,949.0727899607729,954.7220327581584,839762
2018-03-14,993.183837890625,999.8687515414541,968.6567801735098,968.845042274159,411421
2018-03-15,1021.1478271484375,1041.3909485308152,994.2667990600401,996.1498801188659,1000506
2018-03-16,1023.5958251953125,1034.7530576526906,1001.7991386191654,1021.1478427682231,629875
2018-03-19,1024.3961181640625,1046.8989602907095,1008.9078220937895,1026.279199263629,614731
2018-03-20,1030.4217529296875,1040.402057371038,1007.4481460515933,1016.9576803312373,545426
2018-03-21,1022.4657592773438,1045.0627290512964,1017.9464342830323,1040.4021500090714,498066
2018-03-22,1006.3184814453125,1032.7757451695195,1003.7762532634853,1019.6883098950274,422829
2018-03-23,977.0364990234375,999.8688554040673,964.7494648594997,997.938766402477,710829
2018-03-26,993.5133666992188,999.3509860374176,966.0675564673954,966.0675564673954,341662
2018-03-27,1024.06640625,1035.3177676960106,986.7343075987743,1002.740493886159,855115
2018-03-28,1026.467529296875,1059.0449264215629,1018.7469422516252,1019.2177125576565,1588702
2018-04-02,1026.608642578125,1037.9071283733094,1016.1575662044074,1028.256338423256,279687
2018-04-03,1044.356689453125,1050.9945960333089,1021.6655861112616,1021.6655861112616,405008
2018-04-04,1032.6343994140625,1075.0508389993875,1024.348798195512,1059.232914830928,619642
2018-04-05,1053.3013916015625,1060.8337161752659,1036.8244315965867,1045.5336818849312,783319
2018-04-06,1049.111572265625,1058.1033306154457,1038.0484706509774,1053.6310129414392,225924
2018-04-09,1063.79931640625,1074.6741531662776,1049.9115965708313,1049.9115965708313,465413
2018-04-10,1076.79296875,1099.719460194448,1065.3532270633714,1065.6827432983443,1402585
2018-04-11,1057.0205078125,1082.7716185360719,1045.1099970217736,1082.7716185360719,385766
2018-04-12,1055.278564453125,1070.2019573459372,1046.5221924428372,1049.864706957357,320269
2018-04-13,1078.534423828125,1086.4433854095855,1054.5251459515496,1056.40822656932,665920
2018-04-16,1104.6622314453125,1108.1930078083383,1067.0947479558936,1080.4175670858692,798396
2018-04-17,1111.5357666015625,1120.4332790201204,1105.321506888247,1108.1932516022534,523489
2018-04-18,1106.2158203125,1133.04972126048,1102.5437898275295,1112.9007340530657,879419
2018-04-19,1110.7823486328125,1120.3390072107593,1095.2469311694165,1103.4854101272779,561972
2018-04-20,1124.434814453125,1128.9071321158021,1099.3427355272738,1106.9691910810093,258462
2018-04-23,1109.5582275390625,1129.8013459407964,1106.35708215772,1129.8013459407964,335330
2018-04-24,1109.369873046875,1138.0868525740805,1103.3911150501663,1120.1504636498337,729547
2018-04-25,1092.9871826171875,1117.325979688821,1089.3151519619662,1109.3700090476202,435624
2018-04-26,1102.779296875,1107.251614194237,1080.276456218748,1090.3510084036193,502965
2018-04-27,1119.2091064453125,1125.1408573573374,1096.8946433651029,1110.9236193014071,480121
2018-04-30,1127.49462890625,1131.1666594527708,1114.8309565009554,1125.1407779064457,174054
2018-05-02,1119.30322265625,1134.3207453805198,1112.3828090832621,1134.3207453805198,509127
2018-05-03,1128.2950439453125,1132.6732302911219,1108.5698162908745,1119.4916631888148,408993
2018-05-04,1122.2691650390625,1134.0384214153023,1110.1703924711169,1134.0384214153023,284847
2018-05-07,1137.851806640625,1142.8420177571873,1111.347415960841,1120.433305670123,373131
2018-05-08,1140.4407958984375,1149.4795606438097,1132.437702593887,1143.9715723563274,570345
2018-05-09,1125.42333984375,1139.1698073534537,1121.98669423279,1139.1698073534537,167176
2018-05-10,1120.7156982421875,1134.2737894358183,1114.783947144367,1124.1993521033567,260948
2018-05-11,1130.507568359375,1151.5039662940744,1113.9836024805593,1124.1992933402494,608254
2018-05-14,1104.097412109375,1131.731600840236,1092.1869026411596,1126.082358240368,541698
2018-05-15,1082.63037109375,1111.0178414706998,1062.5756264751492,1087.4793278802188,358690
2018-05-16,1097.035888671875,1102.543877369601,1072.4617056814639,1080.888446814946,531175
2018-05-17,1097.7420654296875,1142.0885989220246,1093.1284941042627,1117.5144154522452,994750
2018-05-18,1088.9384765625,1105.3211857844121,1083.948267014324,1099.7190669904282,165721
2018-05-21,1071.9908447265625,1095.3409771705667,1060.080335942693,1092.186839887029,208137
2018-05-22,1056.0318603515625,1071.8497876020456,1051.5125346615312,1067.047953772697,577110
2018-05-23,1029.4332275390625,1059.2330057544484,1018.2759961986097,1059.2330057544484,513617
2018-05-24,1062.7166748046875,1067.471500117344,1025.5258265095297,1029.1978573027147,449315
2018-05-25,1081.6888427734375,1087.2910780317675,1048.687915307155,1063.7995722425196,240092
2018-05-28,1028.303466796875,1099.3897736298727,1016.8637268826172,1092.1869659109593,918222
2018-05-29,1004.3883056640625,1028.162202751494,994.5962616986487,1026.3732528551166,753542
2018-05-30,990.076904296875,1002.740577351747,981.2734091587309,998.0799981067246,605331
2018-05-31,986.216552734375,1006.742181649304,983.250792100726,991.4421484935395,2300110
2018-06-01,991.6773681640625,998.974305836288,966.397032892919,988.0053378325048,543631
2018-06-04,985.9342041015625,1002.4111636293359,974.9652337719581,996.0557649543376,400870
2018-06-05,974.8709716796875,992.8543706747362,955.8989092721915,990.5005196299882,536791
2018-06-06,992.807373046875,998.0329689997308,969.3159826275687,978.8255190623404,273602
2018-06-07,997.4207763671875,1009.5666702292355,991.4891409467418,994.0783769860334,268495
2018-06-08,990.5947875976562,1016.7696608066059,983.9098726934587,993.3252781737789,547755
2018-06-11,964.702392578125,995.537844568904,958.8177643356098,990.5006257801402,458526
2018-06-12,1001.9403076171875,1013.0975391272538,960.3712731503707,963.4783451877374,1371537
2018-06-13,979.4845581054688,1009.4254749046646,977.4131001930605,1002.6934378240738,499228
2018-06-14,1021.3358764648438,1030.9395418900804,978.3075292101514,983.4388780525736,1978196
2018-06-15,1036.5888671875,1046.286779372661,1001.7048639988164,1023.454424457217,1940627
2018-06-18,1036.0711669921875,1051.6065849093889,1018.8880532352829,1036.306552112145,1278580
2018-06-19,1028.0211181640625,1042.379612831417,1017.0521467920056,1026.2792909781333,957879
2018-06-20,1019.7354736328125,1042.7560926388578,1007.824963447897,1026.279134064429,516618
2018-06-21,994.501953125,1026.2789386094676,989.5588664940828,1022.7481624445267,463272
2018-06-22,983.20361328125,993.5605582140666,972.611283236324,989.0411180879101,493344
2018-06-25,972.4700317382812,998.9272954220987,968.8922469852955,986.7343925564351,319767
2018-06-26,982.026611328125,991.818654216976,969.5512013567945,974.3060262251793,518815
2018-06-27,960.0888061523438,990.6888132399632,953.733408129447,981.0851466456851,722523
2018-06-28,941.6817626953125,966.9621023652579,936.7857405570107,962.254399822097,1136478
2018-06-29,977.8838500976562,981.5558806957185,944.3650343767921,944.8358045833608,374782
2018-07-02,988.994140625,995.2082847901254,965.3143746273189,980.9910465656659,559319
2018-07-03,1022.32470703125,1032.8227915167902,975.9067150360984,989.559052101244,1241172
2018-07-04,1037.8599853515625,1041.2965157200827,1009.3312664547962,1022.5128315017804,1347815
2018-07-05,1014.5098266601562,1042.614785878253,1011.167312116067,1030.9867844017365,1060147
2018-07-06,1011.2146606445312,1024.1137216083248,1007.5426291134589,1016.8639045587465,374934
2018-07-09,1031.551513671875,1040.2137532578106,1011.6379136493347,1014.697919576809,1196862
2018-07-10,1027.0794677734375,1040.3551663062667,1015.1689570402475,1035.6945866400454,415562
2018-07-11,1056.5966796875,1061.116119960901,1016.863717442567,1027.2206627128153,1147280
2018-07-12,1041.6732177734375,1073.0735677059897,1037.9541790984686,1056.5966104019678,1044297
2018-07-13,1043.5093994140625,1063.8466515642115,1027.314833585241,1049.4410357018608,660138
2018-07-16,1007.4955444335938,1043.2740865031021,1001.8463009489345,1043.2740865031021,513097
2018-07-17,1011.826416015625,1016.8636341795958,979.20201809887,1007.1657220651565,951853
2018-07-18,1021.7595825195312,1029.574413709266,1002.7405126660891,1013.0974569283679,572307
2018-07-19,1015.1688842773438,1028.1621886793648,1009.331379362893,1016.8637030894818,197820
2018-07-20,1026.8441162109375,1034.0940475149296,1010.320148271629,1017.805349782493,344871
2018-07-23,1017.5227661132812,1033.576077513127,1012.1089082716046,1026.8440399927356,399079
2018-07-24,1020.1590576171875,1028.4916674498456,1012.1559639487556,1017.8052065382369,614412
2018-07-25,1032.8228759765625,1040.4023234924075,1013.7096714828486,1021.4302581360098,696780
2018-07-26,1012.81494140625,1045.1098224334764,1004.9531022153103,1040.4021205306228,524569
2018-07-27,1038.5191650390625,1042.0499418920965,1014.1332432539459,1016.8166106754234,343379
2018-07-30,1088.9857177734375,1095.4352472024898,1027.4560691722638,1037.5776295329529,2177271
2018-07-31,1082.2535400390625,1096.4708916747306,1064.9292890548465,1078.063731336341,565352
2018-08-01,1095.7176513671875,1105.3213175687831,1078.1578997462059,1082.2535775400002,482301
2018-08-02,1130.1312255859375,1136.910271916873,1091.292675924181,1097.4126898102759,1309397
2018-08-03,1137.4749755859375,1145.8547084372606,1117.0435941371686,1130.6017993766634,1039224
2018-08-06,1122.9752197265625,1150.4682691166952,1092.1868937807083,1134.5562129359944,2336944
2018-08-07,1094.540771484375,1129.7544072484202,1084.2779576079306,1126.0823765120967,859756
2018-08-08,1065.7764892578125,1101.5550204109513,1058.338412886428,1101.1313732525218,1567894
2018-08-09,1049.7703857421875,1074.5800663488121,1046.0984702598357,1063.940614232833,839082
2018-08-10,1058.573974609375,1068.6484114573889,1035.6944956855752,1049.817602444924,962927
2018-08-13,1054.71337890625,1067.7066807836125,1045.9100002481644,1052.1712661161262,325959
2018-08-14,1087.0555419921875,1089.9271713235582,1016.8636574423081,1054.4311433290868,466382
2018-08-16,1096.329833984375,1098.5895542800283,1074.3918933042205,1086.9144285309437,451485
2018-08-17,1106.07470703125,1116.6199147019852,1081.5005228646285,1097.8362276215685,959814
2018-08-20,1173.8182373046875,1183.3748942654222,1109.1344651494971,1109.1344651494971,2795952
2018-08-21,1174.7598876953125,1185.4464629696513,1157.2002515325519,1184.4577995957013,1794448
2018-08-23,1218.4947509765625,1238.0317177932275,1172.3121400700143,1181.6334146946751,2201914
2018-08-24,1224.9439697265625,1232.288030276589,1201.2171993765303,1222.1193487356481,849165
2018-08-27,1222.1195068359375,1241.8918563302016,1215.9053628388535,1233.4179922612313,631476
2018-08-28,1206.0191650390625,1224.0025643437475,1192.5550908576272,1218.353321739084,635318
2018-08-29,1202.1116943359375,1236.6661807156272,1194.1086010115941,1197.6393774782161,1565025
2018-08-30,1224.802978515625,1230.593475776383,1192.6964693494515,1205.266012469443,1028865
2018-08-31,1239.0828857421875,1260.052103149272,1228.7405674535446,1231.5870706986107,1235827
2018-09-03,1221.2447509765625,1259.1032672564093,1212.610380974899,1247.6223940130205,873820
2018-09-04,1198.994873046875,1231.018040999644,1189.8860839941058,1223.9966417502776,716718
2018-09-05,1212.65771484375,1227.0799497716573,1194.6298632716166,1204.9246921886984,811104
2018-09-06,1249.61474609375,1256.2565860502089,1215.6464325580619,1223.9962205474087,1723420
2018-09-07,1246.2940673828125,1263.2782274385822,1234.2912882587214,1251.5126569302852,1139483
2018-09-10,1213.3695068359375,1261.0009485554028,1203.169536785546,1245.7247375053005,826691
2018-09-11,1180.9669189453125,1224.2337502757161,1169.723252948608,1213.3696412552795,837631
2018-09-12,1206.4903564453125,1224.7079295203455,1170.0076064237396,1179.4010895942586,1186268
2018-09-14,1261.52294921875,1265.7452163918972,1210.190910377121,1214.5556417139533,1525334
2018-09-17,1294.87451171875,1331.262410710291,1249.6626364066517,1260.0523287817782,4137410
2018-09-18,1309.2017822265625,1321.7263502711858,1283.8678336563041,1296.1078208689446,1408422
2018-09-19,1319.970947265625,1335.9587831174342,1299.9030773230718,1309.1542123624147,1346458
2018-09-21,1316.9346923828125,1335.8640086351975,1237.3275768735502,1335.8640086351975,1484382
2018-09-24,1292.0751953125,1329.8862215569636,1279.6454883076979,1316.8872370986035,890761
2018-09-25,1317.3616943359375,1324.5728125574512,1285.765462720916,1295.1589463760179,1029316
2018-09-26,1314.4677734375,1352.0890822957556,1300.8995103870668,1328.3682212028475,1804070
2018-09-27,1296.0130615234375,1324.33574807008,1291.4586096118717,1315.1794720168525,645479
2018-09-28,1243.8271484375,1312.9022293889268,1229.5471431212295,1296.155393403292,1189157
2018-10-01,1252.081787109375,1261.4277823070092,1215.456804305356,1246.8631981759797,842259
2018-10-03,1242.16650390625,1258.0594791592139,1217.8288798315866,1238.323678485433,937244
2018-10-04,1218.2083740234375,1238.892892151385,1195.76841979085,1237.279920180336,1197193
2018-10-05,1216.0736083984375,1247.71721186135,1203.5015528416595,1209.7638365956057,876772
2018-10-08,1212.0882568359375,1228.4556475201982,1186.0902912492274,1208.7199647695243,707482
2018-10-09,1184.1929931640625,1230.8281181134323,1172.2375853086448,1212.610541287747,1206742
2018-10-10,1231.3499755859375,1238.2290257288757,1183.1491365304369,1183.19662458537,868523
2018-10-11,1186.9442138671875,1225.893907969549,1172.0950498242144,1195.5312105585385,675008
2018-10-12,1216.690185546875,1230.400793909184,1195.4362755236264,1195.4362755236264,825580
2018-10-15,1233.2474365234375,1245.4874227051896,1211.6614552340295,1220.1534762686322,791699
2018-10-16,1240.69580078125,1256.9208453660267,1215.4568296688744,1239.8893147305243,815814
2018-10-17,1234.623291015625,1251.939519040951,1225.6093640983322,1247.7172522358137,693098
2018-10-19,1219.489501953125,1272.0549547295468,1212.9900090018034,1242.973155073794,1205785
2018-10-22,1225.9415283203125,1238.2288874251096,1211.6615243232682,1221.1498682882116,503682
2018-10-23,1185.75830078125,1244.7758698280954,1177.977905047911,1219.25220135849,962440
2018-10-24,1177.5035400390625,1205.0197387990406,1150.461758499084,1191.0719188608584,1237155
2018-10-25,1188.8895263671875,1200.27553938906,1162.5118832033772,1174.6570100898468,1084503
2018-10-26,1191.54638671875,1212.9900228091333,1173.4710435387985,1196.4802796866181,858836
2018-10-29,1366.4639892578125,1378.3244201685936,1257.0633282069598,1261.9498489071057,5731814
2018-10-30,1409.7308349609375,1423.726143603491,1363.0007366120724,1370.3542038649396,3338430
2018-10-31,1408.5445556640625,1434.6374996052964,1388.7138951038241,1409.0189728266305,1801064
2018-11-01,1428.5177001953125,1439.3343198694447,1394.5968698504605,1402.3772657256281,953639
2018-11-02,1422.5400390625,1445.9762034812968,1410.1103310206543,1434.6376782141072,924743
2018-11-05,1391.4180908203125,1424.7222692748433,1380.07956663019,1422.7771125211207,835508
2018-11-06,1402.187744140625,1408.0704720200613,1369.8798813874416,1390.9914501222438,873983
2018-11-07,1420.879638671875,1427.995897296275,1405.129009414774,1413.7633800474748,138777
2018-11-09,1469.6968994140625,1482.885719858307,1427.0468423117413,1427.9008163796211,1937340
2018-11-12,1434.400390625,1482.9806651154372,1420.547431681005,1467.846802908467,1464492
2018-11-13,1452.285888671875,1458.3584519097913,1409.635829332619,1432.739923476763,953328
2018-11-14,1426.904541015625,1475.1527454589154,1408.402270841392,1464.3834985480455,2290976
2018-11-15,1452.4757080078125,1468.7956129328181,1410.1576022107354,1431.7910722969139,1004108
2018-11-16,1478.9482421875,1494.4142903796499,1449.439513332844,1452.4758531318196,1664868
2018-11-19,1482.3165283203125,1497.2606699884482,1465.9491350647354,1484.9258228972888,755395
2018-11-20,1455.7965087890625,1488.721012578103,1451.8113352453968,1475.4373324148821,508270
2018-11-21,1459.8765869140625,1473.065408259192,1446.7352536188102,1467.7519587759452,841267
2018-11-22,1451.052490234375,1492.5165070698288,1432.834800310081,1465.000309545973,1282102
2018-11-26,1428.9920654296875,1475.437462036665,1422.4450850377418,1455.5119400413146,1535951
2018-11-27,1445.2171630859375,1451.716655666995,1419.551145817706,1436.487816968918,1263798
2018-11-28,1404.3697509765625,1447.5892035709053,1391.9400436899725,1442.2282661273064,772057
2018-11-29,1382.0247802734375,1414.3325218327839,1371.4452536356223,1409.0190724014246,1613812
2018-11-30,1365.7047119140625,1405.3185464154324,1347.344790226233,1386.2469989581173,12273274
2018-12-03,1382.2147216796875,1394.6919190955546,1347.3925402520636,1351.804528221107,952050
2018-12-04,1416.7047119140625,1423.1568325848634,1377.090873129288,1387.4806799819225,1136996
2018-12-05,1404.6068115234375,1425.9082107298618,1388.1920478772518,1413.85794580804,838036
2018-12-06,1384.72900390625,1413.7633145844914,1372.2043198125366,1404.274970191307,679445
2018-12-07,1415.47119140625,1421.2590580288304,1380.7437600217468,1396.6842241269126,839928
2018-12-10,1397.3009033203125,1409.0189841651354,1378.608797470019,1390.1371577780892,569332
2018-12-11,1402.4248046875,1429.3716103989548,1380.5541242924414,1381.502958742127,648455
2018-12-12,1450.673095703125,1456.460963010117,1407.5484980202607,1409.0192378306344,845326
2018-12-13,1444.1259765625,1473.6821916918718,1438.1957614813466,1457.4096583442838,773320
2018-12-14,1415.091552734375,1451.0997694776333,1401.6655237069235,1440.425383191153,793454
2018-12-17,1407.2164306640625,1439.2870832506446,1400.005311593717,1422.2080621671564,594795
2018-12-18,1419.835693359375,1424.62723715957,1400.3845898850454,1407.9752644116131,545698
2018-12-19,1438.5753173828125,1447.826452902797,1409.0191022745744,1427.9957905206968,650629
2018-12-20,1435.206787109375,1445.9286613884685,1423.8207751278258,1423.8207751278258,451924
2018-12-21,1399.3409423828125,1441.2793742233,1394.9762117235853,1437.4365487851342,552808
2018-12-24,1373.1058349609375,1413.7633690882697,1360.2017092536266,1413.2889518503207,849081
2018-12-26,1381.3131103515625,1384.3493339797687,1354.9829568094524,1364.8033692899867,345177
2018-12-27,1395.8778076171875,1404.2749692345312,1374.054615527732,1390.0424526544516,434791
2018-12-28,1392.129638671875,1406.1724326420951,1387.2432346863284,1399.6254528069992,305371
2018-12-31,1406.7894287109375,1417.0842593889329,1390.0424774052808,1399.530821960948,420785
2019-01-01,1399.957763671875,1414.7596739708727,1393.8853157614878,1409.0191791334842,254899
2019-01-02,1395.6405029296875,1407.690653141466,1386.6265763828349,1401.333509169805,247208
2019-01-03,1364.3289794921875,1406.931666360473,1358.825693753038,1403.8953268468179,536515
2019-01-04,1385.7725830078125,1395.9250643316789,1355.172674892782,1364.3289496331886,391849
2019-01-07,1409.9678955078125,1418.5074049691655,1386.5791047626496,1394.7865453542963,456830
2019-01-08,1384.2071533203125,1413.7633704376549,1380.6490240322983,1412.6248153952988,345960
2019-01-09,1397.870361328125,1401.4284905356462,1385.2983047948837,1386.1047909170181,248643
2019-01-10,1442.6552734375,1447.4944217259158,1392.1773277178338,1395.4507601957469,1072651
2019-01-11,1428.137939453125,1455.227088647613,1421.211402880557,1442.1806172999313,1149372
2019-01-14,1452.1435546875,1460.1137867769312,1427.2841398479404,1427.900905370098,965710
2019-01-15,1444.315673828125,1456.460800448313,1437.9585296934322,1452.6654628575682,383535
2019-01-16,1442.0384521484375,1447.9686666742741,1435.25426356598,1447.9686666742741,362391
2019-01-17,1428.327880859375,1468.7956923171237,1422.492525971119,1447.921334932772,927211
2019-01-18,1431.9334716796875,1442.2283018536746,1407.5483578707433,1435.3492523875964,454592
2019-01-21,1420.5948486328125,1440.4729992452521,1417.226555933347,1437.4841476545328,351617
2019-01-22,1426.7147216796875,1443.9360874296592,1409.0189387786115,1415.6607788940664,710962
2019-01-23,1426.382568359375,1435.1592851349844,1419.5035200757893,1430.8420429858334,302963
2019-01-24,1416.846923828125,1440.3305744993095,1413.3836552107052,1431.1269274347494,365424
2019-01-25,1418.8394775390625,1430.8422557003903,1410.9167335719364,1423.725997797371,195017
2019-01-28,1398.0599365234375,1422.6822575740418,1385.3930210266328,1422.6822575740418,211598
2019-01-29,1427.80615234375,1437.3893572960314,1390.9913286924768,1399.5308388959095,424613
2019-01-30,1426.240478515625,1435.5389863168866,1415.7084396412151,1428.8971453911938,218871
2019-01-31,1429.13427734375,1442.1333776672473,1418.0329615788905,1431.6961996295306,512854
2019-02-01,1453.9462890625,1468.8430578112705,1412.4822744112355,1433.8784194502405,609053
2019-02-04,1527.101318359375,1537.0640785129904,1467.1350369074135,1483.9293576937082,2399611
2019-02-05,1533.4588623046875,1553.24203797409,1527.813227675005,1533.1267934028288,1031235
2019-02-06,1568.6605224609375,1575.017666816441,1527.6234333356174,1533.4587882489764,916887
2019-02-07,1584.6956787109375,1589.297502044494,1556.1357885555162,1560.83247215713,753538
2019-02-08,1598.880859375,1613.0185154102635,1571.2698008937625,1581.7069795228877,1045291
2019-02-11,1551.3441162109375,1594.0416606938074,1542.8046073143637,1591.2900179955666,880642
2019-02-12,1554.2855224609375,1566.7152292561723,1530.6595240282975,1554.1906621910284,795159
2019-02-14,1553.6689453125,1564.5805416384255,1532.4151459981392,1556.0885195232738,469510
2019-02-15,1538.3927001953125,1546.030863787308,1452.333462589651,1534.2652935353065,2159194
2019-02-18,1494.177001953125,1538.1080819012382,1479.2328598475451,1535.1192303152193,890862
2019-02-19,1506.6068115234375,1534.92949769219,1446.9725873978784,1489.7176272111458,1840314
2019-02-20,1480.7034912109375,1513.2959279682862,1473.9666746663847,1513.2959279682862,775963
2019-02-21,1470.693359375,1480.7984691704473,1461.2050151209678,1473.6347229288472,799999
2019-02-22,1484.926025390625,1492.9436307634028,1467.5623073262147,1470.7883678625758,611185
2019-02-25,1513.1536865234375,1522.784379020971,1481.130524949419,1492.5165379535144,599083
2019-02-26,1538.4876708984375,1546.5053920078053,1489.6701816573736,1489.6701816573736,857201
2019-02-27,1554.61767578125,1565.576759427044,1535.2140586381558,1544.7024026346835,556471
2019-02-28,1569.609375,1578.2912333054503,1551.3443119993954,1565.576828623243,578587
2019-03-01,1584.3636474609375,1589.2975397620382,1565.624169007027,1565.624169007027,480280
2019-03-05,1578.5758056640625,1596.8408685665581,1574.3535387514737,1588.3488466897497,529749
2019-03-06,1618.61669921875,1636.739413912237,1567.5219876363062,1584.5535195556151,692075
2019-03-07,1566.4307861328125,1626.7291447601037,1557.9861365275349,1619.6603745752145,800855
2019-03-08,1563.1097412109375,1580.663176796619,1552.2930063878325,1573.1673622194537,428683
2019-03-11,1604.1468505859375,1608.6063257945243,1565.6715705578981,1565.6715705578981,637436
2019-03-12,1612.9710693359375,1641.3887304740429,1606.0446473783347,1613.0185573880206,885899
2019-03-13,1581.70703125,1624.6417901966483,1576.3935814844897,1613.0185681613677,639516
2019-03-14,1607.7998046875,1616.8137310047211,1585.8342663390547,1590.8631347195171,672355
2019-03-15,1620.6092529296875,1638.2575506690532,1608.2744049858431,1610.1720739002808,830304
2019-03-18,1602.913330078125,1634.4147008589275,1597.9319496036667,1630.0974581179269,464384
2019-03-19,1609.223388671875,1625.6856448663189,1595.5127758234387,1611.1210577622899,283112
2019-03-20,1589.6297607421875,1623.4557317963606,1585.7395626912141,1607.3255462671157,426057
2019-03-22,1578.5284423828125,1605.0483187032871,1570.8429065685646,1594.136722621776,459571
2019-03-25,1618.4742431640625,1622.5067892777645,1566.620421148851,1574.8753497468995,684585
2019-03-26,1620.466796875,1684.1335615572023,1600.3515540489382,1622.506813987313,509657
2019-03-27,1580.6632080078125,1631.995124515161,1576.0613844553313,1618.7114432691073,460961
2019-03-28,1569.8941650390625,1612.0698121465177,1557.5118285100111,1584.45875141886,1681103
2019-04-01,1635.1263427734375,1652.869499451523,1621.5579647317181,1621.5579647317181,888473
2019-04-02,1612.1170654296875,1645.6583368854158,1607.0407089448947,1637.2136879178665,508894
2019-04-03,1590.0567626953125,1620.1822554418245,1580.2362338175471,1620.1822554418245,393202
2019-04-04,1614.0150146484375,1626.3023754140831,1590.0569428986091,1593.9945135166822,590246
2019-04-05,1631.0462646484375,1634.462045179135,1604.6212508904425,1619.6602523297747,464487
2019-04-08,1598.26416015625,1631.046437086012,1591.3851103197906,1626.9664025773388,461738
2019-04-09,1628.0576171875,1631.7580948195048,1599.0233053028467,1606.3767725131104,392667
2019-04-10,1634.4149169921875,1643.855773952901,1618.711659661558,1626.1599873339,484391
2019-04-11,1630.47705078125,1635.7430121892844,1616.861300350776,1627.7254078653657,357943
2019-04-12,1643.4761962890625,1647.888299830655,1625.3534807024107,1629.1488186608517,370739
2019-04-15,1655.57373046875,1659.511416514462,1632.2799147287938,1641.4835623613606,422148
2019-04-16,1626.8714599609375,1664.1606986894628,1623.7403758954474,1658.847249146151,530087
2019-04-18,1636.12255859375,1643.1439562504977,1625.3533114231861,1628.199814595556,334997
2019-04-22,1614.4417724609375,1648.8845083824754,1608.2743487048424,1632.9440437292233,324129
2019-04-23,1600.6363525390625,1625.4483984849755,1596.1293885539844,1615.8651929658206,340440
2019-04-24,1653.5335693359375,1660.4601063952741,1600.6835425650443,1600.6835425650443,573966
2019-04-25,1628.484375,1653.343787629099,1623.0285777094018,1647.4135731827967,334093
2019-04-26,1634.2247314453125,1650.9241919400288,1628.342005122293,1645.2311861469777,333124
2019-04-30,1657.4715576171875,1660.4604095192274,1619.7080132268375,1634.2251118839183,557187
2019-05-02,1626.5867919921875,1680.812583083737,1619.755115095763,1652.3001800198724,686686
2019-05-03,1614.8214111328125,1636.7394642720735,1609.4604732008722,1630.097622967781,344975
2019-05-06,1607.942138671875,1626.3969202691442,1603.5775238694482,1611.0732225015597,246788
2019-05-07,1602.7236328125,1618.9961657636593,1584.5534310816024,1584.5534310816024,559625
2019-05-08,1583.1302490234375,1609.1283356125193,1569.4670100443675,1600.304129069397,443167
2019-05-09,1542.3778076171875,1579.572069824472,1532.3675583520182,1576.4883580197388,553836
2019-05-10,1565.908935546875,1572.9778218031238,1520.9816468112713,1526.8643741622056,637110
2019-05-13,1541.9984130859375,1568.233710214056,1531.3240249453895,1568.233710214056,255768
2019-05-14,1534.5972900390625,1551.20189199972,1512.4420300164588,1551.20189199972,422106
2019-05-15,1526.5322265625,1569.3721235970563,1520.0327339797366,1528.097826513337,639846
2019-05-16,1556.373046875,1564.0110939774968,1516.142446850307,1529.7107087021834,494855
2019-05-17,1549.161865234375,1568.4232497186185,1539.1042438457278,1552.2930650572655,363216
2019-05-20,1574.7803955078125,1603.5301239414184,1556.0884042981813,1594.0417800127711,482091
2019-05-21,1609.6976318359375,1627.2510690236563,1573.167505796631,1573.167505796631,494321
2019-05-22,1594.2315673828125,1618.9012626313115,1584.553502499746,1617.667847363596,342013
2019-05-23,1643.80810546875,1654.7671890886775,1605.4278004231894,1622.5068195766275,543073
2019-05-24,1675.3094482421875,1683.232192159887,1648.1253200573415,1652.964352236304,572794
2019-05-27,1511.919921875,1641.5307758743159,1497.3079667700895,1641.008870695785,3084161
2019-05-28,1535.07177734375,1545.6513045267461,1504.471866618773,1518.135105735294,1231843
2019-05-29,1507.792724609375,1541.2866253199186,1504.092247277762,1535.214061984004,474654
2019-05-30,1504.3294677734375,1543.5638632544355,1499.917480430159,1517.1862203482199,925477
2019-05-31,1510.8292236328125,1527.4338274152672,1502.0050164357554,1514.292376904962,787381
2019-06-03,1533.5537109375,1538.0606746664732,1486.3966841452082,1515.5258560216066,765932
2019-06-04,1505.183349609375,1527.6233051764016,1499.537831550482,1527.6233051764016,803652
2019-06-06,1499.490478515625,1516.2374294842814,1474.9156434460642,1516.2374294842814,925968
2019-06-07,1486.11181640625,1499.7750543556685,1473.5872491835787,1494.4141170565642,632011
2019-06-10,1481.1781005859375,1498.2096330485429,1476.4339282203625,1482.0794470055885,363052
2019-06-11,1476.1966552734375,1491.425378408594,1472.5910381029155,1486.8235545794255,475514
2019-06-12,1456.033935546875,1480.1817257037092,1452.4283183467644,1476.1966673873903,500761
2019-06-13,1467.4200439453125,1474.8683716137346,1439.3819381091578,1461.1576435786924,597842
2019-06-14,1444.41064453125,1470.6933109191623,1418.554907290897,1463.1026357660312,993176
2019-06-17,1461.67919921875,1501.9097956046003,1453.993664763609,1460.5406444196537,1053764
2019-06-18,1464.0513916015625,1472.590900690619,1446.9723734234497,1465.9490602880196,548508
2019-06-19,1461.58447265625,1475.2950828410862,1454.8477718589413,1470.6932593557456,420314
2019-06-20,1520.9815673828125,1532.3675803638441,1460.3510250939162,1469.0803712074153,758268
2019-06-21,1466.66064453125,1518.134906194404,1461.204847212114,1518.134906194404,1014804
2019-06-24,1495.6478271484375,1503.2858751666288,1457.4572395839195,1462.77068947147,512756
2019-06-25,1520.4122314453125,1526.674515179219,1484.9258025204958,1486.6337507317928,457699
2019-06-26,1516.1898193359375,1528.5721540645875,1499.3480094447852,1505.8001294230294,461263
2019-06-27,1519.843017578125,1525.725744641839,1497.2607120925509,1513.3908972038141,511835
2019-06-28,1515.2410888671875,1550.8223798092254,1510.6392650702535,1517.7081510321138,551806
2019-07-01,1527.8131103515625,1539.0094026438815,1516.2373769574122,1516.9490027601144,273406
2019-07-02,1534.5025634765625,1540.6224995455318,1509.121241125041,1527.8132340597174,300935
2019-07-03,1547.1693115234375,1556.0883778295574,1518.1350027605438,1537.1116902950505,598945
2019-07-04,1536.9219970703125,1555.092083047993,1529.4735544210057,1547.928452871079,214179
2019-07-05,1528.3826904296875,1536.9222011056863,1502.0050444562362,1536.9222011056863,607948
2019-07-08,1495.031005859375,1522.1676476296172,1484.4514787075182,1518.229961545803,329224
2019-07-09,1522.9739990234375,1533.1739683328417,1487.7247795939443,1489.8122846682468,548646
2019-07-10,1540.38525390625,1550.158295149625,1515.8105341133016,1526.674642323334,685813
2019-07-11,1526.3424072265625,1558.8399838616986,1522.8791386684277,1553.2418380063652,672371
2019-07-12,1530.6121826171875,1538.0605092348235,1505.8950010217661,1532.320014983447,548484
2019-07-15,1531.7984619140625,1547.5490916748486,1518.2300820398314,1532.3677394573149,331641
2019-07-16,1564.24853515625,1569.3722646264648,1531.4188845871308,1537.2067518782244,399507
2019-07-17,1567.427001953125,1571.5070363622417,1551.9135820722788,1567.9489072233084,325110
2019-07-18,1557.89111328125,1576.4882430283906,1551.8660384363823,1568.0435943064915,769446
2019-07-19,1541.28662109375,1574.9702422624734,1537.1592146224848,1559.978612426589,464691
2019-07-22,1542.1878662109375,1547.833500009812,1519.08377327389,1535.2139570000963,248393
2019-07-23,1536.2576904296875,1560.310618311431,1526.7693468215436,1546.6000081274658,298001
2019-07-24,1522.0250244140625,1545.793369130403,1513.390655749918,1531.4185068215472,321561
2019-07-25,1557.748779296875,1565.5291745630739,1520.9814485840661,1521.9302829250419,382130
2019-07-26,1581.42236328125,1589.2028754223957,1541.7611519685329,1560.8327016320818,586809
2019-07-29,1568.6605224609375,1592.8083123910017,1558.8874814955059,1584.5534991742118,461396
2019-07-30,1573.5943603515625,1587.3999471662862,1556.0884120458513,1568.7079558635887,863878
2019-07-31,1550.1583251953125,1567.3796940999534,1485.1156755344323,1567.3796940999534,1115866
2019-08-01,1532.6995849609375,1563.2046332914354,1515.5731939816455,1537.3963846133317,470130
2019-08-02,1516.9964599609375,1540.9070401156873,1498.2569808708606,1527.6233587353797,432681
2019-08-05,1496.8336181640625,1526.2474818938092,1485.9220235546402,1507.2233075710596,571020
2019-08-06,1533.3165283203125,1539.057023286469,1486.6339179710624,1488.67381945494,634515
2019-08-07,1550.300537109375,1572.2185884117703,1519.1313504798736,1519.1313504798736,591808
2019-08-08,1566.5255126953125,1571.2221964005446,1542.8521419798403,1559.8836722417284,678997
2019-08-09,1579.76171875,1597.315154381086,1558.3180854142236,1568.4231944964797,374284
2019-08-13,1446.4031982421875,1537.111744702966,1434.827348941692,1532.3675726514136,2698990
2019-08-14,1468.9373779296875,1481.3071982417343,1405.7459114334836,1458.4853555868544,1340125
2019-08-16,1445.3485107421875,1459.9237287332594,1428.9992359571363,1459.9237287332594,913721
2019-08-19,1455.7044677734375,1477.8071353191283,1438.3484202464163,1443.430631485858,512242
2019-08-20,1459.588134765625,1478.574264714318,1453.8826154896085,1455.7045469983625,382353
2019-08-21,1470.0880126953125,1477.6633380987812,1453.8347216964519,1461.3620553293592,461174
2019-08-22,1504.032958984375,1511.512417396353,1468.553698874447,1474.4029588873575,604653
2019-08-23,1507.005615234375,1512.6151508629978,1477.2318721041017,1500.6289135996594,469022
2019-08-26,1553.46435546875,1558.2108586476986,1503.6016079920237,1510.2659091508465,635005
2019-08-27,1528.053466796875,1561.5669382387282,1522.4918060721773,1558.3546501706244,645617
2019-08-28,1511.8480224609375,1549.5806719724196,1505.4713211613237,1528.0534377999802,419022
2019-08-29,1548.621826171875,1566.8409064797795,1507.3891707381968,1516.1151278961001,479265
2019-08-30,1558.5943603515625,1575.8065495018338,1535.6286605086966,1545.361508159472,357258
2019-09-03,1572.0670166015625,1590.8135400399126,1558.690421540011,1558.690421540011,697815
2019-09-04,1595.080322265625,1602.3200557540915,1526.6150347107034,1580.2653811386851,817587
2019-09-05,1571.635498046875,1597.7175046404445,1566.4574199141964,1592.0600940495676,312286
2019-09-06,1570.2928466796875,1586.78597832187,1554.3271562643042,1577.3887220924237,426978
2019-09-09,1560.2725830078125,1585.6834073505747,1550.539734424398,1568.7588160286425,405327
2019-09-11,1550.108154296875,1571.5873972709305,1540.37530648189,1562.0463994790218,464103
2019-09-12,1577.53271484375,1587.9367455935708,1546.7040885521917,1558.2108765637395,426448
2019-09-13,1561.423095703125,1586.9777763584282,1543.8753149939798,1586.9777763584282,455745
2019-09-16,1577.197021484375,1591.292789064614,1548.9095027875348,1551.8340743192507,363401
2019-09-17,1535.580810546875,1579.30657950132,1532.3205306879836,1578.3956723149524,486724
2019-09-18,1549.7244873046875,1559.1696180996548,1539.032741113128,1546.2244828940304,457444
2019-09-19,1517.361572265625,1563.1010008490834,1505.9506524752217,1554.3750446751571,400672
2019-09-20,1570.6285400390625,1592.251758894674,1510.3617624580952,1530.4027745834987,592869
2019-09-23,1545.45751953125,1589.8545914329163,1537.1631365658354,1573.553307926065,944775
2019-09-24,1562.6697998046875,1577.3888762422855,1522.4439159811157,1545.4574922910335,692476
2019-09-25,1566.3134765625,1585.2517312301231,1553.5601904865412,1553.5601904865412,450237
2019-09-26,1606.203857421875,1634.9228363774694,1563.9643085816144,1567.7999046786877,999909
2019-09-27,1592.2037353515625,1627.1556727641232,1587.2175075681464,1602.3201662264748,659001
2019-09-30,1597.0462646484375,1603.183241582774,1583.0942375506236,1596.3750821780206,269573
2019-10-01,1555.8616943359375,1619.532497365343,1541.4302168684308,1603.1833388584155,412172
2019-10-03,1561.423095703125,1580.1696171635217,1529.491830616109,1543.8273232248155,348048
2019-10-04,1555.5738525390625,1582.1832989301606,1552.5054226593456,1568.7587133634804,282510
2019-10-07,1578.970947265625,1587.8886370871214,1550.108112869159,1563.9641555931837,476604
2019-10-09,1582.7586669921875,1586.9778460054808,1554.5670129637058,1582.7107922740176,248324
2019-10-10,1598.6282958984375,1610.9501231320146,1573.5530667021642,1577.388662233431,566891
2019-10-11,1620.4912109375,1625.3336973881235,1583.8133266159095,1608.6009577672235,598374
2019-10-14,1614.498046875,1649.0184076121054,1601.4091704046525,1626.2925502814135,571690
2019-10-15,1623.51171875,1631.8542094867248,1610.039259315941,1615.7446610009104,545212
2019-10-16,1649.4979248046875,1653.9089536113759,1621.3542640697297,1626.2926170663698,306125
2019-10-17,1652.134765625,1663.0183614708196,1635.0184441607423,1652.182757389861,348490
2019-10-18,1666.56640625,1670.977318091826,1646.477519693254,1649.3062248273877,271062
2019-10-22,1669.5870361328125,1700.6553874946142,1655.2994174606922,1661.196669787972,814403
2019-10-23,1664.0252685546875,1680.3745424644137,1654.8198620503804,1667.5252731308774,228759
2019-10-24,1691.5458984375,1705.9293840383866,1664.0254257559407,1664.6487335426,283296
2019-10-25,1686.84716796875,1701.0867944439776,1675.7239631857112,1688.6211076752224,199141
2019-10-27,1687.182861328125,1697.0595682639905,1680.9980093397246,1694.3746041300353,15839
2019-10-29,1682.244384765625,1689.1005358123832,1665.1760533298927,1684.7854904469812,343418
2019-10-30,1665.2239990234375,1688.573166529706,1657.936389950758,1668.5322708431124,335535
2019-10-31,1682.915771484375,1687.086958809793,1667.0459458857913,1672.319890494576,334257
2019-11-01,1671.5047607421875,1699.025114323333,1667.3335736388567,1680.9498921735014,339865
2019-11-04,1663.833740234375,1682.8678633119252,1645.902257441864,1682.8678633119252,515116
2019-11-05,1618.093994140625,1666.8061078562082,1607.8818139164716,1663.6896862537158,587695
2019-11-06,1635.25830078125,1651.1759999387755,1574.2243592102463,1583.1421662654445,1000255
2019-11-07,1647.388427734375,1652.7103638303086,1612.0050323892979,1633.0049432081728,362279
2019-11-08,1630.0802001953125,1656.7856292178926,1625.333697281127,1643.5527770736587,469867
2019-11-11,1640.24462890625,1648.3472781293367,1622.409014976861,1630.1281982663597,207500
2019-11-13,1603.7584228515625,1648.3472220519197,1591.7721865073804,1639.7171318841088,878362
2019-11-14,1588.4161376953125,1625.0460313871804,1575.9024593637064,1599.9229252910527,892696
2019-11-15,1675.86767578125,1686.6552891469753,1560.1286174253298,1577.3887988104902,2475371
2019-11-18,1664.6004638671875,1690.970183066434,1649.7375312276124,1678.552489392023,546681
2019-11-19,1661.484130859375,1674.7169829279094,1646.8609221621803,1666.5663420147189,385992
2019-11-20,1691.114013671875,1723.908425062844,1655.6827474571605,1660.8128329705578,1047192
2019-11-21,1675.244384765625,1706.7920652099685,1668.5799671202951,1691.0662167544533,429107
2019-11-22,1662.1075439453125,1676.155437585121,1646.7651600772565,1673.2787406098607,376747
2019-11-25,1691.5458984375,1696.1965353711655,1655.059743142009,1663.6898345025409,608852
2019-11-26,1710.9154052734375,1731.2920074099434,1689.1484465182655,1692.4566009850732,1008355
2019-11-27,1736.9017333984375,1743.2784353542208,1700.8951450782918,1711.634767385745,795959
2019-11-28,1719.3057861328125,1749.9905519756735,1714.2235749688516,1749.0316530430841,633764
2019-11-29,1712.7852783203125,1728.7509694409343,1708.5662165319177,1721.511352513001,258455
2019-12-02,1711.6824951171875,1721.223492166178,1700.2235832522517,1700.2235832522517,401926
2019-12-03,1721.3675537109375,1725.9223239356688,1706.7922187599372,1721.2236954511154,263215
2019-12-04,1735.0318603515625,1748.072863238277,1711.8264345023872,1724.1003884270006,1107902
2019-12-05,1727.45654296875,1731.7715884549334,1717.4360952720754,1731.7715884549334,196491
2019-12-06,1710.531982421875,1749.0318012380367,1699.6964937973823,1727.9360229336305,541954
2019-12-09,1732.0592041015625,1747.1138706553465,1706.8881068981032,1710.6757108941483,574599
2019-12-10,1739.1070556640625,1746.7302552831065,1721.607150313733,1735.7029176650906,418388
2019-12-11,1746.922119140625,1762.839817982999,1730.812570280215,1736.5659638656339,580804
2019-12-12,1753.9700927734375,1764.3741232963862,1738.5797173223575,1749.7029220803456,438783
2019-12-13,1766.2918701171875,1771.997272062072,1743.2782952622404,1758.332961991947,534166
2019-12-16,1784.17529296875,1793.0929826632068,1754.7850177579778,1763.4151080092465,686055
2019-12-17,1769.55224609375,1791.6069231944934,1758.3330575106415,1785.4699461558403,466589
2019-12-18,1762.3125,1768.737193518228,1746.4427918155336,1765.4289217433873,461114
2019-12-19,1753.826171875,1778.7575444658967,1750.9494750375889,1757.7097594267427,380436
2019-12-20,1743.2783203125,1758.6207037695956,1721.2236440929248,1758.6207037695956,725073
2019-12-23,1733.7852783203125,1762.408390387082,1729.8538157859648,1745.675649466934,328818
2019-12-24,1742.2236328125,1749.0317923655834,1731.867476694358,1736.6619717392198,219970
2019-12-26,1741.3604736328125,1757.6617555996395,1734.4084563234305,1740.4015746935875,291471
2019-12-27,1754.928955078125,1761.8329807689793,1743.7577587833562,1749.9426102542009,266306
2019-12-30,1773.1959228515625,1781.6342805819081,1754.7851095074768,1760.4905115395547,361262
2019-12-31,1769.935791015625,1780.8671457878258,1759.6755016577067,1775.8809178935974,287988
2020-01-01,1744.0933837890625,1773.5795273805572,1741.2646786234754,1769.168615489685,157063
2020-01-02,1750.8536376953125,1758.4289629038665,1745.6755598911682,1745.6755598911682,102841
2020-01-03,1759.3878173828125,1771.901378285592,1742.3193694737206,1742.3193694737206,281177
2020-01-06,1762.7918701171875,1769.1685715771223,1726.0181186118266,1753.1550058534617,500000
2020-01-07,1768.11376953125,1775.6411027598456,1757.2781647452841,1762.4562424045341,302472
2020-01-08,1758.5726318359375,1770.1274106715796,1747.1138365350043,1747.1138365350043,147762
2020-01-09,1767.63427734375,1778.757481309515,1751.5727205718176,1769.1684921919434,221553
2020-01-10,1789.5931396484375,1807.045053545978,1765.3329496302179,1768.1616546837274,499335
2020-01-13,1801.627197265625,1804.456019287667,1783.551976186397,1793.3326982668284,208532
2020-01-14,1796.6409912109375,1809.4422684275091,1780.675300725959,1801.2916275787366,328250
2020-01-15,1789.544921875,1801.3872988850976,1775.9286054594597,1801.3872988850976,277859
2020-01-16,1820.9493408203125,1823.9219045379386,1792.278235108202,1793.1412676850894,381703
2020-01-17,1825.120361328125,1835.1888006796667,1814.2848730197538,1821.380631872647,362279
2020-01-20,1814.23681640625,1847.222963751528,1809.5381881328453,1826.702502776906,420979
2020-01-21,1793.908203125,1822.771038119739,1791.2232392427986,1814.2368140510573,393410
2020-01-22,1778.901611328125,1812.942527896096,1768.1618716438302,1795.1549035442654,460611
2020-01-23,1819.462890625,1824.2095109848538,1776.8398761958863,1778.7576742273984,294035
2020-01-24,1831.9764404296875,1836.003769190656,1807.6203837362034,1818.5518551556672,200949
2020-01-27,1839.5037841796875,1855.4694751673276,1815.8669015634484,1831.4970013279565,434503
2020-01-28,1866.7364501953125,1871.5789365046626,1824.9284811936968,1839.5036977822306,527383
2020-01-29,1880.688720703125,1912.4282552925501,1856.476520113966,1875.6065090057427,829522
2020-01-30,1878.626953125,1893.8254784911321,1856.1886936654223,1880.8803423090408,350522
2020-01-31,1872.05859375,1902.455645703354,1867.9352811643819,1888.0721604787823,322232
2020-02-03,1891.66796875,1938.8937436636675,1881.743387686377,1912.9076046344824,910769
2020-02-04,1880.688720703125,1914.873377595434,1873.8804439246796,1897.6611867701251,565885
2020-02-05,1881.9830322265625,1908.2088948838193,1866.209074396295,1881.4077162718895,519051
2020-02-06,1939.8525390625,1993.9343451744132,1850.6749384036702,1869.8529170399777,1730330
2020-02-07,2000.215087890625,2008.8931696451718,1928.3456630818332,1939.8524497337387,890175
2020-02-10,2003.092041015625,2025.62616776072,1990.8180868608856,1999.304436745669,628865
2020-02-11,2058.66015625,2071.22182671189,1999.3044021732826,1999.3044021732826,1068378
2020-02-12,2034.591796875,2090.3516760224343,2025.1945405380093,2070.2627902564213,984894
2020-02-13,2067.194580078125,2084.45476265472,2034.5920129890008,2047.297425163439,591980
2020-02-14,2058.228759765625,2099.9888590115015,2047.9205952750435,2080.091704297123,660382
2020-02-17,2066.283447265625,2080.810672372666,2045.9068450592106,2069.303885244338,243414
2020-02-18,2085.844970703125,2090.5914737520075,2054.4410296432343,2066.283525486922,532206
2020-02-19,2096.009521484375,2104.7833538957175,2067.146567271386,2080.8108783388184,365113
2020-02-20,2080.187744140625,2144.481738046288,2068.20150603648,2109.0984568053373,578488
2020-02-24,2071.653076171875,2095.002357967222,2059.0436493128946,2082.6324217264278,419664
2020-02-25,2044.169189453125,2091.505810569951,2021.9499591329825,2078.9471151716093,572634
2020-02-26,2069.383056640625,2089.525128267381,2020.114333855847,2044.1689688743227,578955
2020-02-27,2083.34228515625,2098.2677614267673,2045.1831799185165,2075.0824822949794,569625
2020-02-28,2035.4263916015625,2076.72517907042,2016.395184663688,2067.35450721298,1076121
2020-03-02,2037.6484375,2091.4092228776317,2015.1876926040063,2057.6940485362097,557614
2020-03-03,2108.991455078125,2134.978199454304,1993.49971390539,2052.7669536318945,1399046
2020-03-04,2100.972900390625,2135.8472852727054,2084.501643385858,2108.8944907942664,634747
2020-03-05,2148.26123046875,2162.99354469681,2101.1661276085583,2101.1661276085583,1094422
2020-03-06,2164.008056640625,2172.6541877628338,2097.7366962787796,2105.9965003659304,968953
2020-03-09,2107.68701171875,2182.26628724999,2064.5044717808914,2163.959622436118,879424
2020-03-11,2076.241943359375,2120.2457233927094,2052.911847829275,2106.7693254823757,573237
2020-03-12,1847.915283203125,2056.7277560459697,1764.8346880786753,2056.7277560459697,1552639
2020-03-13,1896.0731201171875,1925.7310327417765,1570.802960212926,1738.8962659183685,962602
2020-03-16,1827.676513671875,1918.5821181415297,1808.0173498935285,1883.8041945498403,682663
2020-03-17,1830.9610595703125,1896.4594094553504,1808.6934814886329,1827.7730361738516,1300859
2020-03-18,1743.9678955078125,1868.2989205720269,1726.9653793003085,1862.5509500285625,1076620
2020-03-19,1807.4376220703125,1880.3746562121587,1575.681497992542,1661.6119036288148,1743757
2020-03-20,1927.1800537109375,1948.6747430037822,1801.1100783079614,1811.8815978759571,1881347
2020-03-23,1788.889404296875,1859.6528166715184,1666.9735109667006,1787.150460986034,1203381
2020-03-24,1854.7744140625,1907.9557076670421,1797.3425792984972,1859.6530315235727,1285829
2020-03-25,1862.599365234375,1906.9894732283583,1817.2430858827277,1835.5015193180752,676624
2020-03-26,1819.3685302734375,1912.7858527816384,1810.3841859155507,1871.5836490846634,596430
2020-03-27,1799.32275390625,1864.4830066306156,1762.8058893001119,1864.4830066306156,538787
2020-03-30,1829.6085205078125,1864.386442198087,1770.4859828784831,1788.1648069082812,606185
2020-03-31,1921.5286865234375,1965.918795949356,1830.6713112157395,1877.0418774101222,937675
2020-04-01,1813.2822265625,1932.4932393634579,1781.6439778038841,1932.106794419286,1165088
2020-04-03,1836.515869140625,1874.143602020933,1761.0670040170833,1845.1619999278257,1219731
2020-04-07,1997.653564453125,2077.014754813331,1856.0300454349358,1893.4646136902925,2241715
2020-04-08,2095.3212890625,2139.4217643758434,1970.845343089414,1994.9000942028604,1228880
2020-04-09,2232.452880859375,2383.833649062194,2125.559158200258,2149.468981704613,2527934
2020-04-13,2261.72412109375,2338.8152278181838,2207.431968428149,2304.0373062149392,1782628
2020-04-15,2314.132568359375,2335.91711968583,2250.9044205409364,2290.5126099152617,1136701
2020-04-16,2311.958984375,2365.381785366599,2273.8965741854436,2314.08425471629,1350131
2020-04-17,2253.02978515625,2366.396250659208,2241.3887940359514,2347.5098587403277,1326979
2020-04-20,2263.0283203125,2294.3767043230987,2218.106839575227,2255.7345703555516,817776
2020-04-21,2324.904541015625,2390.451132117049,2217.09287173518,2217.09287173518,1365316
2020-04-22,2303.554443359375,2331.0386167438705,2283.4121346571183,2325.2422960644176,596850
2020-04-23,2335.240966796875,2370.984943144938,2295.342913594541,2306.935554572291,993530
2020-04-24,2343.06591796875,2376.4914613186975,2309.447446954359,2328.188789340675,894214
2020-04-27,2343.500732421875,2388.4703294652577,2312.9250008302756,2366.8308276677335,924358
2020-04-28,2283.122802734375,2362.0009825126995,2269.2598396410353,2362.0009825126995,855492
2020-04-29,2289.40185546875,2327.2227535735897,2272.1577071004913,2306.935631188764,635110
2020-04-30,2253.7060546875,2292.1550301153306,2222.599180001711,2284.716465537648,843162
2020-05-04,2209.50927734375,2264.3811660252545,2150.435197241381,2150.435197241381,936799
2020-05-05,2206.70751953125,2247.040249722967,2196.032582094362,2196.032582094362,609756
2020-05-06,2213.566650390625,2235.302852852542,2165.6019554462605,2231.583452756791,762810
2020-05-07,2182.169921875,2231.583461320219,2151.4010252641247,2202.940070973868,498471
2020-05-08,2222.69580078125,2236.2688987768584,2176.61509888749,2193.9073611134545,641799
2020-05-11,2247.909423828125,2276.02167037982,2231.6315665512625,2240.277696778779,654101
2020-05-12,2283.3154296875,2293.74885297924,2224.869202342077,2250.904292807192,676613
2020-05-13,2260.08154296875,2315.532904308916,2235.4471854796698,2306.9351248597454,538167
2020-05-14,2286.26220703125,2297.1784224194985,2223.8550593309355,2249.9385026853815,413755
2020-05-15,2255.927978515625,2331.0869844042522,2248.3446004137795,2295.343006607751,600190
2020-05-18,2251.09765625,2298.241110822056,2239.698178601196,2262.497133898804,600640
2020-05-19,2242.9345703125,2277.95400744993,2229.458172019157,2270.2255799437385,322942
2020-05-20,2292.15478515625,2296.0189986384885,2232.6460390415014,2246.0740865511307,600994
2020-05-21,2277.326171875,2309.3507490803886,2254.092539464772,2294.376920755458,317110
2020-05-22,2241.244140625,2294.521897299125,2226.7533379916486,2271.1917994005926,479501
2020-05-26,2217.76904296875,2265.298829502421,2209.750751494401,2260.5169116966613,404978
2020-05-27,2212.64892578125,2241.2442048044027,2183.2809926111854,2226.7534017560984,720014
2020-05-28,2207.52880859375,2221.922910498869,2178.7887187731667,2217.5756700218058,392876
2020-05-29,2308.96435546875,2326.353316893082,2185.5026821854135,2207.4320474777446,1000264
2020-06-01,2395.86083984375,2408.2744848225525,2279.886079195455,2320.5570226612404,1128386
2020-06-02,2329.15478515625,2451.7952191037093,2318.52819758399,2415.1335391499897,1305076
2020-06-03,2301.332275390625,2359.10231369929,2286.8414749379267,2337.8491397019993,888450
2020-06-04,2338.960205078125,2356.2043534203285,2304.037467366742,2310.7998414847993,704299
2020-06-05,2376.539794921875,2391.9483000069963,2333.743580671204,2346.978465532168,770517
2020-06-08,2331.13525390625,2388.0840558838745,2257.6668440941,2388.0840558838745,1943064
2020-06-09,2339.588134765625,2373.4964670645295,2318.5281238038315,2318.5281238038315,1215283
2020-06-10,2313.360107421875,2361.034945862185,2295.3433025239574,2330.121231350078,702873
2020-06-11,2276.311767578125,2335.2893772538514,2267.3274234165906,2313.3597754860866,470891
2020-06-12,2313.794677734375,2318.818108428456,2224.7243622979177,2231.5834360312037,589371
2020-06-15,2255.782958984375,2366.4444192074625,2243.6105922341326,2327.1742083759254,1261564
2020-06-16,2241.58203125,2284.7162198760666,2207.4319502819503,2272.157526067023,660650
2020-06-17,2222.01953125,2258.4880472898717,2214.4842675201917,2249.986730155034,699526
2020-06-18,2232.017822265625,2252.836318260603,2218.589775601699,2227.62223253584,304464
2020-06-19,2226.51171875,2250.9045686896625,2208.3982163195574,2239.9881173876697,728257
2020-06-22,2269.500732421875,2288.5802852431293,2238.3455132580543,2255.7344727913496,445228
2020-06-23,2299.25537109375,2319.5424918695267,2243.1759257787076,2279.88595384916,838016
2020-06-24,2261.869140625,2330.1207165253586,2252.3534206380073,2313.6978093193343,501579
2020-06-25,2251.339111328125,2297.2749979231103,2246.4123804725677,2261.096345063316,316334
2020-06-26,2270.9501953125,2301.042666571249,2253.3680693235824,2264.4293343879613,497117
2020-06-29,2237.958984375,2287.6140255547753,2229.747532002865,2279.4509230142203,519075
2020-06-30,2201.5390625,2255.686404304369,2190.0431210491456,2255.686404304369,684233
2020-07-01,2165.166748046875,2206.4655226052705,2157.196809097009,2206.4655226052705,788450
2020-07-02,2122.081298828125,2165.891918824364,2019.1001385795287,2028.7123236089046,4392566
2020-07-03,2116.091552734375,2172.1709979165375,2107.05909525543,2131.113729777132,1516409
2020-07-06,2087.73828125,2144.542037498612,2083.7773676194374,2144.542037498612,932519
2020-07-07,2110.34375,2132.0799525062944,2074.116745822843,2105.513482776379,1348625
2020-07-08,2090.056884765625,2137.8765361619267,2068.3690294342505,2100.2004471830223,1586276
2020-07-09,2102.470703125,2119.376639970506,2079.9132587642594,2097.30222237678,819353
2020-07-10,2128.3125,2151.0147566079536,2086.675500986381,2110.198997387271,1011412
2020-07-13,2159.2744140625,2163.9598679391565,2122.6127304347374,2144.6387976897,600585
2020-07-14,2142.85107421875,2179.996012999602,2136.233750498343,2167.340620185345,811086
2020-07-15,2149.7587890625,2168.7899948534414,2138.9871515852337,2143.6726051580345,1234453
2020-07-16,2129.664794921875,2165.8917986912425,2118.796693791065,2162.993638389693,833354
2020-07-17,2186.565185546875,2197.3368225391873,2103.146615421982,2125.317493926686,1233698
2020-07-20,2220.71533203125,2235.447646903888,2165.457122761507,2202.6018301386625,1650713
2020-07-21,2204.775390625,2248.006280637255,2199.7036102325005,2226.753105659163,549204
2020-07-22,2184.971435546875,2228.685355059861,2169.5145800284713,2215.1606064812577,314826
2020-07-23,2316.064697265625,2327.0778476353385,2197.4332915195764,2207.4320386396885,2533883
2020-07-24,2269.356201171875,2350.6011529232915,2248.9723795078608,2308.867692020527,1234340
2020-07-27,2281.721435546875,2313.6978974900826,2241.437055859273,2270.2254944057177,915026
2020-07-28,2262.0625,2309.9786095443337,2252.8366423942307,2282.784299304274,1049978
2020-07-29,2341.37548828125,2352.340289928651,2262.787176985727,2276.1187625550824,937679
2020-07-30,2475.3671875,2489.664590083026,2347.992943946988,2352.29183469065,3392829
2020-07-31,2527.7275390625,2555.7914427003643,2470.1990012679394,2482.7576977937442,2698997
2020-08-03,2552.071533203125,2638.2917979285453,2517.196911617294,2532.60565181075,2802784
2020-08-04,2599.215087890625,2614.816756351733,2513.719359841072,2584.192909972358,1260214
2020-08-05,2577.188720703125,2624.3805192917985,2551.346794631039,2608.3439399862946,1237767
2020-08-06,2645.1025390625,2659.5449901128422,2572.3103215811366,2590.9551992308907,1340401
2020-08-07,2690.31396484375,2724.2706482637554,2629.983739996877,2654.7148019251063,1448742
2020-08-10,3011.96142578125,3181.213939240793,2959.311513941401,2959.311513941401,6015324
2020-08-11,3025.148193359375,3061.182036174711,2982.207162342038,3033.359648130968,2731072
2020-08-12,3011.1884765625,3024.713224291687,2909.8495682756757,3016.018743608638,2244001
2020-08-13,3019.39990234375,3072.0498126549755,2988.631007206038,3004.4260746405575,1916602
2020-08-14,2984.91162109375,3076.879850781708,2956.2198844124496,3028.5771843644125,1959949
2020-08-17,3023.312744140625,3032.4419024425138,2967.0884782426633,3014.0868861486597,1194516
2020-08-18,3043.8896484375,3052.7289432833804,2989.935468184197,3023.6025257131487,1416520
2020-08-19,3052.3427734375,3081.710705885971,3033.842707155311,3059.1532620205326,1002926
2020-08-20,3081.0341796875,3098.133277829547,3015.1493844670645,3023.8438651345,1018936
2020-08-21,3137.11376953125,3221.7882601995348,3113.2520606009807,3145.4700375441334,3851456
2020-08-24,3130.20654296875,3168.6555199237723,3102.819067410422,3158.5119580459677,842857
2020-08-25,3135.712890625,3157.9804704686353,3111.3200402998527,3144.2625582484393,887308
2020-08-26,3088.27978515625,3151.4112380130555,3074.706686709801,3138.61102951446,700169
2020-08-27,3157.497314453125,3166.7231719630095,3076.8802021666215,3091.3710037466844,1013525
2020-08-28,3161.748046875,3185.94749649294,3148.3681125953835,3168.655234523737,636688
2020-08-31,3016.791748046875,3182.131700972587,2989.7906014043715,3173.485569802304,1472451
2020-09-01,3121.41552734375,3149.7207059316997,2996.021737112374,3008.290569270546,981942
2020-09-02,3217.6337890625,3226.618132230001,3130.012798929701,3137.065035431196,992629
2020-09-03,3171.070556640625,3235.6994402855294,3161.2652081333763,3216.9580970642137,829828
2020-09-04,3113.73486328125,3208.2149311941025,3100.065302269607,3130.979010487939,867200
2020-09-07,3090.50146484375,3138.3211071931228,3062.389217121453,3133.2009771043317,582355
2020-09-08,3006.938232421875,3106.828070445149,2989.9355964016595,3100.0656959137077,687872
2020-09-09,3049.927734375,3061.858354117065,2975.4449118824896,2985.1054473106797,904326
2020-09-10,3049.396240234375,3076.8804152977723,3018.965554808353,3052.729077658072,503343
2020-09-11,3039.83203125,3064.659793900725,3012.154693910423,3050.41050533909,464651
2020-09-14,3057.36572265625,3118.0820348554334,3027.321368801829,3062.00282595749,773804
2020-09-15,3076.83154296875,3139.673360006531,3058.7663926525165,3067.2193593909956,1365374
2020-09-16,3134.215576171875,3162.8589663611424,3071.0838894508465,3073.112696018441,1064745
2020-09-17,3102.142333984375,3153.3915148991464,3091.370932731792,3133.9256328982547,688789
2020-09-18,3230.869140625,3273.9552198601586,3118.4206107136592,3120.3527176595785,3362844
2020-09-21,3051.569580078125,3259.7057415516315,3014.13501017811,3237.196649770207,1585478
2020-09-22,3126.728515625,3162.6656547832135,2939.2658069731997,3052.7287311552122,1855832
2020-09-23,3040.701416015625,3178.702002225304,3022.7810783358987,3143.2962395766795,1499849
2020-09-24,2917.916259765625,3044.8074818910814,2883.6697102102585,2985.105328157353,6257683
2020-09-25,2956.847900390625,3002.493922866638,2902.6522111096997,2956.1233603513233,1594964
2020-09-28,2992.012451171875,3023.747402436369,2919.075413189784,2994.765797940174,1269287
2020-09-29,2957.958740234375,3032.441549930623,2945.158532991119,2994.7654682334914,1187338
2020-09-30,2944.48291015625,3028.577919985441,2936.802831501034,2984.139456087728,1416088
2020-10-01,2960.85693359375,2992.5435318805985,2948.5397529006864,2956.123366335214,740845
2020-10-05,3020.076171875,3038.238023446466,2945.5452444327225,2975.4445507838204,1059411
2020-10-06,3055.240478515625,3076.6868161324637,3034.8083082537305,3052.7286454155897,1403318
2020-10-07,3073.88525390625,3108.6631766998344,3044.179111520063,3081.71038087596,1304014
2020-10-08,3121.75341796875,3144.5040242084874,3064.611449934507,3079.7784421433666,1003283
2020-10-09,3081.710205078125,3158.897773867304,3072.1463711966167,3144.503673206676,952505
2020-10-12,3098.375,3105.8619144126587,3045.048895482997,3083.932547755193,1176234
2020-10-13,3032.586669921875,3137.741684954952,3015.1495933906976,3104.8958668242653,1080242
2020-10-14,3024.181640625,3054.6606707692513,2997.663523528459,3048.864350710866,792943
2020-10-15,3005.778564453125,3043.068321399365,2941.6327106860526,3033.4077870457163,992780
2020-10-16,3113.300537109375,3123.154235543305,3009.1599236479888,3009.1599236479888,1664500
2020-10-19,2988.3896484375,3136.6788530397253,2980.2748937971674,3125.182911323772,1329702
2020-10-20,2980.99951171875,3022.5398111609948,2966.750222956585,2996.697880694017,1348612
2020-10-21,2974.43017578125,3018.916983622489,2912.6511057989774,2992.8335408839907,1234195
2020-10-22,2988.486083984375,3000.6101008830906,2928.1077486848685,2974.4299603560758,899754
2020-10-23,2964.673095703125,3037.271914978588,2958.683375890772,3003.4600456960657,1214597
2020-10-26,2938.87939453125,2976.7969922625393,2917.5781047428645,2976.3139655398477,772978
2020-10-27,3049.685791015625,3070.649102768607,2940.6665697379008,2956.123424243751,1602501
2020-10-28,3025.148193359375,3101.901096965624,3004.426392900466,3052.487554651848,1412166
2020-10-29,3002.10791015625,3052.3908054658114,2986.651054366238,3015.4876094377382,729760
2020-10-30,3035.388427734375,3052.7290407796154,2950.0375072055936,3005.392419577653,1330322
2020-11-02,2945.158935546875,3028.4810506889357,2937.092530259359,3015.1978149416504,977309
2020-11-03,2985.008544921875,3011.6717152343153,2954.674560078317,2956.1236402941477,724215
2020-11-04,3087.69970703125,3101.127990268586,2999.7405012911004,3014.8110280725055,1479510
2020-11-05,3100.065185546875,3131.944945946703,3060.5536980591446,3101.900592562082,1169897
2020-11-06,3127.356689453125,3153.9715105195846,3078.329474381769,3101.031731606929,1234138
2020-11-09,3307.525634765625,3345.829561284181,3232.076762892461,3299.121016577327,7053871
2020-11-10,3152.61865234375,3307.3805996884735,3129.1918567909192,3307.3805996884735,2531351
2020-11-11,3239.322021484375,3257.7253868204025,3170.63576291404,3187.976375117205,2007813
2020-11-12,3252.75048828125,3293.034872109411,3191.019528044815,3222.7544798993754,1258544
2020-11-13,3316.4130859375,3332.884344142172,3253.8611261452666,3255.600069495397,1346031
2020-11-14,3328.005615234375,3346.60214319597,3322.016131321217,3346.60214319597,124536
2020-11-17,3310.6650390625,3371.5264039475123,3279.751329914557,3342.544801621316,1652851
2020-11-18,3334.62353515625,3344.4772337349746,3294.628778544383,3323.2240566286287,817107
2020-11-19,3318.44140625,3380.2204670729457,3290.6673741184345,3319.359109706385,1130621
2020-11-20,3351.3359375,3371.526359177994,3308.7328883050513,3325.155796071821,1058905
2020-11-23,3425.91552734375,3514.3094213842555,3352.6886258751333,3368.0487819737978,2306539
2020-11-24,3416.979248046875,3487.404447027525,3374.424548327253,3487.404447027525,1608159
2020-11-25,3351.674072265625,3447.748040047829,3332.884379960772,3446.8303364471135,736967
2020-11-26,3423.9833984375,3443.9806583152017,3347.375310255869,3367.1794066080324,963570
2020-11-27,3482.719482421875,3535.659024251004,3390.606189097748,3426.591681096862,5745633
2020-12-01,3497.837890625,3642.0213623299733,3474.507795072183,3642.0213623299733,2077864
2020-12-02,3515.999755859375,3530.7804202883876,3492.2830973362106,3499.045471245299,755137
2020-12-03,3567.007568359375,3598.452419632452,3512.6670615240196,3530.925377479541,940122
2020-12-04,3585.94189453125,3612.073686343601,3540.5857342736817,3584.879377295994,1043566
2020-12-07,3591.35205078125,3614.923660623789,3539.088464786897,3578.261979361119,1086712
2020-12-08,3564.7373046875,3621.7344594236956,3551.792282529252,3591.352124959473,750038
2020-12-09,3598.935546875,3609.175808123577,3570.147341798733,3584.0584175959507,653837
2020-12-10,3605.552978515625,3635.2591220187014,3580.9186156106352,3598.4523913371477,638946
2020-12-11,3518.46337890625,3613.039917705018,3499.4319371814777,3603.3793831656994,1322763
2020-12-14,3477.599365234375,3545.174759004559,3462.915399505747,3526.09520277039,858167
2020-12-15,3505.228271484375,3528.123927113573,3484.0234452590025,3497.113516781069,678172
2020-12-16,3591.68994140625,3600.4811219318913,3512.5702600870286,3528.2202784316905,1097589
2020-12-17,3694.864501953125,3723.363078102666,3585.3141374685874,3585.3141374685874,2080618
2020-12-18,3702.786376953125,3728.000467720174,3653.614347996294,3707.0371538776617,1336810
2020-12-21,3510.782958984375,3674.8188776667707,3423.500173575655,3660.3764261382807,1845053
2020-12-22,3594.636474609375,3612.1704859313195,3479.627766231873,3534.741161759066,1501765
2020-12-23,3563.38525390625,3588.888973535835,3535.7560277634334,3583.6723786557122,915202
2020-12-24,3622.31396484375,3629.4626657452145,3566.7175438606537,3579.2278883646577,656706
2020-12-28,3638.1572265625,3654.918347956459,3611.1077304542287,3632.36090596787,387691
2020-12-29,3655.7392578125,3699.6946878576164,3637.191079557445,3654.5800408939745,834002
2020-12-30,3670.71337890625,3690.3243118176415,3633.1823425347147,3661.342707274571,407940
2020-12-31,3711.480712890625,3719.305840298385,3658.2996583240006,3658.4444720025936,646191
2021-01-01,3718.38818359375,3736.598150127262,3688.247362275637,3708.679298977293,344329
2021-01-04,3731.14013671875,3782.0511090847285,3718.3399278219867,3722.204141828557,578164
2021-01-05,3711.674072265625,3748.7704305811653,3674.915691147459,3727.275741216282,621125
2021-01-06,3748.142578125,3757.2717360710517,3686.0252940232767,3716.407627902224,486212
2021-01-07,3673.949462890625,3771.472507322036,3662.3084721459627,3757.9477596011066,731225
2021-01-08,3728.144775390625,3737.3706322617654,3680.7600461867723,3689.3578268545266,594069
2021-01-11,3692.642578125,3756.933481786951,3676.316369315079,3753.0209181807595,581207
2021-01-12,3639.606201171875,3701.7718320877884,3614.0057859546077,3693.173815276675,758091
2021-01-13,3593.13916015625,3663.4678995157337,3550.97102078799,3659.89354886902,1142472
2021-01-14,3598.25927734375,3613.0399424607594,3558.940948669903,3611.4941625827196,826368
2021-01-15,3521.071533203125,3635.065836142063,3509.6720557386543,3632.360839410223,1048279
2021-01-18,3444.270263671875,3534.7894208560992,3430.455652763052,3516.434406098989,952462
2021-01-19,3477.260986328125,3507.740019345675,3434.513121867633,3454.607080468227,834021
2021-01-20,3483.298828125,3541.648597189734,3474.942560242092,3506.773973797861,730498
2021-01-21,3482.236572265625,3526.0953072252914,3468.132096695561,3526.0953072252914,706058
2021-01-22,3424.36962890625,3491.0756670303945,3410.1686903126374,3482.236372273433,720287
2021-01-25,3447.893310546875,3467.552357869613,3363.5084425107743,3441.0825861633652,926197
2021-01-27,3364.812255859375,3477.792150925103,3352.108512463021,3472.8651843701427,944951
2021-01-28,3313.32177734375,3377.999007815322,3294.242221952675,3342.544893828814,717703
2021-01-29,3255.455322265625,3340.6128397889547,3246.0363011008067,3332.8844121665393,1015705
2021-02-01,3346.02294921875,3400.5082715004946,3198.989419933481,3301.970815905878,998291
2021-02-02,3428.137451171875,3446.5889310081225,3329.116970115924,3419.8292969567524,1624774
2021-02-03,3555.318115234375,3590.7238788983395,3440.3577577279852,3468.1317936801593,1693164
2021-02-04,3554.013916015625,3598.307560704673,3527.061119305393,3587.874136352912,908879
2021-02-05,3692.69091796875,3728.7731082295268,3540.634201125213,3573.431668184116,2152555
2021-02-08,3653.46923828125,3756.0157149646575,3526.0949999025206,3670.036960172514,2744564
2021-02-09,3596.375244140625,3710.8525704264794,3579.276146372301,3654.628310509825,1319497
2021-02-10,3623.03857421875,3632.3608954736906,3550.632680984377,3613.0398268807453,953446
2021-02-11,3626.419677734375,3636.9012156930066,3585.990248293256,3593.332348530699,422563
2021-02-12,3593.13916015625,3626.4198906779598,3569.7123636510173,3626.4198906779598,561226
2021-02-15,3585.072509765625,3622.458729097098,3576.329679343278,3594.6846939050074,426787
2021-02-16,3561.35595703125,3593.1873702659836,3541.551861786671,3585.072615823994,392393
2021-02-17,3492.524658203125,3550.2463505695277,3468.1318091277835,3547.3481902833487,691346
2021-02-18,3465.861328125,3524.1627441797605,3451.70874039317,3473.927968221058,884937
2021-02-19,3403.599609375,3482.6228320409905,3371.526680672138,3466.1999227082038,745416
2021-02-22,3377.95068359375,3442.048424000707,3357.035720853903,3390.8475914236546,846786
2021-02-23,3331.193603515625,3399.541880887837,3324.0449027676686,3366.6960656135584,511326
2021-02-24,3361.91455078125,3390.6546425852234,3296.56088958753,3378.1924108458743,409153
2021-02-25,3323.27197265625,3394.2285461530846,3315.495195786932,3359.2091111742743,876984
2021-02-26,3248.9345703125,3367.565749608913,3213.4802187244823,3303.4198925348624,1701176
2021-03-01,3344.042236328125,3366.6961416746994,3266.5647998366326,3281.393578202867,660836
2021-03-02,3397.513671875,3402.392289525095,3338.198077613799,3352.205854238137,724413
2021-03-03,3444.125244140625,3451.9020213154877,3381.718334934736,3439.1501633858697,725617
2021-03-04,3432.82275390625,3449.7770399598594,3375.4392704894685,3429.4899165100815,640664
2021-03-05,3378.192138671875,3429.489670049546,3371.526464358568,3398.575960347691,390702
2021-03-08,3388.625732421875,3428.475438328363,3382.1532212997645,3402.778557364646,372681
2021-03-09,3384.278076171875,3446.685217432389,3343.9936983186476,3446.685217432389,442271
2021-03-10,3408.33349609375,3423.548838934827,3364.0398481485627,3390.8478331542697,421799
2021-03-12,3392.827880859375,3443.835547402901,3384.616426983048,3412.583625661845,600323
2021-03-15,3295.208251953125,3406.3043964780763,3256.566114727055,3406.3043964780763,834264
2021-03-16,3263.570068359375,3319.359655112207,3246.953996185387,3313.46663472443,793917
2021-03-17,3263.618408203125,3277.1915063083475,3231.5454809231574,3274.921186366022,547364
2021-03-18,3161.796142578125,3283.567223285833,3144.6005803920407,3283.567223285833,622941
2021-03-19,3255.889892578125,3290.9093290959495,3046.2563001817693,3160.92679410542,1744235
2021-03-22,3290.32958984375,3327.087969546629,3236.8103248606058,3256.9042831132297,748535
2021-03-23,3377.2744140625,3390.7508121311857,3287.5281454841183,3301.9705969749734,787152
2021-03-24,3362.97705078125,3424.6596611633945,3339.695302918088,3377.2746897671254,762599
2021-03-25,3333.07763671875,3375.4875255850598,3275.88731843624,3375.3908258968513,738392
2021-03-26,3347.326416015625,3390.798815572149,3295.980776213897,3332.883966000197,504226
2021-03-30,3462.5771484375,3477.7924905838045,3361.9144240750707,3381.187143623143,732578
2021-03-31,3499.818603515625,3517.0625166662335,3459.4375207771905,3477.792536944397,883699
2021-04-01,3493.345947265625,3515.4684767545536,3480.690552829529,3495.181354464956,247000
2021-04-05,3488.46728515625,3556.0426754061173,3440.7441042082055,3493.345902147746,880667
2021-04-06,3562.90185546875,3572.7072037336616,3462.3355960742088,3482.622718707456,490057
2021-04-07,3573.38330078125,3607.243520797017,3566.282949556546,3575.3637574905624,415385
2021-04-08,3589.033447265625,3670.9064786778627,3556.5258424088865,3572.9971012087126,752343
2021-04-09,3624.970458984375,3654.145223601673,3555.07640329049,3592.2694580531756,1247594
2021-04-12,3651.34375,3765.6762677078095,3550.43951647225,3632.360894453916,1959252
2021-04-13,3592.22119140625,3719.3055624038993,3576.3296602647365,3716.4074022254026,606699
2021-04-15,3654.966552734375,3690.227503894246,3570.098898098312,3618.353221076653,850076
2021-04-16,3692.111328125,3714.475370278501,3606.663715125103,3661.3424326022155,681099
2021-04-19,3677.862060546875,3719.160844149957,3628.496636565545,3682.595627952039,777986
2021-04-20,3651.39208984375,3718.2429398029426,3622.700350240423,3685.493822977924,594570
2021-04-22,3627.77197265625,3682.6438520741794,3615.1649288161684,3642.0212600796385,619485
2021-04-23,3651.4404296875,3699.646401208216,3612.0737526560124,3623.6663937450394,733544
2021-04-26,3655.88427734375,3712.0601881928155,3642.45599357675,3653.613957513397,568028
2021-04-27,3776.25439453125,3791.7595987873133,3657.478176053189,3688.7300979155566,804123
2021-04-28,3750.799072265625,3831.899209043114,3738.6267049316707,3810.2594710997373,911739
2021-04-29,3778.090087890625,3813.2543378135574,3725.10196379988,3750.2193525599414,653122
2021-04-30,3924.447509765625,3994.6312018364138,3776.882838403953,3777.2691654607925,2499026
2021-05-03,3935.701904296875,4006.5134361803266,3888.413633299725,3923.916098931269,1014865
2021-05-04,3850.061279296875,3963.2343486220343,3827.55218634375,3959.805047496282,492286
2021-05-05,3898.460205078125,3926.5724537863107,3840.0623233316214,3863.247605283812,671260
2021-05-06,3925.123291015625,3945.748389472909,3881.6025384303434,3912.5162470490022,423190
2021-05-07,3892.325927734375,3948.8881667766636,3882.858557050544,3930.485037813309,305011
2021-05-10,3998.78466796875,4062.2545653172488,3904.8845600887985,3914.448394450771,1238763
2021-05-11,3935.315185546875,4029.602090792798,3917.443197824147,3980.2366682013003,483699
2021-05-12,3923.577392578125,3983.182838035182,3907.685861892548,3940.434976628818,567640
2021-05-14,3884.066162109375,3968.5474873260073,3870.4930642579475,3951.158525599652,481350
2021-05-17,3905.99560546875,3928.9393748695743,3883.5348627921535,3883.5348627921535,305324
2021-05-18,3887.350830078125,3936.523093423376,3881.602859077597,3922.1771049913,404311
2021-05-19,3902.517578125,3921.2108060203527,3866.145761442092,3898.025524092664,545721
2021-05-20,3903.628662109375,3921.21078698193,3829.7739261647093,3912.17809326697,382877
2021-05-21,3941.4013671875,3970.479670306326,3904.5948723394617,3904.5948723394617,426797
2021-05-24,3958.114501953125,4023.6127391323107,3934.107978664201,3953.2356488617897,591556
2021-05-25,3958.741943359375,3997.045865591201,3946.376412906729,3977.435170630843,235870
2021-05-26,3959.466552734375,3980.1400011174737,3917.346530226057,3969.271900386267,344734
2021-05-27,3940.724853515625,3985.9361983308636,3919.5200292481572,3960.818810750495,781730
2021-05-28,3980.38134765625,4006.851115320024,3940.0969698047343,3953.0903402971603,483595
2021-05-31,4051.6279296875,4138.766134406478,3970.479444686606,4047.763716116029,3090619
2021-06-01,4076.842041015625,4083.604414804569,4013.9999844249132,4062.2545403583226,652655
2021-06-02,4071.19091796875,4111.040624409092,4058.3907092333675,4072.7848118852025,603352
2021-06-03,4088.53125,4099.930491052484,4065.152569827723,4087.3717972768764,382915
2021-06-04,4116.93310546875,4132.679586600931,4074.378171811699,4089.8836113089105,389667
2021-06-07,4086.3583984375,4153.064207316271,4076.7459769422335,4119.397146791114,429298
2021-06-08,4097.2265625,4114.518826946754,4059.163674730626,4086.3584599098253,366017
2021-06-09,4122.58544921875,4168.521107268891,4086.5999541444125,4105.72762593112,480787
2021-06-10,4224.1171875,4274.786883993736,4129.878854027847,4129.878854027847,1275478
2021-06-11,4187.35888671875,4247.737230338526,4178.181378488544,4223.585892890616,574413
2021-06-14,4239.09130859375,4260.29637378507,4164.657067434792,4187.504140721742,540274
2021-06-15,4166.63623046875,4265.463771622554,4150.35860881578,4248.702651586766,798680
2021-06-16,4154.70654296875,4183.253235670654,4137.462393375183,4172.964860071308,358040
2021-06-17,4156.30029296875,4177.650169263882,4126.014421964376,4154.706399064478,205565
2021-06-18,4054.81591796875,4215.8091012260675,4005.740591863491,4156.4449286127265,1586031
2021-06-21,4085.536865234375,4094.9558866612056,4020.7145824070276,4047.7640798379252,294121
2021-06-22,4143.16162109375,4151.8561019074705,4075.731280798538,4091.042850200305,377841
2021-06-23,4081.189453125,4163.883721852346,4077.953079762889,4154.029788091306,268303
2021-06-24,4106.0654296875,4115.0981239052535,4052.6423901746407,4091.2364146933205,389303
2021-06-25,4104.51953125,4143.403182002059,4096.308077053913,4110.219152174363,215936
2021-06-28,4167.94091796875,4201.366461741097,4106.693223467786,4106.693223467786,475081
2021-06-29,4208.27392578125,4221.170834549977,4154.030115245429,4170.0666979384705,374334
2021-06-30,4258.6044921875,4281.548258237396,4207.210267553447,4220.686899873462,636015
2021-07-01,4285.12353515625,4302.70542516202,4263.049119182219,4267.058146713114,321217
2021-07-02,4366.22314453125,4376.318591219421,4280.582605167129,4285.123244818579,660211
2021-07-05,4405.15576171875,4427.471219777116,4363.905089375719,4380.086485191103,419343
2021-07-06,4370.61865234375,4426.456345983114,4358.929312741497,4410.033439417922,262654
2021-07-07,4398.005859375,4411.047579213063,4332.7491462009075,4347.239946020978,337061
2021-07-08,4357.38427734375,4405.203925216162,4347.2407156738445,4379.120480922119,207589
2021-07-09,4443.55615234375,4467.997115449737,4357.673625019457,4361.731238109312,530967
2021-07-12,4432.9775390625,4466.9828074233665,4420.322145181883,4453.506173811632,205249
2021-07-13,4449.68994140625,4461.959007901887,4411.8690462677005,4443.8455071932185,233256
2021-07-14,4466.2578125,4503.4022789219325,4429.4992013518395,4453.022693586207,365170
2021-07-15,4450.89794921875,4494.467054915657,4441.8171409713495,4468.963337731499,289805
2021-07-16,4596.095703125,4610.006777601422,4463.166662304813,4467.99692925536,1156272
2021-07-19,4644.25341796875,4668.64626532847,4574.793803964005,4588.705349723845,493155
2021-07-20,4625.3193359375,4683.427359516077,4601.312812164825,4643.819166087826,361369
2021-07-22,4678.83837890625,4691.541887452125,4607.495237172902,4625.319112035121,384993
2021-07-23,4660.96630859375,4685.359157817439,4638.698965608496,4679.031696503111,177874
2021-07-26,4754.09375,4772.931791913913,4660.966293546222,4660.966293546222,619955
2021-07-27,4628.748046875,4776.892426280118,4510.889535118859,4762.643138998125,935854
2021-07-28,4724.5810546875,4747.138496884561,4606.384321795169,4639.568351847261,956834
2021-07-29,4679.3701171875,4766.894665410293,4660.435844485071,4742.260299251558,658995
2021-07-30,4739.55517578125,4773.222234633569,4697.193635419593,4714.292971070282,659061
2021-08-02,4761.62939453125,4793.702086407943,4727.382610661856,4727.382610661856,359231
2021-08-03,4836.884765625,4849.4915743482925,4733.661861108448,4763.223190745506,530586
2021-08-04,4795.73095703125,4873.933174413107,4786.360049653619,4846.69027777122,381205
2021-08-05,4756.412109375,4849.588150064015,4749.6016214720585,4830.267081737067,413085
2021-08-06,4749.11865234375,4790.658949750337,4718.204942645825,4781.964468897795,314260
2021-08-09,4739.16845703125,4820.413172389005,4667.004077785787,4810.946037543618,955464
2021-08-10,4786.8427734375,4802.831240439545,4728.831454692981,4763.512677864285,356348
2021-08-11,4752.11376953125,4790.6110950643615,4676.471498996358,4786.311968394482,354008
2021-08-12,4742.21142578125,4762.595247287298,4706.612262908043,4762.595247287298,200081
2021-08-13,4780.70947265625,4804.18438563709,4695.551473414658,4733.710589286901,314044
2021-08-16,4732.6474609375,4786.1667245981525,4704.680026512377,4777.665171711595,225012
2021-08-17,4761.166015625,4791.866849192041,4728.815969597408,4746.761219943573,356466
2021-08-18,4763.203125,4849.145944795146,4755.006321220627,4764.5610492133055,506142
2021-08-20,4674.20458984375,4768.0046180923855,4614.354562982878,4715.526789108165,549942
2021-08-23,4728.4765625,4742.105537365877,4644.424981241141,4703.595809114096,410817
2021-08-24,4717.3701171875,4764.85199659211,4649.129568763296,4743.36629104461,425873
2021-08-25,4710.87060546875,4728.81585538148,4673.622181458858,4717.612388810647,345800
2021-08-26,4701.36474609375,4730.950158637844,4684.195317227149,4709.415668904081,281990
2021-08-27,4763.4453125,4786.094747998469,4679.68455506113,4701.315665877004,349435
2021-08-30,4951.19091796875,4980.000505526795,4782.166082301207,4784.688211879786,866739
2021-08-31,5018.46240234375,5062.500924587748,4956.817754535335,4985.869851002304,896587
2021-09-01,5046.640625,5113.571556287176,4995.569509115275,5020.78986003508,581886
2021-09-02,5010.6533203125,5086.945265183773,4998.674031841938,5058.572368752469,414878
2021-09-03,5052.12109375,5106.6843528134805,4982.32890700711,5027.579941795875,547010
2021-09-06,5049.01806640625,5090.1948610294585,5027.774862527055,5081.853122679803,271793
2021-09-07,5053.86767578125,5077.972607151268,5024.6701732896545,5064.392417493728,285728
2021-09-08,4932.56640625,5066.3799430430545,4896.6759107698945,5066.3799430430545,670825
2021-09-09,4903.3212890625,4931.742969622946,4883.727299976143,4931.742969622946,373656
2021-09-13,4932.71337890625,4943.189336395733,4851.038043821637,4907.298832972138,351984
2021-09-14,4942.07373046875,5035.728351170444,4919.714633502801,4971.319544868234,521157
2021-09-15,5004.2021484375,5010.119325040057,4937.465414454185,4969.330450097365,336784
2021-09-16,5011.962890625,5018.898392743439,4971.416513902259,5002.359851257975,289942
2021-09-17,4969.18505859375,5042.760678632899,4907.83170360446,5022.729994221986,401270
2021-09-20,4956.8662109375,5078.602908376749,4927.329109632928,4947.068979602952,451356
2021-09-21,5024.13671875,5032.866840435439,4927.668684670131,4965.984218734004,340766
2021-09-22,4985.7724609375,5031.605600347837,4972.192271482585,5023.117981938515,199338
2021-09-23,5055.80712890625,5068.029392938368,4987.421181608697,5014.824061199561,258292
2021-09-24,4955.3623046875,5096.450958535926,4939.308770625225,5078.360301383964,350328
2021-09-27,4784.6396484375,4979.903639905982,4777.316236353258,4966.468858909377,553003
2021-09-28,4640.5927734375,4816.116901112033,4560.03334383236,4816.116901112033,1028992
2021-09-29,4662.3212890625,4766.936859675616,4609.600963860236,4645.3943650754145,877223
2021-09-30,4654.80419921875,4699.570229701976,4622.696656072927,4653.15498673245,541396
2021-10-01,4687.39599609375,4727.845748063719,4636.664480046076,4656.0647498370645,362529
2021-10-04,5064.1494140625,5156.106499779181,4743.365776299538,4743.365776299538,2888637
2021-10-05,5061.38525390625,5096.7907481826305,4992.756795822582,5093.0561013187435,575663
2021-10-06,4982.52294921875,5071.085471200345,4964.383979877531,5068.320837833639,304090
2021-10-07,4944.98291015625,5007.257486306013,4910.4020271444815,4995.569014281737,314433
2021-10-08,4919.2294921875,4977.139490172464,4871.698828570573,4969.379381826844,314249
2021-10-11,4988.82763671875,5067.302106128611,4908.7532134348485,4950.948799796753,386696
2021-10-12,5069.193359375,5130.4013047991975,4948.038770236473,5029.71409485277,505001
2021-10-13,5091.50439453125,5172.743035194142,5061.0943728208895,5141.072185233755,363526
2021-10-14,5211.05810546875,5227.4029282242045,5069.48491454119,5091.50393755195,549795
2021-10-18,5182.83056640625,5262.420460179643,5155.185180991166,5221.582796119302,544942
2021-10-19,5036.40673828125,5228.37229805911,5012.786816937842,5183.751681044135,388226
2021-10-20,4962.9765625,5133.311013613068,4936.592481685457,5026.706633587337,623004
2021-10-21,5037.91064453125,5062.500582094176,4901.1387376381135,5012.593196825275,435607
2021-10-22,4921.26611328125,5081.900434375332,4898.5678934139005,5081.900434375332,372979
2021-10-25,4846.1396484375,4917.968966270141,4728.670906408758,4900.508721419477,588823
2021-10-26,4868.40087890625,4921.848719882763,4823.00443452471,4845.217649943714,334367
2021-10-27,4994.93896484375,5070.260416187609,4850.261550278653,4857.6820586087115,624281
2021-10-28,4967.58447265625,5054.061080267161,4949.590911933831,5007.112522239039,410588
2021-10-29,4995.7158203125,5090.9713524004455,4932.810338927831,4961.037831523301,442907
2021-11-01,5071.4248046875,5126.569693626463,4996.539572521839,5020.401999512201,307144
2021-11-02,5049.30810546875,5118.615758501573,5036.11582733082,5073.170531953044,314359
2021-11-03,4986.015625,5055.080787120915,4941.297900498759,5028.55081876393,674471
2021-11-04,5051.87841796875,5068.320335594519,5015.066691293852,5018.849649065271,36424
2021-11-08,4749.86572265625,4888.86848026842,4605.430320587556,4872.5724414566375,2670018
2021-11-09,4802.82763671875,4940.521242030039,4768.053031773839,4819.027051569279,1441073
2021-11-10,4758.64404296875,4798.511695188563,4720.086003788602,4780.22684477399,454790
2021-11-11,4688.318359375,4753.066768931361,4670.6156106947965,4753.066768931361,341815
2021-11-12,4698.5517578125,4748.653339927423,4665.765487088742,4748.653339927423,356046
2021-11-15,4760.486328125,4779.256182775078,4707.280996615065,4722.025390247429,292784
2021-11-16,4707.087890625,4767.616641972203,4696.8056521728195,4767.616641972203,268910
2021-11-17,4620.9990234375,4701.122235289435,4614.354336066763,4699.715526223137,372272
2021-11-18,4642.09716796875,4665.0862060510035,4531.709336364732,4582.1017322219805,631764
2021-11-22,4538.83935546875,4693.216935852528,4526.520466080853,4656.065601860147,456467
2021-11-23,4620.46484375,4680.314862640973,4496.012308464437,4538.83830724653,507851
2021-11-24,4542.28173828125,4645.296872656444,4514.927172146062,4645.296872656444,322715
2021-11-25,4655.87060546875,4671.53670239728,4515.994943023759,4536.753137185287,311013
2021-11-26,4789.73291015625,4925.438190164597,4614.112139329159,4626.964819383,1570555
2021-11-29,4773.77587890625,4840.3672088045105,4665.861880513564,4816.650190039081,551230
2021-11-30,4732.50146484375,4801.275797860741,4695.010539456296,4782.166343300924,864073
2021-12-01,4609.6982421875,4828.532904035272,4583.313686115374,4734.005374734898,603122
2021-12-02,4634.0458984375,4680.218641687303,4611.54186653487,4632.785070181553,289153
2021-12-03,4614.4033203125,4653.495155235339,4572.256510709194,4653.446370368349,300986
2021-12-06,4507.45849609375,4631.814414973511,4496.012526366957,4631.814414973511,406673
2021-12-07,4486.1181640625,4526.762107887616,4462.304522524729,4512.599816316335,404320
2021-12-08,4466.86376953125,4511.532700882987,4447.511811126316,4510.562687401825,637075
2021-12-09,4439.70361328125,4500.862776860188,4380.435691901177,4500.862776860188,710302
2021-12-10,4371.3173828125,4430.779018951785,4355.3604718063625,4413.561279892862,784691
2021-12-13,4394.54931640625,4453.13804042119,4355.360863498206,4404.831554820791,531695
2021-12-14,4514.8310546875,4522.2032525297645,4366.031068133091,4384.461325919034,883708
2021-12-15,4451.1005859375,4514.296862912028,4399.010677979556,4514.296862912028,1210492
2021-12-16,4463.46875,4498.340450680168,4434.901663347047,4479.522283756925,835422
2021-12-17,4376.16748046875,4486.312321079718,4367.146070969214,4469.822092007641,424694
2021-12-20,4276.25634765625,4363.120870053141,4225.378948410734,4355.360761791597,404674
2021-12-21,4273.5888671875,4314.862754095868,4230.229072244609,4314.862754095868,825709
2021-12-22,4426.6572265625,4446.5425060945545,4253.509792588268,4297.160406195218,843170
2021-12-23,4344.2060546875,4432.9623020926365,4336.979263667032,4423.213854538352,703933
2021-12-24,4313.892578125,4379.610993363174,4306.859980184384,4379.610993363174,295431
2021-12-27,4339.06494140625,4356.330993697928,4298.954785090873,4316.560436863901,242523
2021-12-28,4389.65087890625,4399.593517716028,4341.974808024323,4360.744191158558,403732
2021-12-29,4483.0146484375,4487.088421101168,4381.7936413243815,4393.967121733823,701459
2021-12-30,4489.125,4517.740395815483,4471.761854555089,4502.996476053497,434083
2021-12-31,4537.91748046875,4549.363450654288,4491.162638918839,4509.592895968397,293933
2022-01-03,4511.775390625,4567.551168095774,4502.802765553614,4548.393401051465,203444
2022-01-04,4483.111328125,4539.61461129515,4470.791967917989,4512.59964212455,259508
2022-01-05,4421.75830078125,4491.3567705434725,4405.801388989757,4481.365347146572,510511
2022-01-06,4354.5361328125,4420.351645389779,4335.960468486353,4399.011347782017,447726
2022-01-07,4381.26025390625,4413.367322496946,4336.445439840125,4365.060838671415,269479
2022-01-10,4331.88623046875,4398.57466062008,4328.394560674179,4384.461153222002,361423
2022-01-11,4381.1142578125,4403.715856411203,4301.282336694885,4340.810386583889,476123
2022-01-12,4358.17333984375,4401.921041217485,4333.098397404223,4395.179258276396,496883
2022-01-13,4452.41015625,4480.637643067297,4332.080174273027,4358.270538067334,646137
2022-01-14,4478.16455078125,4496.982718507864,4422.291676807022,4452.362096193076,399974
2022-01-17,4491.501953125,4528.022865441655,4424.231424438601,4476.612151673787,315394
2022-01-18,4391.39697265625,4501.202701585626,4376.74967257455,4496.0130340999285,340707
2022-01-19,4347.115234375,4413.561155061085,4331.110012603899,4413.561155061085,365211
2022-01-20,4199.91650390625,4361.181269487269,4182.6987620171485,4361.181269487269,805433
2022-01-21,4054.07421875,4198.509130309353,4013.7215635013104,4198.509130309353,1172704
2022-01-24,3934.95703125,4064.356743092161,3675.332764506951,4063.386729549657,1397434
2022-01-25,3927.778564453125,3974.0969452801005,3813.0744696078796,3880.053948253546,561610
2022-01-27,3821.707763671875,3923.3166772908917,3802.4529010648776,3908.1358239996666,864770
2022-01-28,3822.5322265625,3947.9550219201196,3812.298536574171,3822.823277982111,492149
2022-01-31,3915.071533203125,3985.737110523835,3876.0284903155284,3899.4542213202067,454611
2022-02-01,3985.1552734375,4000.3358908073674,3911.6767468301628,3933.4535037214637,309874
2022-02-02,4093.1171875,4108.006988786999,4001.305508558765,4015.855710408069,346003
2022-02-03,4134.6337890625,4145.837254330088,4076.966303216978,4122.556932827065,504989
2022-02-04,4175.42333984375,4243.421384652493,4105.534052789883,4141.957872257594,964227
2022-02-07,4075.512451171875,4215.534019736893,4053.0567293474396,4175.423859590464,380821
2022-02-08,4149.28076171875,4159.805502171454,4043.258483181518,4075.511429757608,436195
2022-02-09,4199.625,4226.785377113776,4150.493438916605,4151.657644534379,280094
2022-02-10,4184.396484375,4231.151332897008,4171.107107591256,4204.524268101637,559595
2022-02-11,4162.57080078125,4339.840783616734,4112.905915723957,4184.39610646551,2585446
2022-02-14,4149.62109375,4224.40923720078,4066.3453312807346,4112.32435493244,1147299
2022-02-15,4196.08447265625,4215.678936043935,4151.658041018878,4151.658041018878,371572
2022-02-16,4331.25634765625,4363.121390735784,4182.747163350398,4209.859234280414,1373620
2022-02-17,4308.99462890625,4384.606905290575,4292.310205431615,4331.741163777349,601590
2022-02-18,4222.85693359375,4308.994421828258,4195.3086432423115,4299.7792930165115,580486
2022-02-21,4130.6083984375,4214.708760396459,4123.04248240855,4214.708760396459,284980
2022-02-22,4098.11328125,4117.901937666392,4011.6854481184173,4025.5564531880786,430407
2022-02-23,4056.208251953125,4130.94759724824,4048.011449017237,4105.096834077211,379328
2022-02-24,3818.603759765625,4007.0288924889724,3799.1551774782665,3977.055568420712,723045
2022-02-25,4014.255615234375,4033.2191904253623,3862.4968079277137,3928.506276478957,450834
2022-02-28,4137.107421875,4155.925588339239,3956.3938662589367,3996.455469665885,611670
2022-03-02,4036.129150390625,4181.58286680102,4011.2967096138027,4103.157179180294,576094
2022-03-03,4035.693115234375,4100.053136189526,4019.05700372729,4074.056962172391,421554
2022-03-04,3971.914306640625,4033.1220175631092,3941.1649254696445,3977.0554256523606,429937
2022-03-07,3952.7568359375,3972.1571077607196,3854.8825593172464,3928.5550442019785,540735
2022-03-08,4039.37890625,4049.8065518625804,3944.075075418743,3947.858033517747,414138
2022-03-09,4107.08544921875,4151.269848101468,4025.556004416391,4054.6564092675935,385251
2022-03-10,4171.93017578125,4204.037711266595,4124.739122688827,4139.531825756851,414284
2022-03-11,4209.27685546875,4222.469134950908,4122.557735709019,4169.118387782909,352915
2022-03-14,4262.04541015625,4272.42474475196,4195.405762460138,4209.858869843003,492612
2022-03-15,4254.7216796875,4343.914609741098,4234.205989057639,4234.205989057639,403394
2022-03-16,4270.2421875,4323.544621990272,4238.959250241354,4289.399955278551,227588
2022-03-17,4369.28076171875,4384.364283424785,4298.469770412495,4306.8119819244075,438327
2022-03-21,4322.62255859375,4406.237909800034,4294.734671118952,4389.31098516392,356749
2022-03-22,4315.1533203125,4358.998119504359,4277.75948973891,4322.622613639232,292831
2022-03-23,4417.0048828125,4436.696441489027,4326.502810682771,4331.1103749114,574783
2022-03-24,4359.87060546875,4413.512630326468,4332.807326511132,4407.740861177944,467266
2022-03-25,4320.5859375,4384.461427134259,4287.460068126864,4367.001182512928,270912
2022-03-28,4284.1123046875,4325.241249957703,4243.32343245963,4300.069213874394,316896
2022-03-29,4424.81396484375,4441.352506641369,4277.7598139273405,4277.7598139273405,589480
2022-03-30,4402.5029296875,4486.311993056952,4370.832086777899,4440.721363073454,360504
2022-03-31,4270.0478515625,4417.0049007132975,4258.989792096858,4394.161271637702,611205
2022-04-01,4248.369140625,4309.9162249714955,4205.106435393608,4292.310571254588,348173
2022-04-04,4362.73291015625,4369.910915489326,4247.592115668612,4248.368410669662,334083
2022-04-05,4327.42431640625,4381.405471715311,4306.8598412221345,4365.0606498872985,336772
2022-04-06,4255.3525390625,4391.251538254598,4241.772348752015,4327.230641076599,532706
2022-04-07,4315.05615234375,4335.959750949078,4255.351545414976,4255.351545414976,387968
2022-04-08,4370.83251953125,4392.318223827143,4279.69956175569,4316.462978675711,241609
2022-04-11,4368.7470703125,4384.461480117375,4308.363723600706,4366.031221683253,231619
2022-04-12,4339.2587890625,4399.205914355453,4303.077470858476,4347.31018621069,378104
2022-04-13,4364.333984375,4384.8984635388015,4297.305945362987,4336.931098325415,306254
2022-04-18,4389.2138671875,4431.2157347323,4316.802456189952,4355.360491723584,439474
2022-04-19,4279.1181640625,4441.692548170927,4218.346903004655,4390.281824202143,421066
2022-04-20,4322.041015625,4352.548132896161,4251.8604367176895,4342.75090077764,390369
2022-04-21,4393.23974609375,4413.561719731585,4300.118443875238,4308.5094401221,377100
2022-04-22,4357.78515625,4393.190644998609,4310.787818030695,4393.190644998609,395984
2022-04-25,4277.8564453125,4340.761912783719,4253.509012791904,4306.859752975154,271185
2022-04-26,4384.0732421875,4392.997082474295,4282.706828365584,4282.706828365584,244626
2022-04-27,4394.7431640625,4432.9616004191985,4271.939362854737,4336.930265968103,583807
2022-04-28,4427.72412109375,4501.638872358769,4374.761284430187,4432.719596346972,799337
2022-04-29,4370.298828125,4481.122873034651,4353.4206875668615,4415.50155298671,383948
2022-05-02,4374.42138671875,4417.635773326855,4331.158688890289,4354.1965100481075,300278
2022-05-04,4213.88427734375,4462.06233935972,4200.158680310345,4365.060984156247,389110
2022-05-05,4234.884765625,4297.159822027527,4205.493545914299,4234.9335504838355,261002
2022-05-06,4040.93115234375,4181.2918326780145,3997.9109554985835,4146.808039489614,684913
2022-05-09,4104.224609375,4126.437825933872,4001.3060723970902,4006.1561403636324,262555
2022-05-10,4167.517578125,4183.2315125760215,4083.756818020383,4083.756818020383,301378
2022-05-11,4165.0439453125,4198.994419185733,4112.857406357413,4140.017785456,366780
2022-05-12,4106.45556640625,4166.741818194039,4015.904700202269,4158.545487284274,481414
2022-05-13,4152.7255859375,4224.118686237101,4126.486432178883,4185.608954373744,436997
2022-05-16,4091.6142578125,4180.515905112235,4083.757053314579,4162.328151014931,116360
2022-05-17,4174.30810546875,4184.250744833453,4076.3367322165564,4091.614446362319,338343
2022-05-18,4235.7578125,4254.430570931677,4145.740282474323,4146.807391969722,451480
2022-05-19,4073.281494140625,4206.900873955908,4064.357179136373,4152.628420974418,288480
2022-05-20,4175.71337890625,4195.307838497862,4093.456434326237,4132.2569692487605,396121
2022-05-23,3781.015380859375,4305.695568012804,3758.171753272599,4193.368198507836,2180936
2022-05-24,3551.8984375,3795.177874219671,3540.549326748064,3777.2326242073864,4971455
2022-05-25,3413.817138671875,3594.19110336169,3392.379745388532,3575.469795268319,1567485
2022-05-26,3345.28564453125,3460.8628997930577,3264.6291134925896,3443.548063394303,2436609
2022-05-27,3409.306396484375,3432.5381724140775,3348.0986868088107,3399.897312911015,900885
2022-05-30,3459.55322265625,3503.591741781891,3424.4387805598926,3467.798337584773,838443
2022-05-31,3483.609375,3519.160273466193,3424.1475027302918,3477.498242857818,1013666
2022-06-01,3448.54345703125,3528.181661430855,3429.967792925838,3518.4329782301197,502863
2022-06-02,3418.6669921875,3445.4392212761554,3399.8971372298392,3443.5477424153864,291231
2022-06-03,3373.998046875,3459.6017393273046,3367.9840104632553,3453.2481034584052,592744
2022-06-06,3394.70751953125,3419.297455535103,3365.94671509413,3365.94671509413,552885
2022-06-07,3396.259765625,3410.4220574476685,3346.643669846142,3386.365675292582,414997
2022-06-08,3390.488037109375,3414.3987737685693,3366.043745692211,3377.7807662691016,342198
2022-06-09,3402.03125,3411.537429524685,3348.4865529483122,3370.7968631214903,600724
2022-06-10,3422.25634765625,3436.564047498744,3357.895853975857,3370.7970815367603,376643
2022-06-13,3369.972412109375,3416.387654269627,3352.3667612594636,3358.186842442206,605558
2022-06-14,3419.92822265625,3442.578134073519,3352.851879522434,3369.972524176457,384679
2022-06-15,3473.7158203125,3482.251750592314,3414.8843529974897,3419.297962270181,410170
2022-06-16,3458.001220703125,3519.209170631352,3427.251838433933,3519.209170631352,521488
2022-06-17,3377.538330078125,3458.097995543002,3352.463624151768,3457.9525882514317,740538
2022-06-20,3427.59130859375,3433.7993003714696,3348.5352069989717,3376.6170509377152,247790
2022-06-21,3491.5634765625,3505.5315757678077,3433.847675241353,3433.847675241353,315204
2022-06-22,3491.6611328125,3516.299384113985,3439.1833010692785,3467.798702953792,450929
2022-06-23,3556.3603515625,3577.3124999462852,3496.89847983957,3513.0491090199685,392345
2022-06-24,3570.619873046875,3589.00158243225,3529.2003418780546,3555.9725737324616,345510
2022-06-27,3563.296142578125,3603.600251979686,3547.436563507132,3593.51220602908,272457
2022-06-28,3505.094970703125,3571.1044317795704,3475.509561177313,3571.1044317795704,560883
2022-06-29,3475.89794921875,3492.048579169529,3438.6978369877725,3482.348444227391,404647
2022-06-30,3521.537109375,3525.999266448323,3444.5181279664357,3454.218263499994,576558
2022-07-01,3528.472900390625,3540.1616112448223,3473.667133818067,3482.6883073612107,304397
2022-07-04,3530.412841796875,3569.1162874786214,3487.3440983469613,3550.1524753275035,199015
2022-07-05,3501.79736328125,3568.1947415137793,3497.1412510106165,3559.9496265748458,342952
2022-07-06,3535.50537109375,3550.928491534683,3492.0487174679843,3506.5503724168602,228612
2022-07-07,3546.75732421875,3598.7501433902216,3492.0486566589752,3558.979589244939,284603
2022-07-08,3561.210693359375,3581.2899259159262,3537.0089033312247,3574.4998312568223,220051
2022-07-11,3622.12744140625,3634.6405206084078,3524.7379456263916,3561.2105473131382,391665
2022-07-12,3576.8759765625,3627.850229693928,3569.649423869961,3598.846922852859,311547
2022-07-13,3665.487060546875,3673.3925758426635,3579.3498143974352,3590.989976395476,480781
2022-07-14,3621.83642578125,3713.1631013752913,3603.6486727962683,3670.5310557424345,377282
2022-07-15,3615.9677734375,3666.6509780950305,3591.4749329092197,3634.640533048169,214591
2022-07-18,3626.346923828125,3676.302619107289,3609.2748283099795,3652.1008296321006,194454
2022-07-19,3640.703369140625,3652.973945862717,3618.150554025053,3623.000621791843,167954
2022-07-20,3629.450927734375,3676.351175318897,3624.7950523770683,3676.351175318897,223231
2022-07-21,3680.71630859375,3686.051382963829,3629.402688016689,3629.4509992370145,237218
2022-07-22,3682.899169921875,3702.7359008617163,3647.2511697915984,3690.9017821960188,214477
2022-07-25,3661.122314453125,3703.5118606752226,3649.191100015764,3682.8990720321244,111963
2022-07-26,3576.439697265625,3680.085732230236,3569.8921062820223,3661.1219213508252,247798
2022-07-27,3672.907470703125,3693.762760390944,3557.08795665307,3575.4696646186267,509519
2022-07-28,3734.21240234375,3744.155040790098,3661.8980848555857,3680.231245409263,339914
2022-07-29,3716.752197265625,3767.823551021734,3705.451634521733,3749.102242781806,406169
2022-08-01,3681.39501953125,3741.535853781751,3668.833392644479,3720.0016024301876,364990
2022-08-02,3710.204833984375,3724.8521337172456,3673.4414141633356,3681.3954781266,293036
2022-08-03,3706.276123046875,3748.0835622054447,3666.650977412304,3722.135701452593,253640
2022-08-04,3771.557861328125,3786.9326698925306,3697.448925323477,3724.8518064516693,470197
2022-08-05,3794.88671875,3831.262224534283,3783.0526015654527,3803.3743367663324,374417
2022-08-08,3819.525390625,3830.5834501975087,3758.802448598467,3792.7529223277434,257202
2022-08-10,3830.38916015625,3854.73635566854,3793.7711524050574,3823.7930213298455,342277
2022-08-11,3858.9794921875,3865.8215676706436,3816.9495999339006,3851.1110576553533,275719
2022-08-12,3642.134521484375,3868.900454621869,3616.5256577962414,3860.934419234111,2107936
2022-08-16,3647.8037109375,3704.4951941192726,3621.461767771811,3704.4951941192726,916641
2022-08-17,3663.833740234375,3692.277322139929,3655.6233447527025,3667.352617516615,671368
2022-08-18,3659.141845703125,3673.216876119179,3631.1869863711413,3670.284558229781,420941
2022-08-19,3612.811279296875,3672.923799347722,3590.134734093656,3659.3374878299414,596806
2022-08-22,3499.8681640625,3590.62350448394,3477.7781776105885,3570.5859975173084,1050176
2022-08-23,3452.609130859375,3507.0035362913845,3449.38353321513,3481.639032392262,987698
2022-08-24,3417.763427734375,3469.9099158667354,3368.256216923034,3469.9099158667354,1864680
2022-08-25,3456.0791015625,3481.639045706637,3423.18812349014,3430.8121983240585,1167223
2022-08-26,3506.563720703125,3520.4433119547075,3460.1353508819684,3474.796941351807,580356
2022-08-29,3501.62744140625,3532.4656996541094,3432.3270891267475,3445.473600243701,423183
2022-08-30,3545.0263671875,3549.669204578277,3500.25959261937,3504.120430723059,502761
2022-09-01,3518.0,3542.1916262450636,3496.594171624106,3496.594171624106,313035
2022-09-02,3516.97314453125,3537.352849520784,3491.6575619509863,3525.623577845114,318073
2022-09-05,3511.6953125,3519.661347948578,3472.891017061477,3509.0073542203045,278299
2022-09-06,3504.60888671875,3531.097589292182,3495.3232126359644,3513.7480403480295,211744
2022-09-07,3509.935791015625,3520.6876238805116,3481.6878892145764,3496.3005597907772,236704
2022-09-08,3487.89453125,3528.4582648583896,3484.7667730115472,3526.601225519743,326405
2022-09-09,3521.714111328125,3538.135140756104,3490.436050944417,3490.436050944417,292875
2022-09-12,3595.02197265625,3604.79636627413,3521.7140205221503,3528.946976346319,469042
2022-09-13,3584.85693359375,3624.2964712460193,3567.653904246233,3596.97708702086,356054
2022-09-14,3585.785400390625,3605.627468168427,3523.962357620047,3523.962357620047,292682
2022-09-15,3524.10888671875,3597.319241991142,3509.007495502245,3587.3004879998057,388216
2022-09-16,3493.0751953125,3538.232848632054,3479.782162426587,3538.232848632054,567321
2022-09-19,3537.890869140625,3550.402141332659,3479.7332241642775,3493.368456226316,386152
2022-09-20,3549.6201171875,3570.439624230171,3534.2254465664123,3555.582354375432,318797
2022-09-21,3493.0751953125,3561.7892340247477,3487.503838364517,3551.721560307419,370336
2022-09-22,3499.330810546875,3514.725480741207,3464.0451535690245,3489.45857738189,347349
2022-09-23,3560.4208984375,3616.5258252463627,3490.582661527621,3499.3309351732037,761456
2022-09-26,3587.20263671875,3635.879167090677,3509.0074838747446,3552.7968171939215,809605
2022-09-27,3597.172119140625,3628.254737082462,3551.1348705862188,3589.157164484591,402344
2022-09-28,3619.80029296875,3640.9617604995265,3562.522248746483,3567.65380559014,454801
2022-09-29,3610.31884765625,3666.3750911978764,3582.2663853541553,3637.931509966658,795614
2022-09-30,3621.6083984375,3655.525497715688,3575.473306722453,3655.525497715688,433624
2022-10-03,3642.770263671875,3711.337544770195,3616.5259193178094,3616.5259193178094,549563
2022-10-04,3694.818603515625,3709.3823544608413,3653.472871047673,3683.9689312155233,287021
2022-10-06,3648.78125,3720.720884697641,3629.2813818579284,3713.2922498660596,354601
2022-10-07,3651.46923828125,3665.299910337166,3610.710063030783,3638.7136063856556,222557
2022-10-10,3603.427978515625,3655.232263711284,3567.751442484652,3599.7136612845,290753
2022-10-11,3423.18798828125,3621.4616526636055,3411.2632761313325,3621.4616526636055,1492286
2022-10-12,3448.210693359375,3460.3308462213645,3393.6695282151004,3430.812224664459,445779
2022-10-13,3444.35009765625,3463.947567701673,3421.526791070059,3440.5868603246986,299017
2022-10-14,3492.195556640625,3506.5149484820026,3461.161855507614,3465.8536123818153,320044
2022-10-17,3497.815673828125,3521.518578337763,3469.909732338701,3469.909732338701,211512
2022-10-18,3491.657958984375,3516.8270239837025,3482.616644372966,3507.0526298092063,300258
2022-10-19,3526.650146484375,3530.510984247261,3481.687935721536,3504.1201214082034,230936
2022-10-20,3569.510986328125,3573.07878345458,3484.082874944295,3501.188065100425,329906
2022-10-21,3490.8271484375,3586.225333996333,3482.6167525290093,3584.270455100723,397013
2022-10-24,3530.950927734375,3548.0071976099657,3504.1202638174527,3548.0071976099657,47320
2022-10-25,3515.99609375,3537.2554010113504,3486.8685901095496,3534.811802475563,211326
2022-10-27,3539.35693359375,3552.014725905875,3516.2892686493865,3552.014725905875,391000
2022-10-28,3467.46630859375,3557.0974548060594,3460.1355130153274,3557.0974548060594,375361
2022-10-31,3527.480712890625,3538.3303849383856,3486.9659002702774,3486.9659002702774,356104
2022-11-01,3749.897216796875,3763.288088416085,3533.4922361078065,3544.195149464185,1860907
2022-11-02,3696.13818359375,3815.874510488654,3687.390148661431,3749.897350771054,740136
2022-11-03,3696.13818359375,3709.3825352339645,3650.736171040542,3699.6081412017274,432168
2022-11-04,3661.781494140625,3707.623309329205,3627.0823933351103,3696.1383956823092,386100
2022-11-07,3337.515869140625,3686.6082677550144,3328.181274813658,3664.4204403161248,2860839
2022-11-09,3224.328125,3352.617042440318,3202.0913793103446,3341.8652093596056,3218306
2022-11-10,3212.5986328125,3271.3915115021896,3187.52741011491,3224.3279044619258,1188273
2022-11-11,3197.594970703125,3249.9858149322363,3192.316893704867,3240.2114215038687,900708
2022-11-14,3201.79833984375,3213.6254525723953,3123.0655448818798,3213.6254525723953,1081953
2022-11-15,3251.5498046875,3254.873002991247,3205.023596639129,3206.001035979367,526764
2022-11-16,3215.579833984375,3256.7788047331455,3191.339291790343,3251.940527959103,830117
2022-11-17,3215.775634765625,3233.369544013583,3198.2795649110003,3224.5725893896038,276727
2022-11-18,3213.185546875,3240.0162110110705,3186.745763050709,3231.854496466828,371863
2022-11-21,3192.268310546875,3228.4335700444535,3182.49391608807,3201.6518246803985,465773
2022-11-22,3231.023681640625,3259.6624643172954,3172.279479964827,3208.249296559855,551017
2022-11-23,3225.5009765625,3247.591201608112,3220.6626994446456,3247.200082683517,321234
2022-11-24,3230.828125,3241.1890781818756,3218.8058111830837,3241.1890781818756,310442
2022-11-25,3267.23779296875,3271.4897499133403,3202.09155085632,3219.68546047641,385136
2022-11-28,3299.3955078125,3308.632262117582,3262.203892117409,3276.376762959567,498592
2022-11-29,3296.609619140625,3317.3802051461776,3287.128505255209,3301.4478961542113,233990
2022-11-30,3327.887939453125,3342.8428102782727,3270.8544925801725,3301.4970751614546,1028382
2022-12-01,3332.139892578125,3347.7300035542744,3312.542184538813,3332.9705729030543,266446
2022-12-02,3304.966796875,3318.4065879158966,3256.82790896488,3318.4065879158966,475542
2022-12-05,3292.8466796875,3318.4066234697048,3271.4895342424456,3318.357703775229,379966
2022-12-06,3280.188720703125,3292.846751583396,3273.053604133483,3284.1963176151844,254786
2022-12-07,3262.937255859375,3283.072604055861,3252.918501460346,3280.2868061601325,211120
2022-12-08,3213.282958984375,3275.252757253923,3210.3995606144495,3265.624884156759,347880
2022-12-09,3200.185302734375,3233.0760409066456,3189.4334700485315,3225.549805753085,384319
2022-12-12,3263.474609375,3273.884243190403,3181.2229433840002,3201.113929974462,396759
2022-12-13,3279.8466796875,3289.0834338778027,3256.681414670226,3272.27152467634,217843
2022-12-14,3317.282958984375,3323.294116123704,3274.9597832495583,3293.9709327461424,334854
2022-12-15,3289.523193359375,3336.3426811282534,3275.39924256158,3317.282613915496,234168
2022-12-16,3251.843017578125,3303.745144742981,3237.670146395056,3265.5271690652257,367711
2022-12-19,3270.365478515625,3274.4217562830354,3228.6286282085252,3254.482089399327,163186
2022-12-20,3275.93701171875,3279.309129863463,3233.7116781009895,3271.489614799705,143983
2022-12-21,3439.36474609375,3449.8722192079263,3275.9369329188603,3279.30905098246,1455203
2022-12-22,3417.0302734375,3454.2708097083037,3388.29365077924,3454.2708097083037,594661
2022-12-23,3419.522705078125,3557.879295176135,3395.7221996759786,3411.2633901551408,1625800
2022-12-26,3351.444091796875,3468.93225396805,3342.842577788316,3450.3119866196284,654257
2022-12-27,3398.654541015625,3420.7445276769063,3351.4441715495195,3356.526808565136,362159
2022-12-28,3368.598388671875,3420.7446377458828,3360.92539389002,3391.714735145665,195450
2022-12-29,3335.21875,3413.218463648396,3310.4894848821987,3373.1434473226277,535637
2022-12-30,3336.1962890625,3370.7977888348446,3308.6325442490584,3370.7977888348446,243318
2023-01-02,3296.560791015625,3342.8426405713353,3289.0834752989895,3342.8426405713353,283161
2023-01-03,3316.451904296875,3325.2488589501827,3281.752805386607,3296.5609169332743,244677
2023-01-04,3358.0419921875,3371.1885044449577,3313.5195796081202,3313.7150197623896,365514
2023-01-05,3383.748779296875,3392.594415214194,3328.1812523616445,3358.042074613773,270647
2023-01-06,3357.406494140625,3406.5717436071104,3337.95554556536,3383.748676833869,353616
2023-01-09,3381.45166015625,3415.1733200132785,3368.256228038282,3396.601971106509,164412
2023-01-10,3422.84619140625,3440.586620716254,3374.8049026561407,3387.8048941484476,244607
2023-01-11,3334.485595703125,3421.03790235935,3329.1585986959844,3421.03790235935,239027
2023-01-12,3230.73046875,3349.1471555881008,3207.2719233518324,3347.7299161968276,929239
2023-01-13,3276.08349609375,3283.5610504707156,3232.8807235688105,3246.907074013019,273260
2023-01-16,3258.000732421875,3291.722389362689,3241.677543310388,3286.346473038791,123326
2023-01-17,3271.880615234375,3276.5234524739535,3245.147790308193,3264.6476589878894,136458
2023-01-18,3312.05322265625,3317.429139057197,3271.8803700979297,3275.985806255684,142704
2023-01-19,3305.699951171875,3312.297666923031,3276.425689750684,3298.857875578083,104419
2023-01-20,3267.726318359375,3323.2938417248074,3260.9820821924673,3305.69993315097,168535
2023-01-23,3309.31640625,3337.955427335515,3258.245199492085,3267.6776325322317,220594
2023-01-24,3280.33544921875,3322.3164224823972,3269.5346964411942,3313.5194681421967,127508
2023-01-25,3260.4443359375,3300.6171879839562,3228.726477302577,3274.4706858215877,239083
2023-01-27,3311.027099609375,3328.1812090743097,3240.2605813951945,3283.8055550730533,326612
2023-01-30,3290.45166015625,3328.229833384051,3276.816429249596,3323.244797355419,292148
2023-01-31,3240.505126953125,3304.8693729591305,3235.0802901608304,3298.858215663661,512249
2023-02-01,3281.11767578125,3341.865441453162,3225.8434277873334,3256.9747307353337,501235
2023-02-02,3193.29443359375,3293.481969389085,3181.4186406574154,3252.967155079357,334618
2023-02-03,2819.27734375,3196.226741529628,2731.9430405429084,3196.226741529628,4486682
2023-02-06,2715.32666015625,2813.168439799972,2683.0711598736166,2746.6047210363795,2195618
2023-02-07,2688.789306640625,2756.3302269479677,2678.2818329433076,2727.2024846930553,1469217
2023-02-08,2735.90185546875,2758.3340424245844,2694.8004801433663,2695.728999865558,913575
2023-02-09,2759.4580078125,2791.566988267171,2708.533557123503,2708.533557123503,742365
2023-02-10,2747.82666015625,2773.875326105816,2732.725268345422,2759.4580941850318,380182
2023-02-13,2710.635009765625,2761.6086197879454,2693.823099108753,2761.6086197879454,473865
2023-02-14,2728.66845703125,2735.2661726221263,2692.845400424221,2735.2661726221263,213194
2023-02-15,2758.871826171875,2763.0748636230633,2709.4622131939127,2727.1050433692767,214098
2023-02-16,2811.7021484375,2820.889982935788,2762.83018061117,2771.040575752931,498759
2023-02-17,2765.9580078125,2811.1156594837953,2762.2436904385277,2811.1156594837953,282100
2023-02-20,2835.16064453125,2853.145432930854,2736.830151492426,2770.5518087161718,740945
2023-02-21,2852.754638671875,2862.2357528274865,2818.1531418193044,2845.0816441698607,419138
2023-02-22,2854.66064453125,2870.3485943922146,2838.826174215552,2849.822367300434,461368
2023-02-23,2808.37890625,2868.784710399947,2801.3413901213794,2854.6607584449553,432267
2023-02-24,2849.43115234375,2904.949755285701,2814.976415172209,2814.976415172209,890366
2023-02-27,2794.010498046875,2851.1907023973185,2780.8150662736957,2851.1907023973185,216200
2023-02-28,2761.852783203125,2817.4689879811554,2752.957989470572,2802.4165171150826,340040
2023-03-01,2781.1083984375,2792.544391797431,2759.311451888046,2772.5068839108903,154311
2023-03-02,2796.6005859375,2806.521738821626,2763.563325807856,2794.499186724088,236175
2023-03-03,2786.093017578125,2823.8222718029388,2776.9051831748525,2797.4314094496403,226069
2023-03-06,2782.574462890625,2816.0028418180946,2777.8827061600227,2795.476614925287,196556
2023-03-08,2770.552001953125,2795.183427307988,2757.698769191098,2783.698514264083,225841
2023-03-09,2746.800048828125,2802.3186523458116,2740.00689298514,2774.4127108193247,291637
2023-03-10,2724.612060546875,2768.890108755116,2716.3038264609027,2736.830051849776,329958
2023-03-13,2704.574951171875,2743.819049535049,2695.875835542391,2725.1011795689146,561906
2023-03-14,2694.84912109375,2725.002980893208,2668.409339798884,2717.330225421726,379187
2023-03-15,2713.17626953125,2741.522011455141,2694.8492812183895,2695.7778008997093,262757
2023-03-16,2738.39453125,2784.4317873872205,2705.35702923665,2711.4171062609485,477596
2023-03-17,2728.522216796875,2770.503193326627,2722.1688603902194,2752.1272839931485,378313
2023-03-20,2737.025634765625,2766.104455583474,2724.270003453449,2761.8527375678523,621061
2023-03-21,2705.454345703125,2759.3113506210198,2699.687548854147,2750.75875610528,403214
2023-03-22,2727.691162109375,2731.8452795532107,2707.018414283117,2708.3867339880203,209784
2023-03-23,2739.860595703125,2753.8867085181637,2722.9019259290035,2727.691283742397,193035
2023-03-24,2743.67236328125,2764.3451108931645,2731.9430906202683,2753.6421973165516,291918
2023-03-27,2765.37109375,2795.378431165326,2744.649429261305,2746.5553880828775,435250
2023-03-28,2743.134521484375,2779.3976155719092,2712.3941027134847,2774.1193000843386,353223
2023-03-29,2756.623291015625,2775.927717927267,2729.6947895465255,2746.6045378083168,370527
2023-03-31,2759.653564453125,2776.1721944949873,2747.3866525276976,2770.4540786782945,362732
2023-04-03,2809.844970703125,2817.957765378197,2761.021920829713,2785.702265462318,226841
2023-04-05,2824.604248046875,2829.6868848804065,2802.5140235443164,2821.8673701726193,227189
2023-04-06,2855.540283203125,2868.7846347801765,2812.7283898195656,2824.604421691696,308340
2023-04-10,2844.006591796875,2880.2696907372974,2837.2134353660763,2880.2696907372974,156913
2023-04-11,2861.307373046875,2875.6267650540526,2835.7471891105893,2844.055424155783,137343
2023-04-12,3139.633056640625,3154.685527297674,2874.649151288136,2874.649151288136,4323187
2023-04-13,3112.1181640625,3158.253256522352,3072.776227780678,3137.5315887414413,1162380
2023-04-17,3091.298583984375,3121.3061640921965,3061.3401622051324,3112.1180906684326,323709
2023-04-18,3196.813232421875,3208.5911856790476,3081.91518914386,3102.3924957925196,823827
2023-04-19,3267.18896484375,3288.5947917982894,3174.7720238003717,3187.429816036327,1736594
2023-04-20,3130.83642578125,3261.7154738550557,3121.795110787795,3259.46731537339,1041887
2023-04-21,3158.74169921875,3190.1175970046625,3134.7944357559804,3134.7944357559804,676213
2023-04-24,3120.817626953125,3168.6632400521617,3112.998111394298,3166.90380132489,296889
2023-04-25,3153.659423828125,3172.719492849903,3100.4868139076193,3125.8513195716046,389268
2023-04-26,3147.354736328125,3170.5689211069425,3123.4563917244627,3130.1517081547595,279817
2023-04-27,3165.388427734375,3174.5765008401154,3129.7608110132383,3147.354719382457,200579
2023-04-28,3194.174072265625,3204.5350252044814,3143.4450636137294,3174.7231239481944,278679
2023-05-02,3180.29443359375,3210.2530934935303,3171.7907587928557,3194.3207840202117,320408
2023-05-03,3195.005126953125,3207.907279662776,3163.384866037132,3179.610455978131,205036
2023-05-04,3208.49365234375,3223.0574035065174,3181.3207901259357,3195.0049413085962,180313
2023-05-05,3216.5576171875,3242.948480921378,3190.5087140631654,3217.7304967380283,222487
2023-05-08,3212.1591796875,3236.301885379533,3201.1140666318242,3224.5726124636303,239343
2023-05-09,3306.872802734375,3318.0644357059336,3199.2079524324517,3229.361813579152,566809
2023-05-10,3347.974365234375,3358.481838973889,3273.4446096401493,3323.294019939238,494159
2023-05-11,3254.09130859375,3354.5721299084516,3149.3587689303595,3333.0684624090386,818423
2023-05-12,3240.260498046875,3278.331714566727,3118.0316545819496,3236.3018207902305,957967
2023-05-15,3202.580078125,3261.0799195496124,3191.339525432054,3231.7567386114924,341458
2023-05-16,3205.463623046875,3257.4146708298717,3198.230666871247,3203.9974639329503,301995
2023-05-17,3194.272216796875,3221.8359623731753,3181.7609437413907,3210.057768926809,173719
2023-05-18,3082.355224609375,3210.839589210382,3073.0695500782863,3209.9110694838078,766236
2023-05-19,3028.400390625,3087.095671411936,3015.889119198666,3073.069321264173,479974
2023-05-22,3191.339599609375,3197.350756388346,2982.1675707222676,3030.0131810051926,1538574
2023-05-23,3309.414306640625,3337.9554888627877,3148.3811684883135,3167.929956124406,1376245
2023-05-24,3306.823974609375,3330.135999498318,3260.639963462825,3284.1963481991042,552635
2023-05-25,3358.139404296875,3374.9026323136045,3289.083409735723,3294.996965524334,641670
2023-05-26,3434.721923828125,3440.58656000996,3347.9252606104333,3358.1394542339312,829186
2023-05-29,3399.3876953125,3455.1504218904406,3387.8538627251073,3445.473867333124,360805
2023-05-30,3379.985107421875,3398.5564541659514,3354.57168556156,3398.5564541659514,327381
2023-05-31,3365.91064453125,3424.703533027257,3342.8918973533277,3350.662493390635,1861153
2023-06-01,3445.86474609375,3481.6391233873487,3365.910394525686,3373.6809899858263,791714
2023-06-02,3432.376220703125,3474.259354937518,3416.1506315494253,3445.473812936116,477154
2023-06-05,3384.1884765625,3445.2295192616393,3377.053121228162,3438.5828836264664,633073
2023-06-06,3458.082763671875,3464.0452394750537,3363.5155015614882,3384.82372824416,503263
2023-06-07,3462.188232421875,3489.4586965299236,3446.451362455045,3474.797105368033,392590
2023-06-08,3420.74462890625,3474.406195278449,3410.334994723594,3468.932439171857,434625
2023-06-09,3351.395263671875,3420.0114602063027,3342.8426691236787,3402.5153908121993,325701
2023-06-12,3360.87646484375,3389.222207508188,3234.298062255999,3234.3469819526435,799646
2023-06-13,3409.01513671875,3415.1241325907527,3357.5041312525555,3360.8762492473707,367056
2023-06-14,3407.3046875,3428.2707140346056,3383.9439822611666,3416.150561429948,208081
2023-06-15,3500.25927734375,3509.9847512755846,3408.6732567899912,3420.988849579785,955066
2023-06-16,3498.84228515625,3551.1352947520486,3489.4587711588874,3521.763192103014,633543
2023-06-19,3503.8759765625,3542.2404739695935,3491.853423916036,3501.0414976848538,299174
2023-06-20,3485.744140625,3505.586207033471,3453.342121826518,3504.120048017564,267277
2023-06-21,3430.37255859375,3484.571526617836,3422.3086833918996,3474.846052131229,621642
2023-06-22,3463.898681640625,3479.684232353997,3422.1131476706437,3430.372462798996,496166
2023-06-23,3384.82373046875,3458.034084880631,3372.2637773287934,3447.4287719126078,455679
2023-06-26,3454.61279296875,3460.086310039585,3388.7821586110313,3390.688117578846,366126
2023-06-27,3502.45849609375,3512.9170494884006,3455.199207723948,3455.2481274183347,361257
2023-06-28,3520.297119140625,3549.766823274713,3504.1693681227766,3504.1693681227766,454010
2023-06-30,3502.751708984375,3569.5106248993807,3490.435877865924,3533.4432087609393,432628
2023-07-03,3506.612548828125,3569.6084665086264,3495.5674365694076,3505.879469323776,574958
2023-07-04,3470.0078125,3518.781944556196,3460.1844985115795,3518.781944556196,248033
2023-07-05,3663.393798828125,3689.8335812227556,3482.76295750955,3495.714029019802,1611582
2023-07-06,3652.54443359375,3663.6382273497807,3616.5256970765586,3662.172068283398,594282
2023-07-07,3585.8828125,3655.6232062869053,3578.552017300227,3633.1421010076006,489065
2023-07-10,3557.830322265625,3601.864012808169,3509.740353864568,3601.864012808169,289377
2023-07-11,3559.296630859375,3613.59343688149,3550.499676320037,3578.405618724137,257208
2023-07-12,3551.52587890625,3587.2024151880933,3515.6049827868596,3567.6536281843437,320760
2023-07-13,3539.210205078125,3591.747572487761,3528.6051308364295,3563.7440293122486,227125
2023-07-14,3594.239990234375,3606.751261850252,3545.1725817698816,3576.4506414932443,295738
2023-07-17,3580.2626953125,3620.484469942591,3567.8492626156744,3600.886762177605,232501
2023-07-18,3544.830322265625,3599.9091250762885,3486.526160506957,3587.2024135297256,385790
2023-07-19,3555.973388671875,3592.0897260824163,3543.2177570200706,3544.830436546063,328518
2023-07-20,3583.830322265625,3596.145914984681,3538.379392163467,3567.6536531801535,336955
2023-07-21,3605.08984375,3662.465489710687,3556.3643934364895,3578.405699981539,629513
2023-07-24,3602.841552734375,3626.3000978417067,3574.4468910341766,3605.0407913381873,304318
2023-07-25,3635.48779296875,3658.5554568916596,3598.0520570784647,3611.638368478408,323039
2023-07-26,3597.41650390625,3658.555381206508,3590.672268039425,3658.555381206508,293630
2023-07-27,3657.48046875,3710.2621974084263,3602.1575407802147,3610.661216004205,875566
2023-07-28,3654.69482421875,3689.8337228060923,3626.3001620160535,3683.969086425473,355259
2023-07-31,3601.179931640625,3664.371291686583,3557.8793196665038,3557.8793196665038,389638
2023-08-01,3557.390869140625,3636.6613037851525,3543.2179971520172,3621.413152951234,369042
2023-08-02,3607.338134765625,3611.6387728986847,3496.3498373333664,3548.1052085581123,681092
2023-08-03,3642.232421875,3679.863838133679,3606.9467646832777,3616.525718366565,619764
2023-08-04,3660.901123046875,3675.122912838117,3639.0065777954965,3642.232175268661,280240
2023-08-07,3822.32568359375,3831.562438173528,3675.1721345746087,3678.0066133742725,1124433
2023-08-08,3759.622802734375,3845.930749251973,3747.551569355994,3836.4985545200584,532706
2023-08-09,3653.375,3772.915879879179,3631.1871745469302,3772.915879879179,749561
2023-08-10,3660.999267578125,3690.3713692335655,3641.108280362887,3659.337668326983,600325
2023-08-11,3625.18212890625,3687.898620395338,3617.201088450982,3678.1930093332094,339619
2023-08-14,3675.82861328125,3692.4806200319244,3548.91786321018,3591.6320815607514,1295993
2023-08-16,3657.6494140625,3685.1400686179763,3599.4162221019965,3676.2720844956334,632601
2023-08-17,3601.14013671875,3659.6196548220673,3582.7638012988273,3645.7263850767836,453444
2023-08-18,3601.288330078125,3628.138615890795,3567.8856854193623,3608.037947689685,436067
2023-08-21,3611.486083984375,3629.4683828815073,3592.7647865024287,3596.509094110705,242728
2023-08-22,3599.662353515625,3627.448654098497,3585.4243612502346,3611.486331683609,244583
2023-08-23,3649.815673828125,3674.104240266515,3606.362697890783,3617.1520299827357,472425
2023-08-24,3610.5009765625,3684.893505382987,3590.5480135344887,3655.5798930331925,414907
2023-08-25,3583.158203125,3600.3521906640167,3563.008220918205,3588.2818791039226,217537
2023-08-28,3579.95556640625,3603.3078741531185,3567.983885259398,3576.7532391260406,196064
2023-08-29,3603.4560546875,3619.911043218398,3571.8761308629505,3571.8761308629505,239552
2023-08-30,3577.541748046875,3624.246366094581,3569.8561140422075,3603.4560152587687,309108
2023-08-31,3539.4091796875,3602.8151138354256,3523.052581477284,3591.5331169024475,600001
2023-09-01,3536.650390625,3547.193389531997,3477.9738518612685,3533.398748572706,586290
2023-09-04,3576.113037109375,3584.636058506838,3534.3841511445926,3537.3894603830486,336522
2023-09-05,3588.873046875,3613.506334898798,3566.9494205338206,3576.1130517905635,449961
2023-09-06,3653.56005859375,3660.4080647278984,3579.0198233480473,3588.8731388099754,407338
2023-09-07,3639.814697265625,3677.9962943200494,3606.953794286615,3653.5600240933263,556079
2023-09-08,3644.5439453125,3657.254624549387,3614.442021981765,3638.5333273592682,247373
2023-09-11,3681.44482421875,3693.9091714948345,3637.6468870682716,3645.726557272499,379770
2023-09-12,3732.23876953125,3791.555678763846,3670.6062350091,3694.007858546169,736438
2023-09-13,3695.830810546875,3769.8783777010967,3685.139867381626,3744.259758302187,319699
2023-09-14,3761.89697265625,3771.799602172116,3700.4616990279387,3700.4616990279387,483608
2023-09-15,3759.532470703125,3788.5997509772023,3749.580525978726,3769.779822440373,315409
2023-09-18,3729.775634765625,3763.966592084447,3716.178011006935,3752.3396314629736,185723
2023-09-20,3724.158935546875,3747.609632181735,3699.919685061444,3718.640983068413,201038
2023-09-21,3691.840087890625,3742.4860304318263,3678.3410945418095,3720.1683683282354,262481
2023-09-22,3650.702392578125,3687.110342098665,3630.946448592619,3666.4183813332797,190002
2023-09-25,3673.80859375,3694.993221553574,3633.9026669572218,3635.873330008717,206150
2023-09-26,3698.7373046875,3709.1816738900375,3652.6237439729857,3665.383738344089,251701
2023-09-27,3712.729248046875,3802.8870840862296,3700.757566042482,3700.757566042482,803962
2023-09-28,3611.239990234375,3744.210429621019,3597.445349071133,3722.7794692424113,347090
2023-09-29,3709.9208984375,3728.494493924091,3632.9173359138804,3632.9173359138804,296674
2023-10-03,3669.81787109375,3708.787780179631,3650.7025361444466,3704.8957688516407,210945
2023-10-04,3653.363037109375,3677.257327083052,3599.8101713981946,3645.726717633251,241798
2023-10-05,3642.967529296875,3651.1458287591086,3601.4359033017363,3611.2399034953805,344288
2023-10-06,3667.206787109375,3674.1041075384637,3642.967536234799,3645.726512518324,244389
2023-10-09,3650.948974609375,3740.811162239953,3629.8136613542056,3645.726669376485,447464
2023-10-10,3659.17626953125,3670.9018588475956,3631.143636155727,3652.5745965195665,147622
2023-10-11,3695.53515625,3711.743811535977,3664.2015660072775,3674.3012140211463,205216
2023-10-12,3700.166015625,3743.274267587877,3674.448767944513,3743.274267587877,323652
2023-10-13,3680.55810546875,3707.260444715755,3675.2864857332625,3685.9281140183207,109845
2023-10-16,3601.583740234375,3671.9365554192277,3586.360416292767,3656.6146021013883,274847
2023-10-17,3593.110107421875,3644.396421880155,3573.7975129203855,3644.396421880155,273198
2023-10-18,3587.7890625,3630.1583176236713,3580.20205795021,3606.3133430845655,192368
2023-10-19,3584.389892578125,3603.209821651403,3547.6862918638,3587.592220157227,350687
2023-10-20,3502.163818359375,3581.088727619863,3482.161540684414,3566.9000501634346,465355
2023-10-23,3449.59619140625,3571.826609421229,3439.7921913074515,3484.2798113361896,427540
2023-10-25,3392.939697265625,3468.219168017197,3371.1640155045466,3448.660241566249,522676
2023-10-26,3356.43310546875,3383.3820180576913,3330.4204502468137,3380.3767088886266,538755
2023-10-27,3361.90185546875,3386.9784947192547,3346.6292168001,3357.024512521943,283983
2023-10-30,3353.477294921875,3396.63486484495,3334.854624884669,3378.7018787795923,244149
2023-10-31,3338.64794921875,3372.7402734042334,3322.833331171475,3350.5210008659915,220543
2023-11-01,3296.968505859375,3358.7487426508096,3291.0072021866386,3350.1270920462784,292897
2023-11-02,3294.65283203125,3357.7633616376415,3281.2031535102974,3311.30507843182,406645
2023-11-03,3301.550048828125,3338.204330738671,3291.1056797702977,3318.5963310633483,352546
2023-11-06,3455.261962890625,3479.10693735445,3246.962977605884,3310.7138782811335,1821472
2023-11-07,3430.333251953125,3516.4513760184145,3351.162004168964,3385.205258226601,1291049
2023-11-08,3439.693603515625,3484.7725192001412,3430.5792872296847,3433.880243946209,480765
2023-11-09,3447.18212890625,3468.366755395169,3420.1841429999613,3458.5134407491605,296978
2023-11-10,3441.9599609375,3447.674931771389,3421.3173140449285,3439.841594428125,121439
2023-11-13,3458.513671875,3510.6376136119547,3436.0973795572913,3448.6603565705127,235202
2023-11-15,3484.9697265625,3488.0734244876317,3449.891829798678,3483.0974524227313,256472
2023-11-16,3496.20263671875,3518.027634105428,3468.3670207144364,3484.96995338681,249987
2023-11-17,3548.03125,3565.9149216202068,3497.927043866188,3497.927043866188,297110
2023-11-20,3619.0732421875,3701.8904018989656,3551.233313547191,3556.9973584186328,1601236
2023-11-21,3667.010009765625,3679.5236723969565,3600.401500451925,3627.8921546010492,388729
2023-11-22,3647.401611328125,3688.6378313457203,3630.946623182985,3655.5799109929103,317027
2023-11-23,3634.395263671875,3670.359863678388,3586.7053149555118,3651.195213978588,252188
2023-11-24,3709.575927734375,3723.5182716658956,3632.8677773699787,3634.3950892444605,829615
2023-11-28,3704.994140625,3730.8100183525175,3688.539152699664,3714.699752116245,197926
2023-11-29,3675.040283203125,3720.562551891015,3666.3693176055613,3705.8318935925877,329180
2023-11-30,3733.125244140625,3753.1275208355955,3674.842984665417,3674.842984665417,887438
2023-12-01,3737.066650390625,3763.6706003100935,3716.6703368975877,3743.2742868170562,260031
2023-12-04,3742.387939453125,3778.795892922897,3734.406657496957,3754.113288934936,318936
2023-12-05,3686.272705078125,3754.112872501835,3669.423681403347,3733.470226472276,449862
2023-12-06,3679.671142578125,3726.1296667665247,3661.8367869066997,3707.6547012895635,298255
2023-12-07,3679.57275390625,3717.557090480788,3669.374476738796,3679.6711427197965,281509
2023-12-08,3627.744384765625,3692.480618606365,3608.6781233092174,3684.154615234242,455037
2023-12-11,3616.6591796875,3639.3711183025343,3588.330899775767,3625.034497226621,247368
2023-12-12,3594.095458984375,3640.7507635539278,3577.738859026128,3616.659455261747,188686
2023-12-13,3602.3720703125,3622.0787008940783,3559.017483033028,3615.96969352568,355453
2023-12-14,3629.173095703125,3649.6187252465006,3587.592152647284,3610.156148787033,448099
2023-12-15,3642.820068359375,3665.7290269806413,3625.0841003945234,3645.726748330611,338280
2023-12-18,3658.585205078125,3718.5917977110107,3633.163604051588,3635.873265699467,457133
2023-12-19,3669.27587890625,3684.1544807892747,3635.084923946894,3658.535861773356,287231
2023-12-20,3566.89990234375,3696.9636556888813,3551.9229121916533,3696.9636556888813,346170
2023-12-21,3579.413818359375,3596.2630838282535,3513.2489020212765,3561.9734983052904,353261
2023-12-22,3640.750732421875,3707.703962578233,3590.4988237878683,3596.460127727912,898967
2023-12-26,3806.82861328125,3839.8372216790553,3639.8149081042934,3644.7908807657077,1249185
2023-12-27,3827.27392578125,3859.5435328017393,3789.0923296883047,3836.880908023991,598775
2023-12-28,3882.15673828125,3894.0300307937123,3804.7098278546737,3842.7927935464263,668311
2023-12-29,3846.6357421875,3891.074291320516,3839.1966814318603,3891.074291320516,262845
2024-01-01,3858.459716796875,3882.1569886640077,3825.2047770156123,3852.64635688112,240126
2024-01-02,3970.8857421875,3992.661663449077,3847.916329156258,3867.4259399716966,1386959
2024-01-03,3971.47705078125,4004.87969081498,3953.149789531234,3990.592384746136,452402
2024-01-04,3982.857666015625,4014.6346072058877,3914.919106528488,3990.5926145911435,485788
2024-01-05,3955.85986328125,4010.398061113508,3921.619591720375,3992.563463731397,313459
2024-01-08,3876.441650390625,3966.3040716020078,3853.089343001385,3940.340491519384,403753
2024-01-09,3926.201171875,3945.2674331415615,3863.090880033674,3891.024884481608,468363
2024-01-10,3845.404052734375,3957.978181600266,3820.6723753235833,3926.2012393164587,351976
2024-01-11,3847.91650390625,3885.063453134083,3824.761213787325,3845.4038604835832,238212
2024-01-12,3826.978271484375,3867.6231962860193,3803.872295678724,3854.5675537739758,291344
2024-01-15,3852.25244140625,3886.0984368436966,3814.957544879323,3842.7931620144277,326872
2024-01-16,3758.546875,3868.75629563556,3744.6536051132275,3852.2519935890923,483779
2024-01-17,3674.10400390625,3763.8675557658416,3662.822006777351,3754.211499885034,574671
2024-01-18,3645.923583984375,3701.4471104737145,3532.4134428044727,3674.1041612302492,651966
2024-01-19,3639.617431640625,3678.587339387188,3610.451523907712,3675.2863827392357,324763
2024-01-23,3562.318359375,3645.7265752028197,3533.2510799240586,3645.7265752028197,387616
2024-01-24,3590.104736328125,3618.0880554946466,3556.0614839297905,3596.460076570722,377660
2024-01-25,3526.40283203125,3606.3133134240716,3495.2171860774693,3590.548009321671,407761
2024-01-29,3518.224853515625,3533.398862837772,3498.025557172018,3525.5162106061207,765970
2024-01-30,3499.60205078125,3566.259875098379,3488.36936722989,3522.51100953319,1052177
2024-01-31,3616.758056640625,3626.906779082257,3507.8296064898072,3532.4135803668,840784
2024-02-01,3601.780517578125,3641.7850710214543,3582.7144981896904,3641.7850710214543,393645
2024-02-02,3645.135009765625,3689.770571826076,3611.2397046686333,3611.2397046686333,423758
2024-02-05,3645.23388671875,3687.110475497111,3610.7965988823166,3645.135257344904,518516
2024-02-06,3671.837890625,3689.4752285196114,3635.77466095244,3643.755942447672,276514
2024-02-07,3677.060302734375,3715.685251133872,3647.894392818318,3685.090658591403,226715
2024-02-08,3630.35546875,3709.773287950901,3606.7075115359703,3691.0026738003726,399402
2024-02-09,3598.726318359375,3643.263254453379,3560.4954076990625,3643.263254453379,415749
2024-02-12,3685.28759765625,3762.5870480439726,3592.223083467974,3596.4600571266164,1303179
2024-02-13,3646.169921875,3776.5786428681363,3632.917261236245,3685.2875345363886,814115
2024-02-14,3665.088134765625,3673.9561180648348,3578.773241655652,3635.873152675895,452222
2024-02-15,3654.44677734375,3690.066414331746,3642.3271519564855,3674.990794487073,288401
2024-02-16,3674.498046875,3723.4689725164235,3653.609067953282,3654.298751866089,625808
2024-02-19,3668.832763671875,3708.049008028915,3661.1964440512747,3675.28673352763,217681
2024-02-20,3658.28955078125,3684.1545028270402,3621.290304600049,3668.3891987229395,328713
2024-02-21,3595.5732421875,3684.844130989952,3583.8476531019023,3653.658485504884,386150
2024-02-22,3591.927490234375,3606.017779331166,3544.2868547364915,3606.017779331166,485941
2024-02-23,3594.587890625,3615.2305371466755,3573.6495965456093,3591.927303165004,326640
2024-02-26,3524.875732421875,3601.38662705747,3504.1837709531455,3595.4746380664046,404285
2024-02-27,3487.87646484375,3545.222709588461,3458.4149088858767,3527.486742725595,524599
2024-02-28,3466.7412109375,3501.3262025679646,3455.5576020864937,3488.073541883715,464435
2024-02-29,3437.62451171875,3477.6288254266633,3414.173574408901,3457.7251776646526,807900
2024-03-01,3431.318359375,3467.3815889191674,3423.0416709022984,3439.79230659756,347396
2024-03-04,3431.219970703125,3490.0442138294097,3426.9829970916676,3463.2432448277596,494795
2024-03-05,3433.33837890625,3445.2116718761727,3401.364419080952,3433.4863229704456,485056
2024-03-06,3492.6552734375,3507.78020848156,3399.3937413655563,3433.8803445388303,642191
2024-03-07,3548.77001953125,3566.900022871236,3484.6248427856704,3492.655198270842,624261
2024-03-11,3551.873779296875,3598.4800080761465,3533.4481280751497,3548.770081247881,408279
2024-03-12,3525.269775390625,3581.5813744120624,3512.312762384752,3547.193401273496,415249
2024-03-13,3428.756591796875,3534.3840801764595,3404.0739896820805,3525.269763828081,402498
2024-03-14,3466.297607421875,3478.220214863743,3390.5257108629294,3409.2470094698447,385179
2024-03-15,3434.2744140625,3472.997991254052,3404.369746500776,3465.5096159712666,317079
2024-03-18,3455.16357421875,3468.3669202481874,3424.027002233651,3434.2743537287856,171118
2024-03-19,3396.58544921875,3463.3909743133663,3371.8537724295484,3458.3166132147135,525027
2024-03-20,3378.01220703125,3409.2471691103397,3347.318984858063,3396.5855624463625,517131
2024-03-21,3414.46923828125,3426.391604897319,3380.9186531522873,3394.2699428671526,279116
2024-03-22,3381.11572265625,3425.357251277713,3374.760382602363,3412.2029795480244,409887
2024-03-26,3341.25927734375,3388.5551916205122,3325.4939725848294,3350.127261270643,478462
2024-03-27,3318.44873046875,3353.4770722336475,3300.860467277538,3340.2737265883147,506472
2024-03-28,3394.7626953125,3418.804687902958,3317.660504750445,3317.660504750445,1145370
2024-04-01,3515.61376953125,3537.3403790240577,3399.3939575579384,3399.3939575579384,651461
2024-04-02,3569.36328125,3582.6652562111803,3503.050424627932,3518.6187101017945,675426
2024-04-03,3630.84814453125,3671.345367595663,3558.0815536557247,3610.0577930922977,799460
2024-04-04,3679.4248046875,3700.8064499251227,3634.1488707989256,3653.6091677414533,976430
2024-04-05,3693.170166015625,3728.4943965193247,3672.034853449571,3679.474154387497,553607
2024-04-08,3740.318603515625,3757.0692400434873,3665.9753853906223,3694.99335173435,602786
2024-04-09,3749.13720703125,3765.9371579540043,3716.7198954851,3750.171853263459,275295
2024-04-10,3684.253173828125,3720.661125292999,3650.8009763567156,3707.802500875918,1015345
2024-04-12,3724.25732421875,3753.1275845192476,3673.3157351241152,3684.154381338269,573189
2024-04-15,3662.033935546875,3714.699857564109,3632.129027472411,3714.699857564109,428141
2024-04-16,3708.984619140625,3725.538235715889,3632.128765560662,3645.677073082771,318671
2024-04-18,3654.495849609375,3725.636975295668,3640.9968563726393,3724.553014438059,802591
2024-04-19,3617.841796875,3656.417671316958,3587.592166461659,3607.298797422723,746223
2024-04-22,3682.676513671875,3689.770852422443,3621.0932943797034,3635.6269341326556,439590
2024-04-23,3713.36962890625,3724.6025528490745,3675.2866609356206,3682.6766475192712,307637
2024-04-24,3757.857421875,3767.858440639863,3710.3151757467103,3724.208205927284,473558
2024-04-25,3787.417236328125,3819.9331755578287,3734.948334389285,3777.7609395965055,835354
2024-04-26,3957.436279296875,3979.7539416216796,3779.7809611492366,3793.526287507667,1155173
2024-04-29,3930.73388671875,4039.859355905716,3912.850215306025,3965.9594896391477,752787
2024-04-30,3943.69091796875,4006.358101066072,3915.313561643397,3954.1355286714575,360469
2024-05-02,3906.49462890625,3950.1941793213286,3877.7723104811894,3943.6908948751648,868450
2024-05-03,3892.995361328125,3932.4579351991533,3842.7927705529187,3906.937946100541,348122
2024-05-06,3904.86865234375,3930.4872708047487,3843.925804127174,3892.995359906668,271254
2024-05-07,3854.025390625,3911.322559570843,3816.4350915112286,3911.322559570843,291924
2024-05-08,3869.74169921875,3893.438728957154,3816.3365403479506,3845.7487813638654,308127
2024-05-09,3734.35693359375,3891.1232657281225,3700.116665222328,3876.293979084151,626179
2024-05-10,3737.855224609375,3775.1501198977335,3712.7292701537167,3739.086889043476,276308
2024-05-13,3854.124267578125,3875.5059136005675,3669.3746062791606,3720.7104750558815,608329
2024-05-14,3839.048828125,3896.986372752146,3808.4542346593885,3852.6464519496567,262796
2024-05-15,3835.4521484375,3892.010079871347,3810.8188611301716,3839.3441597201686,188401
2024-05-16,3873.486083984375,3887.1330223779796,3773.8198924480766,3838.851775712195,362920
2024-05-17,3853.385009765625,3896.690279349627,3838.457334360442,3877.2792976865653,267526
2024-05-21,3957.63330078125,3979.6553155615284,3793.526290666626,3805.0546211523465,472233
2024-05-22,3999.01708984375,4012.023417149403,3928.220927426768,3991.577789125617,398441
2024-05-23,4052.66845703125,4067.004837899958,3968.3239844588506,4000.4458875630626,693482
2024-05-24,4061.93017578125,4113.758705031284,4045.3272450233994,4052.6681565972867,612183
2024-05-27,4192.83203125,4295.060178419306,4153.763731953176,4235.693953195685,2534740
2024-05-28,4327.6748046875,4337.035454429174,4176.278707984108,4180.515441209087,2151413
2024-05-29,4382.75439453125,4401.968358266268,4291.66030735024,4296.045224855272,1220726
2024-05-30,4348.07080078125,4399.50529930354,4325.605434253648,4378.862411218704,768574
2024-05-31,4244.02001953125,4390.489450447141,4227.219828823375,4362.506132134987,970571
2024-06-03,4258.50390625,4370.437655422946,4229.978849385422,4335.458388876329,515368
2024-06-04,4260.72119140625,4357.727271893584,4119.178414934113,4259.982192767044,847809
2024-06-05,4436.65234375,4458.625043783407,4243.576443605345,4270.77168926745,1077221
2024-06-06,4383.64111328125,4433.991647996723,4302.548525144331,4433.991647996723,790310
2024-06-07,4457.68896484375,4473.799231760101,4373.689450988005,4385.513429477963,432970
2024-06-10,4469.7099609375,4512.42417715172,4448.820740951366,4457.688724340385,462274
2024-06-11,4409.8017578125,4517.744623936881,4396.844264563042,4493.111338092078,264078
2024-06-12,4387.041015625,4448.771940906822,4368.861456109939,4437.933293874713,296209
2024-06-13,4526.1201171875,4549.275406782342,4430.887926630789,4435.272363010397,1275865
2024-06-14,4521.29248046875,4560.065373475876,4492.225199525711,4527.598506212268,281968
2024-06-18,4497.5458984375,4516.661234447188,4454.683975645949,4454.683975645949,241254
2024-06-19,4413.990234375,4514.099541704724,4400.490998782921,4498.038828805203,223028
2024-06-20,4437.982421875,4455.91564872065,4374.576720862645,4420.197379658541,412934
2024-06-21,4455.81689453125,4508.828019663711,4423.892249094437,4433.991897304965,583517
2024-06-24,4453.2548828125,4488.628669307748,4422.660531536279,4446.407117413625,188506
2024-06-25,4472.71533203125,4530.012746809508,4422.217089872869,4448.771967709089,353120
2024-06-26,4478.6767578125,4501.88112285345,4446.30852088818,4479.760718717274,203886
2024-06-27,4456.0146484375,4489.2200361090845,4434.091019398006,4478.677276208662,531345
2024-06-28,4529.02734375,4580.26458376517,4456.0141805046005,4456.0141805046005,391476
2024-07-01,4534.59423828125,4547.502177285707,4473.602314037557,4529.02721147367,507284
2024-07-02,4504.3935546875,4553.068831068624,4498.284307378612,4540.111818997773,258530
2024-07-03,4492.27392578125,4527.647229728553,4438.918322304081,4509.813114815959,573402
2024-07-04,4477.3955078125,4510.256410278218,4455.373733202159,4492.2741100108915,242990
2024-07-05,4561.78955078125,4601.498218765431,4483.258435842122,4483.258435842122,1285879
2024-07-08,4398.716796875,4581.446223335411,4379.798240822551,4561.493261720865,890261
2024-07-09,4485.18017578125,4515.675898815687,4392.608083503014,4425.518061300988,769145
2024-07-10,4568.93310546875,4583.614448640266,4470.251770544179,4504.935631898745,550188
2024-07-11,4515.28173828125,4591.644931891025,4498.087510627355,4588.393530288109,559139
2024-07-12,4472.71533203125,4527.20445565594,4419.507428098517,4522.671834282331,661038
2024-07-15,4508.28564453125,4536.811183876316,4469.562309066129,4475.375668686747,616728
2024-07-16,4503.75341796875,4531.49088699211,4484.933969583304,4508.286039485247,266585
2024-07-18,4517.5478515625,4535.579707413527,4449.51090118183,4483.258506422483,432503
2024-07-19,4453.5009765625,4519.961776525812,4430.493871680095,4512.818123382902,279117
2024-07-22,4468.28076171875,4510.206902599596,4376.201828557386,4433.991420514317,308095
2024-07-23,4460.595703125,4474.439418260588,4330.827352051075,4454.683714121521,499837
2024-07-24,4484.8349609375,4512.1283548728425,4435.42068233366,4440.10100696838,392515
2024-07-25,4480.30224609375,4515.478772428603,4409.653786427167,4463.551610909322,232749
2024-07-26,4720.3291015625,4739.444436120581,4496.905187655984,4503.901137413329,1262221
2024-07-29,4851.625,4878.376656193026,4701.706896215755,4733.532913825752,886247
2024-07-30,4840.29296875,4872.463943864382,4817.433087020826,4851.624280247359,515488
2024-07-31,4850.984375,4871.232745469127,4729.788596958492,4832.410779458474,1167323
2024-08-01,4845.76220703125,4934.54068092097,4828.124867514528,4857.684815682984,622863
2024-08-02,4948.22119140625,4966.809550502442,4797.382950274723,4819.788215919703,960970
2024-08-05,4785.33740234375,4945.89095251459,4736.809203169784,4891.018024098,1449786
2024-08-06,4785.931640625,4916.248607692139,4773.5394027552375,4788.3607128761905,403211
2024-08-07,4903.8564453125,4914.3651600021885,4799.265956081636,4799.265956081636,590493
2024-08-08,4792.822265625,4981.531374387182,4781.421405959121,4877.684413517553,722958
2024-08-09,4788.3115234375,4862.515859424844,4774.530967133925,4862.515859424844,222355
2024-08-12,4848.8349609375,4862.714267715894,4736.362813451007,4787.320084166268,431270
2024-08-13,4819.88671875,4877.5358007202885,4761.64319657668,4857.757594030149,203334
2024-08-14,4621.80908203125,4806.205583373552,4602.030876565011,4806.205583373552,729449
2024-08-16,4593.95166015625,4669.197239414751,4583.442944549096,4624.783647956998,522991
2024-08-19,4629.64111328125,4649.5185544689875,4575.7595629521,4624.783452557022,232374
2024-08-20,4682.43212890625,4688.08318344065,4623.097992582367,4634.4988523043285,255795
2024-08-21,4858.55029296875,4920.561343478898,4694.130463485623,4695.171217867619,1371112
2024-08-22,4869.109375,4887.449889482559,4827.025135977492,4885.020816908829,480842
2024-08-23,4814.08740234375,4907.326410514806,4787.320167377306,4884.524691839687,420463
2024-08-26,4883.78125,4891.4644379599085,4818.102385181426,4818.102385181426,288510
2024-08-27,4860.236328125,4952.434589933388,4832.973401246175,4865.688913500765,400046
2024-08-28,4987.3310546875,5052.067916583275,4817.061693487897,4840.012022942939,963990
2024-08-29,4969.3369140625,5033.578567599896,4947.030885210309,5006.365018771499,430810
2024-08-30,5049.98583984375,5088.253169457149,4976.227332506606,4976.227332506606,853203
2024-09-02,4993.42822265625,5088.699856819044,4979.746899794736,5080.619729401417,196235
2024-09-03,5022.32666015625,5054.497106473906,4993.130351221236,4993.4280554026045,288902
2024-09-04,5052.6630859375,5065.9474697679225,4972.014295059407,5016.874201714397,313543
2024-09-05,5076.7529296875,5119.927778177833,5043.293886424707,5056.03320415542,491284
2024-09-06,5093.50732421875,5125.429924728769,5018.708061891866,5082.800623614004,432124
2024-09-09,5128.89990234375,5149.520394511623,5038.387181874876,5060.990432292422,354291
2024-09-10,5379.66943359375,5400.3891604422315,5153.188679401477,5156.113441441954,1628691
2024-09-11,5392.408203125,5422.744500726354,5333.668990816861,5358.404093257207,595689
2024-09-12,5435.533203125,5465.473045944286,5349.680159259888,5403.016161871278,763771
2024-09-13,5451.24658203125,5484.0613269992145,5356.4706434197815,5417.936147514137,401361
2024-09-16,5432.11328125,5472.412745687845,5424.529327791811,5447.628267672954,238494
2024-09-17,5405.197265625,5512.067737848808,5389.136730745705,5431.8154069217235,529121
2024-09-18,5422.00048828125,5435.433964489578,5345.565068773079,5404.949059524147,213575
2024-09-19,5382.3955078125,5465.472881289166,5372.28324754326,5422.00081171142,341889
2024-09-20,5403.75927734375,5457.541590015565,5380.5611047291595,5409.261237361641,630993
2024-09-23,5326.53125,5534.820093994037,5318.253137769404,5442.671213785819,588823
2024-09-24,5329.45556640625,5372.977496106795,5271.806968617759,5328.662656755835,515534
2024-09-25,5347.7958984375,5401.528837406673,5308.339205266409,5329.455385729044,693122
2024-09-26,5332.92578125,5371.8872731157435,5246.626418038041,5363.361315430262,554676
2024-09-27,5410.84814453125,5475.68424386998,5269.824461002528,5325.391552582964,6886792
2024-09-30,5396.42333984375,5464.630026007878,5332.181685874838,5425.768257034107,820627
2024-10-01,5377.04150390625,5416.944510714352,5316.518006463303,5393.647103012727,686142
2024-10-03,5383.48583984375,5446.339663287462,5196.512125133941,5353.447246146882,602874
2024-10-04,5378.7763671875,5474.593538845209,5338.823985427384,5361.377858630759,524300
2024-10-07,5357.759765625,5473.404041467246,5330.3482301722825,5401.033366765723,383652
2024-10-08,5499.22900390625,5518.51152019153,5352.108448677779,5355.132445244384,396786
2024-10-09,5938.11328125,5977.966916826444,5593.410556148222,5607.141254230644,3022787
2024-10-10,5890.92333984375,5970.085059373322,5869.261609261979,5908.619553946363,640572
2024-10-11,6089.29833984375,6106.74670899826,5907.528883167713,5923.49018365687,1089288
2024-10-14,6161.2724609375,6181.248652872998,6065.306674167525,6087.067638915831,647056
2024-10-15,6054.05517578125,6221.746860163124,5968.4494903987725,6096.981698828819,1370567
2024-10-16,6070.85888671875,6089.7943254591755,6004.783562623617,6049.098404634276,476603
2024-10-17,6025.00732421875,6117.751130678181,5993.481662055721,6070.858608192618,290563
2024-10-18,5970.3330078125,6039.382467890346,5952.88463818689,6025.057329803768,334347
2024-10-21,5873.92138671875,6055.740223629988,5858.406400039085,5977.966820775528,566368
2024-10-22,5767.7939453125,5912.584662130485,5754.955392969059,5868.963983871978,569761
2024-10-23,5678.22314453125,5807.895339798627,5667.962273824874,5754.360867318581,327730
2024-10-24,5687.19482421875,5721.5460132617745,5643.177688938797,5711.335002147905,560790
2024-10-25,5730.9150390625,5784.647982787194,5692.499096881352,5692.499096881352,1007972
2024-10-28,5764.2744140625,5799.5676060521555,5658.593307537853,5715.201149703597,391605
2024-10-29,5753.31982421875,5794.709900402184,5696.464137724868,5749.99860751901,274283
2024-10-30,5835.85205078125,5882.793945920676,5747.024390504885,5793.3713613960535,500928
2024-10-31,5838.8759765625,5888.792012404573,5808.14322363581,5886.313564587905,423706
2024-11-01,5852.65576171875,5881.405754977904,5821.130100670197,5877.093643246483,34122
2024-11-04,5850.87158203125,5890.0804316641525,5791.33946092266,5853.350029772188,357941
2024-11-05,5761.15185546875,5850.871664962391,5629.397668507371,5849.136751519144,397496
2024-11-06,5902.81982421875,5953.925707723705,5759.9126224905995,5759.9126224905995,619492
2024-11-07,5908.56982421875,5997.843314972384,5830.845318631745,5948.274361956084,789818
2024-11-08,5898.55712890625,6009.740199927896,5829.309200853849,5928.447112432996,447048
2024-11-11,5849.08740234375,6101.938451959919,5732.352511569049,6101.938451959919,1339441
2024-11-12,5760.60693359375,5898.557243419912,5732.203534117438,5864.0075837494705,433122
2024-11-13,5720.35693359375,5781.4259860840375,5661.320014733417,5759.5164100417815,250370
2024-11-14,5700.52880859375,5775.725006830428,5673.810949397046,5720.3563897202675,220287
2024-11-18,5716.9365234375,5763.927798702229,5641.443097386398,5650.861199385374,390727
2024-11-19,5849.9794921875,5909.561473249377,5720.108829351827,5720.108829351827,427565
2024-11-21,5925.572265625,5952.735956839177,5829.4084904874535,5829.4084904874535,448388
2024-11-22,5946.63916015625,6004.734074564097,5928.447256126176,5928.447256126176,309695
2024-11-25,6085.53125,6131.679753627755,5969.0442053676215,5977.96661729691,839267
2024-11-26,6020.1494140625,6105.953079106004,5954.321940503252,6096.138523108639,218533
2024-11-27,5947.48193359375,6053.212422118638,5937.320297403151,6020.1498309670515,149153
2024-11-28,5900.48974609375,5970.877659955153,5851.218496833855,5970.877659955153,318089
2024-11-29,6119.48583984375,6154.778547829101,5948.274479124231,5972.116952365994,1027507
2024-12-02,6201.42333984375,6227.843496001118,6116.362722759952,6131.679723458598,665882
2024-12-03,6157.00927734375,6231.263959208909,6140.800616312347,6225.860749483891,742965
2024-12-04,6202.56298828125,6214.211692047302,6124.789108657059,6171.334548397791,556873
2024-12-05,6043.64501953125,6131.53067348233,5815.528608547381,6131.53067348233,1426021
2024-12-06,6077.8974609375,6139.561435028706,6052.468683654399,6087.067717678302,704328
2024-12-09,5908.2724609375,5989.466313848348,5886.462120351972,5948.225329816818,1123022
2024-12-10,5881.45556640625,5980.791458758751,5820.386518891207,5937.8155633396655,393478
2024-12-11,5876.845703125,5919.028688576577,5853.101980965767,5904.653692180235,355231
2024-12-12,5900.39111328125,6002.800379470743,5877.143080032606,5898.7055752024635,359123
2024-12-13,5826.03759765625,5898.011331169368,5793.8177777520705,5898.011331169368,445372
2024-12-16,5805.96240234375,5859.001184911048,5769.8264400313155,5832.779013732688,308602
2024-12-17,5796.990234375,5883.835143073657,5769.38022875952,5817.412741290012,393644
2024-12-18,5799.31982421875,5853.89504942386,5789.108813233699,5797.584910813496,280887
2024-12-19,5770.5703125,5818.404357524804,5730.171611261436,5796.941095276233,451008
2024-12-20,5796.345703125,5905.893092733811,5740.084939683371,5740.084939683371,497158
2024-12-23,5799.0224609375,5883.834746254364,5786.67959795901,5796.345543835333,464380
2024-12-24,5732.5009765625,5881.901514948178,5689.970910425608,5809.481466068999,252658
2024-12-26,5836.0009765625,5870.947090194611,5667.2186830627315,5742.067805877607,183602
2024-12-27,5830.35009765625,5883.785820559617,5819.544161844641,5849.136925987949,186225
2024-12-30,5992.88671875,6085.927745019236,5829.309165632754,5830.349920069313,1928937
2024-12-31,6046.22265625,6082.358618042645,5924.134417004391,5977.421043583552,610044
2025-01-01,6020.6455078125,6082.210249124672,6008.451738038292,6037.498953166166,116675
2025-01-02,6091.77685546875,6101.690646681523,5958.188518876633,6020.645403517103,180792
2025-01-03,5996.15771484375,6195.028449099967,5978.164281899538,6105.903569314013,427384
2025-01-06,5840.8583984375,6015.886663613763,5790.645145377972,6015.886663613763,334922
2025-01-07,5857.0185546875,5885.768549604638,5824.352418558084,5859.050688285663,303309
2025-01-08,5817.80908203125,5914.419170090919,5772.007657515814,5878.878132123663,213589
2025-01-09,5774.3369140625,5854.638620756234,5761.64745527543,5811.167034698628,98271
2025-01-10,5721.595703125,5789.653779593011,5665.92986505509,5749.9986167190855,384413
2025-01-13,5683.0810546875,5836.7448250279385,5605.604869875386,5773.792248146533,770897
2025-01-14,5938.658203125,5954.669363316644,5699.785692423285,5711.434397189632,439344
2025-01-15,5826.1865234375,5948.671221036086,5718.770498136848,5948.621845708437,483267
2025-01-16,5865.04833984375,5901.481523066528,5706.081082753677,5789.654150231882,428736
2025-01-17,5865.04833984375,5887.652074572008,5821.081062450064,5879.373961977771,177031
2025-01-20,5948.86962890625,5976.033319909654,5789.703421158654,5865.990237874157,309737
2025-01-21,5768.73583984375,6015.737849719371,5756.244366170889,5959.874023804127,437884
2025-01-22,5762.39111328125,5796.494458066346,5705.386814096102,5788.216345631179,513868
2025-01-23,5800.509765625,5854.142987925814,5730.567679353134,5730.567679353134,449602
2025-01-24,5712.92138671875,5849.533235180188,5658.097831198825,5799.567824582765,387486
2025-01-27,5528.673828125,5699.438891449433,5498.188918416865,5676.141480778175,243092
2025-01-28,5363.5595703125,5536.85244885195,5305.514031726104,5532.292008033155,588891
2025-01-29,5571.69921875,5599.309223829888,5315.279108279735,5327.770581903636,241519
2025-01-30,5686.451171875,5741.671180295825,5553.507140345729,5572.641047045327,234255
2025-01-31,5529.61572265625,5701.372161762694,5501.063712465572,5668.259710631299,429090
2025-02-01,5570.11328125,5605.109256640875,5462.499265216451,5540.818220198683,108307
2025-02-03,5833.37353515625,5903.761447347116,5423.834754876443,5570.558853527826,1299208
2025-02-04,6043.69482421875,6176.2917785331665,5921.210130329378,5997.794165624995,1307734
2025-02-05,6070.7099609375,6153.688585811511,5955.709984540219,6008.302452531106,389786
2025-02-06,6066.94287109375,6152.399459059316,6045.479126324137,6095.295926092527,373619
2025-02-07,6087.61279296875,6108.382378927032,6028.080671113498,6063.819694357333,153029
2025-02-10,5887.60205078125,6125.731506063393,5870.599995899713,6089.050479080977,284788
2025-02-11,5895.48388671875,5913.378086524287,5811.56373953249,5898.656493587913,443166
2025-02-12,5918.38427734375,5948.274258679254,5754.9553452721775,5895.483324633475,292103
2025-02-13,5958.68408203125,6101.938362016861,5933.156070199904,5947.977381377319,667461
2025-02-14,5793.37158203125,6007.757311163102,5716.341232779191,5965.42523020984,294685
2025-02-17,5872.681640625,5888.791550168812,5710.59116613803,5781.722612893015,207670
2025-02-18,5789.35693359375,5927.356618869111,5743.059334318084,5898.705858655723,283564
2025-02-19,5883.73583984375,5904.901880860656,5690.516146256481,5759.912684625463,337225
2025-02-20,5926.76171875,5936.3289147080195,5841.5031127140755,5864.007612819738,292029
2025-02-21,5707.4189453125,5946.589157012862,5635.147504580933,5908.619530504295,1003530
2025-02-24,5653.388671875,5701.123962618444,5615.617515564109,5631.429721706715,306309
2025-02-25,5677.033203125,5724.520165382145,5615.96415351721,5651.852270703116,188012
2025-02-27,5567.38671875,5735.128260997719,5531.152005215475,5677.033347226658,257921
2025-02-28,5433.0048828125,5551.722520642306,5318.5998405407645,5551.722520642306,564464
2025-03-03,5492.48779296875,5524.360532676919,5314.436018411113,5433.005049847388,308548
2025-03-04,5470.1328125,5509.044443304629,5410.798674828129,5452.585208291852,142095
2025-03-05,5468.9921875,5515.0913157092045,5412.929892951731,5412.929892951731,392202
2025-03-06,5520.69287109375,5597.276904949798,5502.1045133617,5502.1045133617,280218
2025-03-07,5530.65625,5571.352169131741,5480.740214635331,5505.425457838888,187672
2025-03-10,5466.71240234375,5583.1002161310325,5439.548710823492,5530.656356635118,281666
2025-03-11,5498.4365234375,5530.11128040612,5367.574477714038,5406.981798301217,211471
2025-03-12,5618.2939453125,5628.158360943323,5434.4429824603,5477.36950367485,345394
2025-03-13,5571.9970703125,5708.608921912707,5555.688689862165,5646.399880997495,219553
2025-03-17,5621.96240234375,5645.904111374808,5533.92764568641,5571.9969913067935,133663
2025-03-18,5621.96240234375,5621.96240234375,5621.96240234375,5621.96240234375,0
2025-03-19,5767.94287109375,5799.567767747959,5692.548199669929,5730.171230356103,231264
2025-03-20,5771.908203125,5815.231178212523,5754.955524146485,5799.567582473202,252148
2025-03-21,5747.3720703125,5805.020671654859,5690.070064418674,5797.585327954506,537097
2025-03-24,5859.74462890625,5883.834947361917,5725.610746487069,5745.9340179985975,322013
2025-03-25,5790.29833984375,5889.039796659341,5765.315876551601,5889.039796659341,330676
2025-03-26,5788.86083984375,5867.179786112243,5717.828142457978,5819.24651142343,238411
2025-03-27,5822.0224609375,5842.94065707135,5677.826659152218,5787.67127142864,385946
2025-03-28,5725.66064453125,5834.266031834977,5688.533303427205,5799.56776316646,291524
2025-04-01,5501.85693359375,5768.339449247064,5473.404159026045,5699.934289498324,341053
2025-04-02,5617.15380859375,5632.470808848449,5487.283150470598,5502.6989013748125,316866
2025-04-03,5713.31787109375,5918.533349024759,5679.9580605053225,5839.173644062299,537669
2025-04-04,5435.5830078125,5712.970687004889,5338.527090512543,5710.3436291981825,681423
2025-04-07,5213.61328125,5312.6519559496,4912.283411928882,4912.283411928882,565168
2025-04-08,5340.8564453125,5427.800586231181,5257.283380599809,5301.003295834776,369634
2025-04-09,5339.71630859375,5382.79192303604,5186.498866164099,5254.309098087316,458062
2025-04-11,5541.11474609375,5576.50717190684,5339.716188335155,5502.153742948082,794543
2025-04-15,5685.0634765625,5717.7789870214,5556.679882488937,5589.891082500245,586197
2025-04-16,5704.3955078125,5755.451532951941,5635.990347916939,5665.731721784574,280947
2025-04-17,5591.3779296875,5748.0158220439935,5547.757250803413,5700.429626897717,531948
2025-04-21,5840.7099609375,5868.964265255028,5749.00739429289,5799.567728334783,717346
2025-04-22,5860.53759765625,5966.615162225178,5772.800546587558,5833.770361736988,666774
2025-04-23,5873.42529296875,5923.489935941983,5840.709783699112,5875.903740640692,637067
2025-04-24,6161.9169921875,6254.115251422226,5902.175659719778,5930.925654534908,2081063
2025-04-25,5960.66650390625,6230.81729348038,5913.0803097794305,6186.205236486487,964571
2025-04-28,5974.54638671875,6072.197232000721,5940.343806391562,5963.145526609687,317230
2025-04-29,6055.34375,6077.1540909463,5864.998956286837,6002.800655902095,640125
2025-04-30,6034.5244140625,6083.101988613028,5963.640810381628,6062.778717627603,489551
2025-05-02,6027.08935546875,6099.955720733485,5993.382465414315,6027.585045028374,957962
2025-05-05,6071.701171875,6154.481325006123,6043.446868111682,6152.0028773075865,399200
2025-05-06,6107.88671875,6125.235853237603,5918.533308056728,6057.326383957556,344379
2025-05-07,6094.9990234375,6116.8093647705555,6007.261968529527,6032.542136892841,346799
2025-05-08,5909.115234375,6130.688467305596,5868.964380085564,6119.287607445632,364862
2025-05-09,5973.5546875,6003.296060103933,5791.140935529209,5791.140935529209,449984
2025-05-12,5890.7744140625,5991.895078861284,5827.8218433299235,5982.9726672613915,705516
2025-05-13,6024.11474609375,6094.502658045146,5903.662192543122,5904.157882063907,759310
2025-05-14,6161.9169921875,6228.339394001765,6003.296331138509,6047.41270249276,576348
2025-05-15,6160.92529296875,6205.537351570986,6110.364959886217,6145.063227687955,462230
2025-05-16,6225.365234375,6268.490226443686,6108.878186833147,6185.214379690361,556329
2025-05-19,6523.2744140625,6647.196800347881,6278.899468307727,6344.82617781155,2712326
2025-05-20,6396.87353515625,6538.1450545300995,6377.541643031407,6523.27436828022,448280
2025-05-21,6495.515625,6539.631993332188,6398.36047676282,6398.36047676282,510445
2025-05-22,6481.63623046875,6513.360360076428,6402.325906449555,6483.61898856923,326992
2025-05-23,6427.11083984375,6503.447032141756,6401.334982704164,6503.447032141756,224119
2025-05-26,6678.9208984375,6705.688133743692,6535.666620595105,6582.757127152294,1467231
2025-05-27,6640.25732421875,6702.218519017745,6626.378016583774,6667.024560371916,294304
2025-05-28,6578.79150390625,6691.80871780699,6562.929438797374,6671.981136420895,312692
2025-05-29,6574.33056640625,6612.994351687083,6546.076261777949,6587.714184388076,364770
2025-05-30,6554.99853515625,6610.02007458474,6484.610619851336,6544.589054723833,786589
2025-06-02,6482.6279296875,6573.834806814163,6463.791726802645,6557.477051677316,283232
2025-06-03,6473.705078125,6543.101610356049,6458.338703130982,6487.58438457121,398776
2025-06-04,6560.947265625,6592.17570909239,6473.705899747846,6493.533482901745,407206
2025-06-05,6571.3564453125,6621.421090479322,6551.033173512106,6570.860755756393,200706
2025-06-06,6488.08056640625,6572.843480063173,6448.921091675858,6572.843480063173,361092
2025-06-09,6575.8173828125,6597.1320328547845,6491.054472179232,6500.968262896573,254156
2025-06-10,6616.46435546875,6639.26607560297,6554.007469883714,6587.218670948773,288574
2025-06-11,6661.076171875,6707.6709895678305,6622.41238698095,6622.41238698095,539922
2025-06-12,6667.0244140625,6803.339039628833,6648.18821125697,6661.076139492333,647651
2025-06-13,6609.5244140625,6662.563195546278,6554.007184845836,6642.239924136606,431430
2025-06-16,6629.84765625,6640.257136682243,6557.972672313084,6574.82611682243,166374
2025-06-17,6481.63623046875,6644.718084233221,6434.545725582353,6632.325846105222,341004
2025-06-18,6492.54150390625,6591.6794105165145,6456.851857526554,6491.550124840147,447218
2025-06-19,6437.0244140625,6509.890776981581,6424.1364859271525,6488.576126603891,240502
2025-06-20,6535.1708984375,6545.580378782402,6399.847653953774,6443.964023034549,560932
2025-06-23,6578.79150390625,6607.045807381435,6503.446694639089,6513.360485332137,478962
2025-06-24,6508.8994140625,6622.412319844261,6498.489933619631,6622.412319844261,270144
2025-06-25,6529.71826171875,6550.5372222434735,6463.791553390458,6528.231193109841,234226
2025-06-26,6558.9638671875,6570.860415918795,6482.627679495022,6532.196632542085,404238
2025-06-27,6600.60205078125,6636.291698397369,6494.524487033338,6494.524487033338,545217
