Date,Close,High,Low,Open,Volume
2012-01-02,283.8165283203125,287.5052629501627,283.156522029178,286.59210847453926,476065
2012-01-03,290.4074401855469,291.4652547416628,284.90144630529886,285.38062065507495,885880
2012-01-04,287.7222595214844,290.28089117231673,285.3806317520094,289.6751289071926,1252290
2012-01-05,285.995361328125,289.6389013210482,283.9430540675623,289.6389013210482,1202550
2012-01-06,289.41290283203125,292.7490509276672,283.90690927031943,285.6970462651501,1908765
2012-01-09,289.3225402832031,292.17951431190716,287.6408912728457,290.2175950650042,1364655
2012-01-10,292.5863342285156,294.09620109182936,289.8559481947334,290.5792208580542,1759030
2012-01-11,298.4901428222656,299.4394692535101,291.91731199044796,293.62605542095343,1957955
2012-01-12,299.7107238769531,301.92579154535946,297.3058019370251,298.71620313621787,1157810
2012-01-13,300.29827880859375,301.4284093381994,295.8952946798226,298.89692798831373,1175035
2012-01-16,297.12493896484375,298.3545079356471,294.35835359837245,298.3545079356471,625585
2012-01-17,297.468505859375,298.98742266025346,293.3005966126638,297.5679717195259,1316560
2012-01-18,300.6238098144531,302.875021292827,296.5462895046187,297.4503940457913,1432150
2012-01-19,307.4498596191406,308.09176626726656,299.2586727770027,301.6093506493598,1740685
2012-01-20,297.4775390625,306.31063117944177,295.11783927143995,306.31063117944177,2139875
2012-01-23,297.95672607421875,299.7920574090129,294.9460697315388,296.5372751526803,885210
2012-01-24,297.6312561035156,300.52437437333276,296.1846831730652,300.52437437333276,894730
2012-01-25,298.2008056640625,299.4304022574723,294.37646089531256,298.39068749410507,2354845
2012-01-27,297.5679931640625,301.4285104149383,277.51495694429946,299.2586645887058,4027390
2012-01-30,299.4575500488281,300.57863101103425,294.06004406262105,296.54633190634803,1000555
2012-01-31,305.5421447753906,308.2996526260829,298.35450254137055,300.2079058389071,2132565
2012-02-01,303.12823486328125,307.17863401443276,301.44661329759447,306.3106736020587,1004510
2012-02-02,295.02740478515625,306.0484415095137,289.494289327336,303.5982983017479,3259610
2012-02-03,302.1065368652344,304.14077214987526,295.7054886429736,298.8969766747892,7813175
2012-02-06,297.8301696777344,306.4914801932662,296.2660586808308,305.5873755319292,3614450
2012-02-07,295.3890380859375,303.2366589157379,294.73808170980635,303.2366589157379,2315555
2012-02-08,293.2373046875,295.280590066183,287.8669207526721,295.280590066183,3808080
2012-02-09,296.2840881347656,297.45039070528287,291.1578308948925,291.1578308948925,2017690
2012-02-10,293.282470703125,297.45037918599473,292.02575220995834,297.45037918599473,3346345
2012-02-13,294.1323547363281,296.2027621180177,292.0258030340851,293.11073965454636,1782070
2012-02-14,291.2392578125,294.0962320380842,291.1217197843486,293.47239757411654,1599815
2012-02-15,292.97515869140625,293.8340693150708,291.12175482908555,291.4833912423323,2149015
2012-02-16,293.2282409667969,298.6799907534025,292.0438661150079,293.1107305420247,2143425
2012-02-17,295.63311767578125,296.70900422369226,291.84491766411054,294.0328626649516,1934265
2012-02-21,298.237060546875,300.162808279629,294.8285952169741,295.8231160638295,1920755
2012-02-22,297.7939758300781,301.06683004846417,296.55535694985736,298.3545162642438,1414250
2012-02-23,294.80145263671875,299.132094673215,292.02584433648906,295.6422634613992,1556460
2012-02-24,294.6115417480469,298.52633051616755,293.3006064990461,295.64223434084613,797205
2012-02-27,294.7471618652344,297.4504259037232,291.66416173870647,291.66416173870647,1225400
2012-02-28,298.00189208984375,299.2314886442195,295.35287233924095,295.82302437080295,726110
2012-02-29,297.0345153808594,300.1627093857016,292.9298730149618,300.1627093857016,2492760
2012-03-01,301.5550231933594,305.4064896082947,294.8194336199138,294.91889946245266,1577545
2012-03-02,303.2638244628906,312.458581146187,301.9619115238206,302.513429722843,3187355
2012-03-05,302.7846984863281,306.4915337639328,301.97100966711963,304.68332412520755,1089040
2012-03-06,305.4517517089844,309.0229484071197,300.4249322237428,302.1517753607032,1189810
2012-03-07,306.0845947265625,308.46239418812036,301.97092992125374,302.5133981878317,1440875
2012-03-09,307.8023681640625,309.20371901204265,306.95250778171396,306.95250778171396,1478090
2012-03-12,306.8983154296875,309.20377110765367,305.60542489121343,307.9380301944353,872540
2012-03-13,306.6090087890625,309.2037846727664,306.06654049071807,306.4914707721281,935100
2012-03-14,303.59832763671875,310.8492645212147,302.84793292420875,308.31775496988524,1401985
2012-03-15,303.9509582519531,307.39559491711987,302.87507146245633,303.2909518947814,1246955
2012-03-16,303.7972412109375,309.02296509869564,301.8262996526499,306.8531194094102,860780
2012-03-19,302.8750305175781,304.86407160517103,299.04163597539736,304.86407160517103,658370
2012-03-20,303.05584716796875,304.6289802089569,299.5298174551492,303.24570139230997,867035
2012-03-21,303.03778076171875,304.5024258356632,300.4520547849691,303.51695510802256,786080
2012-03-22,301.0577087402344,303.9599036663146,298.65278777792065,303.7790717538402,1025875
2012-03-23,301.2296142578125,302.6942595395741,297.64031729339615,299.50277087280745,818945
2012-03-26,300.81365966796875,302.33254865319066,296.9079214850434,301.4284441251661,879595
2012-03-27,303.9599914550781,305.04490047003617,300.0813748182242,302.92024904466945,1326700
2012-03-28,307.2147216796875,310.83113995768775,304.3306258956958,304.68323992152006,2152525
2012-03-29,308.57086181640625,309.92701859718346,306.22021213592336,307.7481509828855,2525865
2012-03-30,319.103759765625,321.6804360462861,307.7753291605936,309.56543877948786,2868225
2012-04-02,314.3118896484375,320.7762306006423,313.2721751049769,320.7762306006423,1262710
2012-04-03,306.13885498046875,317.1508703236642,304.8369696993626,316.4366199417209,3071625
2012-04-04,309.6648864746094,311.1295315645341,306.6180582779737,307.45886896425145,1645500
2012-04-09,316.59027099609375,317.8831337524344,305.99416561797665,308.2634490513444,1960690
2012-04-10,310.06268310546875,317.4311300653471,307.4136356625259,316.43660948873736,1322010
2012-04-11,313.1546325683594,314.44749522180086,307.98315436351714,309.9269732801932,2024860
2012-04-12,306.15692138671875,313.1818036515306,305.3161107957378,312.8201673577724,2512485
2012-04-13,313.72430419921875,314.4475768612274,307.5764037988951,309.02294912291234,1237755
2012-04-16,318.1454162597656,318.9681272569542,310.6051587784569,312.5580282422038,1469765
2012-04-17,318.35333251953125,325.2607054536319,314.6193758115978,325.2607054536319,1005815
2012-04-18,319.53765869140625,322.13243428828986,316.7982230582156,318.25384570468736,829015
2012-04-19,326.6439514160156,327.82832620846494,320.2790474476573,321.31876219638457,1138640
2012-04-20,324.22998046875,328.34367286752155,320.1072657861031,324.05819839104953,837750
2012-04-23,321.53570556640625,328.0452407627537,320.2789871929836,325.47758754967987,599010
2012-04-24,318.86871337890625,324.7453943809634,317.53062838718466,322.2229343484219,950180
2012-04-25,322.1867370605469,323.8593362707129,315.53253972440666,322.04210458896625,1282365
2012-04-26,320.8125,324.0311104400667,318.2900402278343,321.86126473534875,1451740
2012-04-27,322.04205322265625,323.65135822538997,318.46177932266596,321.1831428597866,756310
2012-04-30,318.7783203125,323.6695307784912,313.76054951703475,322.71118186112705,982720
2012-05-02,318.2177429199219,321.99689406943946,316.2739232686504,319.0133594968912,672465
2012-05-03,316.01165771484375,320.0530060988882,314.49276871453895,319.32068363120266,1247850
2012-05-04,316.01165771484375,318.65165510296663,313.72427433987065,316.43658795087816,1094085
2012-05-07,310.1801452636719,315.7132877223013,308.8420883243244,314.6283513364339,818250
2012-05-08,309.11334228515625,312.85634839201066,306.4914445900652,311.00291749692036,670140
2012-05-09,304.5024108886719,311.9070295911087,303.6435280940668,309.17664369784774,1123100
2012-05-10,306.97064208984375,310.28871820223543,303.9599858299726,307.21474040569814,1254795
2012-05-11,300.2169494628906,310.10785527576564,297.38709785585957,307.3955416727706,2944900
2012-05-14,302.3235778808594,306.473415060627,298.716181437465,304.48437372364054,1328370
2012-05-15,300.0451354980469,301.97088236603145,295.63310142495277,301.97088236603145,1218565
2012-05-16,300.7865905761719,303.4898547616116,294.9641541836206,298.1737147865791,2580805
2012-05-17,300.7594299316406,304.92733876067274,298.7342445215324,302.51339500685293,1383655
2012-05-18,300.2169494628906,301.4465459769437,296.24794490453655,296.24794490453655,1851710
2012-05-21,298.8788146972656,302.38674411676516,298.35444629536545,301.06675944350513,1200350
2012-05-22,300.0451354980469,306.75360256972573,297.4955543604031,300.16267348958814,1281305
2012-05-23,302.8388671875,304.2673678975298,298.01095196476786,298.3545161251822,671110
2012-05-24,308.6613464355469,310.4876556314714,299.25866284913866,301.6093406435123,1041250
2012-05-25,305.97613525390625,308.07366469925086,302.48630448958846,307.41365836079507,1020510
2012-05-28,306.8530578613281,307.9379942838985,303.4084219676243,304.1588441440413,319710
2012-05-29,307.56732177734375,308.8240127246771,305.2256943593089,307.3774675518492,982225
2012-05-30,304.4120178222656,308.2996564121445,301.44655595514104,308.2996564121445,973935
2012-05-31,304.7917175292969,305.55116203051966,301.88954968693105,302.5133840256285,2011375
2012-06-01,298.35455322265625,305.20765475963213,295.3619688506492,305.20765475963213,1540595
2012-06-04,293.30059814453125,297.540851237332,289.5033475091296,294.9189532229284,1622750
2012-06-05,292.64056396484375,293.5356462613843,288.5901931029052,292.74905209991965,1498840
2012-06-06,292.1162109375,296.3654861360861,289.5485571039213,291.3025222902034,3380665
2012-06-07,292.41455078125,293.6531696967396,290.579219505311,293.6531696967396,2848595
2012-06-08,293.1558837890625,294.5572347260248,288.80714335633223,288.80714335633223,2142670
2012-06-11,291.2301025390625,296.2569207547933,289.8739459501191,293.5807794781131,1225980
2012-06-12,286.02252197265625,289.29540384648334,282.623107391523,289.27730409593977,2150520
2012-06-13,283.6808776855469,287.5052499048058,282.98472710756045,285.69704078590763,1092915
2012-06-14,281.2036437988281,285.697044623287,279.0156985954978,285.5071903887555,1215590
2012-06-15,285.5704345703125,287.05317919633626,279.54912287110017,280.66115374953824,1663925
2012-06-18,279.02471923828125,287.36961349261674,277.74090633212444,287.1254876255702,1514670
2012-06-19,279.68475341796875,280.77871221892036,276.00504120712577,278.4642067338734,3275810
2012-06-20,287.7945556640625,290.01864504412623,279.3321230613759,279.3321230613759,2770535
2012-06-21,286.800048828125,288.9518220895055,283.8526591415872,285.15457191164796,1670265
2012-06-22,286.42938232421875,287.48719686921277,283.8707783908629,283.8707783908629,1162600
2012-06-25,287.55047607421875,288.3913143772362,284.7929678976751,284.7929678976751,2060640
2012-06-26,289.4761962890625,290.9408412864317,287.5504491291578,287.5504491291578,1650535
2012-06-27,291.0222473144531,292.00771803234386,289.31347635103486,290.7600492510067,1204505
2012-06-28,293.9037780761719,295.77317971878716,291.80643048856723,292.17118296091195,1653275
2012-06-29,300.5880432128906,301.5820057207401,295.65468644779224,295.8188209179688,1394160
2012-07-02,299.8311462402344,300.90720378217617,297.09546049779124,298.37213610733227,1338475
2012-07-03,304.3176574707031,305.4848821760134,301.33577028097653,301.33577028097653,2349610
2012-07-04,299.5211181640625,307.01689853605853,296.7398486703571,304.93777839493447,2611905
2012-07-05,297.0042419433594,298.6821255694932,294.66066488314954,297.3233829617944,1898745
2012-07-06,298.080322265625,299.26577495309795,294.3597740802874,297.68821398902764,990230
2012-07-09,299.13812255859375,300.37828672813555,295.45405799400237,296.3659532347246,1006955
2012-07-10,302.3753662109375,304.39064707867317,299.32963917765346,300.88897238479865,1194650
2012-07-11,299.96795654296875,303.4605031398251,297.98000372867693,302.97719976576747,1465870
2012-07-12,300.8342590332031,302.5486266790454,298.372158378528,298.372158378528,578485
2012-07-13,300.3052978515625,303.6428372219096,298.91919950369373,303.6428372219096,809170
2012-07-16,305.5486755371094,309.1324163396503,297.35984811834766,301.4907315067244,1556940
2012-07-17,310.8741760253906,313.6554450754078,307.72812665571183,308.22055782419005,1921760
2012-07-18,305.0198669433594,312.7436216767632,303.07752539379925,312.0506001338568,1329485
2012-07-19,301.7552490234375,309.58842558312034,299.5667060725636,307.4910777195398,4390870
2012-07-20,293.84912109375,299.10164672189836,291.405248464089,299.10164672189836,5668400
2012-07-23,297.1683654785156,297.99819331942825,290.0738230517721,292.1894262618684,1564605
2012-07-24,296.75799560546875,298.8735987730326,292.499461361176,298.1167381360034,1737290
2012-07-25,294.6697998046875,298.00731142472904,290.5297882047649,298.00731142472904,1099260
2012-07-26,296.0011901855469,300.6518613137315,293.62112922084555,294.54215228647263,3225475
2012-07-27,295.7002258300781,298.5544620593145,293.8126240478458,297.3233980595414,1419115
2012-07-30,296.3932800292969,298.9192195810021,293.6758224589854,297.27781943955557,2561665
2012-07-31,294.53302001953125,299.0651402501682,292.0435639485496,299.0651402501682,1817965
2012-08-01,298.36297607421875,299.6122679759309,294.5421331730055,294.5421331730055,1014285
2012-08-02,300.3782958984375,300.9254386253415,295.2716768287253,298.5545053613142,860365
2012-08-03,305.2022399902344,306.03206805216973,299.92235841450037,299.9770699061589,1601360
2012-08-06,302.3935852050781,307.2722305956745,301.3813947861791,306.725087853291,690975
2012-08-07,302.62152099609375,305.4393015909133,297.41460731175823,303.84348502633975,809720
2012-08-08,302.2659606933594,304.2083022923392,299.57585820887624,300.01357800672076,754715
2012-08-09,300.80694580078125,304.190070107533,300.01360121674355,304.190070107533,873925
2012-08-10,299.94964599609375,301.7643361531619,298.72770991201486,300.88889682789926,824020
2012-08-13,299.12896728515625,300.0408624423013,298.02558193708353,300.01350670074027,887320
2012-08-14,300.1321105957031,301.2902076316826,297.27787379651534,301.2902076316826,1291560
2012-08-16,302.4938659667969,304.4453071535481,298.73686233066945,300.4238739557004,1013845
2012-08-17,304.390625,306.3968056926165,299.6852699733808,303.6428920407836,1381120
2012-08-21,302.7400817871094,303.8252393130452,299.3751862367426,302.78569324489797,1209145
2012-08-22,305.68548583984375,309.31483846669556,302.16555617570987,302.16555617570987,1786020
2012-08-23,305.49395751953125,311.3665636355008,304.9376870900481,307.83750655540433,1181135
2012-08-24,305.86785888671875,306.8526933249192,303.2415966130785,306.0319933216139,702435
2012-08-27,304.7736511230469,309.67965233543936,303.6793656213015,306.30562856242136,852770
2012-08-28,309.17803955078125,310.0443510750235,304.0349653745291,305.02892774880985,768735
2012-08-29,307.7919616699219,311.50338152256546,305.67635829246683,309.67959126520714,1096930
2012-08-30,309.2601623535156,310.5003265112562,304.02586479797134,307.8558359040931,2152455
2012-08-31,305.9590759277344,310.5641635120991,304.2082526795716,307.3086908793532,999395
2012-09-03,304.6095275878906,306.7707150940723,303.15961733474137,305.4940671820702,1075010
2012-09-04,306.6156311035156,307.60959352544495,304.08056357752935,305.1201374564551,948805
2012-09-05,305.7492980957031,308.21139802526585,301.6913540050881,306.2599570957085,891255
2012-09-06,305.247802734375,305.9682077636932,303.6611139271896,304.61859279452545,570135
2012-09-07,310.0625915527344,310.4091161765053,306.62475671515534,307.4910682745825,1397995
2012-09-10,313.0809631347656,319.1633162928035,312.0961285748914,316.4276307245794,2918335
2012-09-11,314.7588195800781,316.24518510196134,312.37875908207087,313.69189015086914,855960
2012-09-12,322.70147705078125,325.68336432921393,315.6981286105819,316.4276336372903,2348020
2012-09-13,324.4159240722656,327.7352089356742,319.9293863535998,323.7228746466666,2092620
2012-09-14,318.7073669433594,331.01795193258783,317.2574569396435,331.01795193258783,2336275
2012-09-17,304.6641845703125,320.80471252545385,303.11395163600275,320.312309166037,4547310
2012-09-18,305.7858581542969,308.0382408017166,302.7492588568371,307.3087356468497,3312715
2012-09-20,303.6702575683594,306.7980517149832,302.38448187787355,305.3025300907011,3871520
2012-09-21,299.7764587402344,310.9015927812861,298.91927491270235,305.12017978907943,4114030
2012-09-24,303.7979431152344,305.3390485481178,300.44217476445107,300.44217476445107,2752645
2012-09-25,301.83734130859375,305.4849224724438,300.80689517719236,304.98339119394876,1438160
2012-09-26,296.10150146484375,301.60935661582783,295.08931108619595,300.92543517225454,2611980
2012-09-27,295.96466064453125,298.9921589451263,294.77920818926196,295.1348327943112,3394290
2012-09-28,300.1321105957031,301.28110760210757,296.18358828290764,297.2687459381037,3886335
2012-10-01,300.2779846191406,302.2020701744321,298.73687947188967,300.9254224329077,1163095
2012-10-03,306.97125244140625,309.8619443287419,300.37824083980854,301.3357473935906,3086630
2012-10-04,313.7284240722656,314.9503602683698,308.78593997477554,309.3148547608822,3195915
2012-10-05,309.552001953125,316.07204843967025,278.5931700943406,315.4975777189778,2374225
2012-10-08,310.3999938964844,312.5976366508578,305.66725598759155,309.1324463192247,1222865
2012-10-09,311.5033264160156,316.40932579302574,309.33301194108617,311.8680788371945,1252410
2012-10-10,308.5306396484375,311.2754532926656,307.85584605969103,310.7921499168919,876805
2012-10-11,310.4911804199219,315.51573175864576,306.7980160785574,308.56709495114075,1770665
2012-10-12,307.1171875,313.32719149065645,305.6855053789903,312.0322880817869,817125
2012-10-15,310.2631530761719,310.9379743153937,307.3633335879707,309.08682853569985,1152190
2012-10-16,308.4486083984375,313.3272541857325,307.1172489524879,313.3272541857325,825765
2012-10-17,308.4029846191406,311.84994755028987,306.4606432844201,311.84994755028987,747500
2012-10-18,309.25103759765625,311.5946150464369,307.3086962813063,309.31487694345986,822415
2012-10-19,310.85595703125,312.7800424769863,308.4029568041764,309.67960447300993,1276245
2012-10-22,315.2877502441406,315.8713765019256,310.90153676929225,310.90153676929225,1218385
2012-10-23,315.73455810546875,319.30919922804793,314.70411216509564,315.1327039855474,1075685
2012-10-25,309.041259765625,316.82885211340766,307.35424817783723,315.33333071442524,2070140
2012-10-29,309.6249084472656,310.9106840371934,306.5882818035036,306.8253834641357,545370
2012-10-30,314.47613525390625,317.15710911194304,310.14463346794736,310.9927170727935,3263090
2012-10-31,320.3487548828125,324.99942571095613,316.61000703298606,316.61000703298606,3415465
2012-11-01,321.9172668457031,323.1118474551901,320.76829769824263,322.26379151022655,2669325
2012-11-02,323.6589660644531,325.0906482489859,322.08140513305335,322.08140513305335,2568295
2012-11-05,327.8445739746094,330.6349712449051,320.45824462902345,320.98713163532614,2840390
2012-11-06,325.8475341796875,328.6835430238941,324.37026825139986,325.5466209764139,986640
2012-11-07,327.2063293457031,330.1061501738333,323.2669343553147,325.9114255727072,1252530
2012-11-08,324.0784606933594,328.7473598406161,322.61942275263317,325.911351190795,943325
2012-11-09,322.6011962890625,326.4585234985014,321.47958285956497,324.81712305937316,681385
2012-11-12,324.051025390625,325.5283188106637,319.2544761472522,322.4461089579783,883830
2012-11-15,313.9928283691406,321.3974399769504,312.232877500403,319.6739448755517,1010725
2012-11-16,320.4217834472656,325.53750285782286,312.059691080257,312.059691080257,2151125
2012-11-19,316.9747619628906,323.68629695684325,314.62205687499176,319.400406418623,1417720
2012-11-20,317.0568542480469,321.8534320555555,313.79225374561685,318.2514347711678,1132845
2012-11-21,316.6282653808594,317.8684295456389,314.7041519593303,317.8684295456389,857490
2012-11-22,315.5431823730469,319.16340843328663,314.7863213920236,318.06002272763556,420795
2012-11-23,317.88665771484375,319.1268217721587,312.9259458279205,313.69193442135,610515
2012-11-26,320.9415283203125,323.7045696764929,316.9747786154034,316.9747786154034,1362790
2012-11-27,326.01171875,327.37043392988477,321.94464541148943,321.94464541148943,836795
2012-11-29,329.8415832519531,333.1882506599785,326.7137896011029,328.46464051434776,3564640
2012-11-30,331.82037353515625,333.7535865785726,325.6377262411981,328.82935889973635,3776555
2012-12-03,333.93603515625,337.2188356307285,332.3402185477212,332.3402185477212,1703045
2012-12-04,334.0728454589844,336.58055750949984,331.9754695921609,334.1275569501433,1091915
2012-12-05,334.2096252441406,336.17019456043323,332.4131904018441,336.1246109272685,2340580
2012-12-06,336.77197265625,337.4011824931517,330.8811381810094,336.10627922376324,597900
2012-12-07,335.468017578125,337.37387524614655,333.77187799999484,337.2188408142483,1520500
2012-12-10,343.5565185546875,347.4412010340162,334.3372713880739,336.6717208870492,1482200
2012-12-11,343.0914306640625,349.3470460159964,340.0913155844519,345.60827024441966,2770415
2012-12-12,341.71453857421875,343.7663030159518,339.06091989011696,342.8544077085149,1329255
2012-12-13,337.7568664550781,346.1189296065936,336.872327024194,342.5078325139099,1530735
2012-12-14,333.76275634765625,339.8997929627321,332.841733331021,338.5410780798398,1334575
2012-12-17,336.3616638183594,337.6747951861662,333.9634027208681,334.1001814406742,1343460
2012-12-18,335.3950500488281,339.2706047253277,333.00588903028176,336.7173092464614,2372140
2012-12-19,337.9027099609375,339.2614525505184,333.6076919363978,333.75359848831124,2269810
2012-12-20,336.6352233886719,339.26148592380133,335.2308970385867,335.98778561179114,1444610
2012-12-21,332.1122131347656,337.0181854937962,330.47078522493075,336.85405105146185,1231405
2012-12-24,332.3584289550781,335.5774177458456,330.2884369672535,332.34020107031915,1103925
2012-12-26,331.7200927734375,335.21266682500135,330.4708008551987,332.29459117761024,1089730
2012-12-27,333.5621337890625,338.20367675027984,332.6775943828529,334.6290355274694,2309020
2012-12-28,333.1244812011719,335.21272930161155,331.67457096408174,333.3342271457209,938740
2012-12-31,333.7080383300781,334.0818908489083,331.20032668970106,333.38886946462753,565450
2013-01-01,334.8022766113281,335.5773930033246,332.1304306774762,334.0454159315763,931830
2013-01-02,335.1579895019531,337.90277529333366,334.53787957921753,335.9878175226888,962245
2013-01-03,343.29205322265625,344.96993702198165,335.7780458107139,337.21882795694097,2923970
2013-01-04,344.57781982421875,345.6082658081331,341.96068516635864,342.8725803268023,2016035
2013-01-07,344.2586669921875,347.7968248321736,341.3588469257864,345.60828191090553,2513980
2013-01-08,348.006591796875,350.48694801202873,343.41063190403594,344.5140173742491,1850785
2013-01-09,348.5080871582031,351.4443906999386,345.80888526437445,347.47764117009376,3035875
2013-01-10,348.35302734375,350.68747638103014,345.3528849199599,349.274022395234,2314110
2013-01-11,346.49285888671875,349.2559005376096,343.0367679013351,349.2559005376096,2931185
2013-01-14,348.9002685546875,349.96719836514194,346.52023503505205,346.53846292377756,2259425
2013-01-15,346.9487609863281,349.4382448514073,345.99128217682284,349.4382448514073,2401685
2013-01-16,351.9732666015625,356.38683536911014,347.43201916729663,347.43201916729663,1724570
2013-01-17,353.5417175292969,355.27431253654066,351.08871764962464,352.9033798708674,1265955
2013-01-18,344.9061279296875,352.89431087505795,343.2555998611485,352.89431087505795,1787505
2013-01-21,350.67840576171875,351.60852882048647,344.7875707318585,344.87876581499233,970620
2013-01-22,348.79083251953125,350.5234558929749,346.93058610094454,350.5234558929749,2296625
2013-01-23,350.58721923828125,352.4292653445292,348.4807435619709,350.87903237990133,1552885
2013-01-24,352.9399108886719,354.47188808015915,347.09465956748096,350.7148844696315,5145985
2013-01-25,354.75457763671875,359.2866977545423,352.9763709198525,353.0858217167074,2161010
2013-01-28,353.9521179199219,356.9887445338439,352.9490276296048,354.90962458156537,1607990
2013-01-29,353.4232482910156,355.6391470668968,349.6206328584593,353.95213529068434,499485
2013-01-30,352.4840087890625,354.7272633823888,351.2803003423663,354.7272633823888,1213375
2013-01-31,349.4200439453125,354.1801386548397,348.0978124213996,353.2682433298639,2648160
2013-02-01,354.781982421875,357.28056663322593,350.53254699363526,350.53254699363526,2548875
2013-02-04,348.7725524902344,357.6453026579042,347.61445562376326,357.6453026579042,770890
2013-02-05,346.49285888671875,348.7725971408807,345.61744718919465,348.7725971408807,1186755
2013-02-06,346.3833923339844,350.07655670965494,344.34985604867524,347.9792089111711,1017115
2013-02-07,345.6448059082031,348.9823460804649,343.41977912669535,345.6265501915577,1944255
2013-02-08,338.38604736328125,346.52016452254935,336.927037354673,343.6203445615172,1021335
2013-02-11,346.3104248046875,348.3257332027155,341.2767733958262,341.74184884596076,5299235
2013-02-12,349.26495361328125,350.3865667837205,347.10376666369024,350.3683388999711,2341835
2013-02-13,347.4685363769531,350.1677382337656,341.6050294019289,350.1677382337656,3898050
2013-02-14,341.8421630859375,347.9792280501242,337.8480574947457,347.6144755210437,5232035
2013-02-15,331.7292785644531,342.65379452196714,330.47085856960194,341.04884985272656,2664830
2013-02-18,328.68353271484375,333.87221901750104,326.8779700653253,332.1031399707865,2177665
2013-02-19,332.5681457519531,333.53475230737877,326.0936851387373,328.8293703700542,1491750
2013-02-20,332.9876403808594,335.0120487517405,330.52551231425224,333.3797486212294,1852895
2013-02-21,332.1486511230469,334.1001199291071,328.282224934598,332.6228543695141,1102560
2013-02-22,331.23681640625,332.83263306822306,326.47672216423996,331.01797045497773,1197305
2013-02-25,329.0755615234375,330.83551228718164,326.74111242683335,329.1941123322916,1625970
2013-02-26,322.6558532714844,329.79600798174056,320.622344868498,328.8476292201715,926050
2013-02-27,320.230224609375,322.6193853940987,316.1449244141761,319.619242628424,1737905
2013-02-28,320.15728759765625,324.616468555492,314.6220769653673,322.44615349183783,2259265
2013-03-01,317.6769104003906,323.1756370667925,313.76487239699253,319.5280564501722,1182410
2013-03-04,321.9172668457031,323.1756868047257,317.13894440775516,317.5401805636416,1594715
2013-03-05,327.1789245605469,329.10301029794635,319.40045871521465,321.8990429478828,1132585
2013-03-06,330.0696105957031,330.9997615997582,324.6347224722308,328.26407573622816,1279940
2013-03-07,329.8690185546875,332.65941612941805,327.1059767275979,328.64708211199434,688320
2013-03-08,331.7839660644531,333.644240175744,325.008591002303,331.38272992615833,1402590
2013-03-11,330.6805114746094,331.747413115228,328.4646131482517,331.747413115228,899540
2013-03-12,331.41009521484375,333.4801153126684,329.90547356732435,330.1060916422493,699490
2013-03-13,329.7322082519531,332.45876621156816,328.2640702210328,331.2003741117087,775340
2013-03-14,331.3827209472656,332.4678784970465,328.47377293786434,329.7413206651408,833640
2013-03-15,332.41314697265625,334.48313900117205,329.37654828511256,332.29459614731337,919610
2013-03-18,328.8111572265625,332.43138226450606,325.66513550055583,326.64087003829826,1550320
2013-03-19,327.8901672363281,330.1060659170168,324.99944717684326,328.09078529561884,1788505
2013-03-20,328.2822570800781,329.1941522386339,324.78971086749544,325.18181910675486,1241830
2013-03-21,323.2212219238281,329.4950366919224,319.16327769023485,328.28222848138444,1491165
2013-03-22,319.54632568359375,327.2153397651393,318.8076649749506,321.03269147153554,1039265
2013-03-25,322.0632019042969,327.5528298729474,317.0660330591216,327.18804945983067,1119545
2013-03-26,321.5616455078125,325.4554284375802,319.74698275804803,320.25764190199016,1066275
2013-03-28,322.1725769042969,326.0754874152402,315.73459874132266,320.1755241039781,2099870
2013-04-01,333.0058898925781,335.267400057454,322.49173911496695,324.4523082729768,1897180
2013-04-02,335.4588623046875,336.31604596669644,331.2459111903374,332.8417276929749,2368375
2013-04-03,335.18536376953125,336.47113948839626,333.9360716549221,336.47113948839626,972495
2013-04-04,344.65081787109375,347.3865035972974,333.9816324073657,334.6199702083469,2396890
2013-04-05,348.626708984375,351.99160505172046,341.5960036289139,341.5960036289139,3071470
2013-04-08,353.2135009765625,355.45675548793656,342.8726122342761,346.70258339608637,2250480
2013-04-09,349.5294189453125,353.0767046303084,347.07641863158943,352.903442316043,2851060
2013-04-10,346.46551513671875,349.80305539583,344.77850320446123,349.7847996787095,1288775
2013-04-11,343.81182861328125,350.07654386525564,341.71448089174964,347.45028137054476,2702700
2013-04-12,347.21319580078125,350.3501172489616,341.03964801007197,341.0487758665241,1199495
2013-04-15,337.88458251953125,347.2497377344849,336.5349673847587,347.2497377344849,635485
2013-04-16,350.842529296875,353.1678786146847,337.9665742978748,338.01218575243854,913030
2013-04-17,347.96099853515625,352.9034833371762,340.0092703555941,349.620654670598,1108255
2013-04-18,347.6326904296875,349.9853678089363,345.7906721378544,349.9853678089363,922085
2013-04-22,344.0306701660156,347.4320490636797,339.0608583399625,347.4320490636797,1048405
2013-04-23,346.7937316894531,349.684451703644,343.79361653325714,345.0611363839079,1166755
2013-04-25,363.3902587890625,364.7581016703262,348.34398709516154,349.766541465369,5423765
2013-04-26,363.08935546875,366.5819021424846,359.9068220215666,362.93432102663894,2446665
2013-04-29,364.2747497558594,368.20501555130693,361.1104725323845,363.2990152849964,779320
2013-04-30,369.90118408203125,371.80704171982586,362.01326830066216,364.7580817712172,2307995
2013-05-02,366.5180969238281,371.305547584178,365.8250753708921,368.97109767896205,1293750
2013-05-03,365.02252197265625,368.4056452295977,364.40241211295165,365.6699597452195,560115
2013-05-06,363.4722900390625,367.49375105131713,362.3871325677161,365.350791850388,2157020
2013-05-07,363.28082275390625,365.5787886934539,359.91592716063394,363.35376212693143,1105735
2013-05-08,364.53009033203125,365.3052067840571,359.28669316027595,363.8917525882849,1334380
2013-05-09,362.3780517578125,368.0409132338733,361.32935000064685,364.5756947299855,948175
2013-05-10,368.8160705566406,370.04710696639603,361.84004914756565,361.84004914756565,2169595
2013-05-13,378.85595703125,392.47967300728084,374.28738118336184,384.63736903136527,3436425
2013-05-14,369.84649658203125,386.6436208455276,368.0227059176656,381.901753986642,5505595
2013-05-15,376.66741943359375,378.2450081075479,370.9589467226468,370.9589467226468,3757275
2013-05-16,386.45208740234375,391.13011438592935,379.8317191257996,380.30589462712805,2730160
2013-05-17,379.03839111328125,387.8837585313775,377.889394168322,387.8837585313775,1243095
2013-05-20,372.9287109375,383.56141395513646,371.5608679257278,379.89560470196835,2134130
2013-05-21,368.5606994628906,376.931890816143,367.26579601932764,374.8071593915866,2709060
2013-05-22,374.92572021484375,378.14470928047075,369.4999602651914,369.4999602651914,1476315
2013-05-23,374.1414794921875,378.2632356686567,370.77658406698885,375.8375911614318,1999550
2013-05-24,376.81329345703125,377.7160606987019,374.50619997256086,377.1598180468365,1713140
2013-05-27,381.345458984375,383.4337068012599,376.19325662866316,376.79511080496843,1731430
2013-05-28,386.0690612792969,388.9050697848843,380.44268355365296,381.1721885724979,3250215
2013-05-29,387.14508056640625,390.74707759408045,380.26941106977114,384.6373688665609,1427185
2013-05-30,384.3911437988281,388.8320685225998,380.7435633664795,387.1450570068725,2155705
2013-05-31,381.5369567871094,388.3944266933891,380.31502052438765,382.9959947136902,1751470
2013-06-03,385.15716552734375,388.28495933858954,379.485176353307,381.7375585774542,1361625
2013-06-04,393.4098815917969,394.8688918050977,386.7712849374686,388.1938393756221,1811620
2013-06-05,394.0572814941406,396.3096637756751,392.4796927626839,394.850625874115,1239695
2013-06-06,389.89898681640625,393.89309172742855,386.8441327265143,391.5677425714678,1813840
2013-06-07,399.4648132324219,401.05150199166627,388.83211175058693,389.6254561302091,2294925
2013-06-10,397.85986328125,402.53789009402277,395.9904892591132,400.6867439574443,1546205
2013-06-11,398.30670166015625,402.11841681637145,392.66206829521684,396.7291129875222,1817515
2013-06-12,397.3036193847656,400.3037623657376,394.8506190860767,398.1334473509422,1593990
2013-06-13,393.7655029296875,401.0515373912103,391.75932216024955,397.3036611073314,1280260
2013-06-14,396.8293762207031,398.45254827637444,392.8899829747499,395.3976943310797,1105985
2013-06-17,391.467529296875,402.1275872579791,389.6528387811159,399.6381031458434,1173095
2013-06-18,388.640625,392.11494355261294,386.64357224722767,391.5678008563077,949025
2013-06-19,382.9412841796875,390.83830019171097,379.0566016041235,389.744014786843,1168765
2013-06-20,378.9197998046875,382.1023050505532,374.2873845744317,374.78891578762676,1467745
2013-06-21,386.89886474609375,388.4673254832639,370.99541144835973,378.80123153692824,1721650
2013-06-24,383.5522155761719,389.6527965133235,379.375747926139,385.02038127653094,953705
2013-06-25,382.93212890625,387.911096530214,380.2602827590688,385.91404389805047,1213185
2013-06-26,382.2391052246094,386.64354658846656,379.56723126454585,384.27261361437473,1723270
2013-06-27,393.8019714355469,397.4312967399745,383.90790235307946,383.90790235307946,3060435
2013-06-28,404.6717529296875,407.4165665906974,395.03304109999317,395.03304109999317,2102635
2013-07-01,412.8697204589844,416.7361475838566,404.3343660724867,404.49850054578735,2005620
2013-07-02,412.7967224121094,417.3835542655724,408.6384824261357,412.7237830390369,1364450
2013-07-03,403.2127380371094,412.17665616883727,392.99037216925836,409.62336058074123,1818465
2013-07-04,405.3921813964844,410.1705039699849,401.7172443685549,410.1705039699849,1370010
2013-07-05,408.3192443847656,410.35278040381183,405.1093837653187,410.35278040381183,1121880
2013-07-08,410.12493896484375,413.66309742120126,402.82064821168143,404.1520354766575,1176015
2013-07-09,416.5902099609375,417.8304019340949,407.27063967711155,412.17664042504964,837675
2013-07-10,412.4502258300781,418.9246879123773,409.6416005999885,418.4140287796337,1145245
2013-07-11,418.7149353027344,420.59343720670535,412.3590245837388,412.3590245837388,1264805
2013-07-12,431.30841064453125,433.00648892844384,413.7858226228345,422.368120918833,1988900
2013-07-15,430.97796630859375,441.4694684727522,427.37065632750773,429.573592223721,1582590
2013-07-16,418.26513671875,432.42820751369027,415.8327278413966,424.4333738028991,3928525
2013-07-17,424.2773742675781,428.2885591967568,421.31257200990893,421.95510783427204,2587920
2013-07-18,429.4817810058594,430.9228785707097,424.4884448919712,428.10494262177656,3020820
2013-07-19,430.693359375,434.1629906107815,426.15896987481926,429.573529822084,1148870
2013-07-22,425.801025390625,434.1997334041908,423.6439731218679,430.675030723515,3036970
2013-07-23,433.474609375,435.96208949654493,426.0855880641887,426.0855880641887,2090225
2013-07-24,430.71173095703125,439.4776183554017,427.78365257093935,435.0809068333258,1488270
2013-07-25,425.52569580078125,437.9998490251664,423.42371455190766,434.71380685610615,1846790
2013-07-26,421.211669921875,429.57365649906217,414.5202262753974,429.57365649906217,735210
2013-07-29,407.1219787597656,421.1565325536993,404.80887212155835,419.1096505508525,1300205
2013-07-30,399.6961975097656,414.88730327218235,393.88592379279197,408.46205742504674,5077360
2013-07-31,418.7791442871094,421.19320534679275,392.0868504214225,394.7028488932579,3026390
2013-08-01,418.27435302734375,427.5542309254428,410.49980396603104,422.2304666807304,3109390
2013-08-02,410.9771423339844,417.64105025347027,406.30507328707677,417.64105025347027,2149020
2013-08-05,405.6991882324219,415.62160125356377,404.1387882083051,412.09689836092224,1231640
2013-08-06,403.5422668457031,409.7472010161475,401.7431774007954,403.8726946956725,926055
2013-08-07,413.9051513671875,415.254454114061,399.38408904594866,404.79048791986287,1336665
2013-08-08,408.2784729003906,412.86793427747165,404.2672881387177,412.86793427747165,1099225
2013-08-12,400.4121398925781,410.3070170687221,396.07968742145147,410.29782918257763,2768370
2013-08-13,410.89447021484375,412.31722004444106,396.8507296492196,400.2744498983327,1819490
2013-08-14,405.9103088378906,411.5461526439989,403.8725869378666,407.54415591002896,1645100
2013-08-16,397.6584777832031,406.6721585757794,394.7120234311813,402.4039651272985,2282710
2013-08-19,393.0598449707031,401.65130352174134,391.3892742484956,394.69369215729887,1062925
2013-08-20,392.62841796875,397.41062884575297,382.7886117270019,382.7886117270019,1614820
2013-08-21,375.7116394042969,392.10518053618,372.1134896802001,391.94915454990337,2208055
2013-08-22,387.08428955078125,389.1862704111772,375.71162041318024,375.71162041318024,1242490
2013-08-23,389.1404113769531,391.3800705973093,378.57546313734605,386.06546688892047,1371055
2013-08-26,394.8497314453125,401.6696643116133,389.1863237950622,389.73706476129297,1437490
2013-08-27,397.8970947265625,403.6889924701267,389.22302994038455,392.8578753361587,1415580
2013-08-28,398.6956787109375,402.25710525188055,390.1042203853157,390.1042203853157,1771015
2013-08-29,414.60272216796875,417.55833611618954,397.0801637648907,403.32181940135683,2295900
2013-08-30,420.927001953125,434.53017137736174,406.01125337703576,410.48141201871414,1673285
2013-09-02,419.1463317871094,424.2498104720075,415.9153331294943,417.0168150376537,955590
2013-09-03,405.0842590332031,421.65220476266444,402.8078759186418,419.58694697308243,1371925
2013-09-04,417.6318054199219,422.04686510821557,405.0842334614988,405.15765251972346,1265220
2013-09-05,421.1473693847656,428.56392715307,418.55890626789625,419.8439499391555,1188600
2013-09-06,419.4125671386719,430.4915351170886,415.50236456711826,416.9067388170688,1598985
2013-09-10,416.06219482421875,423.487939709339,414.38246434458995,420.41299509264104,1847895
2013-09-11,413.0606994628906,419.2656320109625,412.1336193286716,415.98877797479275,1217190
2013-09-12,412.4457092285156,420.11930317165644,405.7083833283313,416.1723496036605,1271080
2013-09-13,412.9230041503906,417.2554567959024,409.7471047317104,412.8771207415176,641175
2013-09-16,408.28765869140625,421.5512132078352,405.43302717520083,415.8051986294293,875565
2013-09-17,423.04736328125,426.9851007789622,409.7470858220383,409.7470858220383,1486595
2013-09-18,432.042724609375,434.5118571126423,425.88367518125705,425.90202294280766,1712835
2013-09-19,436.5036315917969,440.5882631528487,429.0228156427169,437.46743522455216,1407050
2013-09-20,434.39251708984375,441.5061821874587,430.49147493953876,433.3644822286004,1248250
2013-09-23,436.71478271484375,440.03754824741645,425.7184232456794,428.6556897118277,1419030
2013-09-24,439.6520690917969,444.1680835740969,435.6316962887747,436.3659989326421,2010850
2013-09-25,445.930419921875,448.8493105560214,434.8973371417697,436.9167112978859,2041415
2013-09-26,451.0614013671875,454.2464883651974,443.70907601173553,446.1047891774257,1602145
2013-09-27,442.8280029296875,450.31800812682013,441.5245834222777,449.78561485872297,1085270
2013-09-30,437.1278381347656,444.36999345147285,434.53937525606784,440.22113054834097,924155
2013-10-01,441.99267578125,445.91206579743545,435.6225010116995,435.6225010116995,1478310
2013-10-03,446.04974365234375,449.74884824596353,440.4230597591839,441.5061658757028,1273385
2013-10-04,435.3930358886719,446.09566360742434,433.43792078232354,445.1777712954749,1454535
2013-10-07,437.95391845703125,440.22111335596924,434.7137600479592,435.81521390245274,765655
2013-10-08,439.26654052734375,444.21399351148284,437.83463076829486,438.93611274226333,864395
2013-10-09,441.3960266113281,447.05940606805234,435.3562799614348,437.65101057057547,1053340
2013-10-10,439.96417236328125,444.93913326383273,438.9544851657251,441.5062248039934,1192120
2013-10-11,440.9462890625,444.1497241793565,437.5408885102418,442.42408219842935,567070
2013-10-14,444.5076599121094,449.0237020066291,440.95542146570887,442.24046498468675,1174455
2013-10-15,442.48834228515625,448.8126055874043,440.1110046191208,447.9314368336723,1315445
2013-10-17,442.5342102050781,446.09563664205865,437.8346063338724,437.8346063338724,797330
2013-10-18,451.5937805175781,453.9894937575865,443.4796167231322,445.17772291807574,1721045
2013-10-21,448.0599060058594,456.0088277019151,445.60912153917997,451.832429452094,1396145
2013-10-22,446.2608947753906,451.4194452863367,443.3420038332459,443.3420038332459,1103415
2013-10-23,440.5240173339844,448.0599328153869,434.4567630551792,444.99414807421846,1178570
2013-10-24,439.055419921875,444.07629201927205,432.14369189130144,441.5062047349109,1451870
2013-10-25,441.59796142578125,443.5989597823288,435.3287417518799,439.486792470691,1209540
2013-10-28,440.58831787109375,445.7285205152934,438.56894354277756,442.7178347969816,749015
2013-10-29,445.9762878417969,447.7294653410296,441.3317554558735,441.6713710949152,2841775
2013-10-30,463.19598388671875,467.1337495954958,446.82994891310466,447.19712823311636,3012395
2013-10-31,450.942138671875,467.23472738160103,446.2792580029818,464.2699250983255,7164090
2013-11-01,453.6773986816406,457.1011185917306,448.4821255719023,450.8686508466432,2237045
2013-11-05,441.744873046875,456.56882861921656,440.5975076308756,456.1924894013466,1347510
2013-11-06,440.1660461425781,445.17772985599004,436.3843346512641,442.4240531764684,1016625
2013-11-07,442.5709228515625,444.75551085010517,437.28385462059174,443.3419489666044,1329675
2013-11-08,441.010498046875,447.11447584410115,439.4133745121256,442.42405994062517,848085
2013-11-11,453.55804443359375,455.27449824143946,441.68970586961836,441.68970586961836,1401345
2013-11-12,453.43878173828125,456.89006563999993,450.74017622140104,456.89006563999993,1299795
2013-11-13,453.4479675292969,457.1103487087743,447.94061393039595,453.62236930087664,996640
2013-11-14,451.8966979980469,456.0088371571419,448.9502438455362,452.52085797585994,621360
2013-11-18,452.8146057128906,456.587129366549,446.4627790987552,456.5595937198744,1279130
2013-11-19,450.10687255859375,455.3572179837186,446.5270979532477,453.43882631074916,834180
2013-11-20,445.39801025390625,451.88751494861737,443.61729711261563,446.93090258096055,1137330
2013-11-21,442.3415222167969,449.35420546569253,438.7525596332698,445.361396004035,725205
2013-11-22,446.7840576171875,450.2536892399965,440.2394813205808,446.4352540764432,945825
2013-11-25,447.9589538574219,450.31794366387345,442.48832388817,448.84931046081397,674695
2013-11-26,442.6810607910156,449.7671898827027,439.48678576635905,447.9314054342019,1293435
2013-11-27,445.7652282714844,450.4923679955967,440.5974901608321,443.103318202432,2019070
2013-11-28,451.00640869140625,456.19249483107944,447.15124964302277,448.79428478160804,1511325
2013-11-29,456.1557312011719,458.94613152415644,450.8686908140708,451.4194037624207,1387795
2013-12-02,458.68914794921875,460.1210577171014,452.94313310383706,458.7625670090728,971075
2013-12-03,452.73199462890625,458.90023153418645,450.152719703886,458.7625252902259,987680
2013-12-04,449.7396545410156,456.74317669868475,448.0140126763606,449.76719018728784,1154890
2013-12-05,443.2960510253906,454.39336440779687,440.5882578194697,453.2000877357609,1940770
2013-12-06,444.75555419921875,448.84934611804056,443.3419921779419,445.17777682464146,1239570
2013-12-09,450.54742431640625,452.1537357817206,445.62750720505335,451.9701461238023,1362450
2013-12-10,450.31793212890625,453.2368226876657,446.2792119328315,450.6850834173044,756725
2013-12-11,448.29852294921875,450.6850481548518,444.2781508279787,450.6850481548518,478210
2013-12-12,441.21246337890625,446.4536485725713,440.59749122546526,444.62702385025506,784690
2013-12-13,440.6800842285156,444.902394270961,438.9636301662938,441.3409677830884,931905
2013-12-16,440.64337158203125,444.9758243219788,439.7622028247783,441.87334389223946,1032785
2013-12-17,445.5908508300781,447.85804604649326,442.79126236603605,442.79126236603605,1029575
2013-12-18,453.18182373046875,454.3567248479854,447.2889423678314,447.2889423678314,1092275
2013-12-19,452.2454833984375,457.1103006950724,447.0134868242977,453.4479199002821,1495785
2013-12-20,461.2776184082031,462.07618025175657,451.1899626742925,456.0088973968333,1876915
2013-12-23,461.4061279296875,467.20721440705574,459.6804857992936,462.0670115538415,1306900
2013-12-24,466.2066650390625,467.9414668588173,462.5809793769846,464.45348744637073,521300
2013-12-26,461.4153137207031,469.5111310768433,455.8253525972306,466.3260434600499,1129900
2013-12-27,462.5534362792969,464.4534799656363,461.4978657908356,462.59934769905084,702765
2013-12-30,463.6457214355469,467.8955669670897,460.9930274415609,462.9940257917694,1045030
2013-12-31,465.2979431152344,468.1250388678901,462.8012751207984,464.86653264521556,564665
2014-01-01,465.8211669921875,467.20719336655634,464.3341859077696,467.20719336655634,139080
2014-01-02,464.17816162109375,468.1250874280012,461.39694898684843,463.64576838404895,512655
2014-01-03,458.15679931640625,463.1592957981431,456.19249624904165,462.6177426750845,531560
2014-01-06,453.6683044433594,461.6906748034614,451.6397701464254,461.6906748034614,664835
2014-01-07,457.33984375,460.41478859283666,452.44749005978514,453.8426762876113,1116125
2014-01-08,464.86651611328125,466.2892378192113,453.58561312666075,458.02820801532766,1117355
2014-01-09,474.8991394042969,476.73492406904006,463.58151125951895,466.47289451597015,2098465
2014-01-10,481.994384765625,482.9949119660894,470.3738935596497,477.30396882535535,2598475
2014-01-13,482.17803955078125,484.60128885782865,477.3040332978609,482.8113875282208,1265375
2014-01-14,486.29931640625,489.32834971097856,480.3422045014209,481.34273173224835,1319320
2014-01-15,486.5196533203125,489.0347254827815,484.83076272690624,486.5013335689676,1341170
2014-01-16,485.4732360839844,487.58437706576666,481.7098442242272,486.85007446649854,1587200
2014-01-17,486.822509765625,489.36508923414294,484.940841851622,485.1978225501521,2192375
2014-01-20,487.1070556640625,492.4491953165282,482.6736203811946,482.81132662906583,1475315
2014-01-21,486.7674865722656,489.95260213739795,483.9311745796539,486.5013179611115,964875
2014-01-22,490.2646484375,493.45889582886895,485.61092758618025,487.13466023228756,986565
2014-01-23,490.00762939453125,493.41297382859125,488.4104498000555,491.1090552890696,856245
2014-01-24,488.4931335449219,494.184077337807,485.8404111992754,488.86944475919233,1759145
2014-01-27,483.38043212890625,486.2626273583431,481.3427381413255,482.2055591328226,1705840
2014-01-28,486.822509765625,488.4655167300447,482.14128168457387,483.8852433511413,909615
2014-01-29,487.4466857910156,493.2385838570881,486.2258733677179,486.850089421152,1219315
2014-01-30,480.9388122558594,485.7485583698179,479.8189546512384,484.647076536587,2405415
2014-01-31,479.05712890625,485.56500973631887,477.83637252696224,480.6083690800039,675925
2014-02-03,487.0611267089844,490.81527431147924,478.22182062890033,478.22182062890033,733115
2014-02-04,476.68896484375,486.85003806991335,475.50484806814535,486.85003806991335,975485
2014-02-05,476.5146179199219,479.3049903191014,473.6324226773216,478.5890634636571,726990
2014-02-06,477.29473876953125,479.9566484622762,475.2845526836328,477.01019443881927,1093205
2014-02-07,483.1601867675781,486.48295264145935,479.46105365139823,479.506993088535,1341315
2014-02-10,490.5491027832031,493.4588052582261,484.463473250272,485.56495505248284,749915
2014-02-11,488.4013366699219,495.47825042040404,482.003598231323,495.47825042040404,2510690
2014-02-12,480.1310729980469,492.9081168773963,477.8914137642111,492.9081168773963,2041060
2014-02-13,470.4381408691406,484.6287188059769,467.9965161784894,482.8113101288917,1751945
2014-02-14,473.6415710449219,475.2845779420014,461.98432870429343,473.5956876388896,2513040
2014-02-17,485.2896728515625,486.99693909315096,474.3667320127327,474.3667320127327,1513725
2014-02-18,486.85009765625,488.49310470244603,481.3610636137244,487.19890121166367,1417740
2014-02-19,489.8515319824219,492.30234458001166,483.54561682767616,487.400775408528,1473270
2014-02-20,498.5807800292969,499.2783872071838,486.00564312312287,487.0979373045605,1621020
2014-02-21,501.7841491699219,504.4735667853987,498.5990898995315,502.05037378212364,1697605
2014-02-24,513.2577514648438,514.0196176562181,498.23186105203865,502.0686436181295,1849510
2014-02-25,508.3563537597656,514.1390645633318,507.04377437596276,513.2211721810608,1228390
2014-02-26,520.114501953125,523.0884640163769,511.07322925977525,511.26600680968954,2712335
2014-02-28,531.5513916015625,539.6105126304216,527.0537530889395,528.7059479716112,5618775
2014-03-03,516.8743286132812,528.338794676245,515.6994555811343,528.338794676245,1508180
2014-03-04,514.2216186523438,522.7121227780076,506.6765705261039,513.6525298847359,2678820
2014-03-05,511.6147766113281,523.7492850236089,510.2654458983427,518.6091109353212,1873570
2014-03-06,518.9763793945312,521.9686615241682,516.213514338547,516.2227022262342,1785785
2014-03-07,500.3062744140625,520.5365964784564,492.1737637134824,519.7105271884216,2964555
2014-03-10,493.2111511230469,504.8408324307685,487.2172867120802,500.2513703177615,2552615
2014-03-11,491.7515563964844,500.16861215188123,490.4573530498252,497.3139808664099,1735835
2014-03-12,493.3670959472656,498.93870875829526,490.3931339513008,493.8260420830305,1747860
2014-03-13,500.6458740234375,506.67643175466424,495.2945474724398,495.66172671651935,3074980
2014-03-14,510.43975830078125,513.2485057972433,497.50669039296736,500.2511787216136,2289985
2014-03-18,511.7432861328125,517.1221210722647,509.9808927412357,513.4505522086886,1220185
2014-03-19,514.2307739257812,520.7937261350779,511.4679092001084,516.2042647366044,2161745
2014-03-20,510.1369934082031,516.0390338493669,507.46589558901354,514.2307569856146,2900590
2014-03-21,510.091064453125,513.4689573013552,506.1258191548858,513.2761797564791,1257330
2014-03-24,504.84991455078125,511.265972276783,503.79431607645864,511.265972276783,974325
2014-03-25,499.9667053222656,505.7586028710021,498.4154652612598,503.95038212597615,1233340
2014-03-26,483.4721374511719,500.04013595782095,482.04941579076194,500.04013595782095,1923060
2014-03-27,475.2112121582031,486.657359174614,472.78801887302814,485.9230564814184,3436420
2014-03-28,482.04022216796875,484.64706055318663,477.85463615868434,484.64706055318663,3402740
2014-03-31,470.6767883300781,483.4721517914827,467.46413762421923,482.85717970526326,2634305
2014-04-01,477.48760986328125,479.1398048822727,471.80585399738817,473.8160404772102,2867995
2014-04-02,482.2239685058594,485.56511050017093,478.95627359485957,478.95627359485957,2233870
2014-04-03,488.9795837402344,491.9902975269257,485.01433810580113,488.3187281423964,3898160
2014-04-04,486.4920959472656,491.32021830048984,482.9306694214538,490.15447717811935,2033340
2014-04-07,478.4329833984375,485.38143480028685,475.46820921067297,485.38143480028685,2073475
2014-04-09,481.7832946777344,483.5364442466986,474.8624071948468,479.12138471001737,2417355
2014-04-10,468.2076416015625,483.3528913230874,466.2892502130918,479.17643688115953,1998850
2014-04-11,473.06329345703125,475.3672118766173,462.62686347183984,468.1066811066945,1734510
2014-04-15,472.7237548828125,478.8644570328852,471.30103292475155,476.56972612514056,1019820
2014-04-16,465.69268798828125,477.12043090464454,464.6554651539733,476.3861282315715,1051725
2014-04-17,468.5289611816406,471.7966556216519,463.0858664106397,468.1250863172032,1446660
2014-04-21,468.08831787109375,473.26521552751746,465.64672115646715,471.6130207037722,1401030
2014-04-22,468.6023254394531,473.50386652623456,467.8404872230914,469.9608160074899,1022160
2014-04-23,471.0439147949219,474.3942437509131,469.0612642717278,469.9608087164265,3253095
2014-04-24,471.0439147949219,471.0439147949219,471.0439147949219,471.0439147949219,0
2014-04-25,482.6736145019531,484.4268200627307,475.4681827900003,475.4681827900003,3088170
2014-04-28,491.3935852050781,492.7245401495037,485.01427899588293,485.7485815785569,1912925
2014-04-29,489.1722412109375,493.70663052859845,484.6470397782747,491.9901767446122,1027665
2014-04-30,496.7908630371094,510.66939100941215,489.17236766976987,489.23662685768,2356810
2014-05-02,502.51849365234375,504.82241239487246,494.211579160844,494.211579160844,1448920
2014-05-05,501.01312255859375,504.8407174020805,499.3700596413388,504.8407174020805,1163620
2014-05-06,503.80352783203125,505.7586428570952,500.6459761692532,503.0049660357317,817710
2014-05-07,503.4089050292969,505.5751176258009,500.7194870472151,503.803592034479,1751605
2014-05-08,502.481689453125,504.46436785658744,500.35217295710885,503.7208774612116,1533830
2014-05-09,498.9662170410156,502.6377861318949,494.6888637005685,502.6377861318949,3159395
2014-05-12,499.8657531738281,503.3721081231966,497.77293205301055,499.33336000777365,1829800
2014-05-13,479.2774963378906,503.10594506221355,477.4417117015662,503.004990352904,4977515
2014-05-14,462.3148498535156,478.13014504631076,461.4703765706779,477.3040195261114,5201205
2014-05-15,455.5683288574219,466.9960715816127,452.8146518619276,461.69984291121165,3319140
2014-05-16,441.85504150390625,458.02830087245604,440.58834552861504,452.3373568713037,5445760
2014-05-19,419.6878967285156,444.4434526087285,412.4089896684783,442.42407839058774,5236710
2014-05-20,426.4986267089844,432.31806019003324,416.01631294120074,419.458408865375,3235400
2014-05-21,422.2395935058594,427.45321440023963,418.55883687568365,425.90197436473073,3435790
2014-05-22,421.5145568847656,426.81997393492344,418.55894218134426,425.2595456211726,3630575
2014-05-23,423.8275451660156,425.4981157310998,417.8245502091313,417.8245502091313,2729780
2014-05-26,422.248779296875,427.710249344312,419.6970399832818,426.81989274864196,2619750
2014-05-27,424.39666748046875,428.4721115055506,420.76182184064027,420.76182184064027,2818740
2014-05-28,431.7030944824219,433.06155709975314,425.5348573742281,429.5735777161987,7528750
2014-05-29,437.6694030761719,441.2216417130365,428.83928383649777,428.83928383649777,3493615
2014-05-30,451.7223205566406,456.0823087738902,434.5301885125678,437.6693923542009,10613975
2014-06-02,443.14923095703125,453.7784114561442,441.8733472155044,452.5209034881846,1930140
2014-06-03,429.1054992675781,443.34201902875384,428.28858961648336,440.99221677961174,2046410
2014-06-04,425.69091796875,432.51087930440474,423.7358308258435,428.1049792908459,2222405
2014-06-05,424.11212158203125,428.4537621999654,420.6057943216474,425.9020227530826,3446000
2014-06-06,432.15289306640625,433.245187198809,424.4334150771409,424.4334150771409,1810975
2014-06-09,431.9417419433594,436.90754259874404,428.65569986702303,428.83928952995007,1430500
2014-06-10,439.7621765136719,441.50616616225506,431.77650284404365,431.77650284404365,2819465
2014-06-11,446.5545654296875,447.4999932966598,439.1196328386634,439.4867841246225,3193910
2014-06-12,447.00439453125,448.90443845246557,443.7366999479464,446.4628413965182,4153475
2014-06-13,448.87689208984375,450.77693596571623,445.1777870621519,445.1777870621519,2894245
2014-06-16,445.0768127441406,452.7044955496364,441.5337338844439,448.75754183522093,2192855
2014-06-17,442.7453308105469,446.09563190872626,437.99065569535094,445.07678496054785,1803835
2014-06-18,444.75555419921875,449.30829227971543,441.32261786183216,442.7637155323354,1888730
2014-06-19,449.2624206542969,450.67595470080585,442.8830576349186,444.6270474926651,1095295
2014-06-20,447.8212585449219,454.1730569890493,446.1874115219339,446.1874115219339,1016180
2014-06-23,450.5107116699219,452.5208980217576,446.3710084869046,448.1150262437298,2284505
2014-06-24,452.07110595703125,453.4387564001961,450.51067797925515,450.6850797418953,1680290
2014-06-25,454.9533386230469,456.17415113772734,450.2629221504629,452.5209294928491,1510835
2014-06-26,460.34130859375,464.2698862815826,456.00885607719965,457.6060076314372,3034890
2014-06-27,468.6666564941406,472.83389564975323,460.7819644871473,460.7819644871473,1989415
2014-06-30,481.71905517578125,482.848044775917,469.042964768104,469.042964768104,2066155
2014-07-01,480.0484313964844,483.36200878370215,477.2396835131421,482.0769933214458,1524355
2014-07-02,488.8511047363281,489.58540738347824,480.03011701248283,480.5533223547988,1048990
2014-07-03,484.4727783203125,488.9612855363823,481.99445767180305,488.85114293188906,1127400
2014-07-04,491.6873474121094,494.74394442515666,484.83071889558914,485.38143186023757,1413305
2014-07-07,501.2425842285156,506.62141903153895,489.19065525761687,491.62303595382417,2631150
2014-07-08,492.10040283203125,504.5470198613528,488.5481642036069,494.56034741039116,1655520
2014-07-09,488.9152526855469,493.8351409281744,480.97546355892524,491.4394559771252,1767435
2014-07-10,486.6022644042969,495.4782675308753,481.25093644454324,486.50130969388874,1357475
2014-07-11,499.1800842285156,504.23525578082257,483.44147714834725,487.40619370791603,2903240
2014-07-14,498.12664794921875,500.71430756630645,491.69441712381587,499.42050596113717,1786750
2014-07-15,487.74822998046875,499.05078811294203,481.67643862295176,498.6441518811728,1350360
2014-07-16,489.29156494140625,491.63893162731006,484.35648242989805,488.33045041632835,1269045
2014-07-17,489.3192443847656,493.49650214066537,485.0680937956015,487.9607443875596,898280
2014-07-18,490.4098205566406,492.7848829150208,487.03658445832093,487.055085870318,855620
2014-07-21,490.502197265625,494.89199554543984,487.04581775038633,488.1640250013507,1221890
2014-07-22,503.4128723144531,505.83424488057,491.28779010355214,491.28779010355214,1401740
2014-07-23,505.3351135253906,508.29246277195836,500.54792946300233,508.29246277195836,1083245
2014-07-24,499.8363037109375,507.86732690705736,497.304092094453,507.73798623975364,1313235
2014-07-25,507.18353271484375,512.3126553059034,497.5722165997849,497.5722165997849,2152700
2014-07-28,511.93365478515625,516.6099428884854,502.9045148351412,507.5346058170558,1692370
2014-07-30,521.8131103515625,526.7666385090293,511.06502936255487,512.3403860279346,3498525
2014-07-31,519.1422119140625,522.7834367119001,513.0981724687525,520.5284641507,3375000
2014-08-01,509.9189453125,517.3492357349253,507.1833877228156,512.9132406109887,1938080
2014-08-04,511.56402587890625,514.3919782082618,508.2924908803964,514.3919782082618,1268445
2014-08-05,513.8651733398438,519.7151163175438,510.12224771812686,512.9132532001112,1323780
2014-08-06,508.4680480957031,515.1313203887217,507.14649448437035,515.1313203887217,827695
2014-08-07,509.27203369140625,516.5914287143186,504.65119352928525,509.7710641224888,2158180
2014-08-08,514.2532348632812,518.4027396739178,507.553017645258,510.1406764619068,2317485
2014-08-11,503.00616455078125,514.7615539315798,501.13932722065846,514.7615539315798,1752710
2014-08-12,504.6604309082031,507.86726682079734,501.10235023328346,503.8564092537649,1240955
2014-08-13,506.69366455078125,509.15192688903846,503.11713849999,504.66048344014865,1661830
2014-08-14,509.35528564453125,510.7045350093312,506.4810799010788,508.29246973602113,731110
2014-08-18,512.7838745117188,514.2071294196534,506.86923279162914,508.68056608283064,616630
2014-08-19,523.032958984375,526.7573271778133,513.2090473526849,513.2829965962005,1053625
2014-08-20,533.402099609375,536.017511190625,523.2640023781282,523.4488472840259,1678815
2014-08-21,524.7149658203125,532.3208516047138,523.264015063622,530.5279631468586,1124115
2014-08-22,522.3490600585938,528.7165352515918,516.2587676011087,528.2544512122505,1171600
2014-08-25,532.3115844726562,534.8345453808977,522.5246757053216,522.5246757053216,1064910
2014-08-26,534.07666015625,541.5069498796794,529.5482148141687,532.1358736924724,1851475
2014-08-27,540.2222900390625,544.1500032896172,536.9784519529397,536.9784519529397,1660585
2014-08-28,544.87109375,549.8800695136971,538.3649136339217,540.0839093253966,6001720
2014-09-01,550.0277709960938,552.6154863753331,543.6325445911756,545.4439340752962,1751040
2014-09-02,553.6044921875,554.038824157054,544.787891646049,547.4772526388278,1643260
2014-09-03,554.5931396484375,556.3768333507974,549.8799058750586,554.1310556939206,2181430
2014-09-04,554.7410278320312,556.2936231216576,549.7782507649321,553.5765672631286,739635
2014-09-05,550.8411865234375,555.7947708807361,546.7378775120427,552.6525764785262,887570
2014-09-08,555.055419921875,557.7909782065849,550.3421844814603,554.3160966145015,1479665
2014-09-09,556.0534057617188,559.6484328858669,551.7560583262334,552.6524742275885,762250
2014-09-10,554.657958984375,557.0885256270891,551.3771734740436,554.5008661995071,620775
2014-09-11,550.1480102539062,555.4250304335046,547.310807406177,554.7041522372386,520895
2014-09-12,546.85791015625,553.1145455385633,545.3515118104146,549.8892082579947,995710
2014-09-15,551.4324951171875,554.1310495879454,547.1997903465682,547.1997903465682,634355
2014-09-16,556.3027954101562,560.5909473618536,551.3584640412626,551.4324132560777,1534425
2014-09-17,569.6480102539062,572.2449204569118,556.6634592388785,558.2253056432535,2019795
2014-09-18,590.1275024414062,591.4583067018428,569.6572137908009,569.6572137908009,2196420
2014-09-19,595.70947265625,598.8608606999192,582.0502426162861,591.837206501319,1553430
2014-09-22,593.630126953125,598.3526121263232,581.9024322036547,592.0220271728676,1244070
2014-09-23,591.30126953125,601.5965162081485,586.8652737148849,592.3917811739618,2360870
2014-09-24,596.8555908203125,599.3970534828129,587.807947641489,587.807947641489,2103405
2014-09-25,611.8731689453125,620.3939708817626,598.8608676324974,598.8608676324974,4004415
2014-09-26,595.6170043945312,613.0191030177727,591.6523441200783,612.168884281494,2545840
2014-09-29,592.9832153320312,605.8661205136393,591.2827212603655,600.1547685967532,1612180
2014-09-30,596.9385986328125,601.5686894919845,594.3971365482302,595.1642118076459,1303405
2014-10-01,591.5415649414062,605.6998277609283,590.3586026347764,601.448620429068,1599445
2014-10-07,572.8547973632812,594.2400597058662,570.8586191823025,593.334393061604,1803825
2014-10-08,548.25341796875,576.3111450479702,545.259122659225,575.7566668079613,2196360
2014-10-09,552.0148315429688,562.8091079081689,546.3311753095389,554.4915952192919,2733180
2014-10-10,554.2883911132812,562.7999443153783,550.0094877440423,551.8208213541164,1604615
2014-10-13,543.9929809570312,552.6524300728921,539.7140788671722,552.6524300728921,1350900
2014-10-14,542.542236328125,553.5768080128994,540.0007735200523,543.4109567806091,1055800
2014-10-15,542.542236328125,542.542236328125,542.542236328125,542.542236328125,0
2014-10-16,536.9139404296875,548.0317102955768,534.3540330231748,540.7030636703831,1538700
2014-10-17,539.4553833007812,548.3828788511302,529.9180180221807,529.9180180221807,1780025
2014-10-20,548.2626953125,552.319806587028,543.3923116419519,547.8468084089172,1845085
2014-10-21,547.9022827148438,549.6951710736163,541.257511862185,548.2165246857961,797795
2014-10-22,561.4783935546875,563.7426169862285,553.632214353189,553.9464563685129,1329990
2014-10-27,574.0562744140625,589.647043302381,568.3726740249299,589.6377925956212,1563725
2014-10-28,569.4908447265625,577.3093272306526,565.0548490872523,575.7659822833951,1003345
2014-10-29,562.9293212890625,576.6809484177173,553.9833800119053,568.6406739132357,3463675
2014-10-30,572.0415649414062,576.1264286451913,568.5389880725818,568.9178721828627,2432810
2014-10-31,585.6082153320312,591.8279037473418,572.4296282653186,572.9841064508036,1460065
2014-11-03,588.0111083984375,602.7238463562002,585.6821871162374,589.6006501958701,1549765
2014-11-05,601.0881958007812,603.4818161847099,586.3015050519981,591.4491285377281,2422220
2014-11-07,627.9075927734375,639.1547039630912,597.4100422017904,605.3301704372373,4121840
2014-11-10,636.2435302734375,638.932834585514,628.3234030053005,633.7944622821265,1782480
2014-11-11,631.825927734375,637.6574256224197,628.6190918142419,637.6574256224197,1518390
2014-11-12,635.7721557617188,639.9309118898325,632.0385372331276,632.5006212473625,891450
2014-11-13,641.0491333007812,647.4720555503359,621.9835436162871,634.0346736075982,1656955
2014-11-14,634.9127807617188,642.851353720042,629.4509153127681,642.851353720042,963005
2014-11-17,635.781494140625,639.4874174709095,633.045936092698,634.9035231111595,1017690
2014-11-18,634.5244750976562,640.8457520636168,632.6853335607482,637.6758628763871,921960
2014-11-19,651.1781005859375,653.3868759815425,633.9793450117937,637.6760175774601,1874455
2014-11-20,652.2130737304688,659.7820120128152,649.3758711618974,659.486271479862,1174130
2014-11-21,652.6105346679688,653.793496936567,647.2503708544042,651.9082142785775,598450
2014-11-24,650.9840087890625,656.9448476942763,647.8510655051249,650.6143189996612,915475
2014-11-25,660.4475708007812,664.4769305835287,639.5243893794184,650.6144076923563,1648175
2014-11-26,660.8264770507812,663.3124918287119,648.2300596496781,661.7044481446139,1121145
2014-11-27,667.4157104492188,672.6095306490297,652.8508121951993,658.9318540757899,1376570
2014-11-28,666.55615234375,672.5724948894626,664.3473773446406,669.0791128667637,1176465
2014-12-01,670.6596069335938,677.6463160986754,665.7707775814323,665.7707775814323,1071160
2014-12-02,663.8114013671875,670.5762613185796,661.7227727148057,670.5762613185796,861780
2014-12-03,647.278076171875,661.1498476723461,644.8752053900539,661.1498476723461,2300605
2014-12-04,642.3983764648438,650.7990880314048,639.7645203442979,650.7990880314048,1625010
2014-12-05,627.6025390625,642.8421185325171,625.8650985083533,642.8421185325171,1597935
2014-12-08,612.7974243164062,629.460146501549,611.9009518916561,627.6765087652485,1808155
2014-12-09,620.0890502929688,624.5527980624873,613.647625635258,615.4959618570509,1794005
2014-12-10,628.72998046875,632.482100292122,617.344223941029,624.7375679403227,1267475
2014-12-11,633.8869018554688,637.306278589505,615.6807795928291,624.6821675706831,1097185
2014-12-12,624.3216552734375,633.7851261765975,621.1332645240806,630.4673947817159,938895
2014-12-15,620.2369384765625,623.9428615647824,610.3390778668331,619.0077791155975,933585
2014-12-16,580.811767578125,615.0984301898688,576.6622627712076,612.1041352470925,5185610
2014-12-17,584.1388549804688,593.8703143632994,565.0363188536262,573.168985700117,4062645
2014-12-18,582.45703125,595.1643445061484,577.4203030780307,591.4676715589052,1755995
2014-12-19,591.3659057617188,595.1642229013127,585.0168757846121,587.7708785174455,2381975
2014-12-22,598.4727172851562,601.6333559881663,586.8744203980682,592.576521050337,1156885
2014-12-23,592.641357421875,598.2140623152802,588.3624541595244,596.9849028200407,1345395
2014-12-24,579.3517456054688,588.8799163263075,576.542238520632,588.8799163263075,3300015
2014-12-26,579.287109375,583.5937083047057,576.1541656854465,581.3017892525662,781425
2014-12-29,580.5346069335938,584.8505121820341,579.4718475590236,583.4734544562561,605330
2014-12-30,588.2421875,589.6191888061462,581.0244376174358,581.2647303244726,575680
2014-12-31,600.0068359375,602.7423935815659,589.988886194188,591.4397803468297,1219965
2015-01-01,593.4083251953125,597.936771530031,592.2069179249011,597.0126034132921,378210
2015-01-02,595.4230346679688,599.3507489882473,594.2400724562717,595.1642405316314,430070
2015-01-05,581.93017578125,595.4230641946515,580.5624250120494,595.4230641946515,1468825
2015-01-06,566.6167602539062,578.5293020722148,564.6667788596218,578.5293020722148,1956675
2015-01-07,561.7462768554688,568.9270235382469,556.3491111575021,568.3817960303662,1597185
2015-01-08,566.75537109375,571.8844930666174,562.0790824912202,565.59091019474,1394180
2015-01-09,584.776611328125,585.9225707379278,571.3576725727387,572.0600493482291,2968190
2015-01-12,592.8076171875,594.0552215138408,577.9100324768619,582.7803598278545,1671110
2015-01-13,595.7833862304688,598.4911917810348,589.6192012836631,593.3158733920246,2453370
2015-01-14,592.9924926757812,595.7557463104669,589.8041014023959,592.3917608392213,1656545
2015-01-15,598.9625854492188,601.4393492367727,592.1976680563121,596.3841767062986,2218360
2015-01-16,607.3262939453125,609.0267880967508,597.2436446244692,599.2306286354345,2110020
2015-01-19,614.3684692382812,615.4959271948435,604.3504626613687,606.2542466063323,1243345
2015-01-20,611.0969848632812,617.714060907297,608.5370208433204,617.714060907297,1488550
2015-01-21,616.5772705078125,618.9893923332013,601.0790084442999,605.7922436122216,2155780
2015-01-22,621.2719116210938,621.965037591664,615.5143632757128,615.5143632757128,1228990
2015-01-23,619.1185913085938,626.5396871905996,616.4200366272901,626.5396871905996,2207395
2015-01-27,593.7594604492188,614.5439905093273,590.6080722721646,614.5439905093273,2061520
2015-01-28,598.6854248046875,599.7851872656512,586.3107985436661,595.1643460694597,1248555
2015-01-29,621.6509399414062,624.7376864656945,593.3806670484378,597.7519644671875,7008190
2015-01-30,597.6132202148438,623.4159732734255,591.6523257279663,622.8891907794774,3163790
2015-02-02,580.2112426757812,588.5102544406086,579.4719194524547,587.7247340920891,1931265
2015-02-03,570.609130859375,576.4960774290495,568.3449076233278,573.3539395808641,2612865
2015-02-04,572.4111938476562,577.8360556230133,570.2116694432614,573.9083415304138,1074225
2015-02-05,567.8180541992188,572.0600102736871,565.8126253690447,570.7661524696613,2110710
2015-02-06,562.68896484375,576.126404855745,560.0458576669665,568.3633704045948,1222480
2015-02-09,572.8179321289062,575.3778960556875,555.7947699273572,560.6003993717882,1760745
2015-02-10,578.6215209960938,581.3940247984837,568.3632794899445,575.026550601446,1694925
2015-02-11,582.6693725585938,587.9371409876213,577.41085483385,580.4329019845163,1164455
2015-02-12,615.7177734375,617.9265488328366,590.0536061033205,590.5434422934503,2286200
2015-02-13,618.0742797851562,622.7043703656683,613.832380367052,621.0408792917698,1055275
2015-02-16,619.423583984375,628.9517535309834,617.0022684073368,619.5622317430378,749685
2015-02-18,619.9781494140625,623.998314506673,612.1874190735865,613.0931421712286,1048480
2015-02-19,625.2736206054688,627.8335276881952,612.2982653831672,618.6472952273273,858420
2015-02-20,629.1550903320312,633.0458013399067,623.0740493666805,628.0645225022605,757390
2015-02-23,626.5490112304688,632.8702893039122,621.5215346237553,628.8409300165426,2079990
2015-02-24,620.9947509765625,630.2826288743744,617.418225029067,623.8134523316755,1082050
2015-02-25,606.1342163085938,625.6711463512517,603.4818579843575,623.8135591721918,2027820
2015-02-26,601.1158447265625,606.808694868573,596.4580582467357,601.2636867897006,2485045
2015-02-27,605.8939208984375,609.7661880458579,591.6525132657076,600.5245057280766,2169240
2015-03-02,625.966796875,632.112480914687,615.8840912854884,621.5954433920888,1361095
2015-03-03,629.89453125,643.7385518182463,621.6232151866263,630.0978211638171,1999645
2015-03-04,626.6692504882812,641.0030521386426,623.0002733387712,629.8945885374624,1453640
2015-03-05,636.1048583984375,637.6574539557392,626.234750379828,626.234750379828,1404490
2015-03-09,640.9197998046875,650.0598354484184,638.0271492666544,638.0271492666544,1170590
2015-03-10,635.32861328125,643.2209884363837,630.4212829964318,643.2209884363837,1110320
2015-03-11,641.0029296875,652.8230750139963,622.5288196014461,639.3117427879286,1548505
2015-03-12,634.4967651367188,647.8417530040853,631.2436758018633,641.3725771538304,1841340
2015-03-13,624.0999755859375,640.2821685147308,620.7637421850981,639.3394989750353,970535
2015-03-16,612.353759765625,628.1755131061807,609.9786973893979,626.5859710513172,1089025
2015-03-17,635.3563232421875,638.184275395055,619.3774769688821,621.0409682811433,1772035
2015-03-18,633.43408203125,638.4061113097755,628.4343570390704,636.733369174515,852305
2015-03-19,632.9996948242188,643.2209916595505,630.4767339846777,641.3726554766207,1389765
2015-03-20,633.3508911132812,640.4484953754728,623.1665405681191,635.4949678810387,1539650
2015-03-23,639.2747192382812,641.3448465547324,633.7020154718292,633.9792545933648,948465
2015-03-24,649.0340576171875,651.5385737176242,640.0788656030114,646.7328878499882,2612275
2015-03-25,648.8768920898438,660.7801815511651,647.6569834474017,651.5385006903097,1969915
2015-03-26,636.8811645507812,645.4481637626053,619.4698141882571,641.3726076024257,2686595
2015-03-27,631.28076171875,634.8849834657132,621.0779097915752,634.8849834657132,1219560
2015-03-30,633.1105346679688,639.1176267329084,623.4437169770399,639.1176267329084,1409625
2015-03-31,644.8383178710938,649.6902005924455,638.415338034812,638.415338034812,1400455
2015-04-01,653.13720703125,659.2644451440177,647.231816611461,654.4957632695908,1413925
2015-04-06,679.7904052734375,682.867901153547,652.2779000861148,652.4627450062768,2183820
2015-04-07,681.0841064453125,684.7992800876278,673.7554605161583,677.969664603232,1164730
2015-04-08,694.1333618164062,697.8022816688105,676.8883555007413,679.2634740086003,2219855
2015-04-09,691.323974609375,695.7137733300233,680.002914750861,694.0595326448818,1549295
2015-04-10,701.8871459960938,703.8094313707687,685.0580815838447,692.3867275917866,1077135
2015-04-13,701.5081787109375,703.7908464921696,689.7065358360611,698.6709763108141,1317300
2015-04-15,693.7914428710938,702.367749839103,689.7343878168065,698.6710774715289,1468240
2015-04-16,680.2431030273438,691.5087133229134,677.08246422776,689.4293353008933,1167935
2015-04-17,674.1159057617188,683.8843689902945,669.0976799310449,677.489141766057,1292220
2015-04-20,659.301513671875,686.8324597519667,654.347930022901,674.6426808378191,1514980
2015-04-21,639.8939208984375,667.9885931627242,638.045584970258,660.9464377888992,1936100
2015-04-22,659.911376953125,662.6284330352292,644.6995518938968,645.0784923485372,1698220
2015-04-23,652.2408447265625,664.4768205471647,648.581118982908,661.556474360666,858435
2015-04-24,643.9879150390625,660.0222050804543,641.4372026833072,648.8582413754842,931160
2015-04-27,625.772705078125,649.662428118745,620.135302179305,647.8418440203448,2723495
2015-04-28,630.6986083984375,634.1272363691905,617.5014592383086,626.031570202989,1383945
2015-04-29,625.1903686523438,639.0159415169056,619.1925276705825,630.8370212999023,1168845
2015-04-30,611.8453979492188,624.7375525109322,605.6072641038803,624.7375525109322,4007680
2015-05-04,627.5193481445312,629.3584335140091,612.9082537284712,615.4959129520265,1264110
2015-05-05,628.9241333007812,632.1309694771315,619.3867119047732,626.5859609729462,1574005
2015-05-06,619.8209838867188,630.060781061388,606.8179334331078,626.5859003764053,2039700
2015-05-07,606.7903442382812,618.4533418655693,600.7185526787687,612.0211111872541,2099680
2015-05-08,619.2758178710938,626.5397654930057,610.5054153489783,619.0077730257061,1342365
2015-05-11,620.9854736328125,630.2364047171212,617.1132072978041,624.7375936103565,1216890
2015-05-12,641.16943359375,646.3078064711577,621.567805987805,626.7708774072884,6354760
2015-05-13,645.8363647460938,652.4626337739618,638.6001132263564,646.353896590268,1952595
2015-05-14,650.50341796875,654.2924844484617,641.3726330320654,646.0858675709011,1084320
2015-05-15,646.261474609375,650.0598482770296,641.3726457858212,650.0598482770296,977035
2015-05-18,669.550537109375,671.685363162082,645.9935012877795,646.9176693869036,1734110
2015-05-19,672.0550537109375,682.5258940795334,661.7043597079007,668.1735364089557,1934910
2015-05-20,667.0183715820312,680.5574577313973,664.6617540479542,672.0550993512536,1224490
2015-05-21,668.9497680664062,674.5594180050587,663.5526023039118,669.6520883417825,1149350
2015-05-22,673.2842407226562,676.4910770866126,664.4768912913585,669.1162333947617,1027005
2015-05-25,662.7117309570312,677.1934293624531,661.0297382378234,670.9460439501794,1001045
2015-05-26,655.651123046875,666.325254186967,653.941378079045,662.9982713196067,1452145
2015-05-27,662.93359375,665.1238678815372,645.9935747721701,646.0490226081552,1199620
2015-05-28,652.083740234375,665.4009766282046,646.9638132861168,662.961159509617,1456865
2015-05-29,653.4329833984375,660.4196913320826,645.0692741482076,658.9317943662923,3791700
2015-06-01,654.0244750976562,660.2256628824499,650.9100333505684,652.092939096904,792215
2015-06-02,642.0657958984375,652.6659770692669,640.4485017022198,651.5385190477128,861195
2015-06-03,633.6188354492188,642.2967868698697,628.249421400864,640.8181405707073,741335
2015-06-04,632.5006713867188,641.3172147707951,628.249464274714,634.552297497322,827575
2015-06-05,631.3177490234375,641.7053901180211,629.3585170365391,633.979357837101,762220
2015-06-08,629.7374267578125,637.3063665530294,627.2976655850844,633.0552154064309,927440
2015-06-09,613.998779296875,628.434279859942,612.3537330772996,628.434279859942,1080750
2015-06-10,622.2608032226562,624.672868159976,614.55321729987,614.55321729987,886690
2015-06-11,612.3074951171875,624.3678761964178,609.2115548900026,624.3678761964178,947190
2015-06-12,613.1947021484375,617.3349566264918,610.6624909218868,612.9451587450191,778335
2015-06-15,613.758544921875,622.1130046595451,612.3537912890798,615.4405377172621,1237170
2015-06-16,607.4742431640625,616.4756323354313,603.7683196864405,614.0173697619421,1597855
2015-06-17,618.6751098632812,621.7248533846077,609.9509605351152,609.9509605351152,1806375
2015-06-18,624.266357421875,630.9665767541233,620.4218425964099,623.7765776159928,2159880
2015-06-19,625.61572265625,633.3695079915452,623.7026875654865,626.7801837033891,1766225
2015-06-22,633.2214965820312,633.9793211983372,628.4343125581184,628.6191574608081,1036010
2015-06-23,636.4468383789062,637.4542064407166,632.6854673914097,634.9034934245867,766625
2015-06-24,634.8201293945312,642.2966723127884,632.3433662614709,636.4466738775513,1369165
2015-06-25,644.2283935546875,648.6458879325377,632.3989962368655,633.0551759227179,2353050
2015-06-26,652.4811401367188,654.3109748127329,644.9769001358691,646.3631522011503,1224430
2015-06-29,650.8268432617188,654.4958197261325,633.6095880977726,646.7327855975844,1130240
2015-06-30,657.906005859375,658.931818856021,638.2674348205385,646.3631559538621,1976490
2015-07-01,660.5213623046875,666.8981444189867,653.4607612645002,655.7896263963274,1313440
2015-07-02,655.7342529296875,663.5434851271872,653.6456802793439,660.2257530357969,718390
2015-07-03,663.1368408203125,665.382562642691,656.1593826105219,656.8987058447899,704885
2015-07-06,686.97119140625,689.9377351277421,655.4200765861892,655.4200765861892,2391555
2015-07-07,691.2684326171875,693.8653425135064,681.7495132324632,686.8416880798774,1952545
2015-07-08,687.7381591796875,696.8874459323397,684.8085620965905,689.1706084533315,1690125
2015-07-09,689.8082275390625,694.7710617046185,686.0191612167381,686.1023611575698,964305
2015-07-10,696.953369140625,699.5271253167693,689.89187232366,694.0358897099502,856355
2015-07-13,698.3750610351562,704.2937254044067,687.7549131156693,696.9906404903222,965105
2015-07-14,701.1253662109375,711.4202786401629,698.8210420802693,706.142728178122,1374640
2015-07-15,708.9393310546875,709.8591777316318,702.4446010404848,704.4608346351457,966060
2015-07-16,718.5097045898438,720.8325731917188,708.0103498515006,708.0103498515006,1071235
2015-07-17,720.4700927734375,722.5792753206323,715.7221636161929,719.1600200152436,1133300
2015-07-20,730.3563232421875,731.0438832640771,718.24026121673,723.8058452276377,869360
2015-07-21,716.02880859375,728.8974763785703,712.7488913108423,728.8231854241369,746460
2015-07-22,715.025390625,724.3726114659095,711.9685160080622,715.4435183090006,689905
2015-07-23,727.22509765625,736.7953047634894,719.8941108839894,719.8941108839894,2702115
2015-07-24,726.388916015625,731.9823450654429,722.0776582647632,729.5665843952262,1587895
2015-07-27,716.3446655273438,726.6117885446318,711.1228622464515,723.80574555566,1698575
2015-07-28,696.6932373046875,726.5931906998188,694.4911627341756,724.1588293036357,2594915
2015-07-29,689.864013671875,703.2716599920363,681.6224811193892,699.6479626010758,2177750
2015-07-30,727.1693115234375,731.053140731974,691.4714853807037,694.8163932346557,6650085
2015-07-31,757.45947265625,760.692943985586,735.1506925018598,737.1855274592918,3523830
2015-08-03,770.0587768554688,773.7288635618695,751.615167718381,760.0611421801983,1823225
2015-08-04,773.375732421875,779.5452841040413,764.4280393865884,771.3687992066881,2000230
2015-08-05,778.9598388671875,782.3419483112971,769.3617890503297,775.4848373866339,1442725
2015-08-06,792.8600463867188,803.99121381352,784.5720676645368,784.5720676645368,2328085
2015-08-07,791.4198608398438,794.420988649555,786.0586624532439,791.2618649577981,1073790
2015-08-10,791.5778198242188,802.4673998779755,788.5209453651121,791.0761006557176,1460555
2015-08-11,784.915771484375,800.3674953980914,777.6869783731845,795.5359181654205,1371000
2015-08-12,794.4209594726562,796.4371932802885,781.2270561720326,785.7241541584594,1430370
2015-08-13,797.5335693359375,802.4023488680157,789.2362906787116,797.9516969667718,1165870
2015-08-14,791.2155151367188,806.1190768202104,785.6870763592638,801.4825833173289,1352505
2015-08-17,777.0364990234375,785.7891065641597,772.9296842385079,784.0144036369522,1080150
2015-08-18,778.87646484375,784.9437683100883,772.8927528914218,781.3201272173517,2100885
2015-08-19,786.30029296875,793.2595979668122,779.9355992104989,786.0587055694562,2782205
2015-08-20,798.2490844726562,804.2141947127727,789.9611058060991,789.9611058060991,3407185
2015-08-21,788.6695556640625,801.4732332996501,782.5650508019557,801.4732332996501,2078250
2015-08-24,751.3550415039062,780.2143564735165,747.8149923017298,771.1923151181659,2007385
2015-08-25,762.8950805664062,771.1923602393653,730.6815553255125,757.4409897362648,2271915
2015-08-26,754.6905517578125,767.4756269659612,737.9287558171493,762.8298907252471,2203760
2015-08-27,767.4943237304688,779.3687975524117,759.187744028188,765.9891095376964,3239700
2015-08-28,776.9066772460938,787.7498123074143,772.8184057068727,786.0587571121303,1473675
2015-08-31,799.5592041015625,802.736872190519,776.9158307877927,780.4094339315129,2316040
2015-09-01,789.6080322265625,800.8228478935234,781.4129455405847,799.9679914733886,2487615
2015-09-02,780.51171875,795.8147492285867,776.2655083206994,789.7566900245854,1677550
2015-09-03,782.1934814453125,791.5314015839266,779.5918233259321,786.9785565856682,1048115
2015-09-04,753.1390380859375,780.4838401072741,747.9636801028043,780.4838401072741,1829070
2015-09-07,733.3759765625,760.9716636182596,730.3098017142272,758.184221626984,1125360
2015-09-08,739.1459350585938,745.1760916140362,715.7500141994806,733.4874033753235,2082665
2015-09-09,750.9461669921875,757.6174378652581,735.2714564268471,754.4676148773199,3668120
2015-09-10,738.402587890625,746.8578046824285,735.8845785758781,746.6719639012654,3044895
2015-09-11,745.9567260742188,748.6884217078203,737.018275882392,746.6628304636388,1981335
2015-09-14,751.2527465820312,752.6093220722181,739.0437940129547,747.3131710562463,2069560
2015-09-15,742.6769409179688,748.8929404214068,739.7408595533773,748.8929404214068,1808375
2015-09-16,745.2505493164062,747.954343249992,741.0972310221758,747.954343249992,1729805
2015-09-18,744.4049072265625,751.6801462765523,742.7603551113002,750.3793174059055,2746650
2015-09-21,735.383056640625,743.1878611459153,732.35402689867,743.1878611459153,1059220
2015-09-22,730.2540893554688,743.3085986174207,725.4782582427772,743.3085986174207,1332170
2015-09-23,731.1461181640625,735.3551264334781,716.7443333376082,726.5375266037605,878465
2015-09-24,737.7894287109375,743.1320258777471,731.5455858518837,734.0263933529674,2595465
2015-09-28,778.857666015625,785.4824903063585,737.7429010634133,741.8311715621292,4571020
2015-09-29,758.45361328125,770.644021066129,747.0344136182673,769.0366144180647,2578965
2015-09-30,773.4872436523438,779.554602883984,758.1842144854958,759.6708275159124,2746920
2015-10-01,786.6068115234375,789.7751787584772,778.6254115289457,783.0388610573019,1986180
2015-10-05,776.8136596679688,786.0586874882417,773.8403766946764,786.0586874882417,1572510
2015-10-06,789.1248168945312,799.9029599607735,784.2003473822472,786.4303236609601,1675200
2015-10-07,779.6568603515625,789.0319825600079,778.003007470911,789.0319825600079,1330320
2015-10-08,785.1666259765625,788.6509284048162,780.6695847337946,784.9436396948585,1642270
2015-10-09,791.2340087890625,798.1189656402196,787.1550383473483,791.8193761513429,1328605
2015-10-12,778.1608276367188,796.0190106928349,772.2979107142339,784.386125599942,1210975
2015-10-13,785.6963500976562,790.29564125005,775.4106811712458,780.4838465899174,1329840
2015-10-14,779.8983154296875,791.6334496247084,776.7763943093285,786.058566176647,1101435
2015-10-15,781.8681030273438,787.8425129837742,777.928527797837,780.4836827114757,1268355
2015-10-16,793.4918823242188,795.2665289116225,773.0970854820679,781.673154576758,1019710
2015-10-19,807.9121704101562,810.2164375438362,782.407065936629,786.0772090772662,1683600
2015-10-20,802.7276000976562,815.1595967392326,793.6126664507357,812.0748205925725,1816010
2015-10-21,775.577880859375,792.5627223412137,773.60809293273,792.5627223412137,4546375
2015-10-23,778.3281860351562,780.0006400104645,769.5849339672305,778.6255200079798,7302805
2015-10-26,780.6231689453125,791.8193831729558,772.2236406047881,789.9610884725784,4354730
2015-10-27,776.5999755859375,785.129541790884,773.5151994566993,785.1202412433116,4071250
2015-10-28,764.4373779296875,780.4837707446685,758.2028355320095,780.4837707446685,3227090
2015-10-29,784.4512939453125,787.9169956016691,758.7789467333725,764.6790100421176,6075625
2015-10-30,795.33154296875,811.2106963817703,786.0586704178496,791.8193954202532,5226980
2015-11-02,798.3790893554688,801.881992697884,786.6532553880777,790.3326422689204,2237600
2015-11-03,805.5986938476562,807.4290869963718,798.927365640053,800.9250552253999,2533870
2015-11-04,803.322265625,813.784474300986,800.9250494819057,806.5185349122403,1432455
2015-11-05,789.663818359375,804.3071908559671,787.3780952772753,800.0145342878872,1511245
2015-11-06,674.6818237304688,797.5801716876099,671.7735877556146,791.2619238339682,20077465
2015-11-09,650.6168212890625,664.3403455965569,640.359055109952,663.4111982600582,8571740
2015-11-10,618.9422607421875,650.0314963557114,613.237282113183,650.0314963557114,9468305
2015-11-13,629.8875732421875,633.4369230236917,612.8655865090415,616.2105510889457,8533480
2015-11-16,652.11279296875,655.0488736055571,633.6784848212623,639.2533688519479,6525455
2015-11-17,639.4949340820312,645.0233718964242,633.6970639646565,642.9699359337494,3942100
2015-11-18,625.6785888671875,638.138430699261,624.3870603550025,636.0942950523959,3717640
2015-11-19,609.7250366210938,632.7493347909893,583.1049995142081,631.8201874564944,19031830
2015-11-20,623.104736328125,627.5739324187706,615.0490453935619,616.3963202742891,3921190
2015-11-23,633.5390625,636.2429128953277,624.3869842983396,624.3869842983396,2838850
2015-11-24,629.534423828125,633.4926002904396,622.5286737955727,631.634305741796,1607540
2015-11-26,576.2107543945312,594.6357055967468,572.5406110032905,585.3628331491896,13707815
2015-11-27,575.9412841796875,583.4952569529719,566.2316826689569,581.6462627314124,6941180
2015-11-30,577.9296875,583.1328902980523,576.4523181692964,578.8588349075562,3855655
2015-12-01,596.679931640625,599.1979417683642,581.553439908862,582.0180136564451,5924780
2015-12-02,604.2525024414062,606.7333103582193,598.3709829566512,599.3001304457143,4179595
2015-12-03,599.0491333007812,603.38829211558,594.8679703620056,603.38829211558,1960590
2015-12-04,593.818115234375,597.6834004014223,590.9377808109128,593.5765845332621,1629340
2015-12-07,590.9190673828125,595.6391514313806,585.799456810207,595.2024794320778,1733125
2015-12-08,569.2328491210938,585.9017549365607,565.4790575124489,585.139847300258,4393125
2015-12-09,556.5964965820312,561.9483952422553,548.4757565261943,551.5326880883179,5197810
2015-12-10,556.614990234375,564.4941413461788,551.2909942479055,556.3734028579119,3435450
2015-12-11,551.727783203125,561.9391053218277,548.3828748325523,556.7359019207893,2429255
2015-12-14,559.4210815429688,560.6475629142129,548.429251940219,551.1702481078033,1876560
2015-12-15,556.41064453125,565.2839907086153,554.9425757851665,559.5325661317406,1973825
2015-12-16,558.32470703125,565.479096792482,556.9959763160588,558.770679645175,1604035
2015-12-17,560.8240966796875,569.3722072777765,559.4489199826818,564.1783051386383,2461875
2015-12-18,552.6940307617188,559.0215219025447,551.8763765625843,558.4175534450068,2192485
2015-12-21,559.2445678710938,562.9704581898519,550.5291603221228,554.42229037528,1833850
2015-12-22,557.6927490234375,563.4349290764067,556.5592165713986,561.2420984118585,951540
2015-12-23,562.0598754882812,563.2956575107539,559.3746823818584,560.2759282127581,863570
2015-12-24,559.3466796875,566.6033178980763,558.417532379049,564.6428306878009,1132870
2015-12-28,579.9180908203125,581.4604506020864,560.2759005311019,560.2759005311019,3759550
2015-12-29,576.1642456054688,584.8332062081142,574.2130588663977,576.0713535552857,3116650
2015-12-30,580.001708984375,589.4511796174548,578.1155691035304,578.1155691035304,3166420
2015-12-31,577.6694946289062,586.2920097268282,575.2072880439277,581.4604319020034,2729505
2016-01-01,577.6694946289062,580.3454436792505,574.2130935200947,579.5649916207832,859300
2016-01-04,567.8949584960938,579.7880350524736,565.3955494739955,577.0005925762597,1669965
2016-01-05,570.6173095703125,573.3583058013907,568.6382210288986,569.5673684488804,1507525
2016-01-06,566.0829467773438,574.5846665695426,563.9552200481289,571.230401987521,1333990
2016-01-07,555.964599609375,561.3908451336324,551.9135307384176,561.3908451336324,2419515
2016-01-08,559.476806640625,563.434983479813,552.9913194851093,553.7718282225404,1854355
2016-01-11,544.759033203125,556.3733740812005,543.0679783659994,556.2804820384355,2329895
2016-01-12,543.2259521484375,546.877493966771,537.0935463877408,541.8786773192252,2357910
2016-01-13,537.2236938476562,548.0668272461251,530.617469980691,545.4094795084801,1875845
2016-01-14,541.6929321289062,543.5512269218012,530.3573225501151,535.1889003537735,1956610
2016-01-15,545.5767822265625,550.9844270851903,543.2632141949692,544.7033813722,1705645
2016-01-18,534.2412719726562,548.3271814276296,531.4910313556695,544.1088150045445,1377180
2016-01-19,541.7857666015625,547.3978525744553,528.0622995778531,538.5152066769192,1225980
2016-01-20,533.3491821289062,539.4629308847032,531.0820603174069,537.6046361772662,1976660
2016-01-21,512.3504028320312,537.7904611650961,511.0403300545261,537.7904611650961,3119925
2016-01-22,535.6255493164062,541.1075414033625,516.429389886099,517.3492366952194,1922080
2016-01-25,539.509521484375,543.7371312901637,535.2633105810734,540.7638479319105,943135
2016-01-27,552.4708862304688,554.1433965099258,538.9053601926355,542.2502673302636,2136065
2016-01-28,559.569580078125,563.0260370245613,550.9842693395223,552.5823752436482,3050750
2016-01-29,577.0748901367188,579.7786841511352,552.099403182065,557.1075213399423,4349920
2016-02-01,566.872802734375,583.1328821391056,565.1539027387089,573.2839424410743,2828705
2016-02-02,566.5011596679688,577.4836883253244,565.1074386207508,568.6381872649052,2046945
2016-02-03,559.0308837890625,564.5314780558231,556.9868045702333,564.5314780558231,1709585
2016-02-04,559.0958862304688,566.594113081831,551.9135944700461,566.594113081831,1690605
2016-02-05,577.762451171875,580.5312923152761,556.2619664239413,560.1086503244186,2201340
2016-02-08,570.5615844726562,580.5313185169674,563.4350393720968,575.8855812421666,1702935
2016-02-09,549.9808959960938,578.8588121674771,547.8252672899667,568.2665094531843,5609845
2016-02-10,536.12744140625,545.9020918618353,524.9683701632329,538.9055835303983,3199525
2016-02-11,536.18310546875,553.3165860662428,529.9857080909622,538.9055005888597,3930550
2016-02-12,529.1401977539062,545.2516402668548,525.0240811571132,541.6743883853829,2541695
2016-02-15,531.2957153320312,538.3293671981432,522.7475488301029,533.7579783612334,1903910
2016-02-16,530.6638793945312,543.2724145240412,528.7126928318571,531.8810600372876,1654515
2016-02-17,550.1852416992188,555.4441899470987,535.021552449913,535.021552449913,3638300
2016-02-18,576.7402954101562,586.1804639092181,561.2049794904087,566.7798633926313,5658600
2016-02-19,568.4152221679688,577.0005350652833,565.9808605182335,577.0005350652833,1927980
2016-02-22,577.5579223632812,579.3790714346702,570.013251041404,570.4964257708978,1438030
2016-02-23,572.5220336914062,585.1770166445158,569.7531926082665,579.7879731083959,1731230
2016-02-24,559.9413452148438,571.3698457184801,557.4883827203181,571.3698457184801,1986430
2016-02-25,556.4570922851562,561.7160415435886,554.7009901129347,559.5139667729576,2799830
2016-02-26,556.3826904296875,563.0261162848892,549.3490385888811,561.2049671676501,1215375
2016-02-29,564.2247314453125,571.6114642612847,553.4094426202254,553.883316845082,2509475
2016-03-01,562.050537109375,566.6777297931841,557.4884482604663,564.9216275706058,1597260
2016-03-02,560.3223876953125,571.4071105484638,558.603487507147,566.7613730554081,1842655
2016-03-03,592.4522094726562,594.8401248874494,569.0098407647878,569.0098407647878,4450185
2016-03-04,604.4566650390625,610.0779939353574,594.6541739819569,597.2464741058286,2963165
2016-03-08,598.2872314453125,607.6623529441874,592.4243140698887,605.8040582868657,1503355
2016-03-09,598.3616333007812,599.5044664711252,589.8971139806545,598.5567746733077,1751980
2016-03-10,591.7274780273438,601.2512385396998,587.2211359813689,601.2512385396998,1273630
2016-03-11,596.670654296875,598.779837340342,590.5661482109446,590.937829907731,1540835
2016-03-14,600.907470703125,603.3883350550158,591.3465645185684,596.512621715466,1689115
2016-03-15,582.2687377929688,600.7866371594906,577.7437948608462,600.7866371594906,1074240
2016-03-16,586.161865234375,587.9086667344653,569.7995945243861,578.1154743883155,1458955
2016-03-17,580.8099975585938,588.1688855512369,577.0655631518317,588.0387913090465,1481985
2016-03-18,589.321044921875,590.5660706924228,573.5441400586873,577.5580069616589,1904355
2016-03-21,591.355712890625,594.4683331479781,581.0050000652856,586.66353114167,1624205
2016-03-22,568.2572021484375,594.6356499664226,565.850685773497,590.937661990056,5177515
2016-03-23,566.3897094726562,572.1225332693058,563.249186604581,568.6382303870323,2024905
2016-03-28,564.11328125,571.342018734299,560.1086581126093,564.5499533190775,1902365
2016-03-29,546.5802612304688,563.0633271121592,536.517578961015,563.0633271121592,2533990
2016-03-30,560.3966674804688,562.375755949591,543.6348690521041,552.1179325128658,1805565
2016-03-31,564.029541015625,569.1955975926769,558.1387790541047,561.5766353113906,3311230
2016-04-01,553.7625732421875,562.3478865071099,551.0123331168428,561.2421987859815,1585615
2016-04-04,559.6717529296875,565.7205098397754,556.9308142555982,558.9748925798735,1532140
2016-04-05,557.4698486328125,564.9216290582613,556.0203809319446,558.4175971447615,1418750
2016-04-06,557.7577514648438,564.9214967823067,551.9320370925144,559.1607728085161,1148040
2016-04-07,564.1318359375,571.4256199468693,558.4175570537698,558.4175570537698,1792820
2016-04-08,564.7635498046875,574.1107682250936,563.1189411384712,566.779783318825,1104765
2016-04-11,562.9238891601562,563.9924312776452,556.5592526117124,562.9053447767352,1142755
2016-04-12,572.8657836914062,575.6996717489225,566.7798799293772,566.7798799293772,1435325
2016-04-13,575.978515625,580.2897166082113,573.2932659366895,576.0714076839114,1819860
2016-04-18,574.4082641601562,577.7438717400205,561.5581390772054,576.8147242921559,2260020
2016-04-20,577.6973266601562,581.6462026365224,575.9505252208176,579.0446015706935,1775285
2016-04-21,581.8692016601562,583.4859089039612,577.6973393168398,579.6020799579818,1538560
2016-04-22,583.8668823242188,587.2210904486622,579.3976861036289,579.3976861036289,1214865
2016-04-25,579.072509765625,588.8750600993835,575.6161086956813,586.9331171014494,902240
2016-04-26,579.8344116210938,582.5475060939292,576.164268124961,579.2304998499932,886920
2016-04-27,581.7857055664062,582.5754582242323,573.4698244457943,576.0342805126402,966445
2016-04-28,572.9772338867188,584.2477948632514,570.7937604759043,581.6275927438845,1641560
2016-04-29,573.971435546875,577.5579304613221,569.9389680824261,576.0713174875497,1937975
2016-05-02,559.68115234375,572.5312753433046,558.4175256300849,572.5312753433046,1065565
2016-05-03,549.9344482421875,562.6916234592942,548.4756800689344,559.1608748025059,1743355
2016-05-04,545.0935668945312,549.8693979497662,542.6220598622303,548.0111032242106,1170210
2016-05-05,544.3967895507812,548.5687094840306,540.9496886030123,546.152891945303,1009435
2016-05-06,532.6430053710938,542.612738035308,531.4629701192338,542.612738035308,1220560
2016-05-09,527.7650146484375,533.3026967621413,524.4108062028255,529.7998496877809,1968910
2016-05-10,543.4490356445312,550.4269416825803,529.6604632949229,532.2156186413871,2237095
2016-05-11,533.0889892578125,541.43271427807,530.5524351504632,541.43271427807,1815880
2016-05-12,552.1829223632812,555.2583976236692,528.5082675698492,533.5163850717367,8655965
2016-05-13,542.1016845703125,547.0261537509443,536.0622273254163,538.8868146056573,3378110
2016-05-16,557.9343872070312,562.6916171416264,543.8856836953905,543.8856836953905,3630650
2016-05-17,560.7869262695312,564.3641779412004,559.1795193451699,559.8949810216355,1535665
2016-05-18,562.1898803710938,565.850723114183,557.4883971568306,560.3687311912132,1257295
2016-05-19,562.2457275390625,566.6870797855025,560.2759393868605,566.6870797855025,1812590
2016-05-20,563.76953125,565.8508125211997,561.5767568186046,564.9216650457955,1137700
2016-05-23,563.0261840820312,566.2782000118478,561.0284944694524,561.2050347454973,1195245
2016-05-24,562.1620483398438,564.9215887479759,560.2944530928112,562.1341466982325,884955
2016-05-25,567.06787109375,571.425574081595,561.2049540573713,561.2049540573713,1047270
2016-05-26,574.3431396484375,577.9296347034037,568.647462023592,569.0841340441359,1407535
2016-05-27,579.0540771484375,583.1329918780445,571.4536568359359,573.0982094705397,908980
2016-05-30,589.1258544921875,590.2594437267278,578.3013221011518,578.3013221011518,1377375
2016-05-31,591.5137939453125,594.4127292018445,587.2211376342689,589.7391474219224,2781820
2016-06-01,591.5231323242188,598.3523432438338,589.4696960900727,592.7960597652319,971200
2016-06-02,590.3895263671875,594.4220510487576,588.4662411484219,589.4511351271417,1192120
2016-06-03,587.2398681640625,594.0876812510544,583.9321050673753,592.2386866515656,1693175
2016-06-06,585.5858154296875,588.8935777195758,580.9586797848478,586.5521649662605,1994080
2016-06-07,586.4685668945312,591.495229523437,582.0179711336876,583.53248597701,2996330
2016-06-08,583.1235961914062,588.2988968999675,582.5753743155196,585.1769754902687,1182665
2016-06-09,570.6730346679688,575.8855378873197,569.0563272917556,575.8297913126454,2852425
2016-06-10,569.716064453125,574.779929744083,566.7799832630119,567.7555768101024,1481405
2016-06-13,573.887939453125,576.4895409450461,570.1248469496281,570.3106877799066,1983470
2016-06-14,575.569580078125,577.7809550860262,572.3547101539593,573.8413230804897,1349660
2016-06-15,573.609130859375,575.1422467700849,571.8716297395878,575.1422467700849,1088955
2016-06-16,566.45458984375,574.0271051856085,563.4348615680699,573.6089776206936,5407740
2016-06-17,558.03662109375,575.1235974295989,557.4512537377218,572.540597336108,5331775
2016-06-20,568.0713500976562,569.3814227658792,558.6033373632372,558.6033373632372,712150
2016-06-21,566.6033325195312,574.9563579643551,564.5498964990303,572.1689159670709,662355
2016-06-22,577.0191650390625,582.389607787183,569.5394827305365,570.3106909896701,1533625
2016-06-23,589.3675537109375,590.7426738757849,577.6231155956737,577.6231155956737,1082000
2016-06-24,585.966796875,588.512651531229,573.2839129084051,577.9296496418606,1491785
2016-06-27,603.31396484375,607.2906860170646,582.0179234347368,582.0179234347368,2081950
2016-06-28,608.22900390625,610.4496792113475,601.1861093217445,602.0873548385894,2009200
2016-06-29,608.5357055664062,617.3161584698481,605.6739161415156,613.0513476159542,2120195
2016-06-30,628.4196166992188,630.5380434139249,616.2106054904857,618.4777275564422,3062975
2016-07-01,647.448486328125,651.4717103761249,637.3951048372213,637.3951048372213,2745410
2016-07-04,638.3243408203125,661.2649951627617,635.2209631771696,660.7353742755787,1702580
2016-07-05,641.2138671875,646.6958592631754,637.3950851711569,639.2533798801107,1583845
2016-07-07,655.01171875,658.9512943349101,644.456562036258,644.8096425566653,3010480
2016-07-08,661.78515625,663.7828456045829,649.4739546770797,657.2880584208662,1073090
2016-07-11,673.9013671875,676.2335364769602,664.0802713461559,665.6412890453506,1339315
2016-07-12,668.307861328125,674.9140856602245,662.6772304133584,674.003539365468,1405505
2016-07-13,671.8851318359375,673.9478687637323,660.6238687369372,669.9153436840108,931630
2016-07-14,665.8641967773438,669.3856449569001,661.5529392927436,667.8153836050403,1085130
2016-07-15,666.7562255859375,671.5506584602331,662.2498828798592,665.4554531079064,1368450
2016-07-18,666.7094116210938,674.6047276649858,662.2712226232977,670.1665386671899,1135725
2016-07-19,670.10107421875,673.2965540777949,665.8310627175633,666.5692400647602,914720
2016-07-20,687.0597534179688,689.5264089827099,670.8673540982733,671.6148272096659,1512415
2016-07-21,675.9127807617188,684.6956881049153,671.8763582224898,684.6956881049153,1209170
2016-07-22,672.7078857421875,680.5284935548824,668.8209920484562,675.3147740225967,1585395
2016-07-25,650.7506713867188,668.8398406462582,647.5084845592362,667.129953788304,2805770
2016-07-26,620.3466186523438,657.4031884268921,614.8246029323423,651.8063512729748,7676225
2016-07-27,556.9132690429688,573.5821973735407,552.8114914645405,564.3694652124732,23594215
2016-07-28,553.091796875,564.1265339914297,551.8117342929417,558.5577542054805,5719065
2016-07-29,548.5320434570312,556.3152400763751,546.616626251059,554.2596467459415,3448735
2016-08-01,556.9693603515625,561.1646649748824,550.9147542039567,551.8304044592686,3112110
2016-08-02,556.3806762695312,560.4264518001785,554.0728454169563,558.5577406857874,2047300
2016-08-03,549.2422485351562,556.3153270158458,547.5323618807463,555.8481492326711,1737965
2016-08-04,553.5962524414062,557.212203477126,547.7378255102418,552.8767804944827,1502550
2016-08-05,562.2391357421875,563.4164329355746,555.1474085969414,557.3337687887683,1488330
2016-08-08,567.3779907226562,568.9757590622593,562.2950948258624,566.1820454091032,2015970
2016-08-09,567.7704467773438,571.5078688348752,564.5469658755507,568.0881527447892,1210050
2016-08-10,560.5480346679688,566.5933459866395,558.3709698164027,566.5933459866395,1249310
2016-08-11,562.6409301757812,565.0328783772741,555.623910065048,559.6696860290588,1139890
2016-08-12,562.6968994140625,564.7244919272568,557.6233558483221,562.0521918323091,1209155
2016-08-16,561.8933715820312,563.9676704804971,557.2496520454445,562.2951376101206,1523125
2016-08-17,561.4822998046875,564.3320729583737,557.2683469545907,557.2683469545907,1763255
2016-08-18,565.6962280273438,568.6487664808993,563.5378689820553,566.2194648556398,1323700
2016-08-19,562.510009765625,567.3125531878833,561.1738313563116,566.2193733360639,869430
2016-08-22,563.0426025390625,565.2383721852796,557.4364695286031,563.9769580408057,866895
2016-08-23,562.3325805664062,565.0702355393089,559.6789856587064,564.9113540320803,1088960
2016-08-24,568.05078125,568.8356079215032,561.9587652380353,565.2850684838403,1269565
2016-08-25,570.0130004882812,575.1893102129687,568.275112681588,570.1438239649681,2323985
2016-08-26,568.1629638671875,573.8905682035498,565.2851326782887,571.8256218167153,1172565
2016-08-29,570.3585815429688,571.6386439270838,563.8835052195793,570.8911709845285,729315
2016-08-30,577.5719604492188,579.300495568126,568.2751104452799,572.5731235687232,1078005
2016-08-31,577.4036865234375,584.9346471950879,575.525679724215,578.8332779249408,2390975
2016-09-01,578.861328125,580.9636281374134,573.0029005079429,573.7036671787473,1361525
2016-09-02,583.6077880859375,586.5883844780525,575.9554140904157,578.7584806524599,981150
2016-09-06,585.4765014648438,587.7096248550365,582.1969044495926,585.0934407923905,662725
2016-09-07,586.5604248046875,590.0736109346043,582.2250011963417,586.027835276941,762925
2016-09-08,595.8291625976562,597.6137565146585,587.1490205107627,589.2326150319526,1002560
2016-09-09,596.7354125976562,602.6592511041633,592.493459484496,592.8485191094444,997660
2016-09-12,586.3268432617188,595.1845160839771,585.2803695539642,589.2046174437738,837335
2016-09-14,590.1015014648438,592.381330950273,585.8408430691186,588.6345566252186,702670
2016-09-15,586.6725463867188,594.2128028580846,585.28966133106,591.2415589187519,559065
2016-09-16,588.6720581054688,593.9044264057436,585.8409333981244,586.9621714706226,1041815
2016-09-19,590.0173950195312,593.2969916978994,586.9620915479521,591.820751181515,664425
2016-09-20,590.1015014648438,597.987463419834,588.709321026134,592.381330950273,1405770
2016-09-21,589.20458984375,594.0632501327541,585.8409326590365,590.886475464644,1250240
2016-09-22,588.5131225585938,593.4091360960903,587.1770010801191,589.0177110105782,1438040
2016-09-23,594.6613159179688,595.5489651967762,588.7188276333368,592.1946032995596,775585
2016-09-26,597.922119140625,601.7249529381771,590.7089219231996,594.9975818101799,1160760
2016-09-27,596.2496948242188,601.7250049400849,594.2501601582204,597.0532269514196,873535
2016-09-28,598.052978515625,603.1638761267673,595.6797358902325,597.838094982945,1185835
2016-09-29,585.915771484375,599.8189884630708,581.3841122524902,597.9876308134286,2161055
2016-09-30,580.683349609375,584.7197729893724,571.5079699906864,584.532890447711,1185890
2016-10-03,590.615478515625,595.1844908844599,582.0287486501378,582.0287486501378,1080630
2016-10-04,588.3356323242188,594.0632363021182,587.2237469591322,594.0632363021182,792700
2016-10-05,583.62646484375,588.6252438230065,580.2347499076113,588.2701841802651,904875
2016-10-06,575.0303955078125,583.00977090572,571.8255630030333,582.1034734491662,802650
2016-10-07,570.7603759765625,575.9367418444587,569.0224884671069,573.6942658765248,902585
2016-10-10,575.3106689453125,579.0761488215552,567.9012369934007,570.7043033724684,1585075
2016-10-13,569.9849243164062,576.4506485363474,565.7709718034637,573.8437601415059,1939985
2016-10-14,566.4530639648438,572.3769033675649,564.6497645592751,572.3769033675649,2060800
2016-10-17,566.0232543945312,571.0500920492977,562.8558322746009,566.2194895994191,1004740
2016-10-18,569.0880126953125,570.7044297493845,564.5377051612874,567.1538896220394,776260
2016-10-19,572.8533935546875,574.4418094748668,569.2094409444948,569.2094409444948,1071645
2016-10-20,575.3388061523438,577.4317535454827,571.0033825359619,574.6473921415967,504830
2016-10-21,581.841796875,587.3358114684078,577.1700196376486,579.1134949363753,1568765
2016-10-24,577.2916259765625,585.3271189289429,574.0867928825552,583.0379361393536,1368975
2016-10-25,598.0996704101562,599.6693808915361,573.4140127344988,580.9636215503573,5564420
2016-10-26,605.89208984375,608.246626542671,589.232518011316,599.1086608887942,2462735
2016-10-27,621.3091430664062,622.832147312481,605.8735697398292,609.1998735165386,3454425
2016-10-28,628.5315551757812,635.3429857159916,619.7953547349299,620.4120042248896,2748385
2016-11-01,621.6455078125,628.213998376218,617.226023837766,621.9070977396201,1557965
2016-11-02,609.3493041992188,624.1495215390488,607.3311212580566,618.7302706319923,2000180
2016-11-03,609.638916015625,614.8059293916559,608.2747934608299,611.0685073284847,804100
2016-11-04,575.5069580078125,592.0076518783583,573.0963047281119,592.0076518783583,3160050
2016-11-07,580.5430908203125,589.5689394230149,575.7591954530183,583.7852768754518,1145850
2016-11-08,582.8510131835938,588.0834387724718,579.1135907751981,581.3560670316516,1515015
2016-11-09,613.4136962890625,624.3363136148382,553.1477706792316,560.8001439796676,3319875
2016-11-10,612.6102294921875,622.906788711139,610.1435171923026,618.5433643295536,1567985
2016-11-11,608.4990844726562,616.8335204562906,603.2199525214775,603.2199525214775,1673675
2016-11-15,618.6742553710938,622.2808544442357,608.5458151701635,608.5458151701635,1595030
2016-11-16,600.0337524414062,626.9431790596733,597.0531561569151,623.2151097913339,1684820
2016-11-17,599.3236694335938,602.6593255673678,589.7838788040293,594.7173034474877,1160635
2016-11-18,600.7625732421875,608.8260663705236,587.1677111095323,606.2098821812198,1093480
2016-11-21,585.7288208007812,596.9971466268314,581.3653962828196,596.8850285213812,1215280
2016-11-22,583.3461303710938,589.1577936603304,574.6939901309769,585.8408433532704,1066840
2016-11-23,584.6448364257812,587.8964320133729,578.3753481588176,579.3003508848597,1548100
2016-11-24,581.48681640625,588.3730117539554,576.4973330342741,585.8408878646513,1484920
2016-11-25,592.0917358398438,598.669577993618,574.8155118638389,583.7853018033976,1520805
2016-11-28,592.9232788085938,596.2121711099071,590.6995083451475,592.4747494272785,1021955
2016-11-29,595.7918090820312,598.5107585022145,590.5126776805934,593.1008606720901,1211525
2016-11-30,597.4082641601562,601.3419216088619,593.9511371729288,598.9219156092413,3023250
2016-12-01,605.2288208007812,606.8172366763636,597.1933857057717,598.9219206998082,1061115
2016-12-02,594.343505859375,599.0713423694209,588.980314457969,594.9975661097124,1705250
2016-12-05,592.0357055664062,597.5203680257199,582.7669145745604,597.5203680257199,2031470
2016-12-06,597.221435546875,600.2207377037233,594.2221333900267,594.4370739682245,575135
2016-12-07,594.9602661132812,599.6693976893317,592.4842010237389,595.1845023271114,767295
2016-12-08,600.1740112304688,605.7520868820257,587.3359171678635,590.5127490723909,1314555
2016-12-09,595.446044921875,601.1642954866874,591.4656817382544,601.1642954866874,582285
2016-12-12,588.2515869140625,595.9319622106792,586.5229949183413,595.9319622106792,556605
2016-12-13,591.7926635742188,594.2500227904931,587.5974170347432,590.3257187814543,398070
2016-12-14,588.2141723632812,591.86753449943,586.7659326666202,591.2601805805704,448350
2016-12-15,580.7019653320312,590.4753447639504,579.6181380033721,589.0177524096646,612955
2016-12-16,580.758056640625,585.4671882709881,579.5714067954589,582.4772960140499,800170
2016-12-19,573.4794311523438,582.103514734674,570.9099533585711,581.1691591733022,1089050
2016-12-20,569.3028564453125,577.0579965301074,567.3780861878473,574.6847538331677,1250775
2016-12-21,567.49951171875,573.1337029187385,564.3880918466887,570.3306363384941,1171200
2016-12-22,562.921142578125,568.088155975746,560.8001943278168,564.9767361271653,1264925
2016-12-23,560.3423461914062,568.2189560549297,556.8945721844482,560.8188195828768,716295
2016-12-26,557.9971313476562,565.8456835463293,556.7077161599215,558.7446043625009,533075
2016-12-27,567.1444702148438,568.0881784516403,557.436502294257,558.370857850921,677985
2016-12-28,573.610107421875,581.4960694013787,567.667620672515,567.7517377523725,736635
2016-12-29,572.9935302734375,575.9274203321713,568.3871643418955,573.610179832297,953795
2016-12-30,571.900390625,574.6286930042811,569.4149727973243,574.6286930042811,885245
2017-01-02,576.1983642578125,582.477263105426,572.9468252464001,572.9468252464001,477630
2017-01-03,574.1427612304688,582.0941358240023,572.9001094503881,578.3660664266898,554600
2017-01-04,577.6746826171875,581.7858128994137,574.6380270210774,578.5996855049749,1179225
2017-01-05,586.0746459960938,587.7097685636397,574.8156705795591,577.1795609795083,1218265
2017-01-06,590.3538208007812,598.7069608170809,587.8404023554816,588.4196981730423,1770195
2017-01-09,571.8629760742188,589.3914961070595,570.3026182033602,589.3914961070595,1401490
2017-01-10,568.4338989257812,574.4417984541834,567.1818943861413,573.8531498772423,1230110
2017-01-11,568.5459594726562,571.825556346858,564.7151247987392,570.9005535420386,1385185
2017-01-12,562.2017211914062,564.1825503082754,549.9616298059415,556.3152928901995,2171950
2017-01-13,556.8291625976562,561.3607638877297,555.9415134813491,559.1183449412273,987580
2017-01-16,557.8663940429688,561.921522743284,554.1383240442765,560.4265194541737,1008200
2017-01-17,556.2312622070312,560.6133925062636,555.1474347407449,558.3802688059299,588425
2017-01-18,550.9053955078125,557.287060268734,549.7748617221185,556.2405865516495,2155100
2017-01-19,549.4478149414062,555.8948915778294,548.1771049757912,552.7647660108825,1407100
2017-01-20,550.7838134765625,553.0823483347918,545.6635640357671,549.4009857072449,1204385
2017-01-23,546.3457641601562,553.1291953432655,542.6737532776763,549.2142428658025,1196865
2017-01-24,555.6332397460938,556.8385949923568,547.8593941558997,549.4478101132314,996480
2017-01-25,559.9219360351562,562.2951786867279,552.3256205797999,555.9415721252896,1638155
2017-01-27,559.5949096679688,562.7717416463486,553.1385373064937,555.0072485811779,960555
2017-01-30,563.799560546875,568.8171032351829,557.6328355993568,558.7447211885495,963170
2017-01-31,564.1265869140625,568.462010897957,562.8932305895815,565.0982962779516,723155
2017-02-01,560.8375244140625,566.7707159315459,550.1672007962009,564.5562409768136,1332865
2017-02-02,578.7491455078125,586.6818720227151,557.2589678810249,561.1926252725493,2519370
2017-02-03,587.6255493164062,590.3258506597438,576.1143386268037,581.1691772787448,1382600
2017-02-06,578.702392578125,593.6894908764538,569.1906606980642,592.3813704016932,2484805
2017-02-07,572.7786865234375,581.1691815383144,569.3963238233915,578.366114746329,966585
2017-02-08,563.5006103515625,573.3113453085665,560.8003086622597,573.3113453085665,1913425
2017-02-09,564.9300537109375,566.1073508402408,561.173926113358,564.7245228615861,943990
2017-02-10,556.1377563476562,567.0323163588979,555.0071656651033,565.2663707812972,1575005
2017-02-13,554.437255859375,558.4176196438694,552.2882494909427,557.0534400047943,752775
2017-02-14,549.6719360351562,555.343480345394,548.4666380593001,555.343480345394,1403590
2017-02-15,544.0471801757812,550.1391390877625,543.084766663723,549.4010187934647,955495
2017-02-16,546.2615966796875,549.8681951137216,523.0428289900517,544.5610628777132,6839345
2017-02-17,544.2994384765625,551.9705177469148,541.9261960105131,546.7848560701073,4487480
2017-02-20,541.692626953125,546.6073462420262,540.0575047501617,546.112110429717,2801810
2017-02-21,540.8143920898438,548.4854725150517,539.1419160047808,541.5525125238796,7622450
2017-02-22,542.524169921875,546.971711051949,540.8516371442321,542.2999337352379,4282200
2017-02-23,539.5716552734375,546.4111451295818,537.2544716275506,546.4111451295818,3736795
2017-02-27,533.8908081054688,539.4688836162736,531.9660378669993,539.0671175551194,3574905
2017-02-28,532.5733032226562,536.8806685598619,531.6483003659175,536.3667844203999,2713290
2017-03-01,546.2803344726562,551.0455823759964,532.6014114680358,533.5170617311556,4490315
2017-03-02,536.4134521484375,543.7761778092806,534.8998008503561,543.7761778092806,2129260
2017-03-03,536.525634765625,540.7676456049309,535.1241013930344,538.4784630239917,1456010
2017-03-06,534.2364501953125,538.9362285973677,532.7695052506319,538.9362285973677,1060050
2017-03-07,533.0125122070312,538.7868229293646,532.5826881039012,536.1332279522193,1049300
2017-03-08,531.9846801757812,536.8339879247236,527.537138483444,532.3957989127672,1830855
2017-03-09,505.4583435058594,520.0623267302636,504.55204590820614,517.6330248761967,10976435
2017-03-10,507.51385498046875,510.7000391338641,504.7388465518985,506.2151441924739,2744225
2017-03-14,512.213623046875,514.8017486312973,507.6726696549614,513.2788018509611,2489210
2017-03-15,511.95208740234375,515.0168010423852,509.0369025893248,509.0369025893248,1389340
2017-03-16,514.2132568359375,516.6986174984371,512.9705479904193,513.8955508573968,1559495
2017-03-17,511.3260498046875,514.4561179331472,509.03686741310315,514.4561179331472,1816910
2017-03-20,510.9710998535156,513.1481646142543,510.15821495241363,512.4006914559308,2005400
2017-03-21,490.20965576171875,510.1581236841058,485.8648796991484,510.1581236841058,7268165
2017-03-22,491.4056091308594,497.0584488206293,477.49306977453386,480.38957769159913,4430915
2017-03-23,491.69525146484375,494.77861334878577,489.60230417461736,490.53665971693533,1580595
2017-03-24,491.1627197265625,494.2741400163969,488.92030037839663,491.620544871576,1725910
2017-03-27,491.83538818359375,494.79727904733545,488.6679094621824,489.04167446056437,1781095
2017-03-28,492.9192810058594,495.03093376771153,490.77027455061267,493.339752427841,757685
2017-03-29,492.153076171875,493.95637552371676,490.53665933405824,493.31166791887915,1638910
2017-03-30,488.34088134765625,494.4702506000418,487.00470291667534,491.48965453963996,3599995
2017-03-31,491.9100341796875,494.2739805909885,488.480966010115,488.480966010115,1475205
2017-04-03,512.8585205078125,514.6431148253852,490.9291622897078,494.23681800885305,3442145
2017-04-05,512.2791137695312,517.6329525932509,499.5064328859724,512.9611750427704,5168335
2017-04-06,507.9343566894531,513.5591953181431,506.01893922836734,512.176310332468,1452065
2017-04-07,497.3294372558594,506.98128884066176,495.9559049690109,506.98128884066176,1614060
2017-04-10,492.564208984375,499.0860496306692,491.9288540413405,496.14280677903935,952460
2017-04-11,491.1159973144531,495.76907006137435,490.3404661804525,495.3953620298201,701145
2017-04-12,494.2459411621094,495.5634141923535,488.7239259233634,492.03152345955635,1226155
2017-04-13,493.5172424316406,498.1983726928313,492.78841775523574,496.14277915128093,797180
2017-04-17,497.3107604980469,508.94349894593546,495.4981083806137,508.2894386302255,2340540
2017-04-18,491.18133544921875,501.3751286618703,490.34974538366936,499.86147734381984,1064085
2017-04-19,487.2477111816406,492.59225455195104,486.33206099700277,491.47101649264835,1012230
2017-04-20,488.2007751464844,491.4710195733029,486.90200724441326,489.2285434406411,739165
2017-04-21,487.668212890625,492.4054026399024,487.1730340760178,491.47104703717014,550770
2017-04-24,488.2568664550781,490.86369808297485,484.0055598250587,489.5369290815743,694280
2017-04-25,494.4516296386719,495.50745600203584,489.0697323953216,491.0972680276366,1375775
2017-04-26,487.8550109863281,495.27379546923316,487.0047155990155,493.52655535679287,1617520
2017-04-27,485.2201843261719,490.5366697518622,483.4822966687572,487.9952499984649,2010110
2017-04-28,485.7060546875,488.26617973389676,482.7908699748183,487.7802966056044,681870
2017-05-02,482.62274169921875,488.99499692075784,479.5113214784169,481.7537407768305,1116720
2017-05-03,485.0426330566406,486.7618723062674,480.63250237524176,485.49110545718014,641200
2017-05-04,486.9861145019531,489.58359322510285,483.74387115228717,485.30428595068935,606545
2017-05-05,486.4254150390625,490.5366017508626,484.7435866673369,486.6122975311497,684185
2017-05-08,485.95831298828125,487.91114123757995,483.7345421518138,484.2764843546899,551390
2017-05-09,482.3424072265625,486.61241946375395,481.006285467562,486.42553692483875,511765
2017-05-10,486.3974914550781,490.1442664579945,481.9593024470574,484.369955813089,1834655
2017-05-11,484.7436828613281,489.57428543489516,481.1931429212099,489.57428543489516,1070850
2017-05-12,482.27685546875,488.66787146148675,471.27953125177834,486.42539570264256,6152355
2017-05-15,500.0296936035156,504.3651170645438,484.36994240937395,485.864888485607,4733780
2017-05-16,509.05560302734375,510.9056087869562,502.8327630619495,502.8327630619495,2202310
2017-05-17,511.44757080078125,515.7642890928622,502.03860310379645,508.28944432340046,2049090
2017-05-18,500.6183776855469,508.2613998225161,499.357020408512,503.61767975947276,1412055
2017-05-19,496.41375732421875,503.60830672138053,492.7791574468492,503.60830672138053,1303385
2017-05-22,487.49066162109375,501.1789934109731,486.25730543626497,500.8145810550728,772310
2017-05-23,482.02471923828125,489.3780931727508,475.17587679237437,489.3780931727508,1422140
2017-05-24,470.31719970703125,480.81934704811056,469.0464898357595,480.81934704811056,1831575
2017-05-25,453.6670227050781,468.73818298563594,448.1169482003438,468.5606531417868,4041550
2017-05-26,451.181640625,469.03716260986687,449.20081129800855,467.177804074218,3605155
2017-05-29,453.3212890625,460.63728038109826,444.81864796113115,454.1154684586391,2717540
2017-05-30,463.6925964355469,467.1777527360943,451.50862117446184,452.2187119689191,2189925
2017-05-31,471.6346435546875,475.40009530334135,460.45040641311965,465.30906670814915,3930430
2017-06-01,471.4384460449219,479.8382935289876,469.775294264095,474.6526315000004,1622510
2017-06-02,477.3622131347656,481.1557226493173,471.87755098227666,473.75561463779445,1466455
2017-06-05,473.87713623046875,479.8850073051133,470.9338933161187,475.2412874052936,1123385
2017-06-06,476.39044189453125,479.4177443380121,470.16765987499065,473.70884639499553,860555
2017-06-07,474.7740783691406,479.2309724808637,470.17703663125883,474.2788710805345,1235945
2017-06-08,492.6389465332031,498.24507963742167,475.68039959579556,475.68039959579556,4227380
2017-06-09,491.24676513671875,495.2084233993479,486.23863325862277,495.2084233993479,1031055
2017-06-12,491.51776123046875,496.50724532098747,489.05104871316644,490.779640822843,692145
2017-06-13,490.8543395996094,494.3674683479931,488.1166278210449,492.0689903343435,679580
2017-06-14,498.8150939941406,504.36516884042135,494.3489036386524,498.5721524003926,3744195
2017-06-15,504.6453552246094,508.4668941038086,496.14274344959733,497.58163031087497,3473260
2017-06-16,501.3004150390625,507.94366874425316,491.6578597447475,507.2055484531871,1852690
2017-06-19,496.6005554199219,499.31956164106725,493.4424295229759,499.31956164106725,2209015
2017-06-20,500.0764465332031,503.61763348139857,495.88114227611317,497.14255646577635,982635
2017-06-21,502.1319885253906,503.61763893502786,496.2829707155706,499.88021675369185,896080
2017-06-22,492.51751708984375,504.5333163648366,489.3313896007619,502.7020158953562,858935
2017-06-23,494.0311584472656,496.96504864464094,488.6306128693539,492.61091972170027,1164040
2017-06-27,495.7877197265625,498.9458459354027,491.5177081716687,491.5177081716687,1329355
2017-06-28,495.53546142578125,497.9554674821818,490.5647399013795,491.6579199672483,959840
2017-06-29,495.48870849609375,498.375892073462,493.3490549389152,495.4326494474329,907940
2017-06-30,502.70196533203125,506.60756448616587,494.2740604565895,495.2084159583978,1638215
2017-07-03,501.29107666015625,505.6918545513611,498.01147974216684,504.55196821908083,723230
2017-07-04,490.2936706542969,500.08569754005754,487.78960488688983,498.5907516285859,1321265
2017-07-05,498.0020751953125,498.75890078767577,489.8825244934886,489.8825244934886,906630
2017-07-06,498.5533752441406,500.62761687901747,493.73206939635213,498.0020804601212,624680
2017-07-07,505.5611267089844,510.06472739023627,498.4319891627548,498.90851962700805,1424960
2017-07-10,509.447998046875,513.0545966916268,506.607577777131,506.607577777131,200975
2017-07-11,502.9168395996094,510.6065669889457,501.37513023856434,510.1580946054561,804630
2017-07-12,502.70196533203125,508.5603355489661,498.69354373101186,503.40273195838745,1065875
2017-07-13,503.43084716796875,508.2428019052495,501.3752531919882,503.29072802803296,685915
2017-07-14,505.1126708984375,509.22385880849345,502.0106601454956,504.3932557855875,976430
2017-07-17,507.7954406738281,509.0097236398709,504.9809010977456,507.8236504176808,1009480
2017-07-18,511.8807373046875,516.4649642893393,505.9692734786716,506.43051140614097,1505540
2017-07-19,522.24462890625,524.2779134653994,512.1442778042872,512.6431478191811,1823010
2017-07-20,517.7450561523438,523.0729042478249,516.2765986509968,522.4233908845193,939445
2017-07-21,520.089111328125,523.374311392301,513.3963349119679,515.4671944977175,1412580
2017-07-24,507.6448059082031,524.6921669895327,506.2234599506647,524.3156157382409,2589475
2017-07-25,506.83514404296875,510.8263334091121,504.5477423294565,507.6446658108181,1874800
2017-07-26,509.69683837890625,511.4288935648048,504.717273081629,509.81921465336023,873325
2017-07-27,493.3179016113281,512.6431839619219,487.0393091961242,510.1957733443135,9113325
2017-07-28,464.06158447265625,471.8933779333419,461.45413702723187,470.5661125800644,7744985
2017-07-31,448.6710510253906,460.8893736592941,447.1272714991286,458.98791644636503,7625340
2017-08-01,457.77362060546875,462.75321464383927,446.1483054014053,447.88033186544175,5170390
2017-08-02,447.795654296875,459.3456774683988,446.6378482413587,458.4419889289379,2852295
2017-08-03,437.516357421875,451.2690359551632,435.70900944610145,449.57467056841796,3887925
2017-08-04,421.62689208984375,435.84083817702634,419.84778245686016,435.8314157789184,6133195
2017-08-07,415.4895324707031,424.9121325744347,414.1810829878422,421.7116481330757,3680390
2017-08-08,394.53570556640625,415.48951120304037,392.5024496340503,415.27299712454015,6804955
2017-08-09,385.6307678222656,396.29591605882183,382.6467693062021,393.6413854511167,5624935
2017-08-10,366.0701599121094,395.1663526290314,364.12161949283166,384.4353041796241,7700035
2017-08-11,378.6273498535156,382.16669535063863,357.91829913810176,362.4178099171961,9289565
2017-08-14,376.9141540527344,384.03995730611325,370.89910212203176,376.5282091910948,4216350
2017-08-16,377.5166320800781,379.87935608468774,370.88975544201537,375.58693625421427,3310680
2017-08-17,378.646240234375,382.53389920523034,375.1068653157959,378.41091006642324,2700655
2017-08-18,373.13946533203125,377.9496283456746,371.12505426567685,376.15170262358737,1746485
2017-08-21,363.55682373046875,376.7164953524522,361.6741826317095,374.64557865308774,2091475
2017-08-22,373.54425048828125,379.1639357612226,364.291081396489,366.17372264401604,3860820
2017-08-23,382.3550109863281,386.59095362178647,374.8338686995093,374.8338686995093,4049980
2017-08-24,393.12371826171875,395.354643439119,378.5144044808961,381.7996328379998,5624835
2017-08-28,385.8284606933594,393.42492421096296,381.630179202877,392.3423826276906,4220880
2017-08-29,384.44476318359375,389.2360817585047,382.55269951861624,385.75318392555795,3036830
2017-08-30,383.8517150878906,390.535097127538,382.4397341806479,385.3766498714208,2007245
2017-08-31,380.4629211425781,386.26145899701146,377.65780437620236,384.81181735169747,4189045
2017-09-01,417.4850769042969,420.393753890956,398.1785836667828,398.1785836667828,18067945
2017-09-04,413.2585754394531,421.0338930884904,409.14500885478895,420.58204884137325,4736175
2017-09-05,415.9036560058594,417.63571113927264,410.77347612062016,413.8610064500746,2567635
2017-09-06,413.5974426269531,415.687175471661,409.6156462165866,411.42299437693845,2636260
2017-09-07,418.8782958984375,420.770359728729,414.36939035557816,414.93415980328143,2456970
2017-09-08,407.1211853027344,419.640738585475,388.9819465327534,419.640738585475,8597120
2017-09-11,406.5563659667969,413.8045461590404,405.52090754978707,408.34486938154555,2226885
2017-09-12,407.73297119140625,413.6915460779412,402.019148828872,407.5917788609528,2589985
2017-09-13,417.4473876953125,419.45240488173056,408.37304462530165,411.73356557924683,3776210
2017-09-14,424.2249450683594,426.40878691279755,419.8289654583985,420.58201040795325,3066270
2017-09-15,416.2896423339844,422.6529792317056,414.38818492943267,418.9253574361135,3364005
2017-09-18,422.0975646972656,425.20391112033167,409.58740614637736,414.934100145988,3654810
2017-09-19,422.00335693359375,426.41815201975845,414.18098650925765,420.2054314767557,2833950
2017-09-20,435.7749328613281,438.46709581546656,421.7116017028247,423.59424278185514,6665490
2017-09-21,468.1281433105469,470.6602980119974,441.71468968425955,441.71468968425955,20286820
2017-09-22,462.70611572265625,475.69635685366416,460.5975668337467,469.5306898703463,9956755
2017-09-25,455.0814208984375,465.95366150959904,452.77517411336794,463.88274485660503,4555245
2017-09-26,446.3271484375,454.6578413378124,437.27164903033486,454.4695657305866,7122180
2017-09-27,433.892333984375,448.8216654042971,429.44929945664313,444.3033378658829,4677680
2017-09-28,447.20257568359375,454.65784743664346,427.7737335385358,433.00747374918427,14078165
2017-09-29,438.4200744628906,450.08305061912097,436.79157946461345,447.20258312150673,5667975
2017-10-03,439.7002868652344,454.6578861851295,436.857508767391,454.6578861851295,4894300
2017-10-04,449.49945068359375,451.53270684444715,436.68808973517497,440.9146104889868,5939900
2017-10-05,449.7911682128906,457.1805399873735,447.3155193935384,450.3277277998882,3797520
2017-10-06,447.2873229980469,453.69771399817233,445.80944275877977,450.89256826314545,2668810
2017-10-09,453.5188293457031,458.0465788283405,447.9273830604778,448.06857539559496,3165240
2017-10-10,453.97064208984375,457.71710814443543,452.13508429070527,455.54266001622926,1581675
2017-10-11,446.5906982421875,455.608565129556,442.684223734792,453.6976855766764,2251475
2017-10-12,448.04034423828125,451.2690668368704,444.02091582331246,451.2690668368704,2080470
2017-10-13,443.2584533691406,447.99329464842407,442.4206642798204,446.75074461175365,1708945
2017-10-16,452.4927978515625,453.9047786702462,443.55025266656577,443.55025266656577,1933290
2017-10-17,448.32269287109375,451.2690305579764,447.22136400092774,451.2690305579764,1535550
2017-10-18,449.0851745605469,452.5868879934826,447.3155161390177,449.32992708479776,1665570
2017-10-19,446.7601318359375,449.3864242103581,444.6892438648623,449.00990173623745,236515
2017-10-23,445.4705810546875,454.65787991174125,442.79723382085217,449.9700926716147,1819780
2017-10-24,444.990478515625,448.5015858180361,443.55025920839904,446.75074336592075,973365
2017-10-25,442.2041931152344,450.91140916133406,440.57572676961934,445.4329447895817,1478480
2017-10-26,441.3569641113281,443.91735717049283,435.8314170487086,442.30770706464426,2246210
2017-10-27,450.8831481933594,453.71653241200175,440.5003830509295,443.30552880044496,2174680
2017-10-30,459.08209228515625,464.07108023713727,445.63061215931486,451.0808667638263,4161095
2017-10-31,457.133544921875,471.41336287875225,449.9512638750254,455.59918768935626,9786665
2017-11-01,443.21142578125,455.34506314237035,442.0441973299572,454.09309055022027,5880460
2017-11-02,453.9801330566406,459.3644884556446,443.21142225863264,443.21142225863264,6199435
2017-11-03,455.42974853515625,461.20944219477224,450.50663135876516,458.3666642685716,2883230
2017-11-06,450.37481689453125,455.42970351993137,448.1909463810389,454.46953819880105,1418335
2017-11-07,447.6921081542969,454.6578752386752,440.0674051223202,452.2480966659911,2591750
2017-11-08,441.7806091308594,455.5991892150938,440.5380589931072,448.1062849731668,2161975
2017-11-09,446.20477294921875,448.8404878208867,440.57569424126916,445.92238826470856,1729270
2017-11-10,442.01593017578125,448.0497987937595,440.53804990878587,446.1483127572755,1048780
2017-11-13,441.3099365234375,447.12729101526116,438.66482789999856,443.30553162599256,1495910
2017-11-14,436.8292236328125,442.41124774680156,434.8995279452496,442.17591760310734,1396310
2017-11-15,434.9183044433594,439.9731908736925,431.6895820600829,437.60107358274234,1122475
2017-11-16,439.3237609863281,440.9334400121711,435.83146935102263,437.1681573395921,1414750
2017-11-17,437.26226806640625,443.7291652113718,433.57230712045,439.32376263552817,1373285
2017-11-20,428.1972961425781,439.97319606632874,425.50510457394734,439.97319606632874,1367925
2017-11-21,450.7325134277344,469.530686256879,428.3385178732456,428.3385178732456,11964410
2017-11-22,444.4256896972656,449.00049392374746,439.7943798073479,445.2446340049575,2684365
2017-11-23,434.18414306640625,445.62118304083907,433.00749227218836,444.50100918659757,3433715
2017-11-24,432.0755615234375,437.31869523555554,430.5317820087116,434.89010081883725,1730500
2017-11-27,432.0284729003906,434.0993896074277,429.34570357935456,432.2544093673187,1231110
2017-11-28,431.29425048828125,433.76050577749885,426.9830149312772,431.12481968066106,1535515
2017-11-29,428.6397399902344,436.7539477942917,427.35955774709277,431.8778851928958,2875165
2017-11-30,430.00469970703125,435.2949173590896,425.6652251391653,425.6652251391653,7260235
2017-12-01,420.563232421875,430.371806084574,418.4170225217924,429.2422098311301,2646440
2017-12-04,422.1634521484375,428.30085181520997,419.65011363095033,428.30085181520997,1477975
2017-12-05,415.9412841796875,423.02942638608823,414.5763866926151,423.02942638608823,1428905
2017-12-06,414.2187194824219,418.65233140727133,413.1267841533987,415.68717730118505,1303650
2017-12-07,413.49383544921875,417.00497116888783,411.92184634018435,415.6871282469012,1172195
2017-12-08,411.44183349609375,415.68719875862786,410.2934211706707,415.32949232052175,1919085
2017-12-11,412.8443298339844,416.79788740157454,408.7213701986448,413.93626505481234,1888965
2017-12-12,424.7897644042969,437.977676059245,420.5444277568646,437.6199696117252,7411070
2017-12-13,425.60870361328125,430.625929697688,424.1684555387116,425.4769049423437,2007880
2017-12-14,435.012451171875,436.7162389940456,428.3008313502488,430.76708648612794,4181020
2017-12-15,446.46832275390625,448.06857917024354,436.10440309347297,437.71405318101523,3718400
2017-12-18,450.892578125,457.1052999781418,439.2107857539161,445.2446543906577,2641755
2017-12-19,451.73974609375,455.9003957477827,450.1771504647162,452.6810666852047,2244795
2017-12-20,443.55029296875,450.89258240231624,442.49598973113774,450.89258240231624,1459875
2017-12-21,442.7501220703125,447.07077990497214,440.7262886531415,445.2446157578407,1249705
2017-12-22,439.1636962890625,444.8680965089602,438.6553751498847,444.3032984350764,1248010
2017-12-26,444.35980224609375,445.6211684088592,438.4671260695523,439.5872998870129,2054680
2017-12-27,451.890380859375,456.361653866912,444.6798613621067,444.8681369794702,3467600
2017-12-28,457.4818420410156,460.945895185077,452.06924823085956,453.6977433188772,3823400
2017-12-29,454.5072326660156,460.4846241899388,452.42692219446934,457.4723867950536,1659835
2018-01-01,452.6151428222656,458.61137879543037,450.7136856722235,453.71650049438824,1210405
2018-01-02,453.56591796875,459.1761807446794,451.00552476785185,456.91701703255166,1257685
2018-01-03,440.3497314453125,449.29227646004614,431.520169024454,449.29227646004614,4430010
2018-01-04,453.86712646484375,455.59915285492457,441.10282191854174,441.10282191854174,2793085
2018-01-05,465.6524353027344,466.7067097055145,450.87372014112543,457.29350435665924,3199500
2018-01-08,466.2549133300781,472.91945035022127,465.0123632787013,465.0123632787013,2929355
2018-01-09,462.7155456542969,466.0948831159177,461.2470878360668,465.8595529690625,1219120
2018-01-10,456.69110107421875,465.3888941367125,455.5991657421632,463.1203080666865,1721640
2018-01-11,456.60638427734375,461.43536348755595,455.22264186463275,456.9170074314188,925725
2018-01-12,460.8046569824219,461.97188529537016,454.4036886041053,458.0465946097559,1778900
2018-01-15,457.811279296875,463.3650650883742,456.54991314080615,460.68229563452394,784105
2018-01-16,464.7676086425781,467.648047286174,457.81126457416326,458.6113928033452,1860665
2018-01-17,469.1259460449219,471.7898994482243,463.6662980181869,464.4475814817452,1908940
2018-01-18,463.4121398925781,477.06128918174727,461.2753523800001,470.6603203161777,2920990
2018-01-19,468.843505859375,471.6015680154071,461.623565022611,464.4475265077332,1204480
2018-01-22,470.0107727050781,474.237292882554,459.36443932942126,459.36443932942126,3462075
2018-01-23,474.5008544921875,480.0640624401801,470.8485548557139,472.54292037029626,3650455
2018-01-24,481.84320068359375,492.310681319174,474.9903877600022,474.9903877600022,5631385
2018-01-25,472.1192932128906,488.9406862340922,461.8495116650265,480.8265079841168,13260150
2018-01-29,443.75738525390625,461.6236324752365,440.91457855832533,461.04944067823493,5772835
2018-01-30,434.1653137207031,443.55028131751175,430.22117808093105,443.55028131751175,4290010
2018-01-31,418.95355224609375,434.1652960777078,414.8493796301773,431.6896183866784,5719535
2018-02-01,406.26458740234375,418.8877011238804,405.3515051968883,418.8877011238804,4841605
2018-02-02,399.7882080078125,416.26131620139904,397.2466599797517,404.76780132812655,4798230
2018-02-05,398.4609680175781,402.6969103936409,393.2178345089257,397.27492368652,3018190
2018-02-06,394.54510498046875,399.87295395802056,377.5730680641099,385.94142145477264,3816170
2018-02-07,397.5008850097656,404.20308347649063,394.6486845744367,400.08951681079054,1990805
2018-02-08,410.50048828125,413.42801022297203,400.0612464963638,400.0612464963638,4448115
2018-02-09,413.01385498046875,415.68720216238074,401.6803463824717,404.7678769459164,2395615
2018-02-12,414.9811706542969,419.78191120976834,410.22748463564614,413.18324495466555,2413130
2018-02-14,411.0370178222656,419.07590303053314,409.58737619166806,416.063665904298,1549165
2018-02-15,413.3903503417969,417.7580629054213,409.9074526967955,414.93410115871455,1725925
2018-02-16,416.7320251464844,421.71161904885327,415.4988974871437,415.4988974871437,2294485
2018-02-19,405.1443786621094,420.57263701520117,396.30539320603833,418.5111426123796,2811550
2018-02-20,407.3376770019531,413.5221315635256,403.6759260483125,405.70918200861416,3345125
2018-02-21,407.7611999511719,414.5575349878325,403.0263590705263,410.45339147062884,2490025
2018-02-22,399.7694091796875,409.02257714137284,392.82245922846465,407.9683027678103,8326545
2018-02-23,407.97772216796875,411.3570593225071,401.9532767012873,403.33701898812694,3717530
2018-02-26,413.01385498046875,415.53658741211194,393.4720292171931,399.11995308155474,5923745
2018-02-27,420.95855712890625,422.00340913980386,413.8609922112637,414.21869861288303,3380760
2018-02-28,421.1938781738281,426.7853243608947,417.6074492906964,418.52050261736656,4963885
2018-03-01,420.11138916015625,421.6645911939899,412.9667689664607,414.19050303169854,2153885
2018-03-05,410.5663757324219,421.6927915603039,409.625055179677,419.7913056585922,2991720
2018-03-06,409.7474365234375,418.66174341742743,407.94008839997707,414.45403934546334,2075000
2018-03-07,404.69256591796875,414.9905868768575,403.45001582868707,409.7568466270257,2462470
2018-03-08,403.52532958984375,410.79232616128,400.64489069726045,409.07911568281304,2383815
2018-03-09,400.98370361328125,410.9428615326936,394.4132763998572,407.4034873776683,2354070
2018-03-12,404.4665832519531,407.34702166747326,399.49641218921033,406.6504536940063,2652140
2018-03-13,410.6981506347656,413.0796905129159,403.12053158433025,403.2617239235835,2596345
2018-03-14,410.68878173828125,413.42802819233475,407.9306904866413,411.35711133561284,1333845
2018-03-15,410.93353271484375,417.64515378161093,409.8510196746488,410.8770557720042,1678835
2018-03-16,403.2900085449219,415.87546133122237,398.79991928187,410.4158129252413,2971805
2018-03-19,399.0916748046875,408.5331187738206,397.642033113915,405.7091571233103,1460745
2018-03-20,406.1139221191406,407.1964350172768,395.7217638248446,398.1691742982573,1936860
2018-03-21,403.2052307128906,410.3875109235112,401.07783713126634,408.30720060428666,1845300
2018-03-22,396.917236328125,404.9090388017152,394.80868743681833,402.6969297094118,2052010
2018-03-23,390.1397399902344,395.7123707556947,387.8617601542687,393.66029867818486,2371980
2018-03-26,396.107666015625,397.1902076024356,385.99789275474285,390.0832203920716,2501400
2018-03-27,395.81591796875,398.9316870775434,393.47203870112935,394.6016349919591,1622835
2018-03-28,391.69287109375,397.91501472140527,390.0079280320433,395.9194197984564,3328235
2018-04-02,401.39794921875,402.50870064982,391.58937577234155,391.58937577234155,1229875
2018-04-03,400.04241943359375,404.7395998060927,397.42554944219984,397.42554944219984,1395115
2018-04-04,393.7355651855469,400.1082950755183,391.5799330459611,399.8729649340254,1768595
2018-04-05,397.4443664550781,402.05683143587373,394.78983559170734,398.1785953399654,1875550
2018-04-06,400.0235900878906,401.6803235197235,396.30539099157994,397.61381167440163,1324225
2018-04-09,399.3552551269531,402.01917972229313,397.04900822064053,399.1199249825059,1116435
2018-04-10,397.6326599121094,401.94389561402124,392.10708386763196,399.68473192267976,2579905
2018-04-11,395.4864807128906,401.5767978797416,393.4720406870036,401.00260605900365,1530100
2018-04-12,387.918212890625,391.2128348877335,386.75095584883763,391.2128348877335,3396280
2018-04-13,393.46258544921875,394.6016040499865,389.29254211694507,390.13972490522355,2206760
2018-04-16,395.81591796875,397.23732136812583,390.64807670088203,391.8153051350663,1447925
2018-04-17,396.39947509765625,398.5833456244386,393.09545956744296,396.2959436281011,1468190
2018-04-18,395.665283203125,398.60222766537385,393.66968808684123,398.1221449570285,1139040
2018-04-19,402.1886291503906,402.8851971678637,396.67247576523755,397.4255494446361,1612750
2018-04-20,399.4776306152344,404.00538028737714,396.4936317496905,401.0025653519711,1336685
2018-04-23,402.04736328125,403.26167470426486,394.41326822687796,399.75996148406085,2725725
2018-04-24,404.79608154296875,410.41576646682836,400.4471851276167,401.3602672250218,4431075
2018-04-25,398.7433776855469,405.88799697918273,397.8020571663302,405.0408142572522,1444495
2018-04-26,390.996337890625,404.24072579185446,388.5959818214889,400.6260580900984,6777745
2018-04-27,394.9310302734375,397.65146048633494,391.9658762486744,394.97811353762904,1596720
2018-04-30,397.2090148925781,400.4189212638562,394.98748356143994,397.38786808678583,1113320
2018-05-02,398.78106689453125,400.58838633286797,395.74059105969326,398.4421765455778,991145
2018-05-03,399.3270568847656,400.2683775573782,393.0296192868415,399.5341485818135,900380
2018-05-04,396.5971984863281,403.82653373426587,394.95928112295536,401.00257195990037,1822665
2018-05-07,389.6125793457031,397.37847407148547,386.88275542988384,397.23728173092695,1720485
2018-05-08,390.63861083984375,394.23446228119553,388.76539211400876,393.47199492410573,1252220
2018-05-09,388.64300537109375,392.5306637837569,387.54167643023214,390.80805984148645,1271755
2018-05-10,374.5703125,387.6358185314578,373.1394867772073,386.8827735287015,3301590
2018-05-11,374.73974609375,379.89816472719286,368.9976845429964,377.18718546108397,3022440
2018-05-14,379.86993408203125,384.62362056640467,378.7874210876897,378.7874210876897,2908575
2018-05-15,378.12847900390625,382.1761459057749,372.42407873015804,379.86989905182094,2023605
2018-05-16,375.3892517089844,378.1284981138165,373.7042797843299,377.65783781182114,1372185
2018-05-17,372.2263488769531,375.7374845935861,367.13380165530367,375.7374845935861,2330875
2018-05-18,373.13946533203125,375.02210645754786,370.38140297758713,373.29008006929143,2536480
2018-05-21,356.3934020996094,374.83389915031506,355.25441214194535,374.83389915031506,2528680
2018-05-22,378.3356018066406,383.3057736044249,355.81919960455923,358.1725011892455,10095680
2018-05-23,367.9339904785156,375.37984011766997,364.253423363728,372.38644740523665,3670390
2018-05-24,371.4356994628906,373.74194646929476,365.7877757510362,369.5060036854039,2292270
2018-05-25,370.4755554199219,375.73753412646835,369.93899578350783,371.8216369834239,2176245
2018-05-28,375.502197265625,378.7968193065977,368.9976685889428,370.26845712154,2541820
2018-05-29,372.894775390625,379.26750583768825,371.3698118099095,376.52825930403225,2453350
2018-05-30,369.3365173339844,371.8216173756997,367.49153709887116,371.8216173756997,1679240
2018-05-31,364.5923156738281,371.21919226875076,362.5872981226147,371.21919226875076,9300890
2018-06-01,365.4959411621094,369.64716822525565,363.7921532686841,365.2323725577901,2209305
2018-06-04,375.77520751953125,381.7808090169127,369.93900811452596,372.38644750136126,7002105
2018-06-05,369.63775634765625,374.1843508100962,367.8680690710773,372.7629475498351,1826720
2018-06-06,369.0823669433594,372.3675664341474,366.7384879922193,369.56244961116323,2078025
2018-06-07,369.9295959472656,372.1887885064151,369.2236054542381,369.9390183464239,763500
2018-06-08,388.3700256347656,390.1961898269749,371.44510028010853,371.44510028010853,5567795
2018-06-11,392.1918029785156,400.06122889208245,386.25204395146415,388.2100067587099,8061475
2018-06-12,412.42083740234375,413.2397818041598,394.78989058416664,394.78989058416664,10485570
2018-06-13,424.7803649902344,433.7605432926694,411.35712335144484,412.29844399984637,12901270
2018-06-14,427.2465515136719,432.9415290263144,422.94470995057236,425.4862867816486,7944815
2018-06-15,442.39239501953125,449.1604916895062,432.301438145005,433.5722265610188,22284555
2018-06-18,449.1699523925781,453.90479374608594,431.57666850929616,440.3497544550514,11550755
2018-06-19,450.51605224609375,457.40652604480545,447.4190993781209,452.43635434489426,10532330
2018-06-20,445.7623291015625,453.6976830661263,442.97602835370316,450.5160150526623,5748405
2018-06-21,436.09503173828125,449.7629973021762,434.23120650041193,449.7629973021762,5575655
2018-06-22,439.8320617675781,441.95003317255845,428.12203090145204,437.7140903625978,8336385
2018-06-25,431.1530456542969,438.052912570569,429.43044170642975,433.9487688063085,5713835
2018-06-26,426.822998046875,430.1835195249103,424.98744009024904,429.9952439118498,3140740
2018-06-27,431.8402404785156,434.28765101642006,422.822373193222,425.08153685034694,7760350
2018-06-28,432.20733642578125,437.8929207443954,427.7737245594018,430.93654790369624,6142315
2018-06-29,420.77972412109375,429.9952319699161,418.5111380627974,429.2327645937995,4492115
2018-07-02,421.77752685546875,425.580441384605,414.60466850154523,419.8289863249486,3871625
2018-07-03,428.0655517578125,429.99524753723847,420.8079778242973,425.10039755147426,3782865
2018-07-04,436.25506591796875,440.1615408628031,428.07498718660935,428.07498718660935,5327675
2018-07-05,432.7533264160156,442.17592601453606,430.7012256915789,438.6459737919731,4154695
2018-07-06,427.1806335449219,436.7538752156478,424.6955624807406,433.0074094616934,2781090
2018-07-09,438.6647644042969,439.59666248335975,429.6092660175263,429.618659688052,3649485
2018-07-10,437.1209716796875,441.5922438060326,433.5722039336962,441.5922438060326,3329700
2018-07-11,433.2616271972656,439.22020275073436,428.30087791993793,433.1957565868959,4100335
2018-07-12,443.7856140136719,449.50883069477123,438.02470773775644,438.0341301364605,6561835
2018-07-13,436.7445068359375,445.5081990610252,433.195738621999,440.5380275911214,2334635
2018-07-16,397.6438293457031,422.1695691269139,393.0861808273751,422.1695691269139,18607580
2018-07-17,392.20318603515625,402.40087744271216,390.6365059718128,391.19671137741364,7110920
2018-07-18,392.2696228027344,398.1375659857526,387.49360629332426,394.99470180633807,6097745
2018-07-19,385.34771728515625,394.57692169133907,384.5501352965527,394.57692169133907,3813605
2018-07-20,389.65850830078125,393.66542715920906,383.6006517872839,384.7400712545361,3778915
2018-07-23,387.7215270996094,393.6654477729548,385.9744384078753,393.6654477729548,2935145
2018-07-24,394.5389404296875,396.89372704085025,387.96837151037914,387.96837151037914,6446885
2018-07-25,396.55194091796875,398.3180092432512,391.4910546332034,396.3240396352631,2693070
2018-07-26,405.0119934082031,416.07376751727617,394.0262250240798,394.1781495440612,9565245
2018-07-27,395.6023864746094,405.4392595180649,392.6019425756867,405.4392595180649,4481590
2018-07-30,392.5639343261719,397.43490686878346,390.8738140674396,395.0041727658119,4039975
2018-07-31,404.0719909667969,405.43928266910484,393.2096340965942,394.0452044676312,7321900
2018-08-01,413.1683044433594,414.36466302226404,404.48980044980357,404.48980044980357,4564515
2018-08-02,423.0716247558594,424.98961748417446,412.08582742517723,413.0353339399818,5198205
2018-08-03,433.1744079589844,434.87403292601977,423.47995346070917,424.61937299789724,5065535
2018-08-06,424.3154602050781,441.52051297775563,423.138081442995,433.9244611415792,4178875
2018-08-07,428.9490966796875,433.25036027614345,426.337953616181,427.258976146738,2499550
2018-08-08,426.4234313964844,432.9750213184749,424.80925854214,429.7467045864288,1726995
2018-08-09,424.942138671875,429.9175433603958,418.7418625092565,429.9175433603958,1953505
2018-08-10,420.4984436035156,428.5882577002173,418.8273318321717,424.6952751722867,1619440
2018-08-13,425.6827697753906,427.08802087919736,420.65987217379126,421.58089465676915,1336615
2018-08-14,432.6806640625,435.0639348965658,425.19854743223783,428.03756288840003,2410190
2018-08-16,446.9232177734375,448.4424339720636,431.2373807909722,432.0919308474998,4479940
2018-08-17,448.9552001953125,457.90906960049256,446.4390134599125,450.80674968593945,4445110
2018-08-20,452.1075439453125,455.18396491197086,449.1166040687242,449.1166040687242,1806590
2018-08-21,457.8425598144531,461.0613719099852,447.0466751151151,453.48432828281915,3194790
2018-08-23,467.8408203125,478.55125193483315,460.51062934205174,461.4601357943034,8122840
2018-08-24,464.7739562988281,470.4615202914326,460.6246172722031,470.00574671151566,2883520
2018-08-27,463.9479064941406,467.7174488246436,460.79553765330536,465.82793997848876,2285610
2018-08-28,458.5166320800781,470.95517164257814,457.10187682488487,465.25813327593403,3752040
2018-08-29,452.6962585449219,461.36525857887233,451.4903955750823,459.5612018051311,3190665
2018-08-30,451.99359130859375,459.17185834125036,451.0251050817444,452.91461379970485,5392990
2018-08-31,473.2340393066406,474.56334262676774,454.8136187878068,455.1934155968946,9906600
2018-09-03,492.4900207519531,499.82024101238346,473.80373992725157,476.6522594057721,15199620
2018-09-04,482.9379577636719,496.591864919125,481.7890630921356,492.7938391836058,5182295
2018-09-05,487.60955810546875,491.844378053823,478.2664463893249,484.1153810613331,5635765
2018-09-06,487.4671630859375,497.54141328975425,485.2168083075897,490.704954798934,5422470
2018-09-07,499.9151916503906,502.1560131685644,483.4127634037127,488.9958664766404,6533160
2018-09-10,486.88800048828125,505.09952931107097,485.1978509979541,498.263070504788,6619365
2018-09-11,479.3963317871094,491.1701771507999,476.10154320298534,489.6509899920254,5684655
2018-09-12,480.28887939453125,488.89143528781636,472.39848238142713,479.69071461593427,6244125
2018-09-14,490.2967224121094,492.7939294267776,484.2578742955521,485.36878079971024,3386665
2018-09-17,487.76153564453125,496.5919351375834,483.8495442434133,490.135302064883,3458865
2018-09-18,490.7335510253906,500.7698435336807,488.04643090844866,489.9264355797364,5557290
2018-09-19,495.0917053222656,500.5798811789542,488.2362956238558,494.3890797247314,4349735
2018-09-21,485.4352111816406,507.1883801822885,463.5680770575508,502.08953477640824,7055035
2018-09-24,484.99847412109375,493.9238301779391,480.31738465935535,489.527610076191,3443295
2018-09-25,495.9652404785156,497.3989465831875,484.2957687441395,488.16026707381474,3796255
2018-09-26,493.9047546386719,505.93504310526265,492.034254746831,497.1045867438926,6031190
2018-09-27,482.53924560546875,497.6079100833642,480.260406679104,495.6234158726041,5251760
2018-09-28,480.5737609863281,489.37570536340775,471.81930932334535,485.95744696734977,5348515
2018-10-01,476.38641357421875,482.48225819770494,463.42565533887847,480.6402132261308,3811780
2018-10-03,472.76885986328125,484.05847887072247,471.3350955483923,477.9816421023932,3529440
2018-10-04,450.5313720703125,473.6043995653217,448.2145736753902,468.8663419828503,4021070
2018-10-05,454.7281494140625,461.28924263343134,446.32501131508434,447.4074626053578,3684765
2018-10-08,444.3880615234375,457.23488446067444,442.84986549185015,454.8136542593449,3018945
2018-10-09,466.0462951660156,470.3855471282022,444.73939447772653,447.72083002791913,5638370
2018-10-10,471.8287658691406,477.4213438864403,466.39758772415564,468.10668777242626,4467855
2018-10-11,466.96728515625,477.7916824386483,457.28233624126045,458.0514341882066,2740135
2018-10-12,465.3531799316406,473.0346846747309,461.92544611530303,467.1572366355146,4626930
2018-10-15,487.4481201171875,489.93582237235677,464.0048036198823,467.36606455611417,5616380
2018-10-16,488.72998046875,491.84438975038097,481.8745710392246,487.4576741537346,3000015
2018-10-17,487.0968322753906,493.55346485524717,484.6281095913377,489.9453517623812,2460045
2018-10-19,484.69464111328125,490.4961415771825,480.5453018574447,484.24837184682735,2184920
2018-10-22,478.4373779296875,490.44865929184067,474.0411578485798,486.6221199747564,2781960
2018-10-23,469.76837158203125,483.53621673198467,460.52966230154084,479.4913095050595,4117545
2018-10-24,462.2767639160156,474.1835846530694,453.20898758360016,472.47448438387994,3628220
2018-10-25,453.9590759277344,464.2991869292018,451.9651064275789,457.96599462697725,6696500
2018-10-26,456.6271667480469,465.2581772113631,449.69575202809864,454.12996005858906,5628260
2018-10-29,481.0105285644531,485.9574496677903,463.34022525163135,463.35920495139106,5153915
2018-10-30,492.66094970703125,495.642414153061,477.64925361949213,480.58325432915177,4855195
2018-10-31,482.8145751953125,485.0839097532338,460.1403541986655,463.1598070427723,11364110
2018-11-01,467.4610595703125,488.89142880440477,464.5935313183651,486.14734103702983,6852830
2018-11-02,460.1783447265625,470.1766475621229,456.4372865927782,468.2016866832766,4403540
2018-11-05,459.7320556640625,465.6379873231214,454.0540252718189,463.35917749144215,2647945
2018-11-06,465.4196472167969,467.1572314866288,458.041962637903,459.3142979619095,1894150
2018-11-07,465.8183898925781,469.03723083315,463.7389683415238,467.1571975334377,389780
2018-11-09,455.7631530761719,468.1067384719849,453.6742270339164,468.1067384719849,5014635
2018-11-12,458.71612548828125,462.9509458416645,454.8136672211221,458.40280105599345,2439440
2018-11-13,462.9888610839844,465.4481084743466,458.7160817368269,458.80156282321275,2348490
2018-11-14,465.1158142089844,469.0562608070758,457.0544834638718,465.2392547033542,2151265
2018-11-15,467.4989929199219,474.36393514810663,465.24866721622124,466.5494864473638,2493625
2018-11-16,470.3949890136719,474.1455220664557,463.74844393231433,467.7268782348579,2129050
2018-11-19,480.1844482421875,483.41276468066997,472.8542565992935,483.39378498147323,4735110
2018-11-20,463.9573669433594,478.5702569486836,462.8939242968433,478.5702569486836,2705585
2018-11-21,494.0851745605469,504.18793734571426,489.40411460135357,495.2625533149694,22429120
2018-11-22,495.39556884765625,497.48449497786225,489.1098397330937,489.94541018517606,5046020
2018-11-26,485.8814697265625,500.94065795841163,478.75066660399915,495.0727147139714,5648170
2018-11-27,491.60699462890625,494.27510559886247,482.72910298175753,488.99585173131186,5237990
2018-11-28,488.4831237792969,492.8603347362792,483.8210145161512,492.7938623283928,3221465
2018-11-29,504.244873046875,506.4097754846999,489.014811055282,490.70490233363853,5241465
2018-11-30,516.9493408203125,519.2945941468503,504.57724283764486,505.3273900912453,7459140
2018-12-03,506.6376647949219,520.8232933914103,503.7036643824876,520.0636418733234,4919170
2018-12-04,513.5026245117188,516.3131847055632,509.2773088597607,510.4546876852168,4577265
2018-12-05,507.34979248046875,515.3825798754389,502.5927559419664,511.9738842085412,2238155
2018-12-06,501.5672912597656,509.12538366663165,497.759761021138,507.2263707159566,2575765
2018-12-07,511.3186950683594,515.4490246812645,501.9090542948368,505.327312068907,5898375
2018-12-10,510.9198913574219,514.0627550207997,498.13001083775896,498.13001083775896,5025935
2018-12-11,515.8004150390625,522.2190884704676,506.2958453774264,506.7516479211983,4203895
2018-12-12,491.15130615234375,514.9269309706943,481.22895041743675,507.0365333042594,17065640
2018-12-13,493.1451721191406,498.4908981970203,487.5146056900893,498.4908981970203,5189005
2018-12-14,492.1672058105469,495.5663972236603,487.66649649261797,492.7938545770418,2931800
2018-12-17,496.2406005859375,500.3899394705218,493.78135318283495,494.63593223800524,2962015
2018-12-18,501.20654296875,502.28899440802047,490.3536894201504,494.0852434261032,3696265
2018-12-19,496.3544616699219,503.42829581330847,490.82832756695177,502.28887656315385,4206195
2018-12-20,499.1460876464844,500.1905216430935,492.2242059396261,495.20561238483515,2465430
2018-12-21,495.27203369140625,496.8387424779384,489.58449946375714,495.5284189718538,3739795
2018-12-24,493.7054748535156,498.13015013027456,489.6035993683918,495.64244746317803,2523195
2018-12-26,497.97821044921875,499.06060383775906,489.03381730253903,493.3635647165368,3768120
2018-12-27,491.3601379394531,502.28896766147443,490.20176775977467,501.52937400803006,2937890
2018-12-28,497.9022521972656,500.01012893284957,493.95227247264415,494.69291540349104,2988500
2018-12-31,496.87677001953125,505.8591229179358,495.64242308526246,500.33298779810866,5132645
2019-01-01,495.08221435546875,500.2000688749433,493.7434355393168,497.18064481969316,1693785
2019-01-02,493.94287109375,497.1616545656047,489.00542496473525,494.88287339679607,2087755
2019-01-03,489.4421081542969,496.55396081671796,486.90694192046124,494.692907135905,2709455
2019-01-04,493.74346923828125,494.88288883487337,486.5272417153447,489.94544255183297,2036985
2019-01-07,485.8909912109375,496.3735515058283,481.8365797478886,496.3735515058283,2712075
2019-01-08,488.1412658691406,491.2461706526546,484.43822531082736,486.3372383007144,3447490
2019-01-09,494.3320617675781,495.8132895665958,490.1162506544852,490.1162506544852,2321680
2019-01-10,493.8193054199219,495.64234148351994,490.5434967447501,493.3825116121418,1952070
2019-01-11,491.4930419921875,495.79427619437456,489.94534179946584,495.79427619437456,1583935
2019-01-14,489.71746826171875,494.6928729125376,485.19780817333344,490.9613194244235,1972390
2019-01-15,492.75592041015625,494.50297993868213,490.20174557433324,490.894866783156,1787885
2019-01-16,496.9622802734375,499.00368472018323,489.0528739572584,489.9454124919448,4730740
2019-01-17,497.3800048828125,499.2125454688538,493.7433787699546,497.54140476049264,3249010
2019-01-18,493.1357116699219,499.3170086302114,492.698975743682,494.6929163326162,2681365
2019-01-21,493.7054748535156,501.7193129122394,490.28721630593714,494.69294085884246,2975320
2019-01-22,501.3964538574219,502.28899238129696,491.83491542234793,493.5725287306621,3880330
2019-01-23,502.6212158203125,505.137431092591,499.44039239605803,501.3108922838479,3772630
2019-01-24,506.74212646484375,507.9290095902225,501.7287043256706,501.7287043256706,3057825
2019-01-25,507.49224853515625,511.0244430802668,502.38389859712095,507.13143140546,3046410
2019-01-28,498.4435119628906,507.39735243874725,493.18320819584346,507.39735243874725,3424970
2019-01-29,506.3623352050781,509.6951125208809,494.313094576635,496.78184641769855,4338480
2019-01-30,506.1629943847656,508.93553742891413,500.8552269931051,504.1975087690323,3285070
2019-01-31,516.6834716796875,518.1552532316465,503.4283970000499,506.08700381593127,6157590
2019-02-01,530.0620727539062,535.3318229255137,515.6106097567684,516.0948094541629,7254975
2019-02-04,519.4180908203125,546.5359981060137,515.6295686040676,533.2239544384172,10747910
2019-02-05,535.7969970703125,543.0891999685291,526.5962768522088,527.014062026479,8266655
2019-02-06,529.7676391601562,534.762052436317,524.3174813260501,534.762052436317,4408975
2019-02-07,535.863525390625,538.3702366977942,530.0145902938466,530.0145902938466,2809020
2019-02-08,525.9696044921875,535.1418112868605,522.541900121289,535.1418112868605,3570965
2019-02-11,496.65838623046875,514.2432656625751,486.02390153316935,505.15648124116564,9477310
2019-02-12,503.7132263183594,508.2613418436136,490.70497495284644,497.3515208232112,6546620
2019-02-14,506.5142517089844,507.97647084914547,496.781810128306,502.9915617468468,2987045
2019-02-15,486.78350830078125,505.1374861972347,355.6756562119425,505.1374861972347,33781355
2019-02-18,487.2012634277344,510.76802157289075,483.3083099820457,503.23844202677026,13437905
2019-02-19,481.7606506347656,495.6424321242828,475.7217737502256,490.6954820056079,11348990
2019-02-20,479.529296875,490.7049786554779,476.3769281411613,488.97686976174987,7798610
2019-02-21,491.14178466796875,494.8828429251985,478.5228340594285,484.24835759903374,6551985
2019-02-22,501.2445068359375,503.2384473137942,485.3307685502447,490.84739902247804,6890795
2019-02-25,506.44781494140625,511.77453284823207,498.0731601057808,501.38692873637353,6377575
2019-02-26,502.8206787109375,505.11846830033903,499.2410205264145,503.97910682015964,5065570
2019-02-27,502.6497497558594,509.5051587884952,499.4499175243648,505.99203114200697,3965490
2019-02-28,499.7537841796875,506.84657008469674,496.6393749685296,506.84657008469674,3348795
2019-03-01,502.4789123535156,504.5867892216789,489.9549177809207,500.9596669972278,4428975
2019-03-05,504.01702880859375,506.8085801343947,494.6168916218644,500.38990715716017,3233555
2019-03-06,511.5276794433594,514.3477442217002,504.50136527409006,505.2514546357157,4261975
2019-03-07,509.0780029296875,517.6520176641232,506.8276768525238,510.83456701412814,4583795
2019-03-08,496.6014099121094,510.0654052924119,494.9777329140681,506.65665141627284,3424030
2019-03-11,498.7093505859375,504.37793532384325,495.8418799608996,499.06066340408216,5568560
2019-03-12,506.438232421875,508.1758453899211,500.9595618569815,502.6687197682517,2724340
2019-03-13,504.3493957519531,514.6325682786091,502.21300593898843,505.7071832120212,3520390
2019-03-14,502.8396911621094,507.20739807767006,496.781834782793,504.349374111322,2418560
2019-03-15,504.9285888671875,511.54662128225925,501.51983507001324,504.2828734553628,7180270
2019-03-18,506.93218994140625,507.8531837027111,501.9377749936809,504.833759089211,2272815
2019-03-19,514.3857421875,516.0094194818072,506.93213789260705,507.03656971915314,4590280
2019-03-20,522.5419921875,524.1276520092314,514.4426729357951,514.4426729357951,5759745
2019-03-22,522.4755249023438,527.735770743245,520.0447902597433,527.735770743245,3427005
2019-03-25,528.1060791015625,531.343871113816,517.8134020400032,521.260115640332,5049315
2019-03-26,528.3719482421875,530.5748106685008,524.6024345841115,530.0146341876731,2420510
2019-03-27,525.0865478515625,534.3821947207742,521.1081136847378,528.1249799471859,3295160
2019-03-28,515.9998168945312,526.9191416914335,514.2526994275846,526.9191416914335,3317795
2019-04-01,530.7362670898438,536.0439769009357,528.3055323421025,531.5243158965525,3959055
2019-04-02,531.4862670898438,535.5216697430493,527.9256176899564,532.4832373311566,2941955
2019-04-03,525.1150512695312,533.3947780438099,523.8332406822555,533.2428245507348,1842580
2019-04-04,526.2830200195312,530.3089185649502,522.8932746429535,526.548851720859,2192480
2019-04-05,523.0546875,527.5458350990571,520.804361531287,527.1280498837995,2225465
2019-04-08,524.830322265625,527.925723369418,521.3741039808199,524.1276965825878,1535035
2019-04-09,522.855224609375,525.2575038757103,519.7408734202021,524.8871824313437,2065405
2019-04-10,525.0770874023438,538.5410824359528,521.4879250632865,522.6368487759361,5386055
2019-04-11,533.9548950195312,534.5720973540904,523.7192462751663,526.5298060516086,3186725
2019-04-12,533.0624389648438,535.7115992908227,529.0745578756053,531.7236602483046,3031110
2019-04-15,530.3563842773438,537.3827560350071,528.115562694214,535.8255513606499,2782595
2019-04-16,536.4901733398438,539.3196841234711,533.0529644963049,537.6105840390873,3857435
2019-04-18,531.5527954101562,537.031467074763,530.0810717607244,537.031467074763,2168040
2019-04-22,530.9070434570312,535.5121264983296,526.9760728963699,533.6226179599278,1736150
2019-04-23,535.9300537109375,537.9240525305293,531.8186735191655,531.8186735191655,2379440
2019-04-24,543.0037841796875,545.9662398361012,534.2113446795416,538.3701878035988,3740925
2019-04-25,555.4422607421875,558.3097887464431,539.2152280775232,541.5320261176632,5438620
2019-04-26,549.2420654296875,560.8735204552353,546.0706881110339,557.1704217964021,4628615
2019-04-30,557.1229858398438,560.2088822249814,549.8212779211868,551.4639057596097,3006375
2019-05-02,554.4928588867188,562.8675142519288,551.6633476965964,555.4613741867623,2940460
2019-05-03,552.1285400390625,556.9330407382087,548.9477163611094,552.6318063149679,1822665
2019-05-06,554.625732421875,556.4013049415032,548.4349314937216,550.1345852196715,2055080
2019-05-07,558.775146484375,560.5887365984905,555.5088413644903,557.5503037969003,2290700
2019-05-08,550.8087158203125,559.7910684727628,547.4095241634194,558.8795213392124,2251990
2019-05-09,550.8277587890625,552.4798909844405,539.0538538824613,547.3430858279329,3655600
2019-05-10,546.2322387695312,553.9801878935158,544.3237210419684,552.2330700770201,1695460
2019-05-13,532.2459106445312,543.108268417788,527.4794269422107,541.2282639032978,3296000
2019-05-14,533.1668701171875,536.8509597087491,524.1370546784523,529.0269780301464,2424750
2019-05-15,534.296875,541.9498958098435,530.204503908507,533.812617365779,2394025
2019-05-16,531.9136352539062,536.727640908716,524.1656285603441,534.2209294517819,1926500
2019-05-17,521.279052734375,533.6226368610542,506.55219809225133,530.014523860834,5803605
2019-05-20,491.73046875,527.7357417777209,482.8335967956514,527.5458288724303,13296325
2019-05-21,506.4667663574219,512.7239814430153,492.60393734029157,492.60393734029157,10041680
2019-05-22,504.7102355957031,508.9165429956228,497.89278497357947,506.06802311685493,3825980
2019-05-23,500.8267822265625,512.7145656907163,498.75686475110007,508.9355478913503,2733160
2019-05-24,505.8780517578125,507.786510956714,498.71873635301176,503.2383961265968,2355750
2019-05-27,504.7576904296875,506.84661656124763,499.905725563923,505.89710995174613,1703280
2019-05-28,503.60882568359375,509.6951375650881,498.7568608066408,506.08702403131906,6261485
2019-05-29,495.7848815917969,503.2384850283568,492.3096550715366,503.2384850283568,3872490
2019-05-30,503.6942138671875,505.1184736858769,492.4805438795041,496.2120976500767,3638095
2019-05-31,508.6221923828125,510.45473319591844,498.75686269449733,505.0425918514215,4697455
2019-06-03,517.3101196289062,520.1396303518183,503.69417141048905,508.8975062510726,2794240
2019-06-04,506.1534423828125,531.4293010498773,455.7631249285107,522.2285806472519,12191965
2019-06-06,504.62481689453125,514.6135872824241,502.09909679262097,513.0279274295407,3042480
2019-06-07,490.0783386230469,504.4063604179362,485.24532464606636,503.23848587313,3912170
2019-06-10,499.29803466796875,500.9217118569521,487.9799319454478,495.2816401965658,3114925
2019-06-11,494.8543395996094,500.57038788941856,492.5090861099509,500.57038788941856,2605765
2019-06-12,491.78741455078125,499.21256257104983,488.5211097688892,496.02223453848904,2644365
2019-06-13,491.5121154785156,494.2371947887283,485.65364699717196,492.0343325187165,1843465
2019-06-14,487.1253662109375,490.32519860250125,480.260394544196,490.32519860250125,3446035
2019-06-17,485.0364074707031,490.03085006252445,482.0834560742311,487.47667518132346,2634620
2019-06-18,492.08172607421875,493.7433623899542,482.73858592465155,485.1978041947434,3325285
2019-06-19,484.4096984863281,492.0057207982681,481.8745036190459,490.70490165136124,4227975
2019-06-20,487.05889892578125,489.42316095389555,478.1715025832365,484.24833868513366,2840740
2019-06-21,484.54266357421875,488.9958514129846,479.225421336342,486.1473318901905,2895690
2019-06-24,477.2979431152344,480.8301086219148,475.63630666138334,479.3108923544944,2261305
2019-06-25,481.5992126464844,484.7135929942751,472.48394390425955,475.15208398785006,2186090
2019-06-26,489.7459411621094,491.360113817235,477.1650089009674,481.39029547786134,2506335
2019-06-27,487.2108154296875,489.73653540569507,483.0899603180822,489.73653540569507,2329305
2019-06-28,484.3338317871094,496.5919658162918,481.7416682643546,491.84443268229285,4298885
2019-07-01,504.159423828125,507.985962729435,487.4955968283099,487.4955968283099,5592610
2019-07-02,498.9941711425781,505.5077717243242,496.7058280586873,504.5677695762031,3333410
2019-07-03,493.1167907714844,500.76030742906545,489.9454131789814,500.76030742906545,3132990
2019-07-04,494.19915771484375,497.5414393640185,492.42358507704,493.95227673576403,1840500
2019-07-05,493.923828125,497.4465183854085,492.5185769374638,495.64243270955893,2458575
2019-07-08,492.9267883300781,497.54137573054896,485.9573855446409,490.9138393088042,2352875
2019-07-09,493.5250549316406,498.49095581307085,488.2932643895344,492.2242355498767,2041480
2019-07-10,490.828369140625,494.29409091313084,488.5020667147837,492.6039415908112,1555795
2019-07-11,503.8176574707031,505.51731128828493,490.9234002254411,491.08480011230574,3900525
2019-07-12,499.174560546875,505.1849532942742,490.92340418155504,502.8586506332898,3309185
2019-07-15,502.81036376953125,511.04827993974874,499.8634455631762,503.27917972103273,2497770
2019-07-16,512.1676635742188,513.6028429369698,498.14120296387534,501.86311546003304,2961595
2019-07-17,510.2159118652344,514.3492360144792,505.6520221675588,510.0819477572593,2367680
2019-07-18,508.1587829589844,512.8087505919856,503.26961873913,510.01495080886934,2172275
2019-07-19,500.04522705078125,512.8374551692968,498.3038689826062,509.00073277488053,2341240
2019-07-22,503.74798583984375,505.56590316487797,497.5671253323286,501.1646511560166,1745260
2019-07-23,497.4045104980469,506.0729924128956,493.78788849528144,505.1831881233453,2400580
2019-07-24,497.3470764160156,499.63380965234177,488.9177915819837,496.57208186115366,2268320
2019-07-25,507.8813171386719,510.1584732330182,498.9162340671262,501.31777705383945,2581940
2019-07-26,517.6118774414062,519.3436585304837,501.6814185429845,505.19280836274964,2688095
2019-07-29,507.8525695800781,521.792952715993,501.6047855256109,518.5590104111496,4598165
2019-07-30,489.8746032714844,515.4208100825454,487.7888160699549,506.7140193999003,10986210
2019-07-31,492.6684265136719,495.61534491585263,484.70798602194395,485.0906947342419,4173450
2019-08-01,484.8514404296875,492.3621892608265,478.4027103386787,492.3621892608265,4881245
2019-08-02,483.98077392578125,487.96100840011667,477.67555577207503,484.8610301609556,2969945
2019-08-05,481.20611572265625,485.65516628574403,478.52712569723604,482.79438452301304,1687875
2019-08-06,489.1474609375,494.63940543046385,478.58456029585557,480.2780616816293,3016085
2019-08-07,489.2622375488281,495.39527054976236,486.2292412721478,487.96102217179464,1581395
2019-08-08,492.1613464355469,495.2230744465369,487.97061753504016,491.788185742224,1276305
2019-08-09,492.4483642578125,495.55791986652105,489.89376107829486,493.07981754801995,1869625
2019-08-13,489.1761474609375,497.43324754568687,486.2388355526754,493.3190195158076,1874220
2019-08-14,480.6799011230469,485.62647012641526,449.91919707667086,483.1866766503309,8047285
2019-08-16,476.9675598144531,483.94251109464483,471.69565782456215,483.94251109464483,3989225
2019-08-19,480.134521484375,491.58722578441245,477.43637703530084,486.04745397581723,3556515
2019-08-20,488.8412780761719,490.72614828918097,481.35920206726877,483.1292625940115,3047550
2019-08-21,478.96722412109375,483.5406614337346,476.6709428576273,478.39314650552706,4254970
2019-08-22,487.080810546875,489.87463969888137,478.96728051409673,478.96728051409673,2648925
2019-08-23,486.28668212890625,489.9990179894214,482.98575740788027,487.0233971367453,2863550
2019-08-26,491.2524108886719,494.65856813216897,486.4397764711215,489.86505893102344,2175030
2019-08-27,486.1814270019531,494.46717104854184,484.6696882266489,492.74496730834414,2915520
2019-08-28,480.7086181640625,491.5968224665392,479.05336724168643,489.396225507415,2116140
2019-08-29,483.7129211425781,485.09069586911653,477.23548784540185,481.26355033957714,2524850
2019-08-30,489.3962097167969,491.40543765864555,480.8808171861183,484.1721645101471,2876385
2019-09-03,484.669677734375,491.21412188257494,482.7561050872245,489.55887103122126,1927265
2019-09-04,498.0455017089844,499.7390320864529,484.6887736158881,486.0282977468665,4096285
2019-09-05,513.3063354492188,515.6696282656728,504.56129358349443,504.56129358349443,4488550
2019-09-06,524.309326171875,525.6488503789637,511.8902584250651,513.6220393284227,3959170
2019-09-09,526.0794677734375,529.0359050911874,522.233167700426,522.233167700426,3199675
2019-09-11,528.3374633789062,531.6670613738772,524.5103177671758,526.615259533149,3171745
2019-09-12,529.4950561523438,533.503992900239,525.6774883351372,529.2941684130793,2347310
2019-09-13,522.701904296875,534.8339471804403,515.2772335056005,532.288921399769,5949000
2019-09-16,521.5059204101562,528.6435669858653,517.257787048324,522.5966707700752,4092125
2019-09-17,523.9457397460938,528.6052844265957,522.5201374808923,523.3621141095862,2342715
2019-09-18,525.0173950195312,528.5192660291315,519.5637591284507,524.2807091844563,1821510
2019-09-19,522.893310546875,525.8880564544634,518.3198438236838,524.3380672598296,2319595
2019-09-20,543.03369140625,547.6645633160682,518.7791793217037,523.9362136788096,3830525
2019-09-23,529.5333862304688,543.454615132241,516.8559678316973,543.454615132241,4645190
2019-09-24,532.977783203125,544.411390877345,519.5349477089601,529.4281434947155,3398250
2019-09-25,530.7007446289062,532.7387045189314,526.2612997094382,526.2612997094382,2457150
2019-09-26,530.9876708984375,535.0157622902288,524.8834279610444,533.8867614511448,2524060
2019-09-27,522.558349609375,533.1213071232834,520.5873722815779,532.3558898071909,2344830
2019-09-30,517.0951538085938,524.8068488462865,514.8275750095055,523.1707232935165,2749030
2019-10-01,514.626708984375,520.4918144327885,506.12086366323655,514.7510958912503,4860100
2019-10-03,512.2920532226562,513.6889821664092,504.4177210970906,512.7991779644125,1485000
2019-10-04,500.91595458984375,516.473311535301,499.70087551458914,514.1770591049609,2221020
2019-10-07,500.6766662597656,506.13993688519724,492.9841256712625,503.2695780748842,2596265
2019-10-09,509.6609802246094,512.072100676178,497.5863403464595,502.2650399283908,2332220
2019-10-10,503.9394226074219,510.3307489298747,499.8347714625312,502.532916193458,1440705
2019-10-11,507.36474609375,508.81902178553156,498.8684777567105,506.1400314084494,2734535
2019-10-14,507.4603576660156,513.3350399709398,501.5474249295746,507.4795120805767,1507185
2019-10-15,513.727294921875,516.0714331909468,507.96742232888806,509.3930830638685,1710795
2019-10-16,516.9420776367188,522.0991700947887,514.1770094587416,518.7695722735984,1639185
2019-10-17,521.90771484375,523.1706796285767,516.4731762650862,518.7694864916066,1525070
2019-10-18,521.4197998046875,525.26609940261,518.5877497424251,520.4917451282301,1446395
2019-10-22,537.857421875,539.7614171974817,518.7407926025071,520.9222933161197,3496720
2019-10-23,540.9097290039062,543.82791627562,527.1989615144669,537.1016788587984,4897960
2019-10-24,540.6417236328125,545.3586736013955,530.0596683302111,543.4068503584808,3013160
2019-10-25,534.8340454101562,540.3929723182803,531.9636860758903,540.3929723182803,2503975
2019-10-27,533.0447998046875,534.4608248972957,531.0164174405069,531.7818348311706,113015
2019-10-29,536.2787475585938,539.6274997735003,526.8926758292887,531.0164226494551,2668840
2019-10-30,528.126953125,541.3497485497663,524.6155632903258,541.3497485497663,2965735
2019-10-31,532.5855102539062,538.6515023539101,530.0787349599466,531.9539986285771,3601190
2019-11-01,527.495361328125,541.3783380793966,523.5246753404332,532.73853088307,15004275
2019-11-04,535.3792724609375,537.7138330756751,525.954951948453,529.1505850864992,4044245
2019-11-05,538.8046264648438,545.2725109019675,534.2694689529525,534.6138979898458,4218310
2019-11-06,547.7984619140625,551.1089638659794,539.6466815339178,539.6466815339178,4502345
2019-11-07,549.3963012695312,551.7212850509007,541.3496955067174,547.6645203427859,2205775
2019-11-08,540.029296875,547.2817532430809,538.1540331369529,547.2817532430809,1594930
2019-11-11,538.814208984375,541.0339017313088,534.84352262197,538.1635429336953,1533320
2019-11-13,528.7488403320312,540.3642405279297,527.1892739242944,539.62749635808,2283415
2019-11-14,523.1802978515625,531.4660412530571,521.4389398328208,531.0163797371005,3242840
2019-11-15,522.558349609375,525.8496966264105,519.0182872227477,525.8496966264105,1894225
2019-11-18,523.744873046875,527.9546979619594,522.7880866937734,522.97939724631,2113865
2019-11-19,524.8929443359375,528.232177599284,521.3528817203123,524.5102648519356,2384625
2019-11-20,543.1962890625,548.037625597562,525.275699636453,525.5340506349829,4989880
2019-11-21,550.9653930664062,553.0225070659179,537.7521759860814,541.158333036258,4794695
2019-11-22,549.4345703125,555.8450506399857,544.0287039891293,546.3250146250545,2747755
2019-11-25,558.8875732421875,561.8249141233713,545.3777556685814,547.281751018193,2343975
2019-11-26,567.5369873046875,569.287922813579,556.3043240200168,558.8110997814376,5280840
2019-11-27,568.7138061523438,572.5313741864953,563.0304931337475,566.4174956487809,2792575
2019-11-28,569.6227416992188,570.7422237977635,563.1740109126724,567.967519967286,1282180
2019-11-29,557.58642578125,569.2304998503847,554.0367272346995,569.2304998503847,2802065
2019-12-02,549.5206909179688,558.3804833515417,545.7509504113318,558.3804833515417,2990275
2019-12-03,546.9660034179688,552.5153522342974,545.6839424888257,550.9175354773382,1906680
2019-12-04,550.697509765625,552.2379217269543,546.9373465319443,547.2817755920671,2380810
2019-12-05,549.5015869140625,551.108981101228,545.1960479992092,551.0707306673463,2168805
2019-12-06,553.175537109375,564.3125435681407,549.5110876558197,552.5823342799055,4942595
2019-12-09,556.6104736328125,562.973126385337,553.3861082210068,554.7447285221199,2646785
2019-12-10,554.4577026367188,556.6104719739623,550.6305571482858,556.6104719739623,1742585
2019-12-11,552.6014404296875,557.9594198400365,550.1520700710144,554.9360011151101,2032640
2019-12-12,556.0172729492188,558.5336257971145,553.0225269119528,554.9360996694336,2019050
2019-12-13,539.9144897460938,548.3629290064919,530.6336510883202,548.25769653041,6842090
2019-12-16,538.9290771484375,545.3586535219742,535.1115088769494,542.4978716201866,2301945
2019-12-17,540.9478759765625,544.4114379221145,537.905302364605,541.1583409445573,1835550
2019-12-18,549.85546875,550.391266691101,540.9669458921082,543.4545666763066,2656160
2019-12-19,549.1092529296875,553.4721965444172,543.6556172094806,549.9608068346009,1991375
2019-12-20,547.9228515625,551.3481632272418,546.4685759442737,548.2960122740795,1756605
2019-12-23,556.5435180664062,558.3805316424282,548.7361665701067,548.7361665701067,1961175
2019-12-24,554.1610107421875,558.5526851682627,552.2665927218708,558.5526851682627,1089215
2019-12-26,548.3533325195312,557.7585577356531,547.2817365882293,554.2758417601225,1284800
2019-12-27,554.476806640625,555.8928316553721,547.5879337082329,550.1521139446454,1868265
2019-12-30,552.802490234375,560.2940856082032,550.1521732516503,551.5491024016537,1899395
2019-12-31,550.0659790039062,557.7776741473864,548.0567511586405,553.0224743280437,1516190
2020-01-01,550.994140625,552.7354988298976,547.320055261268,551.1089503178412,773895
2020-01-02,548.2193603515625,553.4816846643017,547.3199789512995,551.8360403646192,1494155
2020-01-03,551.8552856445312,554.3620613308277,545.7605025747902,548.2194506207969,1723390
2020-01-06,550.8888549804688,554.5150539575956,546.1719056289998,549.386693513545,1788685
2020-01-07,551.9126586914062,556.8496505165037,549.3963059425216,553.0225051521292,1788175
2020-01-08,554.4098510742188,555.8928582074719,548.4299365065824,550.1521402225411,1395115
2020-01-09,558.8589477539062,561.93983052091,555.1275155996284,557.1558982223913,1877480
2020-01-10,561.2507934570312,575.6025872726484,559.7486904275501,560.676745063446,5635735
2020-01-13,565.4033203125,567.6613220523544,557.9403985635552,561.23174589868,2209320
2020-01-14,564.0829467773438,568.1014610457029,561.0595276673534,565.4224709993312,1785850
2020-01-15,558.5048828125,563.8341898413756,554.936088379637,563.7672077885138,1924335
2020-01-16,562.1024169921875,564.79098436471,559.0789977481204,560.2940767315926,1917310
2020-01-17,580.6448974609375,583.4482743134408,562.5903446439179,563.432321260091,5585585
2020-01-20,585.4766845703125,589.3803892138371,580.2047824595396,582.3001468934605,4373565
2020-01-21,585.639404296875,589.342162936327,580.9319732347321,584.7017139288706,2853930
2020-01-22,585.9454956054688,594.1738931514745,583.1421186426219,585.6584713835671,2798990
2020-01-23,581.3721923828125,589.1317169720231,578.6644702052012,584.6539631080099,2130840
2020-01-24,580.0803833007812,583.0750704735783,578.8939193221202,582.4914448889576,1363645
2020-01-27,610.1905517578125,614.0655251580539,573.5934704489355,579.6212133379344,20699040
2020-01-28,610.2670288085938,621.9015246499208,604.2583827474991,610.4296661300585,11511345
2020-01-29,602.4404907226562,612.6972113778058,593.0544198673634,610.2669953055652,6946015
2020-01-30,603.7034301757812,606.6025207268231,596.7572106170276,603.2155182115166,3366300
2020-01-31,595.9822387695312,610.7836955233984,593.6093689191412,603.7800124572418,3341175
2020-02-03,601.656005859375,607.1766236549439,596.4893359609758,597.8001286519299,2576210
2020-02-04,620.3515625,627.1926082772264,603.167658591464,603.5408192842447,5149785
2020-02-05,599.5892333984375,621.91107335176,597.3599634433097,619.040714551675,4781145
2020-02-06,604.488037109375,607.9037714434668,600.2112300845072,606.1433172328099,2462660
2020-02-07,605.9711303710938,609.4729429353984,600.2878167619771,604.6602792640989,2676165
2020-02-10,602.6031494140625,607.224443555589,595.6951220193118,605.9231698163379,1477975
2020-02-11,610.6592407226562,613.4817718113252,599.9049727242925,604.6697495142016,3060520
2020-02-12,611.5204467773438,614.945699892203,605.4639727807678,607.0139620086908,2843165
2020-02-13,636.1864013671875,638.5401169514578,611.788347989605,616.696666929139,8584320
2020-02-14,632.3018798828125,637.7938247669827,627.077863235729,632.4740944362494,3533430
2020-02-17,630.6275024414062,639.5256047383806,629.0296854227641,636.4160487788523,3203305
2020-02-18,622.1694946289062,629.1826967099194,618.7059326239361,629.1826967099194,3486830
2020-02-19,627.2978515625,631.249383936913,623.4419744659119,623.4419744659119,1509105
2020-02-20,622.92529296875,643.9076097499835,620.0071064012898,629.4314282005306,4622330
2020-02-24,607.80810546875,623.250651158544,605.9041099776706,623.250651158544,3143085
2020-02-25,590.7008056640625,608.9563069402889,584.8548546432668,608.8989020908948,5005135
2020-02-26,588.4905395507812,596.1735029511143,585.610603527349,592.6334404614463,3810845
2020-02-27,586.9022827148438,592.0593750992695,579.6403071019702,592.0593750992695,4677080
2020-02-28,560.1217651367188,591.0068519397865,555.9406140825472,579.8124416346479,8299780
2020-03-02,555.998046875,573.5455324944505,550.3434658003775,566.6088321426143,4444330
2020-03-03,582.4341430664062,588.9976837467993,560.9160263008448,562.5904024987577,5280400
2020-03-04,606.8609008789062,609.8077608099438,580.960687206952,586.5100363937997,9163610
2020-03-05,609.3676147460938,618.4570842101164,605.8753215403508,606.7938573724823,5228710
2020-03-06,606.7843017578125,613.5774610820304,590.3753934666764,590.3753934666764,5629460
2020-03-09,585.7923583984375,610.2382344397514,579.0566044879256,604.4496895356682,4992640
2020-03-11,574.1866455078125,590.1267395181984,570.8187387171452,587.4668453147493,5845705
2020-03-12,545.4447631835938,570.7230414774174,536.4796800119093,564.1211924918981,3889695
2020-03-13,552.0848388671875,599.9815577856742,499.4424389690769,522.3957325198443,4930170
2020-03-16,540.9573974609375,570.4264025841942,528.1460154263846,533.8867329853671,4715400
2020-03-17,532.2027587890625,555.7014260658052,527.7154290719162,541.5410016595278,4684015
2020-03-18,510.6272888183594,536.1447633896396,501.55697327438355,536.1447633896396,4366425
2020-03-19,502.11187744140625,512.8183188173421,477.44595620386883,499.059726710712,4838010
2020-03-20,554.4098510742188,564.3125662391832,505.37455161960094,505.37455161960094,7772855
2020-03-23,529.7534790039062,583.0656467795756,512.8853303529313,512.8853303529313,4816170
2020-03-24,546.8895263671875,566.4175097499384,536.010812023391,545.3682104011231,5340585
2020-03-25,559.1458740234375,564.2933884087537,534.9774454673262,541.0147640035859,4097050
2020-03-26,564.2265014648438,586.8066360451692,550.9653982250528,569.3261306819934,3194975
2020-03-27,558.093505859375,583.056089196342,544.6219367445478,565.0397845966704,4007940
2020-03-30,572.971435546875,583.6396258372014,537.9052537216095,551.0323333407393,5752295
2020-03-31,597.17822265625,603.1581373331827,580.2047837832566,583.6396724686326,5013780
2020-04-01,592.2506713867188,601.6271646823042,586.7013229789311,597.0250252906311,3555215
2020-04-03,602.1630859375,615.9504109217193,578.8749372291174,590.3372198280084,5868365
2020-04-07,685.6714477539062,691.8714051922368,614.2568939217796,621.9111854348236,11837790
2020-04-08,704.768798828125,720.460118255412,664.2010928121995,674.5343736654255,12611475
2020-04-09,693.0098876953125,729.0711659424653,687.584925685888,715.6761576443098,9804680
2020-04-13,716.9391479492188,737.873637759286,690.2639400939252,706.873736956022,11611945
2020-04-15,728.6119995117188,745.068678907433,722.5651024435863,731.941597503323,8625555
2020-04-16,738.763427734375,744.3797587746584,723.3304596833441,728.3823194961088,7329295
2020-04-17,751.9479370117188,765.0272485038595,731.6736318551935,759.688364302645,9074610
2020-04-20,735.720947265625,751.0677807932378,729.1286746557669,750.7999109558672,7493955
2020-04-21,768.5673828125,774.5759708453427,731.3770429095757,733.8551453011715,14239375
2020-04-22,776.298095703125,783.4739927437594,758.0139240590124,763.505867917162,8917130
2020-04-23,770.6148071289062,781.8857777991198,767.1990730225072,771.3611284754345,5128285
2020-04-24,765.9647216796875,774.9202260723621,759.7073612510096,767.3424960783753,6330770
2020-04-27,761.6592407226562,777.8863561385168,756.8274819609454,765.9647787395941,5624485
2020-04-28,755.8133544921875,772.3561687082824,744.7720031408147,771.1697630318497,4305840
2020-04-29,742.6001586914062,759.6883485875347,741.0405922964271,755.8133756174591,5198230
2020-04-30,753.2396850585938,783.3688800290081,745.3461971071564,752.6273277354198,10890150
2020-05-04,753.75634765625,766.577309343676,736.3811315569135,736.7255606607571,7077435
2020-05-05,733.6446533203125,762.8170593045288,728.3057692244998,761.6019219729419,3978630
2020-05-06,737.203857421875,742.4661821666125,728.1239646150259,736.9168332062279,4779515
2020-05-07,734.3621826171875,753.2873843817116,730.7072521139513,747.9963867562509,4581335
2020-05-08,762.3673706054688,790.7265327269773,746.3125256274169,746.3125256274169,10017290
2020-05-11,739.021728515625,761.1808725402913,736.3522574832296,761.1808725402913,5974940
2020-05-12,722.0675048828125,748.1303553259902,719.3406871848655,739.2514084966555,5392485
2020-05-13,723.2538452148438,736.5340430268496,714.7384826346879,736.5340430268496,4392175
2020-05-14,714.1453857421875,730.9752256605345,711.581146823908,725.2440845209321,4485705
2020-05-15,714.7385864257812,723.120044530328,711.2845431820755,716.8243737444185,4496935
2020-05-18,704.0321655273438,719.9913559541685,691.5365372580285,719.5321171612726,4954380
2020-05-19,707.9452514648438,712.2316934887253,700.386675280908,708.050542332394,4677020
2020-05-20,748.2452392578125,752.0341345466065,706.7111659951674,712.0213190061464,21083545
2020-05-21,736.2471313476562,756.6554015152897,732.0372478483539,755.8612524556835,8672120
2020-05-22,744.9251708984375,748.206941138943,729.2625826975548,734.9267416551031,5052550
2020-05-26,739.4618530273438,753.7562428249083,737.3856430873869,746.1019523501236,4136880
2020-05-27,743.040283203125,746.2933802710414,729.8366427701587,739.5480479365744,4308340
2020-05-28,743.94921875,748.3599898317134,735.2903139156155,745.3365706444561,3962810
2020-05-29,779.063232421875,782.7851450852833,740.4186203622145,742.4661570271722,9631120
2020-06-01,756.5405883789062,783.1009295435757,754.148622401001,780.2784564077331,6848855
2020-06-02,745.3939208984375,766.8259570426923,743.6143124236607,762.5586691882143,7451040
2020-06-03,758.2339477539062,763.5154265344588,748.4460431160155,751.8043721928843,3694130
2020-06-04,765.2186279296875,776.3364808322426,757.1337714564166,757.7556475558342,5997250
2020-06-05,770.19384765625,774.99693376012,763.9556404430205,769.1509832505149,3855025
2020-06-08,759.2290649414062,772.1073708507678,754.3303238767219,772.1073708507678,3559990
2020-06-09,789.119140625,792.601857048234,752.0340913564759,752.0340913564759,11375810
2020-06-10,786.956787109375,801.7869758026216,782.2111057043982,793.1758984968656,7769840
2020-06-11,776.4512329101562,789.9132230903306,772.5092780460337,787.0523830139107,4137580
2020-06-12,766.9503173828125,772.4326839191635,761.793225469464,763.8981669032388,3911520
2020-06-15,767.7827758789062,789.7123021107519,757.8895795770663,774.6141858616437,6959575
2020-06-16,766.471923828125,780.7375811415401,756.3873593639172,777.8672223873432,3900130
2020-06-17,762.596923828125,773.6095433735353,760.0710524038084,766.4719550220758,3186815
2020-06-18,766.7686157226562,775.4657710716384,763.8982566297053,767.3426641822043,3614150
2020-06-19,766.5006713867188,774.0209980366374,763.8982405613684,769.3040483674868,3654715
2020-06-22,771.7151489257812,777.3888847941668,767.5148429666688,771.552511602753,2655980
2020-06-23,786.25830078125,790.3054881653728,773.1024890835819,774.5950733839223,4799415
2020-06-24,773.5904541015625,791.5876020438054,770.8444236985614,786.9471534566528,2677740
2020-06-25,766.6920166015625,773.2747111176348,760.9417215073609,771.1697695460531,3769375
2020-06-26,765.1610717773438,777.8672212074966,758.7314962085422,768.2993587080194,3719560
2020-06-29,760.425048828125,773.8487299412687,757.5355355814287,765.0462845044401,2692435
2020-06-30,754.8948364257812,767.5148504420595,751.1729235902917,765.429063252409,3404710
2020-07-01,748.4843139648438,758.9228849266092,743.5855729091869,758.7697664199701,3117825
2020-07-02,750.2256469726562,761.4104804890713,746.4846384575224,755.0957146444001,3711465
2020-07-03,750.3980102539062,759.2961707958045,748.2069903462364,753.9477089422433,2280380
2020-07-06,744.762451171875,753.94757594619,741.8920923802017,751.0772171545167,2848085
2020-07-07,731.6544189453125,749.9290120094164,729.8365018059619,745.317295516912,5179985
2020-07-08,743.748291015625,754.846988779542,733.0896775769464,733.0896775769464,6811290
2020-07-09,745.6426391601562,749.5463432638596,737.5003791369519,747.2500329916586,2455715
2020-07-10,747.3363037109375,757.2007690117266,743.0785926149966,746.2359760083258,4152955
2020-07-13,751.0146484375,756.6768017012561,746.0939858168499,754.0479658194516,2678440
2020-07-14,767.1152954101562,769.5997242665986,746.0940686097074,751.8717718649821,6044725
2020-07-15,777.3803100585938,779.5662265632855,762.8494195143651,768.2419189579407,5296965
2020-07-16,799.6629638671875,801.7429698272537,772.4981095382566,776.3499114766261,7809325
2020-07-17,793.23046875,800.7896066118626,789.619404400607,797.5156101993798,3712880
2020-07-20,788.0979614257812,800.0192937665347,784.30393396198,797.1978557481657,3144360
2020-07-21,776.8218383789062,795.5319600074693,771.5256104968771,789.6675654557891,3316480
2020-07-22,782.223876953125,795.3970313886392,775.1847118713288,780.6735409129168,4093845
2020-07-23,795.3970947265625,797.3229956823169,782.3009917369658,787.8668149367029,3559780
2020-07-24,783.0617065429688,805.007326917777,780.3076822640687,795.3970998937576,5479715
2020-07-27,773.3840942382812,786.8557626005538,763.2249780136194,786.730574331128,2909240
2020-07-28,780.2498779296875,788.0786697700322,771.7758669723377,774.0195579717608,2592970
2020-07-29,828.5610961914062,835.0706507051183,784.8816774295199,786.2394117176962,24766165
2020-07-30,869.8524169921875,878.2108199360879,835.8409996760134,846.221633851171,31472050
2020-07-31,870.7095336914062,876.4486813259218,858.0659883301879,862.6110866923905,7910670
2020-08-03,871.9419555664062,899.3956811032527,866.6553672301151,870.7094096065142,12183250
2020-08-04,892.6261596679688,896.3816899713887,864.7584297792837,872.5679439039296,8332715
2020-08-05,886.0973510742188,898.5675707925207,882.390015459456,896.5164816919787,5060070
2020-08-06,882.6500244140625,897.0846426898638,879.6649014388188,887.8499805099812,4587005
2020-08-07,880.8108520507812,906.5216426793907,878.3167843444791,883.9885770107587,8326715
2020-08-10,903.4208984375,916.4592271268587,886.8774158014685,886.8774158014685,8697180
2020-08-11,885.1248168945312,912.597822354409,879.1737899692858,908.0719433347402,6457605
2020-08-12,870.1509399414062,882.0433547641638,863.5836106677996,881.099682108985,5353620
2020-08-13,867.0888061523438,884.0752674046834,865.0665747991593,876.3138885763992,4550210
2020-08-14,870.3917236328125,883.2182316550046,860.8777677614613,871.6916833296294,5753920
2020-08-17,870.343505859375,880.1366953011851,866.6938861049645,870.4012805343715,3388330
2020-08-18,870.584228515625,878.1530046793328,865.1820320139927,873.973774013592,3252160
2020-08-19,864.5850219726562,878.0085533474127,862.0524576342648,874.358992368243,4036070
2020-08-20,862.0333251953125,871.7783798455262,859.1636926530844,863.7666243925036,4033835
2020-08-21,864.681396484375,870.5072351417851,861.5710264634031,870.5072351417851,2438510
2020-08-24,861.368896484375,868.0228588517733,852.2112274499967,864.6814486911793,3676190
2020-08-25,852.7311401367188,865.1917216000342,851.2482175678612,864.7295241809269,3010780
2020-08-26,854.0888671875,857.584381833846,847.3963501672093,853.3666543890621,3460010
2020-08-27,854.522216796875,860.5502369896026,850.6704151593391,855.562160921853,4518315
2020-08-28,842.4468994140625,860.1074382640037,839.8469211886559,858.9518858556189,5814245
2020-08-31,821.3389892578125,852.2111794646404,812.0850492000803,842.5816746119326,5944120
2020-09-01,838.1423950195312,842.7549061793134,815.04122481636,822.5714450639881,4063205
2020-09-02,838.2965698242188,846.8957109805369,831.3537341373262,838.0076964207828,3018485
2020-09-03,853.7808227539062,860.1074147120839,835.8699666228156,842.4950121168816,4691970
2020-09-04,832.470703125,863.4680819173574,826.5870897048743,847.3964358010411,6774000
2020-09-07,851.21923828125,854.3296080445858,827.2225307303223,836.640213869301,6153985
2020-09-08,837.5357666015625,863.0924495866883,833.6839649220291,859.914724955839,7357755
2020-09-09,853.068115234375,855.870274943527,834.9935180274178,837.7475419729565,6175435
2020-09-10,843.573486328125,859.3369800330885,835.9468766693424,858.9517763547877,4355845
2020-09-11,847.70458984375,856.448196826302,842.5816861391638,847.3964386313876,4434725
2020-09-14,840.4823608398438,851.9510740476705,835.0705843860902,851.9510740476705,2924530
2020-09-15,855.5525512695312,876.0923006607194,842.1098007101069,842.5719981147909,12522330
2020-09-16,891.2877197265625,895.6979905978643,849.5149232963906,857.988875746528,14898945
2020-09-17,929.6805419921875,933.204914848019,896.4972476739605,905.9437894233015,42149590
2020-09-18,1027.1505126953125,1058.6582267010258,953.3691869645054,962.9505567590252,109935390
2020-09-21,990.2982788085938,1061.6818012714098,984.3761099566949,1027.1504118035937,63716980
2020-09-22,995.2959594726562,1013.0239108254483,973.542940916852,1004.1648133772202,38516740
2020-09-23,983.7020263671875,1016.8756813242458,974.3903119162794,1012.253472117343,25066590
2020-09-24,968.2274169921875,1002.0269548827555,963.4319424729619,974.5058728462143,25989895
2020-09-25,984.5590209960938,992.4166704927394,971.4243632787011,986.0612212869449,17571115
2020-09-28,987.958251953125,1001.4684750734882,980.437611236459,1001.4588361651072,12487900
2020-09-29,979.1665649414062,992.7922785933529,975.7384636780956,987.9871652344758,7146485
2020-09-30,999.118896484375,1024.194045546147,979.3205793809941,982.2094306476047,26977680
2020-10-01,984.5301513671875,1012.2534738793319,979.9754145109538,1006.2832280620482,11385685
2020-10-05,993.668701171875,999.5426760475907,982.7873128817666,995.6908738277541,9188390
2020-10-06,989.2391357421875,1006.6203224426815,984.5591514544918,993.6686847120906,8450035
2020-10-07,983.1627807617188,1000.5055279503106,980.8998706902282,990.8760233502113,7912070
2020-10-08,1000.39013671875,1004.3189328994174,973.7356708255285,990.6836368647988,11102775
2020-10-09,992.4166870117188,1012.6386459879911,989.1426320488856,992.0314833312102,11669875
2020-10-12,1005.41650390625,1008.7868303557809,984.3279251006254,993.3989015452622,9678985
2020-10-13,995.4500732421875,1025.1186343872848,993.3507894441467,1007.2462167945132,16819870
2020-10-14,986.6390991210938,1005.27216854822,980.4473342058544,996.6538082399965,9322630
2020-10-15,973.7836303710938,994.7278023963806,966.8215175123828,991.5789356566772,8842090
2020-10-16,978.4635620117188,987.0242055686629,966.802246235061,969.8836994120903,10115525
2020-10-19,974.1495971679688,1004.3573489735405,971.0488660651204,1003.5869415717524,10753270
2020-10-20,976.6532592773438,984.1354034122832,968.9111584756159,973.9185127917759,6901450
2020-10-21,971.9540405273438,981.5450484376026,944.9529303087065,981.5450484376026,8006955
2020-10-22,967.1874389648438,971.5592127745715,930.4027206485555,970.0185155904272,24590740
2020-10-23,966.4652099609375,980.4761267797461,962.180068848618,972.7725234403238,9087405
2020-10-26,958.7327880859375,974.8911259566662,953.5617485166658,964.4912133642781,7040385
2020-10-27,982.093994140625,987.4094998895612,955.3432001267288,961.0246317800533,9217170
2020-10-28,953.5135498046875,991.838966058795,947.5432452445187,984.1353624389209,18141410
2020-10-29,951.7706298828125,970.6540745083514,942.7188719483008,947.5432632105335,11551185
2020-10-30,941.505615234375,958.72317563844,937.9427452457272,957.9431880498662,6316955
2020-11-02,935.7278442382812,947.5432653485774,928.4383021054531,942.9211148333509,5854965
2020-11-03,939.3292236328125,947.5432189762297,930.4219321942657,934.2545148551094,7304100
2020-11-04,950.5476684570312,956.171325093156,939.3389108190457,944.0284749317555,7607400
2020-11-05,954.9580078125,962.8156579102982,947.947700069649,957.7023931854559,5170230
2020-11-06,944.2597045898438,955.8054722671391,941.9293219443837,955.8054722671391,5452210
2020-11-09,939.772216796875,954.0912851520993,937.9137294986747,948.5061843492757,6028255
2020-11-10,904.7881469726562,937.5284596550683,901.2059997964878,929.0545081273269,9830150
2020-11-11,940.2537231445312,947.5239874597239,903.4593644186479,910.9511473088004,13535220
2020-11-12,929.6034545898438,948.5061762871997,925.3953659005065,938.8766719594108,6582350
2020-11-13,935.3908081054688,940.7736681804761,930.2197689169543,934.0619317892641,5459350
2020-11-14,938.3085327148438,943.306247957707,930.2101451994217,940.0707485149069,676080
2020-11-17,921.3799438476562,939.8107717590635,918.6547774745749,938.8767379850215,6416065
2020-11-18,905.9053344726562,923.4695424348612,900.3587301111525,921.5436414078855,6500295
2020-11-19,906.6563720703125,926.7050080789529,896.8920988896449,900.3586971015723,8836445
2020-11-20,899.5786743164062,915.245896790179,896.7572365787428,910.951116667186,4774680
2020-11-23,929.9693603515625,937.9137012502426,899.6075056509869,902.2845360076769,10763015
2020-11-24,946.6765747070312,951.3950554755012,921.697637397541,934.0619471773646,9611490
2020-11-25,925.645751953125,966.2244977142009,920.7732250640188,962.5652390128782,13295580
2020-11-26,943.9514770507812,949.3343372705303,919.3866011308216,926.3583531373142,8336175
2020-11-27,930.0078125,950.5379213489026,926.2042055746718,943.8839601826196,10018690
2020-12-01,930.2872314453125,937.9137829154256,925.5880283238706,937.9137829154256,5585950
2020-12-02,934.1100463867188,941.5729121674481,926.5509090731891,934.4663333414406,6117260
2020-12-03,948.130615234375,951.2024294779505,932.6367756234899,937.9137252082061,5174465
2020-12-04,945.3381958007812,955.3528461526784,936.3923476687478,951.3951335389205,6998410
2020-12-07,968.5548706054688,977.2021472132268,944.6737101662994,949.4691848072937,12029520
2020-12-08,965.8778076171875,978.357666729322,954.4572292746691,972.5799639730465,6638505
2020-12-09,973.9088745117188,982.2095030611721,967.7652456632137,967.7652456632137,6767490
2020-12-10,973.177001953125,979.5902850142245,965.839324053548,974.1206746086815,4741470
2020-12-11,966.2149047851562,979.1376838844661,960.0231401968111,973.562221714496,3839815
2020-12-14,967.341552734375,973.350354455564,953.7061995035104,953.7061995035104,5918125
2020-12-15,968.9882202148438,977.587361142711,964.9148996261866,971.992621078432,5025520
2020-12-16,970.4518432617188,972.9169941400254,964.106032510681,972.5799849814957,4162280
2020-12-17,976.9806518554688,988.8538474426266,968.7281593891252,972.579961215722,6803005
2020-12-18,1007.0054321289062,1013.5727024706832,978.0013693044224,978.3576562686768,18525665
2020-12-21,976.152587890625,1015.7586885076007,955.6416948984555,1009.7498866967593,9061285
2020-12-22,994.1115112304688,996.6537145210534,950.6921084068534,983.6923803214565,7764120
2020-12-23,1006.1098022460938,1008.9216597788704,988.2278647362214,994.0441228659731,4062350
2020-12-24,1001.815185546875,1010.5202958339542,994.727883848986,1010.5202958339542,3378180
2020-12-28,1001.815185546875,1008.2091910841126,998.964889632417,1006.8899535780106,2055865
2020-12-29,994.8434448242188,1014.7573134650104,990.9916427120687,1006.2833017992115,4412165
2020-12-30,995.8737182617188,999.8219093383151,990.3945863556121,999.8219093383151,2376345
2020-12-31,1002.45068359375,1011.8201725461759,993.9573949054303,999.5425544638882,6036190
2021-01-01,1009.4320678710938,1012.031987017685,1001.4684489931095,1004.7905809634938,2915215
2021-01-04,1015.3831176757812,1022.3357096902755,1009.4321493540442,1013.0239359466843,3923440
2021-01-05,1018.2046508789062,1027.8534341370566,1006.6588832605878,1009.1721700746139,4770920
2021-01-06,1018.4741821289062,1023.6163044987444,1006.4757398690713,1018.2045277977505,2713390
2021-01-07,1015.1229858398438,1025.5420562300635,1011.6755485799595,1020.9198478308147,3266465
2021-01-08,1028.0941162109375,1032.2829273412683,1016.6831763911855,1020.7082436207291,4045915
2021-01-11,1043.2220458984375,1045.1865025456002,1025.7348317990804,1029.2015476582308,4599235
2021-01-12,1031.0985107421875,1048.3641471301496,1026.3993076684171,1047.873032978457,3741860
2021-01-13,1018.801513671875,1035.1716703187765,1008.7868060960042,1033.2457695367882,3296060
2021-01-14,1022.441650390625,1026.1200697245986,1013.9869164560268,1021.6712429411998,2674860
2021-01-15,1003.9336547851562,1023.6163051134738,1000.6210441875695,1023.6163051134738,2577605
2021-01-18,972.9844360351562,1008.7772899681436,969.6911617537982,1007.4387746560302,4412055
2021-01-19,980.0717163085938,983.1627495719135,969.9895947497421,979.8983335103204,3990495
2021-01-20,978.4827880859375,993.7166115907131,975.4783875600104,982.6523797466214,3398145
2021-01-21,973.003662109375,989.5278660907941,969.4792892972868,984.1353670411969,2906620
2021-01-22,970.0570678710938,983.2398624104826,960.061637097897,972.3392558270828,3815610
2021-01-25,978.8199462890625,987.679161787454,955.2469358727341,971.0393482414551,3588895
2021-01-27,945.4824829101562,973.0421191597036,930.7493532757802,973.0421191597036,5261980
2021-01-28,938.2603759765625,944.452140248705,920.0028732617922,933.0989757273811,5165470
2021-01-29,886.4344482421875,946.5803587252648,876.2849709460742,941.7656061376489,14820975
2021-02-01,852.81787109375,881.6101150622976,846.0579396566152,878.2205104347463,12951700
2021-02-02,863.28515625,872.0479826254347,843.737272107528,860.6851780458462,18375530
2021-02-03,895.457275390625,917.0370290522569,874.8308920959261,881.8604190052591,17227025
2021-02-04,899.0009155273438,906.3289541753653,890.17061778945,903.8252477994083,6508800
2021-02-05,924.6058349609375,930.2102141112382,890.8544305618756,902.2846486772569,12038405
2021-02-08,935.9493408203125,945.6077032743069,929.2471845277302,936.9507881300326,10792890
2021-02-09,932.9256591796875,942.863314846272,925.3953796307688,934.061933654366,6233845
2021-02-10,929.064208984375,940.6292531392138,916.9214180767358,933.0989736672848,5767115
2021-02-11,929.2568359375,935.9878502717523,926.3583456393269,928.4768484132269,3557750
2021-02-12,922.8917846679688,935.9493911247245,921.5436304555742,935.9493911247245,2504510
2021-02-15,907.0704345703125,930.893878792844,905.1830892465631,922.8917626626181,4923205
2021-02-16,904.5186767578125,917.0370333414734,899.3957730107156,910.7585772318871,4064700
2021-02-17,886.020263671875,907.0896227746395,882.062551699553,904.5185617061607,5106775
2021-02-18,889.1788940429688,898.2113746151052,878.2108735233979,887.2626319135461,5147530
2021-02-19,901.6008911132812,910.5659578042391,872.4331419947947,886.299652529411,6392670
2021-02-22,860.7332153320312,910.3637179356966,855.7066423164706,906.7140982035249,6976565
2021-02-23,865.721435546875,873.2612958129826,851.3445325400494,866.2702656231492,5317090
2021-02-24,854.242919921875,871.2293791767261,842.9668082913009,865.7213310699644,3677930
2021-02-25,862.83251953125,883.9885126966581,851.4696572073697,851.4696572073697,8531875
2021-02-26,852.5097045898438,877.9412014279667,848.3593902868399,858.9518457841784,7534450
2021-03-01,857.6807250976562,862.4184249949828,847.4445568097703,856.0629753467114,3545365
2021-03-02,848.3016357421875,862.7843904437154,845.4994755818695,861.5325665190849,9188390
2021-03-03,867.1465454101562,869.6887487809113,852.4037759248645,859.9147779077015,4253070
2021-03-04,881.1093139648438,882.7077858754982,855.8703611306053,863.1888199254275,7364955
2021-03-05,865.2109985351562,878.2108298987896,863.5739709790433,876.2849289560291,4131845
2021-03-08,865.162841796875,870.892408717483,859.5295464115387,866.6554032365718,2782080
2021-03-09,856.698486328125,870.5072218808359,850.574135465745,866.8383829537295,2715590
2021-03-10,866.7324829101562,870.4783156023935,858.1911168700817,865.8850817873993,3149805
2021-03-12,852.4999389648438,872.4233841943562,847.9933383487005,870.5071223884856,3439260
2021-03-15,836.2744140625,859.3755882747405,825.2486185476732,858.9518876832258,4608715
2021-03-16,856.9682006835938,860.2422560091281,840.6558162846877,843.5639457053505,4678635
2021-03-17,838.8936157226562,859.9148427243159,836.6692022990372,856.9682163868748,4769865
2021-03-18,811.3338623046875,843.2556921462717,807.925038986178,841.6186646821699,6054535
2021-03-19,823.216796875,829.1678241277394,796.3600923512896,810.80435037459,7062075
2021-03-22,838.527587890625,841.2238961269031,822.0226621076474,823.6885475520861,4336515
2021-03-23,842.052001953125,847.9741117396823,832.3935810815126,837.7668608526188,3326180
2021-03-24,837.86328125,851.0557160310932,834.1752228233084,837.8151454754748,3912020
2021-03-25,843.6504516601562,847.8104043957593,825.2003480573604,837.7668388858832,4707080
2021-03-26,848.552001953125,851.8259984258582,837.3239660827725,851.2482516288567,3626590
2021-03-30,870.1605834960938,871.9420183697355,851.45046277323,853.1644840605944,4331625
2021-03-31,869.73681640625,875.6493459908884,862.9961635801203,868.581264167005,3862550
2021-04-01,883.5359497070312,884.9418197409938,870.9019858010718,876.2849046472476,3238200
2021-04-05,877.5560302734375,882.8329800468241,851.9993459320017,878.2108295408492,3661290
2021-04-06,889.621826171875,893.5988165740409,874.7442874599511,878.0182840070006,3711470
2021-04-07,903.7578735351562,911.7214334334507,893.8105793759132,897.9127575128286,5568060
2021-04-08,903.0645751953125,915.958496055433,897.7009340407341,903.7771491371496,3303175
2021-04-09,916.78662109375,923.2768978504911,903.4882774688494,903.8060675802678,6810735
2021-04-12,962.3630981445312,986.0612954459648,904.210504320079,919.6177120614223,17568825
2021-04-13,920.0607299804688,990.8182569918009,915.0148198583203,990.8182569918009,19686170
2021-04-15,933.2049560546875,938.8863875818319,921.5436394666347,932.6946228460082,6934505
2021-04-16,942.3915405273438,951.3951042901916,927.3598383916484,936.719747915278,5990145
2021-04-19,956.8068237304688,963.9134027704832,925.7901685027214,942.3432891290239,9219640
2021-04-20,993.1389770507812,1003.538889494827,980.1873398137415,982.2095123590645,17424880
2021-04-22,1001.4395751953125,1018.8016004349586,993.5723450614008,997.6070511203953,12120670
2021-04-23,975.7962036132812,1014.2082511655108,968.7473994921619,1006.8609347654045,11774495
2021-04-26,975.7962036132812,987.987130059377,968.7762574423455,987.0241796402158,4752885
2021-04-27,973.976318359375,985.2909870059756,967.06234065627,980.379904073788,4789175
2021-04-28,971.5111083984375,983.5383502982512,968.7281674498449,978.8487862372544,4219765
2021-04-29,982.6524658203125,990.6834986663533,971.0970600857019,976.4799203437283,5359655
2021-04-30,994.3619995117188,1003.5870235310265,987.0532376971123,989.9131726400876,6534750
2021-05-03,998.7626342773438,1003.8470414423982,989.9131750593763,1000.3034492105184,4689495
2021-05-04,975.9021606445312,1005.8787545522182,973.4177319878132,1003.5869277432935,3978090
2021-05-05,993.9478149414062,1001.8537184372155,976.4318018614663,984.1354058209256,5055995
2021-05-06,995.3922729492188,1011.4832561735391,987.9872398260367,994.7278935090603,4891875
2021-05-07,996.5958862304688,1010.9054334158452,994.9203618446738,1001.4588330412121,3924345
2021-05-10,1026.033447265625,1038.0510512907397,1015.3350807886721,1036.1347891050377,11222420
2021-05-11,1019.947509765625,1030.3474224507554,1015.2002295058688,1025.5423087366387,4724450
2021-05-12,1021.0068359375,1028.4311467694295,1015.9127901139963,1024.1941410072873,4400825
2021-05-14,1000.8617553710938,1039.6783425275312,993.7648156049684,1028.1517368707778,14885055
2021-05-17,1011.15576171875,1013.023829087157,990.8759697059738,1011.0979282714019,6846935
2021-05-18,1004.4439697265625,1021.6711676872017,1003.3943866308608,1018.8497886455364,4550200
2021-05-19,1008.7483520507812,1013.7942026159352,1002.6335231266023,1008.2090434174838,4594605
2021-05-20,1008.4594116210938,1018.0310818544853,1006.2831343859779,1012.0608365929787,3879585
2021-05-21,1004.63671875,1014.8536099983413,1000.7559998150075,1012.2535729800127,3558170
2021-05-24,1015.364013671875,1020.5350534922941,1006.6107084215437,1008.4017823626617,3532490
2021-05-25,1022.8844604492188,1024.5792626182647,1012.0609069659739,1018.6860106592466,3478075
2021-05-26,1017.8773193359375,1027.4682695034871,1015.9128625362501,1024.5794177616779,2537400
2021-05-27,1014.728271484375,1017.6267616198055,1007.27504472117,1016.634894486917,3891965
2021-05-28,1000.4190063476562,1016.8757986222367,991.8390838834316,1016.8757986222367,4373725
2021-05-31,1022.48974609375,1027.5164373300095,995.9123342698125,1004.7426331814663,4338240
2021-06-01,1023.9052734375,1028.2385505172356,1014.044670108759,1021.6904403554585,3736865
2021-06-02,1023.10595703125,1031.1274096720085,1017.4534424776722,1021.9311856699994,2729755
2021-06-03,1017.3668212890625,1028.4311129032817,1014.3720594012157,1022.6534100218025,2833590
2021-06-04,1012.0609130859375,1018.8015661702397,1009.5572654498718,1017.3667794175368,2007655
2021-06-07,1005.1661376953125,1015.6719597347113,1003.9143726726825,1013.2163891343976,1819835
2021-06-08,1015.8644409179688,1019.9378197034712,991.8581541362173,1005.3201814363324,3663570
2021-06-09,1005.8596801757812,1022.6534812988983,1003.0189055324576,1016.4712964676688,2365525
2021-06-10,1019.1963500976562,1020.7274082967582,1007.7275780967523,1007.7275780967523,1836400
2021-06-11,1050.19384765625,1057.3004274261962,1018.5223899207448,1020.7275842983055,7277420
2021-06-14,1051.8021240234375,1062.134565677933,1034.2089968613782,1050.1939541226964,4489710
2021-06-15,1042.0760498046875,1055.9809967991328,1040.3716088330286,1054.4306608008426,2844075
2021-06-16,1041.1612548828125,1051.1566852321528,1028.488911625007,1041.9123844434805,3492955
2021-06-17,1018.1276245117188,1042.6828625955764,1010.8187454830246,1041.1613255543814,3536160
2021-06-18,1017.6267700195312,1029.3939959053462,1008.1705310966869,1023.6162934026033,3487140
2021-06-21,1017.2607421875,1020.7273398321174,1006.6682886609402,1015.9125882291357,2077445
2021-06-22,1022.3356323242188,1024.5792645242993,1011.1942299462636,1017.9348830023446,2134275
2021-06-23,1020.6023559570312,1030.3474104509394,1018.2623344884447,1024.9645499942667,2055715
2021-06-24,1016.4231567382812,1023.6067297630004,1011.10765123727,1020.5349741293776,1830910
2021-06-25,1022.5186157226562,1027.6607385391446,1014.3720920131144,1016.2979930355248,2320365
2021-06-28,1040.8050537109375,1043.828732471765,1023.1445739571964,1026.3127188066237,2964815
2021-06-29,1046.3612060546875,1050.569294790235,1036.1346770481816,1042.1049227779076,2881305
2021-06-30,1044.4256591796875,1053.236679186174,1040.9494222084663,1047.4975321979448,2340440
2021-07-01,1070.511962890625,1074.6526968239757,1042.374579093823,1044.9937760932814,4157750
2021-07-02,1073.8245849609375,1078.504510068551,1061.4603340267115,1074.6527082468776,2858690
2021-07-05,1066.5447998046875,1077.7342812486622,1065.398944995768,1073.921034428663,1486705
2021-07-06,1066.8431396484375,1071.031950405946,1061.9417549941418,1066.9104944559035,890540
2021-07-07,1071.2054443359375,1081.3164246502047,1062.1440471599944,1064.8307166873253,2692540
2021-07-08,1052.841796875,1076.1933440870773,1049.5389428279793,1066.9490437518275,2255835
2021-07-09,1056.4307861328125,1068.0295940091269,1048.0436088261476,1054.0509651646855,2304980
2021-07-12,1063.0089111328125,1064.111732007415,1052.503240385516,1064.0923656273492,913295
2021-07-13,1051.9422607421875,1070.6899804142056,1050.3751190148907,1063.0089666509614,1852410
2021-07-14,1042.9940185546875,1056.1599689481457,1038.47633794512,1051.942231061434,2506775
2021-07-15,1043.53564453125,1052.2129635346992,1039.1921434345886,1046.698977340161,1518410
2021-07-16,1046.03173828125,1054.4381656907606,1041.6398204269135,1043.4100731843441,2189520
2021-07-19,1048.508056640625,1053.4706918962058,1041.3011647989097,1044.3773491750637,1204290
2021-07-20,1033.939453125,1051.729363804051,1029.7893793055207,1051.729363804051,1322140
2021-07-22,1041.765625,1043.6036601716569,1030.5537875844554,1043.6036601716569,929240
2021-07-23,1049.0498046875,1050.9555037911734,1037.044656095559,1041.1850466007638,1533805
2021-07-26,1046.94091796875,1053.8576683716676,1044.725592860616,1048.4403954859722,934695
2021-07-27,937.0665283203125,1053.4610213261287,924.8099114033423,1052.1163567614103,29369105
2021-07-28,915.4747314453125,943.1609817964587,902.8505074496013,942.2129737871649,16190650
2021-07-29,904.0404052734375,921.9077816833798,901.5929197575131,919.0056585511131,5434680
2021-07-30,911.4988403320312,929.6467934259467,904.9981127398602,906.4298079501687,6866000
2021-08-02,909.6318359375,919.1024102267472,906.9328825691139,916.8774608758055,3781730
2021-08-03,913.5303344726562,915.0297529307028,907.726088278531,914.826583058124,2991305
2021-08-04,922.6429443359375,930.6140993154919,914.2848160094007,914.2848160094007,5520990
2021-08-05,925.2549438476562,930.4206901012543,917.4579085119733,927.5185668888089,2969750
2021-08-06,926.02880859375,929.8886229235512,920.2245623128227,928.369838061447,1998185
2021-08-09,932.2587280273438,935.2188913516216,920.8049890668034,927.7120565047344,2717725
2021-08-10,922.8267211914062,940.0653382260341,915.8229407375557,936.2248315693092,3083355
2021-08-11,918.00927734375,922.2851148026081,907.3972082703774,921.9078246073237,2633925
2021-08-12,912.5049438476562,919.6441125326163,907.4938925438878,918.8895912104664,3107090
2021-08-13,900.0838623046875,916.2583343486683,896.175690883708,913.6077378713434,3969475
2021-08-16,901.8154296875,906.7490746176502,891.7257216502005,897.7234548165809,2096145
2021-08-17,909.4285888671875,913.0466184775179,901.8153575729791,902.5602547050829,2130070
2021-08-18,906.826416015625,919.982743364498,904.4950696762874,909.3319417066418,2768780
2021-08-20,881.4715576171875,901.5735667759968,872.1847280295965,901.5735667759968,4134540
2021-08-23,873.5099487304688,889.7908748324019,870.6368753827497,889.7908748324019,2837575
2021-08-24,887.5465698242188,889.1524442556367,860.1312147339605,880.6976021686698,3084680
2021-08-25,880.1074829101562,888.9396153917564,875.1545309938573,884.1801501529686,2220705
2021-08-26,871.3140869140625,881.2586645071249,868.0056831767041,880.1074866714339,2408595
2021-08-27,890.0907592773438,892.0738647975558,871.7977371146739,871.7977371146739,2816975
2021-08-30,905.0464477539062,909.3319091340318,885.7376340445949,893.6604325082718,3141835
2021-08-31,910.1154174804688,913.539901264217,899.754817418646,905.0560687595973,3227635
2021-09-01,921.6078491210938,925.670833099602,906.8167169303728,916.8773744958031,2814755
2021-09-02,940.2298583984375,948.8781877278724,930.6141546878301,930.8076413728339,6299320
2021-09-03,947.7463989257812,949.8165352777315,940.7329344943603,943.4222046356077,2156575
2021-09-06,951.11279296875,956.4043023412901,942.5031376051586,955.765861247279,3080995
2021-09-07,947.533447265625,953.0474926053759,939.4268458772697,950.9289405185605,2101070
2021-09-08,950.2131958007812,955.7659154577407,940.5394517172009,950.9290434159504,2500145
2021-09-09,950.3582153320312,952.3703705252819,943.596278028946,945.1247460440779,1812055
2021-09-13,954.10205078125,957.1589279034201,942.8224322220561,953.6183635816515,1493265
2021-09-14,953.976318359375,965.246195049622,952.6219705389872,957.6813199170233,1549905
2021-09-15,960.138427734375,962.5374972757653,951.6835851952695,955.1854756879812,1601600
2021-09-16,954.2083129882812,966.6970887382646,951.2287837274114,963.6982521419549,1482575
2021-09-17,945.0376586914062,959.2000334719945,942.0388217972501,954.4115185881009,2274150
2021-09-20,923.8328247070312,945.2311406900102,918.6573955316351,943.1899949739739,1660330
2021-09-21,939.059326171875,941.0617982518174,918.0866564046352,922.6333278631628,1701950
2021-09-22,937.6469116210938,943.9251614143307,931.0106790146267,939.1656963653987,1253645
2021-09-23,928.1570434570312,941.9517525125566,922.8751580889137,941.6228782880643,2800365
2021-09-24,926.8123779296875,932.7616949313789,924.4326157027032,929.8402644580143,1258075
2021-09-27,927.0639038085938,929.7725402570779,915.7165622096416,928.1570415787787,1130285
2021-09-28,935.0930786132812,939.1463795273231,919.9923790842299,930.5947642396242,1527230
2021-09-29,944.3508911132812,952.4574932231563,927.0639154913971,935.0640615450725,3275350
2021-09-30,944.2928466796875,964.4722621874288,941.3423666131592,946.0727824841653,3880075
2021-10-01,958.8324584960938,961.570144554618,938.788489457692,938.9335601900187,1710665
2021-10-04,975.6358032226562,982.2720368003693,957.7007022365578,958.6680766832613,3801765
2021-10-05,974.0685424804688,977.0480719450128,961.5700826864779,974.552229644798,1774235
2021-10-06,958.9776611328125,975.5391072398072,949.3425902116167,970.7602750239245,2646320
2021-10-07,946.304931640625,965.4202587147977,944.7281657315976,962.7116222768037,1719870
2021-10-08,938.1984252929688,957.0525431273845,932.74241944121,949.3135478348524,1741550
2021-10-11,946.9337768554688,952.1866127769125,934.077392299262,942.2226682377876,3440320
2021-10-12,950.0196533203125,959.0549557430704,939.5139820330146,948.0268645178757,1427440
2021-10-13,953.5313110351562,956.9268047555681,946.1115656366801,949.7682103052276,1207980
2021-10-14,959.3838500976562,969.2413973086249,950.7452040422419,952.6702695952204,1460300
2021-10-18,943.6736450195312,962.5277609865919,941.380972614698,956.733198282231,1668255
2021-10-19,929.0276489257812,951.8963935261397,926.7446595508555,948.9942703751453,2698595
2021-10-20,919.7603149414062,937.2794521942739,912.8145143787337,928.8826489893626,1580485
2021-10-21,899.9774169921875,926.5124889591067,889.9844231865228,924.8099006155607,2584000
2021-10-22,897.2300415039062,906.9715084572804,888.6784851708316,900.6255349764504,1814980
2021-10-25,904.7174682617188,909.1383759984793,877.7954833922729,899.8322397444322,1380835
2021-10-26,902.7924194335938,909.0997190231593,897.142986353679,908.3645050778917,1363565
2021-10-27,902.1153564453125,914.7492645139704,899.0874696661238,900.7223348630536,1929040
2021-10-28,884.1705322265625,907.3391612774051,880.5138876402183,904.4950781352046,1341975
2021-10-29,901.4381713867188,951.4804293448578,875.6769868338414,888.6300849539562,9725820
2021-11-01,928.9598999023438,935.4413199021378,895.6048509715168,906.4297723866393,3383505
2021-11-02,918.2510986328125,929.4533107049618,913.5884059884465,928.6503734215538,2046660
2021-11-03,923.1943969726562,928.3408356947131,919.6925064846604,920.7469114810292,1862160
2021-11-04,922.1302490234375,926.4834336752305,919.7795363967307,923.8425205471733,104180
2021-11-08,926.5028076171875,930.6431982830591,909.5447064831063,920.940404961172,1191260
2021-11-09,927.1992797851562,935.4510114641433,923.9005591780029,926.7446421744047,1249435
2021-11-10,934.3578491210938,938.3434266786797,923.6490080912439,925.6031231522179,1711170
2021-11-11,931.5718383789062,938.227378791302,925.5837886458999,934.6771313732563,1586300
2021-11-12,937.047119140625,942.2225479166764,931.5814308457489,938.3530507999754,1166710
2021-11-15,942.9288330078125,947.8334283166257,935.0737575784134,936.6119088585835,1337395
2021-11-16,932.0845947265625,948.2203925284715,928.1666811969379,948.2203925284715,1679855
2021-11-17,922.5462646484375,933.4872669917143,919.0250666281895,932.084621315892,983295
2021-11-18,903.80810546875,922.430060578456,899.870885017437,920.9016517095886,1168320
2021-11-22,891.4548950195312,907.3198000920263,886.4245362233357,904.7756006421857,910090
2021-11-23,896.1659545898438,901.9508344141797,880.6008750355488,889.9844182102302,1063495
2021-11-24,889.6071166992188,900.354631615986,887.3918506813851,895.5758589829366,996290
2021-11-25,888.3591918945312,908.5579724029693,887.0822507079239,892.693009950525,2726870
2021-11-26,919.1798095703125,932.5489309983094,885.3700621408053,886.1149593303437,5361365
2021-11-29,908.8676147460938,945.1247883466718,902.6763949715244,938.3531675499198,4500925
2021-11-30,904.6594848632812,918.6671060734471,899.6581758374084,912.0212487883495,3589115
2021-12-01,891.2130126953125,911.7309854780121,888.0496795831586,908.5580282189029,2127105
2021-12-02,902.1249389648438,903.3341569032567,891.7353478850147,891.8997849923624,1163740
2021-12-03,889.3071899414062,902.3667431053651,886.6952674998461,900.0837539079655,2738865
2021-12-06,870.3853759765625,891.7740083836238,867.5993331642517,891.7740083836238,1336375
2021-12-07,874.6419067382812,880.3107065682965,859.2799964979553,874.5064601513626,2662500
2021-12-08,884.315673828125,887.9916848459451,875.9091876866167,875.9091876866167,979280
2021-12-09,888.8719482421875,893.4573525178195,883.2805548851862,889.9844524252583,1130885
2021-12-10,888.6881103515625,893.7572016334271,884.8573456448268,891.9191667178803,802565
2021-12-13,889.9457397460938,905.075429901673,883.4933102369052,905.075429901673,1355025
2021-12-14,898.99072265625,901.5929622158158,885.553877750557,889.2105814104627,1195915
2021-12-15,890.0424194335938,898.9906319432203,884.6251468290868,898.7101146446479,1537725
2021-12-16,889.4716796875,897.5202414953708,884.1801702481766,895.7886626365553,1006605
2021-12-17,874.10986328125,899.2712219207018,870.0178294044254,895.7886976854682,2417560
2021-12-20,882.380859375,885.1475358630217,863.2848990319212,869.9017065633276,1708885
2021-12-21,894.0280151367188,895.6338896140792,879.1111192680961,882.4485725673385,1293770
2021-12-22,899.3679809570312,905.3269812119574,891.9191863554883,897.7234326875197,1068395
2021-12-23,908.3258056640625,909.3318536932164,900.6448512615384,904.2434553627694,831200
2021-12-24,897.4622192382812,915.136168145007,892.1126695924114,914.1687937600757,1259130
2021-12-27,916.47119140625,918.0383332579559,894.0667665627119,894.6472266465082,1696340
2021-12-28,917.8060913085938,923.5716046060504,909.9219667939147,916.4711099914598,3342970
2021-12-29,935.0930786132812,937.9952016817452,917.8061035923052,917.8061035923052,2528020
2021-12-30,948.9361572265625,953.4344713818706,933.5258915662974,934.4835826853888,2765730
2021-12-31,949.3812255859375,954.0342939206051,943.4802065321519,948.800765540534,1442840
2022-01-03,938.962646484375,953.8892268344594,937.9081823777625,949.3812879758584,1463005
2022-01-04,935.5380859375,946.6532077698072,933.5162475671045,940.4813546945088,1267190
2022-01-05,926.8220825195312,948.9168807708884,920.3696527541459,944.1574152508765,2684010
2022-01-06,916.9644775390625,935.6541568777288,914.807192610517,926.8220244278451,1908215
2022-01-07,910.9571533203125,922.7688164592776,907.3972224751815,922.7688164592776,1335615
2022-01-10,909.1481323242188,914.826615327599,900.6546157966827,914.826615327599,1575095
2022-01-11,903.3825073242188,917.0515115253801,901.6992854130514,911.2666318435879,1547160
2022-01-12,908.054931640625,909.9703139255669,896.5625198432867,905.4623755139446,1188845
2022-01-13,914.3524780273438,920.8628878949711,906.3522740131232,909.3318032624709,2270255
2022-01-14,907.2423095703125,913.7817100258152,901.6992148643122,913.2399827974351,1594300
2022-01-17,903.9920043945312,909.3222467500307,891.0485302852678,902.6570230079186,2693245
2022-01-18,908.0840454101562,914.0624121243363,894.0474334016681,903.5276907246994,2122640
2022-01-19,906.4201049804688,915.9874517070359,900.6158587381769,908.3645369186518,1539435
2022-01-20,888.3494873046875,911.6535600721696,884.1801064511191,911.6535600721696,1588695
2022-01-21,869.8920288085938,884.1801670320148,858.0610592531697,882.4872618982007,2787740
2022-01-24,844.39208984375,868.66353957766,834.0702215030993,867.9476329230989,2782490
2022-01-25,851.8408203125,854.9557373120774,832.135409946419,844.3920261674608,1704510
2022-01-27,823.4967651367188,844.5468400133165,818.7856568711605,839.6809187903414,3527530
2022-01-28,816.193115234375,847.4199897739416,807.8447283312579,822.0360945044412,6514920
2022-01-31,832.483642578125,845.2142626518796,820.3431066691336,822.2584889289816,3092775
2022-02-01,833.7703247070312,837.0497380499764,823.8160044752459,835.8114704933841,1858315
2022-02-02,854.25927734375,857.0453202050546,834.8634333668138,836.7788156925188,1525005
2022-02-03,846.3848876953125,858.4383941315878,843.5504877517753,854.7720073199247,1107685
2022-02-04,841.9929809570312,852.5470092150822,839.1005410759387,852.169719045241,1234965
2022-02-07,833.721923828125,841.6156724316409,822.2778688994507,835.8114264148709,1279790
2022-02-08,836.1887817382812,847.2942210884195,828.082179446294,833.6832560331692,1982015
2022-02-09,845.243408203125,850.3221239605687,834.166959170978,836.2371546216789,994400
2022-02-10,845.6206665039062,849.112873893915,838.4620723744733,848.3873430987906,1189325
2022-02-11,836.8562622070312,841.528638045913,828.1015356987011,834.0702192124464,1687690
2022-02-14,813.4844360351562,825.4799018015746,806.1614049928769,822.2682118183872,2246930
2022-02-15,827.598388671875,830.868118497111,810.38876225667,819.1725373462525,1790055
2022-02-16,835.1246337890625,846.0269622920961,821.0203573920928,827.6855222087437,1903065
2022-02-17,832.1354370117188,838.7619277660015,830.6263353705469,836.3725414357483,1145155
2022-02-18,836.033935546875,840.2613568336965,825.0929337491729,828.0724633505147,1790540
2022-02-21,831.6034545898438,854.5108740682114,828.5755678923425,846.6461152077816,2939755
2022-02-22,816.1737670898438,819.4821709001784,804.0235473746386,810.6500381860151,2404200
2022-02-23,812.7781982421875,824.328649500991,810.8240833035991,824.2028861211508,1857420
2022-02-24,791.7958984375,802.7272166865732,783.5635333451543,783.5732165355834,3485635
2022-02-25,808.0671997070312,812.7879915540298,793.6532973722765,795.9556531928966,1527165
2022-02-28,786.165771484375,802.9207021371242,784.0569025086014,802.9207021371242,4914250
2022-03-02,745.4877319335938,786.165813281312,740.041409386756,785.7692157601491,7703175
2022-03-03,719.5040893554688,753.4395414077914,715.8570689076778,750.4890612433605,6673625
2022-03-04,740.7474975585938,749.5119062804606,706.9571206316178,717.7917245084379,6040250
2022-03-07,729.2841796875,733.6470474529314,709.6657995288314,725.3372758072993,3015430
2022-03-08,748.4672241210938,752.0271546178003,723.1800446264843,725.5307571945333,3920845
2022-03-09,760.443359375,770.2815403781632,751.1081729042655,754.8422238750205,4046845
2022-03-10,753.1009521484375,771.2875786189112,749.8215388413914,769.0626293616028,3560495
2022-03-11,769.1787109375,773.1256149331749,749.3281698010858,753.197667314221,5566315
2022-03-14,765.6381225585938,772.8643805955485,759.3888630160786,766.3539701289441,2850290
2022-03-15,754.5228881835938,773.7059366718206,750.68244063633,765.7734557738542,2356470
2022-03-16,763.0261840820312,768.8691037649305,752.617226870078,768.8691037649305,1793880
2022-03-17,782.0545043945312,783.5732893369029,763.4905866965116,767.1472903877983,3862935
2022-03-21,774.8572387695312,789.9483153726076,773.2707305265781,788.2166773469531,2008195
2022-03-22,779.771484375,784.9179232331616,768.0952683613733,777.9624989828455,6451110
2022-03-23,798.5288696289062,810.4565531130736,781.6384918536118,781.6384918536118,5220570
2022-03-24,837.4559936523438,841.3351742755086,793.5274909845599,795.7621233901143,8690735
2022-03-25,843.8310546875,846.452660755455,830.0072947750633,837.1658894664216,4321985
2022-03-28,829.1268310546875,844.1211320950317,820.1689359538933,843.5116815873041,2484535
2022-03-29,836.498291015625,842.6894513965404,821.6974163039093,830.7810755728406,2105420
2022-03-30,842.4669799804688,844.8080093788851,828.865698959767,842.157413102719,3084130
2022-03-31,831.0616455078125,848.8709810803028,828.091799206692,842.1960745346125,3058595
2022-04-01,827.9661254882812,838.6459180741665,824.7834257854437,830.9746458329381,1569355
2022-04-04,835.260009765625,839.6809175342172,826.1376769288266,839.6809175342172,1298870
2022-04-05,837.7268676757812,852.8372511462508,832.4740317461072,839.4681888384627,2399325
2022-04-06,827.443603515625,842.583035287291,825.4218242452167,837.7461636725533,2059755
2022-04-07,835.308349609375,842.9796207960276,827.443591752115,830.9745315982124,1397010
2022-04-08,857.161376953125,866.3127593417197,837.1367165767886,841.0352634553839,3358875
2022-04-11,847.5166625976562,860.9631899686374,846.1526907141891,857.0936924856322,1077795
2022-04-12,845.9398193359375,852.8565695546056,837.4849769656269,846.646042761112,1855070
2022-04-13,831.7871704101562,844.0050538854123,830.1232558587101,841.8091543047433,1847180
2022-04-18,829.0302124023438,835.5116329631304,818.5342233393793,827.1051467125668,1698380
2022-04-19,814.4711303710938,835.0568250216924,810.6596732211641,833.8766567024386,1550720
2022-04-20,830.6651000976562,839.681037213832,815.1193853303362,815.8836489472019,2252075
2022-04-21,835.8695068359375,841.915596728405,833.876717969134,835.6179800493953,1972180
2022-04-22,811.1917114257812,831.748415401375,806.2097691827072,831.3518179157246,1953715
2022-04-25,796.2362060546875,808.666943245771,785.7014848642502,802.9207370549732,1705680
2022-04-26,803.801025390625,809.7407182933952,799.2544130098131,807.7576126101277,792225
2022-04-27,788.8067016601562,805.571315867212,787.9361001616336,803.801004254448,993500
2022-04-28,797.532470703125,803.240003289226,789.6870784778795,793.247009189958,1504805
2022-04-29,799.4285888671875,825.3638956060005,796.16854168212,804.8555453812653,2615175
2022-05-02,797.8710327148438,802.0016809773049,787.4427090378915,797.5324162711379,925300
2022-05-04,772.4193725585938,800.0959977163833,767.5148365394684,797.8903558469007,1712475
2022-05-05,766.8956909179688,788.3907204031063,764.4192149703154,783.5732150858678,1264655
2022-05-06,760.4820556640625,764.0033127148015,750.6825480898457,760.3176185453411,1197395
2022-05-09,755.6741333007812,761.5074290652216,748.873522214781,760.1627645267852,886775
2022-05-10,757.2606201171875,761.1301174699006,752.6172351027005,754.5519837790571,1014140
2022-05-11,751.466064453125,762.8617626067105,745.0717341872394,753.6813304529197,1356280
2022-05-12,750.6824951171875,753.8167785621565,733.2407072568601,747.1031982157207,1468145
2022-05-13,759.25341796875,769.836495716692,752.7139579174724,754.4359126010603,1092005
2022-05-16,752.3076171875,765.1930495830596,747.0161082577222,759.001830621236,1089575
2022-05-17,755.325927734375,763.2293601340486,748.9412802440957,761.304294504616,1277320
2022-05-18,755.6741333007812,770.9876860374253,751.0694809182818,757.260641430569,2500790
2022-05-19,760.2499389648438,776.7533451169925,740.8250430094017,751.8434524304158,9129055
2022-05-20,822.0941162109375,831.7678601699603,769.0626447423128,769.0626447423128,12401575
2022-05-23,827.0953979492188,837.1657981420366,819.598246628945,822.0940890201,3035360
2022-05-24,841.0546875,846.4526535256189,823.5161837954411,826.8923702617669,5054480
2022-05-25,833.3833618164062,850.9024980174258,831.2261357999714,849.5675166228673,2500200
2022-05-26,832.744873046875,841.4221925711876,829.9394638318415,835.0375455185624,2145360
2022-05-27,849.451416015625,853.0307130158789,825.9345472949483,835.8114609304786,2171455
2022-05-30,845.5432739257812,856.4649097522171,841.8285302143596,852.0633679981784,2324015
2022-05-31,845.4175415039062,851.0960247716771,837.8623494513691,842.583141465753,2380075
2022-06-01,835.6179809570312,843.8697127922803,832.1547641305871,841.615713945643,1772530
2022-06-02,838.355712890625,843.5505088927524,830.0072667775017,832.5417830784193,1639675
2022-06-03,839.680908203125,849.6739014424727,834.8053628951483,843.4923653786118,1423865
2022-06-06,833.054443359375,842.3218471012202,826.3311798323157,838.1331586861411,566055
2022-06-07,801.7501831054688,827.1050866068263,793.9628312333198,824.202963495925,3605015
2022-06-08,812.4300537109375,814.9742530902445,795.7621527552578,807.5641321688755,2264910
2022-06-09,836.37255859375,838.7135880627554,806.809599881458,806.809599881458,3702930
2022-06-10,841.91552734375,844.3242799113815,828.4206440071447,836.3724914811839,2107480
2022-06-13,825.5960083007812,842.5831003619385,823.5258129192653,836.391880599375,1839815
2022-06-14,834.0798950195312,836.769165124032,820.1496801699284,822.2682324482254,2035905
2022-06-15,838.810302734375,841.4415917553359,829.4364426141734,833.238275892748,1585315
2022-06-16,829.5235595703125,843.4150419775494,827.2308869338418,841.615739738976,1750035
2022-06-17,802.2822875976562,831.7291658410304,786.67853425488,830.0072111179447,4764870
2022-06-20,803.2689819335938,808.5702337249272,794.6206525508239,802.2823002085286,1387575
2022-06-21,825.8765258789062,827.404993959965,804.8748654871923,804.8748654871923,1191555
2022-06-22,824.3770751953125,841.3932161706326,804.8554676916116,828.2659390173721,2847785
2022-06-23,830.9552001953125,833.4316761693392,823.235571777027,830.974566576341,1675510
2022-06-24,833.8089599609375,845.9785457220853,830.3941592346494,836.198405289755,1518295
2022-06-27,835.9178466796875,851.2603899070472,833.0737636905834,851.2603899070472,1663765
2022-06-28,846.3751831054688,847.4199639768955,834.2636959162542,837.6010903201268,1412215
2022-06-29,844.39208984375,852.9823792600039,838.5975266207714,842.9893851515928,1905735
2022-06-30,850.0899047851562,854.1915626377834,841.8091825985755,845.4368364602875,1845325
2022-07-01,848.5614624023438,850.322090881695,830.0169118331396,848.3873420969812,1523995
2022-07-04,842.4766845703125,853.4660433122601,831.1680757519757,843.956736662942,1303490
2022-07-05,850.1672973632812,864.3489793154554,841.8478425501667,844.4984388147624,2434495
2022-07-06,849.354736328125,859.6669216122232,847.2942241007687,850.3221107430772,1678505
2022-07-07,838.994140625,859.6088871819233,837.3592754911876,856.4649203125801,2161110
2022-07-08,852.489013671875,854.1819188855036,832.7932848998396,837.7462371442051,2089480
2022-07-11,876.8001708984375,889.9881901023361,847.4046783667702,853.0636505765184,4797040
2022-07-12,873.43017578125,884.2026803165032,862.1901673655439,870.7809078605349,2079370
2022-07-13,876.9170532226562,883.3649679233033,866.8653045795417,875.5339814047795,1893835
2022-07-14,891.2933959960938,897.6438744692418,877.1994987550642,877.77418843238,4423835
2022-07-15,885.5662231445312,898.5302399832627,880.6961933862008,895.1894067028807,1504725
2022-07-18,870.0015258789062,898.7736983580629,867.8976992816121,891.410216094629,2337315
2022-07-19,866.4562377929688,876.2157370786751,863.9725344868382,868.3847505685468,1961920
2022-07-20,868.56982421875,875.0469877022068,864.9173018292682,874.6573615345528,1130700
2022-07-21,851.4954833984375,874.043745723403,848.5540257497335,870.5665372242347,3126100
2022-07-22,851.9630737304688,858.4499276369418,847.9696133973646,855.9564746149636,1806315
2022-07-25,843.5963134765625,855.342823334472,837.6451511471249,852.7714927025902,1726910
2022-07-26,820.502685546875,843.2554516435099,817.0059778180898,843.2554516435099,2971165
2022-07-27,834.9276123046875,837.6450673425929,810.9572821152603,819.7136450234927,1866270
2022-07-28,829.8628540039062,840.5476711911348,817.1910265476887,840.3723572465666,2832835
2022-07-29,796.8050537109375,814.8436629072246,790.0357004766971,814.8436629072246,9872475
2022-08-01,800.7205810546875,806.4379912500175,798.7822592689789,806.4379912500175,2136850
2022-08-02,795.8408203125,804.1393108112759,793.0746171805034,804.1393108112759,2635115
2022-08-03,797.9641723632812,799.4641202154883,786.9968551912887,797.7011717173234,2600985
2022-08-04,808.025634765625,810.236587881407,796.5518159611188,800.6329033329378,3006675
2022-08-05,809.7593383789062,816.9572567635909,807.2269466367995,809.3989609259589,2075395
2022-08-08,822.713623046875,824.7882605617642,809.7593552677199,809.7593552677199,2041885
2022-08-10,826.599853515625,830.6322523682196,820.9993193698896,826.6582914939842,2108115
2022-08-11,829.5219116210938,833.3594975826832,825.1583838287268,829.853099813618,1285185
2022-08-12,830.0089111328125,835.6191950986729,822.2558615662923,829.4634701610543,2021290
2022-08-16,837.2166137695312,841.3463897904278,830.3985716165316,832.7751486878074,1314065
2022-08-17,840.742431640625,843.4696363552838,836.0379663524608,841.1418073631988,2169055
2022-08-18,823.0545043945312,825.9570230226378,805.181460031424,825.9570230226378,5137920
2022-08-19,818.9442138671875,827.3401406360665,815.2430030429742,824.3986830095185,1928705
2022-08-22,815.6228637695312,823.9992912323011,810.3729573861073,812.1456553642221,1692810
2022-08-23,823.0642700195312,825.0219720268747,807.4509262279475,807.4509262279475,1398150
2022-08-24,821.6812133789062,827.184371232393,817.5806860363319,827.184371232393,1467185
2022-08-25,825.5480346679688,830.6128778346393,820.502690645149,825.7915361716682,1552875
2022-08-26,822.703857421875,832.7751053208024,820.5318431297972,832.3854791529055,818685
2022-08-29,820.1422729492188,822.6941638269352,809.8177740295921,812.3209764986786,966050
2022-08-30,826.9407958984375,830.1647531946312,816.7332326304607,820.8921975856416,2359905
2022-09-01,818.5740356445312,824.4960082620638,817.5902801571556,821.2818006275496,1656700
2022-09-02,816.207275390625,824.3986991113605,813.0904443125029,822.6746894742219,1008280
2022-09-05,820.9408569335938,821.9733008195825,809.398910686993,817.1909579619579,1581715
2022-09-06,825.80126953125,828.294722502236,815.2430183807356,824.0090723418188,1129375
2022-09-07,827.7686767578125,831.0218827660271,820.5610684460979,821.0870102540156,1073975
2022-09-08,832.1224975585938,837.0509651552727,828.4309770601393,837.0509651552727,1577545
2022-09-09,828.8984985351562,841.4436989575498,827.1355502798414,832.2880199556598,1570630
2022-09-12,830.0770874023438,837.6451328001503,826.8726291678973,829.8530850531722,1262745
2022-09-13,828.4700317382812,838.9990341137426,825.3726998234713,830.6420460727373,2209365
2022-09-14,820.9214477539062,830.3303190307668,811.4151402133253,811.4151402133253,1723540
2022-09-15,812.1261596679688,825.031738671494,806.7399376084519,825.031738671494,1881365
2022-09-16,794.2726440429688,815.2430217519194,791.0486865618941,815.2430217519194,1893520
2022-09-19,798.5194091796875,800.8375483710462,778.6204723989641,792.8409371732407,1506440
2022-09-20,821.2817993164062,825.5673896727156,799.8731088822971,801.0224881766261,2957845
2022-09-21,808.960693359375,831.6258326178908,805.08416839775,822.0513367325007,1894725
2022-09-22,814.7365112304688,822.4701211665339,800.3212344728114,800.6524226666926,2391915
2022-09-23,806.3211059570312,821.03832148712,804.4315320497924,810.9573243085757,1659940
2022-09-26,804.110107421875,810.1392066914008,796.6005000697962,802.4250961348577,2055290
2022-09-27,814.5806274414062,818.1649620460614,803.6133114145838,808.1327130916458,1485445
2022-09-28,831.7426147460938,837.0607084518865,813.9085687922338,813.9085687922338,3133240
2022-09-29,849.4695434570312,858.4888478529934,834.9178925294401,835.9405868630881,5442790
2022-09-30,844.5995483398438,858.0992567723655,832.2004119571158,853.7259794931006,3164565
2022-10-03,860.9530639648438,864.7224621991829,840.0606246486675,840.5671267613473,3476290
2022-10-04,859.8427124023438,866.8458177334815,852.4597899222799,866.0861239870225,1543270
2022-10-06,856.6480102539062,866.4660071924983,851.2617286411748,864.1478682007668,1231195
2022-10-07,852.57666015625,858.7908229846345,851.6708417403303,855.1772394438008,1338865
2022-10-10,853.229248046875,854.7876338529056,841.541176155822,847.3852121013484,1218745
2022-10-11,834.2847900390625,854.7876035309314,828.2946890765501,854.5928498985419,1486910
2022-10-12,826.1810302734375,839.5931109416149,821.0967478585177,837.6450990832817,1470100
2022-10-13,828.8109130859375,839.3983534815759,826.2103337283668,827.8953450739144,1513920
2022-10-14,839.7489624023438,845.437183434451,830.4472172623427,838.6191416325602,1244005
2022-10-17,844.5020751953125,852.0603706795831,834.2360741547883,838.6191008140954,1050700
2022-10-18,848.6611938476562,851.9922778333839,844.5021690650906,848.7293814037685,721180
2022-10-19,840.937255859375,855.9661604266784,838.6288665302542,849.3429319037147,860840
2022-10-20,847.2001342773438,848.3592037649094,833.7491141478329,838.6191440201917,1287620
2022-10-21,843.6449584960938,854.9726523296583,839.3203697462767,848.3591734011972,1002975
2022-10-24,852.7422485351562,854.0084444388049,848.3592215581051,850.2682947096085,158840
2022-10-25,865.3750610351562,872.2223515823513,851.4760361815041,855.1674974293603,3118275
2022-10-27,874.89111328125,880.306584098364,866.9335011492291,868.8133255381414,2207370
2022-10-28,868.8035888671875,877.1410777191045,862.9693025300314,873.6833683627971,1767930
2022-10-31,863.6900634765625,900.9555422268245,846.343019144172,882.6442414745305,9128805
2022-11-01,883.4818725585938,892.1894885033723,863.9920031505802,863.9920031505802,5350980
2022-11-02,887.446044921875,904.8515264717455,885.381157066224,885.381157066224,3708780
2022-11-03,894.1180419921875,896.0855532086575,881.9332169688442,887.4461244243716,1766075
2022-11-04,881.494873046875,896.0854629748026,879.030609488364,894.1472006699272,2463380
2022-11-07,873.7710571289062,885.8195064334994,865.7744465732801,882.6442374037618,2100085
2022-11-09,883.4039306640625,889.4232805271528,876.6248870447334,884.3974357939052,3565560
2022-11-10,886.23828125,899.2022979661605,882.0597577097517,884.3876461798894,2959765
2022-11-11,884.2902221679688,891.9945826042148,876.9949275601124,890.6699488608377,1625215
2022-11-14,850.044189453125,873.4593304206994,840.567130630749,857.1252316976352,3722425
2022-11-15,863.6900634765625,865.4238226769362,850.0539795942107,850.7357956780497,1872600
2022-11-16,872.9041748046875,885.3616899393219,855.8006321025305,863.6803072223594,2610960
2022-11-17,861.2744750976562,874.3553673291898,853.6869310150926,872.8943584648525,1561865
2022-11-18,858.8882446289062,863.8556515428487,852.3526428445398,861.751824700685,1693670
2022-11-21,847.35595703125,855.7616334257464,841.063916424198,853.2292416477871,2153040
2022-11-22,849.8201293945312,857.6316755673605,842.7098983678273,851.5928272280746,2015475
2022-11-23,858.2258911132812,861.0212835108725,849.3332117890054,853.2292356962945,1964345
2022-11-24,859.8233032226562,864.9075860521408,852.4208218882404,862.5212594413844,1188110
2022-11-25,860.6511840820312,863.9335795732893,854.9824619813157,861.7713147707385,1477045
2022-11-28,857.514892578125,866.3588241148504,854.4954383568524,859.9985959490085,1530840
2022-11-29,867.517822265625,872.456039334989,857.9141383154707,858.1187009569009,2045690
2022-11-30,874.1021728515625,880.1020829339637,865.1121167480703,870.7613394993965,4256840
2022-12-01,871.6087036132812,882.8000225169857,866.241921293036,878.4754337017275,1936730
2022-12-02,878.63134765625,881.2806154364876,868.8425992623417,873.6736309671533,2080040
2022-12-05,872.5924682617188,882.8390300321599,866.8945571486431,882.4299047240596,1961695
2022-12-06,852.099365234375,871.6281720412087,849.1480987613616,868.8327798066176,1742295
2022-12-07,849.6253662109375,853.8135798466468,841.5411288306418,850.307182255961,1661035
2022-12-08,848.593017578125,853.0831711802582,843.6937980824888,852.0507271499623,1386625
2022-12-09,858.50830078125,860.0083079790882,848.2130508401269,852.2551992790064,1539865
2022-12-12,867.3035888671875,869.3782262458643,850.7064898377731,850.7064898377731,1367975
2022-12-13,868.4529418945312,871.6671496840015,865.0146723084288,866.9042462553523,1087545
2022-12-14,877.49169921875,879.2352079659543,867.1283207968875,871.7353500478879,1392005
2022-12-15,870.5568237304688,881.9819548293932,869.0081874418563,873.9074068345949,1209055
2022-12-16,839.4178466796875,868.5893378741342,830.0966022521577,863.8459334742963,16783045
2022-12-19,856.3557739257812,858.8102284409168,840.5768659920057,846.4014024217516,1661755
2022-12-20,851.2324829101562,855.1771949836289,839.2229733099367,853.2291831499532,1214105
2022-12-21,858.5960083007812,863.943291540478,848.0475070470729,853.2194763467836,1739615
2022-12-22,847.239013671875,868.0340754370136,840.5865961359685,862.9692328353924,1737350
2022-12-23,839.6807861328125,860.6316034454278,835.9405772586508,842.5248667614189,2498780
2022-12-26,827.6323852539062,846.8008764701717,824.0188608861534,843.8885484685292,1593040
2022-12-27,828.0706787109375,831.7621995619588,818.3598672581444,831.7621995619588,1366245
2022-12-28,828.4407958984375,831.1485611284392,821.2721259672666,828.0706688605436,1088005
2022-12-29,829.9699096679688,848.2909584216877,822.6551157862407,832.7750514392312,4064660
2022-12-30,825.4797973632812,834.7426035175378,823.0350329017017,833.7490984187652,882895
2023-01-02,824.9927978515625,831.3238365927918,819.9182053974791,829.609576591082,663630
2023-01-03,825.6356201171875,829.4829555705751,821.3012816810573,825.7233068114679,810895
2023-01-04,828.5869140625,829.8531099696804,822.3143130599022,824.9830799815954,832835
2023-01-05,837.1581420898438,838.3951487113668,826.249263194414,830.8271032026023,994925
2023-01-06,832.1419677734375,841.4047739606611,829.6777636090176,837.5477484078984,630680
2023-01-09,844.2683715820312,845.4274410761861,832.8043616223788,836.3107593709682,830195
2023-01-10,835.44384765625,847.0539818459088,834.5185301211008,841.5411343684277,1170765
2023-01-11,830.2232055664062,841.5411500742478,826.8141847038369,838.6093826206612,1273265
2023-01-12,839.7099609375,841.9307229226747,826.3660682307246,832.7652941213489,1280325
2023-01-13,841.619140625,845.7684157929115,835.697167362184,842.3203964259153,1234630
2023-01-16,842.7197265625,847.9208851501996,835.7068716899662,845.3787438365956,446555
2023-01-17,847.72607421875,849.2942690151069,838.7360181179022,845.2326213075861,778125
2023-01-18,850.1805419921875,856.1414534621956,845.8267640684065,847.7260280520887,1318465
2023-01-19,843.917724609375,853.8428476991265,840.8690812050119,850.2779526017036,1242455
2023-01-20,847.5020751953125,853.4337977473381,833.7491155682299,843.8690519278978,1182675
2023-01-23,845.018310546875,850.3948421686504,841.4144768068965,849.3234000034662,770265
2023-01-24,828.4407958984375,848.3202917573573,825.3727126509809,845.632025671016,1320270
2023-01-25,818.35009765625,831.5868652588251,813.3145033179294,829.8531060559117,1470210
2023-01-27,840.3723754882812,853.4045806882099,828.5576778036776,833.7491464946345,4781440
2023-01-30,843.25537109375,845.3300084500929,834.7133201894518,841.5313615993966,1873685
2023-01-31,842.349609375,852.5864217492888,836.3399496679403,846.4111976710335,3159705
2023-02-01,847.6773071289062,853.2291525454634,839.6417586032212,845.6319185563542,2027270
2023-02-02,851.3007202148438,853.0441695063871,835.9990649654756,840.1775291914348,1946775
2023-02-03,849.0117797851562,862.9498030441207,841.1905426436189,852.255236358852,1874895
2023-02-06,847.2974853515625,853.2584564269334,834.7230947605718,853.2584564269334,1516105
2023-02-07,864.9660034179688,870.4204726052044,849.3819076520512,853.3558687179702,2987405
2023-02-08,874.2288208007812,875.9430808682814,863.4855655608629,866.8653378370981,1196855
2023-02-09,874.1703491210938,882.3617130875048,863.6705363367096,865.6964853791682,2054810
2023-02-10,876.5274658203125,877.5794089494584,863.4660714738021,875.4268342807247,685110
2023-02-13,881.4169921875,887.7869700272263,876.6248993121885,878.1832851330449,1872775
2023-02-14,884.0857543945312,889.072660332968,876.732021022113,885.371449441745,1202135
2023-02-15,880.4722290039062,888.9169043421296,877.4236447306263,885.9558878743632,1283685
2023-02-16,880.3650512695312,886.3162136779348,878.4462879796821,884.874703817597,1352330
2023-02-17,878.62158203125,883.4234243816526,869.4951507491495,876.8391344411874,1056035
2023-02-20,871.6964111328125,884.1149873474749,870.4594045176801,880.501403769004,761745
2023-02-21,873.9073486328125,877.4429950241708,868.579564565934,877.4429950241708,791630
2023-02-22,872.0665283203125,880.5403326711125,870.6444582075337,874.0534790907404,882305
2023-02-23,866.787353515625,879.5273679157617,865.112091826354,871.9495731319433,1187840
2023-02-24,874.8716430664062,878.5534142913407,865.267958149025,869.7678611248725,1764830
2023-02-27,861.216064453125,874.8715873134605,848.3591741492027,874.8715873134605,1370570
2023-02-28,840.8788452148438,864.7224924520308,837.6451382449953,864.7224924520308,2699875
2023-03-01,846.25537109375,848.7780132587538,837.0607523811535,840.8495904143861,995515
2023-03-02,855.2940673828125,857.4076435679568,841.5411086501132,848.9435298078721,1413260
2023-03-03,864.5179443359375,866.2711431096102,849.4305426346856,859.5797271668802,1371180
2023-03-06,864.761474609375,868.5795613133912,860.2518222747193,864.3329096105543,877920
2023-03-08,862.2388305664062,865.6965400531438,857.3688004587169,863.5537149160385,1173705
2023-03-09,853.414306640625,864.5958763283496,851.6318590419103,860.1739105565724,1022125
2023-03-10,856.2584228515625,859.6674439409794,847.3852422264895,851.8559560411417,1686010
2023-03-13,851.3591918945312,860.2323723991029,846.508601528122,852.2552607802553,812710
2023-03-14,847.2974853515625,861.1965692085273,839.398311406266,855.9564124691944,2141980
2023-03-15,856.0538940429688,861.9953068417568,845.5930197044651,848.7390994979919,1717110
2023-03-16,853.9597778320312,862.9693335148899,851.3494488328848,859.2681225294915,1384640
2023-03-17,864.1672973632812,869.4269533784337,853.9597338256798,858.2356342997836,3092990
2023-03-20,864.8101806640625,875.4365597093297,861.5082861363603,863.1641081859821,3949945
2023-03-21,860.8946533203125,872.7093505111341,858.9174521113362,865.2971793352843,1984640
2023-03-22,871.7255859375,872.709341470354,860.2128283391811,862.842656324851,1598885
2023-03-23,866.2711791992188,876.5079913998394,863.0764110997196,872.5145312754654,2418370
2023-03-24,869.6217651367188,876.2157451156456,866.8555620299521,866.8555620299521,1126970
2023-03-27,873.8099975585938,882.1864252835071,869.7970976403024,874.6573780130295,1759570
2023-03-28,881.8260498046875,885.780511750475,872.709367995967,876.4008293006118,1834690
2023-03-29,889.8128662109375,891.2154371457012,880.9201872024369,886.2382810485417,2083535
2023-03-31,900.5172119140625,907.0917522425202,889.8226453366589,892.7738525263799,2282485
2023-04-03,907.0917358398438,912.0592018895728,895.7153533962241,905.6209773330366,1500675
2023-04-05,912.2150268554688,914.5916037949249,904.1307892121785,905.8255500844305,1823560
2023-04-06,915.44873046875,917.7473702767988,910.8806401183058,914.3870378102919,1460345
2023-04-10,927.1854858398438,929.6302503098256,913.2279637953993,921.7992637973927,920770
2023-04-11,927.90625,936.1950503093818,917.1239967874968,929.7860743866581,2309250
2023-04-12,950.8246459960938,958.343943598133,920.6693995670054,927.9062568374036,3403195
2023-04-13,945.3507080078125,952.188189325804,941.1234960434738,952.188189325804,1169335
2023-04-17,945.2338256835938,958.9965343680377,938.8930375040961,950.0356678326897,1705675
2023-04-18,956.94140625,958.0322882259596,943.9092010725656,947.0065925009825,1797050
2023-04-19,956.3472290039062,962.3178903059236,950.7369451518842,952.0713285637277,1920935
2023-04-20,946.3831787109375,957.642685390838,939.3800733809255,957.642685390838,3175850
2023-04-21,948.438232421875,950.4349326004113,939.5553034887388,946.363595126774,1657195
2023-04-24,936.2339477539062,945.5649411715872,925.7146956417089,945.5649411715872,2190830
2023-04-25,941.5325927734375,943.0617892931158,926.8153767098132,935.7373047617623,1639985
2023-04-26,943.831298828125,949.5097109190004,936.9937577882778,936.9937577882778,1020765
2023-04-27,958.139404296875,962.1230552988344,938.571598811874,943.8117555230918,1098280
2023-04-28,960.3406372070312,961.3438918909416,950.064886118587,958.1394336528034,1235220
2023-05-02,964.3438110351562,966.0093231339024,955.1881314831893,955.1881314831893,1209890
2023-05-03,964.7041625976562,966.2138598639732,957.4478066998847,964.246348908036,883875
2023-05-04,967.7723388671875,969.1359710481056,958.4900925904252,964.7042556330344,1006635
2023-05-05,962.8048706054688,971.8631139475444,959.502976204923,969.1261596371716,461545
2023-05-08,955.908935546875,967.5191296715637,944.1332364992319,963.2919175463795,1190915
2023-05-09,961.0029907226562,962.2983758282751,952.5875650787286,958.0419745987159,1545295
2023-05-10,948.1558837890625,967.1586905440137,942.8182905874354,967.1586905440137,2271505
2023-05-11,882.8390502929688,915.5656276728973,881.2903546164325,910.695597738467,13916795
2023-05-12,870.0015258789062,885.3616180234287,865.8912494953711,885.3616180234287,5242020
2023-05-15,880.218994140625,882.8585123849394,866.1835342223103,870.790623082212,1588765
2023-05-16,879.537109375,885.9363355054121,877.4916612411771,881.0857455213098,1430235
2023-05-17,873.0015258789062,885.3811629727386,867.0795530248472,880.4624447880075,1749805
2023-05-18,861.6251831054688,877.0339651618298,858.0797869972212,875.0470143230028,2127235
2023-05-19,855.5571899414062,864.9173738297119,854.0182437342512,862.5700454027208,1630405
2023-05-22,868.3555297851562,870.7320471685807,854.0570705089283,858.8784117214835,1224880
2023-05-23,868.92041015625,876.5371436119431,866.0958286472287,868.4431567655059,1616475
2023-05-24,880.3552856445312,881.2806032198785,868.7938393600231,869.7873444881441,1683665
2023-05-25,877.3748168945312,883.2091625955159,873.1768535390016,883.2091625955159,1033820
2023-05-26,882.634521484375,884.2026569157357,876.5956722443624,877.5891774126427,752935
2023-05-29,887.5629272460938,890.0466305437279,880.501384066358,885.9363539454746,928140
2023-05-30,880.287109375,887.562905148542,876.381336077604,887.562905148542,1369945
2023-05-31,876.8099365234375,882.3812221420231,872.8944134966061,878.5533858099656,6313505
2023-06-01,886.7447509765625,888.2836970582194,876.8099376191944,878.5241381934046,1528955
2023-06-02,898.1212158203125,899.9815411169654,889.2772247230333,890.0369184873233,2509565
2023-06-05,896.7770385742188,906.2151585965935,895.4426551801722,902.1243217216703,1132140
2023-06-06,903.2249755859375,903.8775429422363,897.0595011312497,898.0335071042477,1161655
2023-06-07,910.4521484375,911.2800297943721,904.8711128362394,905.8256197345547,1139525
2023-06-08,905.708740234375,914.2020443584951,903.2932242813887,910.6956463977981,1203490
2023-06-09,909.09814453125,916.5395639729352,904.9683689726278,911.8740970519771,1084700
2023-06-12,910.8222045898438,914.5916029258863,906.6924288019342,914.5916029258863,717870
2023-06-13,915.9552612304688,921.1759190945951,907.393710489618,915.5656350531306,1294905
2023-06-14,915.370849609375,921.3220121492841,912.6436446314682,917.0851097236621,901255
2023-06-15,935.7177734375,945.7597723499034,914.7863951966513,914.9032711541325,3630745
2023-06-16,957.4576416015625,962.3179219994789,939.9450328543169,943.7825593997239,3814515
2023-06-19,950.43505859375,978.6812330598503,947.1331639315982,964.4607690046366,3540755
2023-06-20,954.7595825195312,959.736738654298,948.1071052381858,950.434993725384,1070755
2023-06-21,956.5517578125,964.2658681117852,953.2985518576462,958.8017091268167,1123550
2023-06-22,954.418701171875,959.7757338775594,952.5778156653473,956.7757789167667,1242850
2023-06-23,972.8176879882812,976.9279645480583,954.7206408528384,954.7206408528384,2791140
2023-06-26,982.1096801757812,988.421219666699,964.655510312235,972.0384325616612,3607125
2023-06-27,978.992919921875,990.8660556090978,977.1228450208231,982.1097510560342,3330315
2023-06-28,995.0152587890625,997.2652101404991,974.8533238698249,978.9830995582969,4426340
2023-06-30,1005.0962524414062,1008.086398362534,995.4535698556418,996.6028897310478,2430705
2023-07-03,993.1549072265625,1008.8754373938256,991.5965214445688,1005.0962894514536,1174135
2023-07-04,1010.7066040039062,1013.8915037679194,990.5738570691773,996.3886443861156,1863335
2023-07-05,1008.7488403320312,1013.3168714172575,1000.6937916604562,1010.0442255135393,1410270
2023-07-06,1019.1608276367188,1024.3619859963371,1007.1221286451438,1008.7681415913219,2534370
2023-07-07,1009.5571899414062,1027.2159229690146,995.4341033479182,1018.8102466750709,2771720
2023-07-10,1004.1903686523438,1015.8881894345993,1002.2521063549403,1011.9824161264346,1003625
2023-07-11,1014.183349609375,1023.8326593396363,1003.9155527608461,1009.8936624357113,1056805
2023-07-12,1018.7283325195312,1020.681752579093,1007.1451339256413,1011.0716256758387,1203590
2023-07-13,1009.5892944335938,1021.50621043638,1008.1070343160035,1018.9245374991543,2034915
2023-07-14,999.6945190429688,1013.996771425144,996.5926171407742,1012.0531773180381,1942045
2023-07-17,1026.7283935546875,1029.7223912407676,999.8810320096653,1001.1866072033212,1976770
2023-07-18,1019.1207885742188,1023.9700677329765,1010.3942669399879,1021.5748456838918,1286955
2023-07-19,1025.079345703125,1034.6305171684205,1013.3488803722285,1017.746651536325,1961585
2023-07-20,1048.23583984375,1059.1121786894214,1028.7408229783825,1030.5077921700301,6016030
2023-07-21,1038.2037353515625,1048.3242058912747,1036.122699442267,1045.0947477930758,1150370
2023-07-24,1058.523193359375,1067.3872768121157,1036.2502275083782,1036.2502275083782,2119525
2023-07-25,1065.1392822265625,1075.848821104667,1058.5526312273832,1064.0791726830146,2162155
2023-07-26,1075.0047607421875,1077.8220138541717,1060.358902989975,1068.0057842197984,1701060
2023-07-27,1081.1595458984375,1102.1663010871637,1064.0891083428598,1085.6749875230933,7539055
2023-07-28,1096.080078125,1102.9514382491561,1082.1410812325162,1082.1410812325162,3180540
2023-07-31,1107.3590087890625,1111.2756748040842,1093.527974866775,1096.384531225219,1599490
2023-08-01,1112.5811767578125,1120.8856676404798,1100.8115284910841,1107.241086197584,2122735
2023-08-02,1111.285400390625,1118.2353669935321,1106.1810094018208,1112.5910354958885,1791795
2023-08-03,1111.098876953125,1125.7250807131338,1103.6385676004702,1108.2521468532034,2570520
2023-08-04,1109.1455078125,1121.2095711546488,1107.2705746177464,1111.118579326836,1726520
2023-08-07,1105.4449462890625,1116.694307592492,1103.1283303742862,1111.1972427246305,2499830
2023-08-08,1110.7945556640625,1126.696917563972,1108.252186060711,1109.6264820017411,2987010
2023-08-09,1152.62158203125,1155.1247684021887,1113.3763169539704,1113.3763169539704,10067015
2023-08-10,1148.724609375,1161.5838460967855,1139.8605253489332,1154.4082446187938,2763310
2023-08-11,1143.197998046875,1155.3799717093543,1140.2826068110455,1149.2841318840722,2256960
2023-08-14,1143.266845703125,1154.1923139429787,1138.6826233833285,1144.5625352748102,2167595
2023-08-16,1150.039794921875,1156.2535440640183,1133.77435751244,1144.572208536368,4308265
2023-08-17,1154.51611328125,1159.6991108040847,1149.6571279954742,1152.6903091185036,2138070
2023-08-18,1153.2989501953125,1174.0209953578808,1146.6533439506047,1158.21689053962,4281645
2023-08-21,1160.445068359375,1163.2230177450454,1149.2741961047434,1152.474296018202,1334640
2023-08-22,1163.3309326171875,1167.1494595259105,1152.9748844141438,1162.0450691139552,1688225
2023-08-23,1168.7889404296875,1173.0294984848613,1160.670900159493,1162.2414727789271,3142630
2023-08-24,1159.71875,1175.9252332027143,1156.5873107617317,1174.0209423683457,4124730
2023-08-25,1134.6087646484375,1156.3517350755747,1132.9007504493425,1156.3517350755747,4713240
2023-08-28,1133.9512939453125,1144.3761252658862,1124.3901758186687,1134.756172070122,2350770
2023-08-29,1123.7225341796875,1136.0321225246803,1121.994868453127,1132.7927193306286,3258085
2023-08-30,1109.1846923828125,1130.0540037779624,1107.2705757544659,1126.4711762339805,3551815
2023-08-31,1100.958740234375,1118.0684800587208,1097.4543992147935,1109.18474490708,3178875
2023-09-01,1095.2064208984375,1106.141714118926,1089.6210442496313,1105.3073586395294,1105280
2023-09-04,1111.0892333984375,1112.5125387683713,1095.2065210841895,1096.4728530550146,1473020
2023-09-05,1095.275146484375,1107.270548669817,1091.672547572169,1107.270548669817,1968470
2023-09-06,1096.1390380859375,1106.2791592926333,1091.4173745189564,1095.4518301741357,2256645
2023-09-07,1102.3919677734375,1110.1173350185463,1095.736535912169,1096.0702541386217,2634215
2023-09-08,1096.2371826171875,1106.0239340219618,1093.5278938684799,1105.5036451344392,923950
2023-09-11,1102.126953125,1111.9824855317154,1096.4826213663443,1098.436041380135,1313930
2023-09-12,1113.9063720703125,1122.3876080046516,1104.5219999622902,1107.2607661007671,2581215
2023-09-13,1126.6871337890625,1130.7314152465929,1113.4155733283287,1121.0133248052084,1571615
2023-09-14,1127.81591796875,1134.0295470538808,1119.9432840685843,1132.7926927598548,1139730
2023-09-15,1142.5107421875,1147.0948437387049,1125.5482723164873,1134.08834230693,2069105
2023-09-18,1124.547119140625,1144.3366694563438,1123.349568015562,1142.8052802850104,1256740
2023-09-20,1102.372314453125,1123.339764684135,1099.8102931285857,1123.339764684135,2266405
2023-09-21,1112.8658447265625,1118.4611672077122,1101.9403769492035,1102.4606658497955,2926715
2023-09-22,1083.132568359375,1117.8525658828878,1080.1778738149737,1112.8658448122494,2447785
2023-09-25,1067.76025390625,1087.6184649674599,1065.6497408156831,1085.645393454982,1217045
2023-09-26,1073.453857421875,1085.0762399503908,1069.7727712478625,1071.7360172073359,1379915
2023-09-27,1079.0882568359375,1100.399251270129,1075.8685050228908,1082.5337627396348,2443890
2023-09-28,1065.86572265625,1081.247796609586,1062.3122525576578,1081.247796609586,1931555
2023-09-29,1096.865478515625,1105.3074116910234,1070.6070653160382,1073.699201489991,3101955
2023-10-03,1072.2659912109375,1096.845868488566,1069.969027034741,1096.845868488566,2065240
2023-10-04,1063.6473388671875,1079.5888847547683,1060.4472387117903,1072.9138012807716,2109530
2023-10-05,1061.5760498046875,1074.8770881874943,1060.152744513693,1071.932219452734,2058530
2023-10-06,1065.0411376953125,1077.2721200280748,1061.9588275755377,1067.0240350191873,1572990
2023-10-09,1078.7740478515625,1085.1545964543136,1060.1821683629726,1062.1257624573352,2368110
2023-10-10,1075.5740966796875,1077.233101856185,1065.6499025502048,1076.6441520228527,1519630
2023-10-11,1093.0567626953125,1097.0617410332443,1081.7484475917227,1081.7484475917227,1961240
2023-10-12,1085.7142333984375,1096.286331230419,1082.730061430268,1093.0567535366306,1695245
2023-10-13,1071.971435546875,1084.5164842683257,1064.3932162171136,1065.4926289956118,1633255
2023-10-16,1078.430419921875,1081.1593600243207,1071.9320818742885,1077.6255419615636,859220
2023-10-17,1088.4429931640625,1094.1168019817355,1076.8500896438215,1077.2329369336308,1626760
2023-10-18,1114.6229248046875,1118.0193015345874,1087.9914919849193,1088.5216066706757,3014855
2023-10-19,1105.4842529296875,1114.0929860633707,1101.4791543639228,1114.0929860633707,2525845
2023-10-20,1093.3905029296875,1103.3539996391394,1089.7977294526825,1103.3539996391394,1141375
2023-10-23,1089.984375,1112.561703951339,1084.7915509965437,1084.7915509965437,1809785
2023-10-25,1082.5042724609375,1101.8127176412945,1079.7851579363578,1099.4176153533826,2104480
2023-10-26,1064.462158203125,1083.220958981228,1048.5500880338752,1079.3926053918751,1544145
2023-10-27,1059.6224365234375,1070.7442987723964,1050.5326004339538,1064.452063505254,2159725
2023-10-30,1049.4234619140625,1058.9649268517257,1021.9773260425378,1058.9649268517257,2691600
2023-10-31,1053.7821044921875,1068.1922628673633,1050.9451996747757,1055.048436492627,1884070
2023-11-01,1049.6395263671875,1064.1576467083255,1043.3669420317476,1057.2078001293205,1376665
2023-11-02,1048.0787353515625,1063.0976138379744,1045.1143348116198,1056.2262534530569,2365835
2023-11-03,1033.26611328125,1055.6373385321413,1030.1347936051118,1055.6373385321413,2921805
2023-11-06,1048.000244140625,1051.7402849366968,1037.22204378419,1040.520282375497,2847485
2023-11-07,1061.0067138671875,1074.4942026058873,1044.4074374718548,1055.048315729944,3498735
2023-11-08,1070.6658935546875,1079.8538696794087,1061.4484399839696,1065.8265596765623,2096955
2023-11-09,1071.5296630859375,1079.5790424258055,1068.0056705737502,1075.642725175122,1642660
2023-11-10,1065.0411376953125,1070.106345138962,1054.6556111085615,1067.9958320518574,1144920
2023-11-13,1064.0498046875,1076.2121274667866,1056.638623281022,1066.0425280426023,855910
2023-11-15,1064.0694580078125,1070.9801219595788,1061.1344149568595,1066.2289805792288,1422405
2023-11-16,1088.4725341796875,1094.5095390104846,1064.2461479888439,1065.0608518622205,1695060
2023-11-17,1101.6851806640625,1107.1724187561574,1088.619723222758,1092.5462145599004,2120630
2023-11-20,1100.2322998046875,1110.4313756322942,1096.6494722508435,1102.352638719914,2001625
2023-11-21,1108.5369873046875,1114.9175362940882,1100.497433267994,1101.3809178626989,1903465
2023-11-22,1112.09033203125,1124.9397410718625,1110.2350505397708,1110.2350505397708,2124580
2023-11-23,1108.1837158203125,1115.997396624103,1101.155261527184,1114.1421147586098,1511300
2023-11-24,1108.4779052734375,1130.2110486407753,1102.362414346578,1109.2239481943293,2305405
2023-11-28,1114.299072265625,1121.8869980255238,1108.644914838637,1108.644914838637,1555790
2023-11-29,1122.0635986328125,1127.688398319296,1110.019186701092,1118.637744410777,1602385
2023-11-30,1136.3560791015625,1138.682520492592,1122.1912084718954,1123.9581775551878,4267760
2023-12-01,1128.74853515625,1149.7847664428405,1126.795115188525,1138.6825540241387,1391500
2023-12-04,1130.044189453125,1138.6825185592056,1124.6257319160484,1138.6825185592056,1121300
2023-12-05,1134.05908203125,1142.4127019332386,1127.2956863269733,1131.811127397155,1121875
2023-12-06,1125.008544921875,1142.6090968786098,1120.6305449743572,1137.8972588575814,2659705
2023-12-07,1135.75732421875,1148.4791184037097,1128.934973303967,1132.8614648254495,3791150
2023-12-08,1131.59521484375,1135.7081570576086,1121.405964894122,1135.7081570576086,1142525
2023-12-11,1074.5826416015625,1095.0985861033946,1054.2630935943805,1079.7852913908923,9493150
2023-12-12,1087.7069091796875,1106.2497814202193,1075.3483095669537,1079.785264553625,4281525
2023-12-13,1099.152587890625,1101.380891040364,1085.7435855586589,1092.4383208230124,3111975
2023-12-14,1094.1856689453125,1104.639857234928,1093.1156136816123,1101.7441175369906,3164560
2023-12-15,1097.346435546875,1102.3625141751445,1088.0308438333727,1099.4176454818894,3636220
2023-12-18,1097.660400390625,1116.890477450288,1094.4996037113726,1096.472675139099,3279260
2023-12-19,1106.7698974609375,1108.44843412898,1098.0432562613717,1103.3440434247204,1123370
2023-12-20,1095.3243408203125,1113.3764020355327,1090.0040208891087,1109.2339817647735,1307230
2023-12-21,1090.4847412109375,1098.239584931706,1074.130872580334,1087.63801125939,1681900
2023-12-22,1104.8558349609375,1110.4117340870296,1091.5646230585492,1095.098441398013,1315040
2023-12-26,1105.7296142578125,1118.068562260538,1099.9183631406443,1104.8166521722876,1658265
2023-12-27,1121.896728515625,1123.3691627240644,1099.6727738170066,1106.2495986839015,1473880
2023-12-28,1150.1773681640625,1156.50890797638,1113.337150567251,1122.7508809405635,4888545
2023-12-29,1138.2701416015625,1147.4189333478919,1131.025760427917,1144.5918548453228,1452615
2024-01-01,1142.932861328125,1150.4619515377706,1138.6824776312405,1138.6824776312405,978400
2024-01-02,1163.57666015625,1167.935128718362,1139.7919533179156,1140.0668365247307,2869280
2024-01-03,1164.5777587890625,1172.0577203519972,1155.9983843920772,1163.5764842777464,1412035
2024-01-04,1146.9674072265625,1162.6636676858686,1143.5906819573208,1162.6636676858686,2048300
2024-01-05,1145.681640625,1153.3186962157774,1139.958821753441,1152.4253857468086,1037255
2024-01-08,1131.0946044921875,1154.5847726869556,1125.4502729851715,1154.5652408842288,1205700
2024-01-09,1128.8270263671875,1146.270484389495,1127.7079618872715,1142.4127735139823,1292220
2024-01-10,1136.1695556640625,1138.6825678134453,1117.1261672018977,1128.6798879459132,1273855
2024-01-11,1117.5677490234375,1134.3633010082497,1108.271809724199,1134.3633010082497,2964925
2024-01-12,1116.861083984375,1125.8919665547005,1108.458334609836,1125.8919665547005,1385710
2024-01-15,1135.3941650390625,1138.4863011770174,1119.442792720343,1126.500603940089,1665610
2024-01-16,1130.4664306640625,1136.7193639958987,1120.2378764962516,1136.7193639958987,1142145
2024-01-17,1109.2239990234375,1126.9030362072397,1104.7183836758786,1126.9030362072397,1778960
2024-01-18,1109.2239990234375,1112.8265980347498,1083.8392464024005,1108.7331875965178,1727635
2024-01-19,1112.806884765625,1121.9850339752295,1101.7439766433254,1114.1615290219677,1641460
2024-01-23,1114.0240478515625,1129.6515254012822,1107.4569292465312,1109.6067454109846,2329945
2024-01-24,1158.7274169921875,1161.2599610899729,1117.6758777227135,1120.6109207854604,5244260
2024-01-25,1149.57861328125,1163.2231962576084,1143.001787444188,1158.7274062823737,2677510
2024-01-29,1147.261962890625,1156.8622638147087,1126.9424163605,1138.6825881488373,1509570
2024-01-30,1146.721923828125,1167.9348987721776,1144.7685039696946,1158.1088445928735,1576585
2024-01-31,1201.732177734375,1204.9421037737768,1140.0666801861073,1143.6004986431776,7857425
2024-02-01,1176.6026611328125,1207.278376750323,1168.1509023451176,1195.5087277683576,3112555
2024-02-02,1185.7022705078125,1192.6128139245761,1177.171905587905,1181.0787453784437,1686230
2024-02-05,1196.4903564453125,1205.0402535988633,1176.2001678715712,1185.604191985971,2126485
2024-02-06,1210.6551513671875,1215.2491994492525,1194.3897119788996,1194.6351177138451,2587065
2024-02-07,1213.2366943359375,1215.2490690774093,1203.5873850107914,1210.537231541137,2953275
2024-02-08,1209.369140625,1221.128962841828,1202.4879550673927,1220.746115562607,1791205
2024-02-09,1208.544677734375,1218.2332907142006,1198.4044367498375,1205.4328900839748,1238970
2024-02-12,1243.421630859375,1254.209656522211,1223.102085555035,1223.9462668367707,4296460
2024-02-13,1243.784912109375,1258.4111177190568,1239.0142390529666,1246.661120015661,2086675
2024-02-14,1228.66796875,1244.6880016285431,1211.3423007354017,1242.7444074741,1724345
2024-02-15,1227.548828125,1236.6484909445167,1218.409862047585,1225.0849452319937,1469095
2024-02-16,1240.2117919921875,1249.743311381884,1226.5082557238948,1231.3378832131048,1275915
2024-02-19,1259.84423828125,1267.068967912748,1239.789631190603,1240.21178173033,1393520
2024-02-20,1251.7655029296875,1269.2384388822295,1244.8058299602353,1260.7965057135361,1399485
2024-02-21,1246.494140625,1256.9779257245464,1237.826453718053,1253.9250929419613,995895
2024-02-22,1249.3997802734375,1252.511448005396,1223.3671232300208,1251.569128418053,1420120
2024-02-23,1264.75244140625,1274.9416918661677,1249.2132742635863,1250.1360620964492,1842255
2024-02-26,1264.4775390625,1274.146500482112,1252.6784128518152,1265.321720361544,1089190
2024-02-27,1266.2149658203125,1268.1782114831174,1253.5814847732438,1259.618369324764,966475
2024-02-28,1261.9842529296875,1277.2681892015396,1254.9264415113253,1265.0076084457603,1560230
2024-02-29,1261.2381591796875,1270.7893308249718,1248.0550307349783,1252.9533194201283,5513940
2024-03-01,1215.946044921875,1270.8089623161611,1211.7349642297124,1266.0972443667392,2876430
2024-03-04,1243.73583984375,1264.2026529140687,1224.8690768599517,1225.0653535050294,2196055
2024-03-05,1237.49267578125,1245.1199043757188,1226.439593081398,1243.6964793698478,1040180
2024-03-06,1239.7210693359375,1243.1272720611023,1215.2491575667054,1237.4927661671077,1207130
2024-03-07,1241.5860595703125,1250.528629882824,1237.9246252958467,1237.9246252958467,1174600
2024-03-11,1254.0133056640625,1261.1104193610868,1238.8079780239227,1250.3911750360883,1412365
2024-03-12,1237.2669677734375,1261.9743387423287,1230.2188628371684,1254.1508332204903,1647055
2024-03-13,1237.5908203125,1246.6610057603757,1226.7929690815047,1237.3159371590477,1051325
2024-03-14,1235.7847900390625,1240.8008688640475,1218.9597585325296,1233.3110810673945,2001060
2024-03-15,1233.8802490234375,1238.5233058495937,1220.0590426773203,1233.919552281386,2429735
2024-03-18,1244.9039306640625,1247.6230452497264,1230.5722603930792,1235.2939240249098,902465
2024-03-19,1204.431640625,1243.716208058165,1202.1836858506374,1243.716208058165,1581835
2024-03-20,1198.2279052734375,1205.0599626697706,1182.5022864214454,1202.4782895147966,1385185
2024-03-21,1203.1162109375,1208.5739715223237,1189.7268612550263,1202.487957951656,1626230
2024-03-22,1217.8406982421875,1224.9476387391828,1198.5714351435308,1203.2734473691605,1528595
2024-03-26,1204.4217529296875,1219.4602820126993,1198.7675957583995,1215.2490816645507,1361275
2024-03-27,1186.605224609375,1207.592324941398,1184.6419790023645,1207.592324941398,1452965
2024-03-28,1208.947021484375,1219.1362714184752,1193.2607075783244,1193.2607075783244,2586915
2024-04-01,1227.0972900390625,1233.399352216152,1208.9470921426932,1220.1572688364215,772020
2024-04-02,1224.5843505859375,1230.7489709400613,1218.390252787365,1230.7489709400613,1191030
2024-04-03,1202.3702392578125,1230.5624196413085,1199.9358336852838,1224.5843698476542,1346125
2024-04-04,1205.923583984375,1212.3041320477844,1187.27275118364,1208.37764093184,1995095
2024-04-05,1213.1485595703125,1237.9934946678052,1205.4330173401954,1205.9238288293404,2705055
2024-04-08,1212.216064453125,1222.4641508191996,1204.4612189670245,1220.6383464606583,1420525
2024-04-09,1210.9102783203125,1223.1413805758484,1208.3777344921625,1217.6441967263,643620
2024-04-10,1208.947021484375,1217.192677355804,1206.414477679532,1217.192677355804,980420
2024-04-12,1194.4093017578125,1215.052859870876,1192.671810072052,1211.1067166849823,1974255
2024-04-15,1180.07763671875,1192.318445439122,1174.4626627008172,1192.318445439122,1349665
2024-04-16,1187.8323974609375,1192.4460970942775,1175.0124643993022,1179.0960493096882,2041490
2024-04-18,1169.534912109375,1202.9787483754167,1165.7065592017761,1197.569997129894,2988680
2024-04-19,1166.7275390625,1177.947542125131,1154.5456845064773,1177.947542125131,1713255
2024-04-22,1181.1082763671875,1190.5123004336012,1168.8183384932368,1173.0393648918541,1667285
2024-04-23,1168.5435791015625,1190.7085811093016,1164.97045735609,1187.7637124008695,1494175
2024-04-24,1168.288330078125,1176.936365412428,1162.447601997595,1170.104308455747,1334935
2024-04-25,1220.8934326171875,1229.3844943250124,1163.812039319774,1173.0491439876605,4634925
2024-04-26,1227.44091796875,1238.582313629819,1213.060118890766,1222.1008272209947,2063090
2024-04-29,1236.2755126953125,1241.752925148362,1217.6736874935243,1230.9550736253327,1485530
2024-04-30,1218.0565185546875,1239.396989785044,1214.267468722716,1236.8251427041928,1906520
2024-05-02,1234.3907470703125,1236.805500962483,1216.2798532250151,1216.2798532250151,3134765
2024-05-03,1246.57275390625,1260.3841352016182,1228.5991813294024,1236.8251859150448,2906840
2024-05-06,1235.5589599609375,1252.55091110743,1226.3121482625895,1252.4919562121938,2263770
2024-05-07,1228.5206298828125,1246.6610007050022,1217.2123156489783,1242.714857735174,1586770
2024-05-08,1189.0103759765625,1200.5149674775969,1168.661352659141,1197.5799246255363,4940700
2024-05-09,1153.8682861328125,1192.5737313007137,1152.4253291724865,1192.5737313007137,2534535
2024-05-10,1162.437744140625,1165.1863360824066,1142.2359887976609,1153.4068617496443,1480900
2024-05-13,1159.9935302734375,1167.9349456144942,1148.596903064086,1162.4377616481377,852820
2024-05-14,1152.189697265625,1167.2281072728335,1149.4804084929222,1165.9520694072646,1186650
2024-05-15,1153.4068603515625,1171.4589191238804,1150.4619917719415,1155.37010607131,1458405
2024-05-16,1148.5771484375,1163.8119532768235,1120.8169470664031,1163.8119532768235,3660485
2024-05-17,1138.5941162109375,1149.7649882787748,1136.9154597690138,1148.5771432285364,3006695
2024-05-21,1134.716796875,1145.220234057942,1133.381804077611,1140.8322885191574,2456865
2024-05-22,1152.9652099609375,1159.2966296518553,1136.7977899420557,1148.4987778938785,2605110
2024-05-23,1157.863525390625,1164.7937208238877,1145.5539357568703,1158.7960192241453,2827915
2024-05-24,1151.5909423828125,1160.1015363346842,1146.2410256198982,1157.608295622297,2122215
2024-05-27,1152.9554443359375,1156.3419955423838,1137.916913817524,1151.5909740724105,3366290
2024-05-28,1171.1351318359375,1178.948812157225,1152.847491521959,1152.847491521959,3966010
2024-05-29,1178.0947265625,1181.4714517618063,1161.181383466982,1175.0025905167902,2533990
2024-05-30,1153.1614990234375,1173.039362701007,1145.1612484421241,1173.039362701007,3005220
2024-05-31,1137.08251953125,1159.2279897822802,1129.4258129423902,1158.3052019416466,5146590
2024-06-03,1135.4039306640625,1165.755632802365,1134.1965537187277,1165.755632802365,2087555
2024-06-04,1125.096923828125,1144.0519995016411,1099.4176355044224,1140.056847067935,3287175
2024-06-05,1143.4237060546875,1154.7221946920442,1124.115261202963,1126.4907118207057,2542820
2024-06-06,1156.5382080078125,1163.4193940097712,1135.0701203310648,1145.5539054544822,3598380
2024-06-07,1189.9822998046875,1194.458438345439,1153.6524232254815,1156.5383373096859,3747525
2024-06-10,1198.7872314453125,1208.8979945414494,1178.7425699136124,1189.9821034044685,3148275
2024-06-11,1185.6533203125,1197.6291928463702,1183.4446685555556,1194.635194756146,2581810
2024-06-12,1189.7366943359375,1194.6349826655544,1176.1804255530658,1189.726868521489,1932925
2024-06-13,1196.7652587890625,1201.4868027252985,1184.1317765988408,1201.4868027252985,2191150
2024-06-14,1194.6842041015625,1201.2119005562363,1184.8384976088917,1196.7945974850657,1985020
2024-06-18,1176.2296142578125,1190.119601955114,1174.0209627810088,1187.3710099642867,3076985
2024-06-19,1169.3485107421875,1177.8788764685548,1162.2415701863313,1176.367138784308,3056645
2024-06-20,1172.2147216796875,1177.1620191316108,1155.9589905215041,1163.2230232396246,2489735
2024-06-21,1180.1954345703125,1188.7453316831081,1169.1423511321682,1172.2540190353113,2150475
2024-06-24,1188.7354736328125,1197.579905306524,1172.6466603617894,1177.5547747277997,1624525
2024-06-25,1193.33935546875,1196.6375939662712,1181.09842708676,1195.616667826439,1977490
2024-06-26,1191.7000732421875,1196.5297012376893,1182.9145958727738,1190.4140896756887,1958240
2024-06-27,1224.260498046875,1226.9206577544967,1176.9658541207073,1177.9474770182226,12168270
2024-06-28,1256.9385986328125,1260.4037560977006,1227.2346812121375,1228.0985141246617,5118295
2024-07-01,1247.387451171875,1272.1832547511015,1244.1383417433208,1262.3670259335775,2251925
2024-07-02,1250.63671875,1252.737286333546,1233.752732770285,1245.6794751144434,1819075
2024-07-03,1261.5621337890625,1281.1749395748652,1249.63539194372,1251.3728835973168,2913200
2024-07-04,1272.0556640625,1284.3554277718354,1250.6072276387476,1262.3670508216692,1744245
2024-07-05,1280.0362548828125,1285.3665199257273,1267.4812597130522,1272.0556559546114,1139175
2024-07-08,1282.814208984375,1290.8341112008152,1273.3611756811317,1280.036259320048,807380
2024-07-09,1292.3751220703125,1294.7605182812486,1262.5534155748937,1283.9626671052868,1734640
2024-07-10,1294.2796630859375,1296.6159304597566,1272.7722710705154,1290.7360186767487,1287550
2024-07-11,1294.71142578125,1300.0515164600683,1282.9516030679274,1294.397359189324,1581340
2024-07-12,1319.1932373046875,1324.2093160351117,1288.8119361043364,1293.8281346617769,2944400
2024-07-15,1333.976318359375,1351.6848328421204,1315.8752505999187,1325.1908418203323,3023975
2024-07-16,1312.509521484375,1339.545518928777,1310.6531373301455,1335.0033382857127,1556420
2024-07-18,1316.7457275390625,1324.9118414381537,1301.5194230895277,1312.4997050998852,1928535
2024-07-19,1310.5247802734375,1326.797823939404,1308.6092126282426,1315.2645204536764,900340
2024-07-22,1337.1658935546875,1338.962973713391,1299.4655408604885,1299.4655408604885,2061455
2024-07-23,1355.7493896484375,1359.5016940034009,1326.5213132942908,1336.9881089468204,4330455
2024-07-24,1346.89208984375,1370.3436902093802,1341.5796803920928,1370.3436902093802,3019385
2024-07-25,1353.4190673828125,1357.7143891578503,1334.4306955611414,1341.9252997987314,1315525
2024-07-26,1358.445068359375,1375.6955432948391,1341.253776894384,1360.4792440166195,2051955
2024-07-29,1350.822021484375,1372.1604940748252,1330.0759862504146,1366.611109851948,3271945
2024-07-30,1343.7322998046875,1360.8840558948339,1341.510569116655,1351.809578186618,1458475
2024-07-31,1333.1370849609375,1348.738619230891,1330.076058006772,1343.6829526217723,1730870
2024-08-01,1360.28173828125,1362.7602119430803,1340.2762780315677,1342.0240587968892,2320480
2024-08-02,1375.3302001953125,1378.657854112455,1357.6156593078954,1358.9091375628618,2209945
2024-08-05,1345.2926025390625,1374.7082365658425,1341.7279733401476,1368.605950094255,2186945
2024-08-06,1344.3741455078125,1365.6830883534503,1341.9846278875984,1350.5950395947398,1227135
2024-08-07,1367.865234375,1369.573479053645,1350.8121985186635,1358.7116850597085,968865
2024-08-08,1370.2252197265625,1389.3221946792983,1365.5151315930734,1367.5986067027918,2705840
2024-08-09,1385.0762939453125,1387.3474447385317,1375.1724034387387,1378.4605216049754,656255
2024-08-12,1360.0052490234375,1388.3347240484825,1357.3885200663826,1385.1650937267395,1853275
2024-08-13,1372.2198486328125,1374.954944574088,1353.0339178202112,1363.0564153928656,1217325
2024-08-14,1343.1199951171875,1374.905615823614,1341.4315184907978,1373.5231816125872,1727965
2024-08-16,1341.6488037109375,1352.5797860263501,1334.6479173132414,1349.044688554343,2565660
2024-08-19,1364.9029541015625,1367.4011956986994,1346.3885321523092,1350.4073429739892,809235
2024-08-20,1375.5672607421875,1377.3150415514338,1362.6615267101056,1368.586142043628,747970
2024-08-21,1394.7431640625,1403.6300861386555,1375.5671177005547,1382.3903327337164,1905585
2024-08-22,1376.298095703125,1394.7235628919839,1367.2432650670332,1394.7235628919839,1683410
2024-08-23,1373.424560546875,1380.435331039253,1368.5959847314225,1378.4308073164696,711440
2024-08-26,1371.212646484375,1374.500764340465,1362.5033951344749,1367.588713666334,1018915
2024-08-27,1375.09326171875,1383.7037939706127,1363.0663605214886,1371.5484007543064,2277085
2024-08-28,1382.2718505859375,1391.9388855421741,1367.2035707869456,1375.0931731064657,1632585
2024-08-29,1368.8131103515625,1386.349979810221,1360.5087415196544,1362.3257101788051,1784160
2024-08-30,1388.601318359375,1391.296998723282,1370.1658491562912,1370.1658491562912,3415210
2024-09-02,1357.1614990234375,1397.2118341451264,1348.8373618290466,1392.2252349222597,2354285
2024-09-03,1353.5474853515625,1365.4263677836857,1352.392141991726,1362.661499136014,1246805
2024-09-04,1340.384765625,1352.3526029783675,1336.395607043805,1352.3526029783675,2177470
2024-09-05,1322.32470703125,1352.5501031215395,1320.3991348536345,1342.419001930391,2001265
2024-09-06,1316.6766357421875,1327.1335476215236,1313.8821151491184,1322.946829269226,2074285
2024-09-09,1314.4549560546875,1326.3139501545133,1303.948623760912,1319.204459988371,1466880
2024-09-10,1313.36865234375,1322.7296455976752,1306.012303361802,1321.9791846971082,2328120
2024-09-11,1305.8839111328125,1332.9100255156623,1302.6056771481533,1315.4423431933153,1833720
2024-09-12,1319.974609375,1325.5732933690983,1299.5248519752688,1323.1640078094608,2663355
2024-09-13,1315.4027099609375,1322.9763857609594,1312.6971455758646,1320.4781443172712,1197575
2024-09-16,1312.717041015625,1321.1694294052127,1309.6362459148809,1321.1694294052127,691625
2024-09-17,1309.6656494140625,1316.4000289070043,1304.0076617033287,1311.3344785545632,911735
2024-09-18,1297.0562744140625,1312.8946632564198,1289.7886405899003,1312.6972243038877,1239415
2024-09-19,1284.170166015625,1305.8838700224464,1280.2105387403417,1300.2555340713939,4661780
2024-09-20,1293.7679443359375,1303.0103286408464,1280.8424439098867,1290.5390100954235,2823650
2024-09-23,1314.1685791015625,1315.6596169531351,1299.4656440896806,1303.4153876887374,1326620
2024-09-24,1313.3587646484375,1321.1694160713541,1299.5051311048633,1314.1685295562163,1962100
2024-09-25,1321.4755859375,1324.6649845042696,1302.5365129591721,1314.5239988572755,2388280
2024-09-26,1331.9324951171875,1334.420852784179,1316.1137532655446,1326.0868314000738,2842130
2024-09-27,1333.0185546875,1337.462015763131,1316.5481931343222,1325.3362752768487,2794555
2024-09-30,1333.3543701171875,1341.1353697061497,1325.1389565967484,1334.0258795545508,1827470
2024-10-01,1332.860595703125,1340.0293895616128,1318.829170954851,1333.3543136243068,1738090
2024-10-03,1330.204345703125,1341.9252034014369,1321.6038187695906,1338.96289610916,2277090
2024-10-04,1309.9818115234375,1329.6613407690313,1305.5876496119058,1325.7313653208464,1742335
2024-10-07,1305.3704833984375,1325.543851741766,1299.6828430080984,1319.9153948260098,2224190
2024-10-08,1314.484375,1316.8443610304378,1298.4780792262677,1305.380245837174,1395550
2024-10-09,1316.2222900390625,1334.006018718886,1312.7169652160478,1322.373995883682,1680365
2024-10-10,1300.0777587890625,1322.7690148960835,1294.2716312822147,1322.7690148960835,1582735
2024-10-11,1303.2572021484375,1308.293100503753,1292.5633160768407,1300.4529182920403,1130225
2024-10-14,1315.2447509765625,1321.3766888784685,1303.4152890782086,1310.5247788039953,1117595
2024-10-15,1305.716064453125,1323.144332118021,1304.4423541126775,1320.0043534704714,1423265
2024-10-16,1325.316650390625,1332.2384645349193,1309.152330979353,1311.3147575487676,1849620
2024-10-17,1323.9639892578125,1337.9756468458063,1313.3785847834308,1332.0114954276348,1819115
2024-10-18,1331.2806396484375,1337.7780442304347,1315.7384100993895,1323.9638272980294,1143115
2024-10-21,1322.6505126953125,1336.9881000854823,1320.4090140983828,1336.9881000854823,1175275
2024-10-22,1315.738525390625,1334.025856941888,1309.7941421826436,1328.4962401914186,1904985
2024-10-23,1304.975341796875,1320.813850365444,1301.440365078531,1315.1360945997371,1548860
2024-10-24,1299.9989013671875,1312.1048751721414,1297.33275210905,1312.1048751721414,1587305
2024-10-25,1286.569580078125,1299.8605482899734,1273.8119863217921,1297.4906781950824,1285830
2024-10-28,1295.0220947265625,1309.2411948263054,1274.0390832794108,1303.415299305423,829374
2024-10-29,1258.684326171875,1318.6217496550933,1247.625093776856,1310.3272650905324,1443741
2024-10-30,1234.1466064453125,1257.0057692471098,1213.3611552459415,1257.0057692471098,2065575
2024-10-31,1258.190673828125,1267.5220146505587,1232.3199035546777,1242.7866991410115,1902206
2024-11-01,1243.774169921875,1272.8048079577904,1186.7004502345578,1263.917885326588,540201
2024-11-04,1252.364990234375,1260.8569147995834,1234.8380031486302,1243.774225650665,1771490
2024-11-05,1256.2158203125,1262.930432201079,1225.6547294523762,1249.2050499955608,1603920
2024-11-06,1285.740234375,1305.291513000479,1235.8747224685742,1257.993310273003,3908554
2024-11-07,1271.1754150390625,1292.5534235775917,1264.4609241216542,1288.554260492451,1479152
2024-11-08,1267.52197265625,1276.7544731615064,1243.32979586394,1276.5570342186563,1328199
2024-11-11,1271.7186279296875,1278.9762571635388,1246.29215533987,1267.8676040903174,1175591
2024-11-12,1248.0201416015625,1272.2123188929693,1242.490525185132,1271.6691809840333,1110785
2024-11-13,1229.357666015625,1249.1558035504388,1222.7418938589383,1242.194332407756,995217
2024-11-14,1211.2874755859375,1237.257085939613,1206.844014383441,1234.1960589963242,1346891
2024-11-18,1178.5540771484375,1204.4742675547986,1155.497354205309,1190.9463244302808,3367815
2024-11-19,1198.203857421875,1216.5208387195034,1171.3456533530934,1178.0108446366621,1509716
2024-11-21,1180.3314208984375,1191.538793704837,1157.7685358006033,1160.138405951354,2121476
2024-11-22,1199.19140625,1207.8314698397448,1178.603393117757,1183.9355707547484,763755
2024-11-25,1194.106201171875,1231.3324838647743,1190.6007557497608,1218.4463980282935,3280431
2024-11-26,1193.46435546875,1203.042434928958,1188.0827578037038,1193.8099339063986,1190121
2024-11-27,1184.8243408203125,1200.3270359779458,1182.9976085430026,1196.772290904363,1402977
2024-11-28,1176.9739990234375,1194.698543133574,1173.5179738836805,1193.8592468498084,2819269
2024-11-29,1187.194091796875,1204.0297995989115,1183.5899270765017,1190.8475559845112,2535820
2024-12-02,1206.3997802734375,1209.8558058359151,1187.1942007194543,1198.9940112109855,1826479
2024-12-03,1209.115234375,1213.5586958324827,1202.2526032275305,1213.5586958324827,2237453
2024-12-04,1200.2777099609375,1213.6573935656438,1194.4023942615818,1209.1152127089294,1435443
2024-12-05,1224.2723388671875,1233.8011191165451,1194.896121745365,1201.2651554265133,3324867
2024-12-06,1237.9483642578125,1239.3802186632802,1220.8163751591069,1230.3451558911074,1717216
2024-12-09,1239.380126953125,1245.9465994402603,1227.629616271399,1238.8864090298307,1269332
2024-12-10,1224.7659912109375,1237.8495157830073,1217.5083620650712,1234.294770949991,2025890
2024-12-11,1222.98876953125,1227.7778094894772,1211.2875578077878,1224.7167823384068,1178864
2024-12-12,1229.7525634765625,1234.4921829716695,1210.9418633629487,1229.1601261067487,1648944
2024-12-13,1230.690673828125,1234.492277824508,1211.0406758860743,1224.716759129982,1258819
2024-12-16,1253.994140625,1258.1414436199243,1229.555102730767,1230.6906780937798,1920945
2024-12-17,1231.974365234375,1254.9815482710958,1227.629623376917,1253.0560965737443,2706166
2024-12-18,1259.3756103515625,1264.9052265790156,1233.8504196992658,1236.1708696610028,2823838
2024-12-19,1308.9449462890625,1314.6227024596865,1255.6728300854143,1258.980716094892,7185903
2024-12-20,1326.7681884765625,1351.5033839084433,1300.8479977165487,1309.339921820128,7499087
2024-12-23,1324.4970703125,1349.8248242978307,1313.5859763517333,1344.8876449843783,3740109
2024-12-24,1333.9271240234375,1347.849945507069,1319.4117445960144,1330.0761000718107,2587142
2024-12-26,1338.1236572265625,1343.1101357272082,1325.879429119185,1333.9270550491233,1531359
2024-12-27,1371.99267578125,1380.6821593632399,1328.5949189510027,1345.9244661084822,3656253
2024-12-30,1359.6004638671875,1374.5107212911137,1354.8607235101626,1372.1408511126012,2462657
2024-12-31,1371.0546875,1377.4730205707597,1349.380518652614,1353.0834031165139,1892083
2025-01-01,1351.799560546875,1371.597695824306,1338.321038264637,1371.0051379367937,1658723
2025-01-02,1357.773681640625,1370.5115073750446,1352.836502507408,1354.218816235429,1726305
2025-01-03,1335.655029296875,1360.8346416373427,1330.273431984505,1357.773614832683,1573592
2025-01-06,1333.3839111328125,1344.1964054867472,1317.041920931555,1343.3076891576216,1539970
2025-01-07,1334.5689697265625,1355.7988404768168,1330.5698063240827,1335.0132676439034,1723188
2025-01-08,1353.5277099609375,1388.236104672035,1340.9379027006771,1352.2934151315,3456684
2025-01-09,1354.366943359375,1365.5743157822003,1346.9611747271206,1362.66142833482,1607980
2025-01-10,1337.383056640625,1368.586003463646,1335.6056240059042,1348.936007156524,1582776
2025-01-13,1318.3255615234375,1337.1362624279634,1313.4871018160943,1337.0375429516096,2822318
2025-01-14,1320.744873046875,1331.902825860874,1307.01949058647,1318.3750028929787,1370223
2025-01-15,1320.399169921875,1328.1012177636958,1297.4412864177814,1328.1012177636958,1940371
2025-01-16,1286.3819580078125,1330.0759911237947,1280.7042022921764,1324.052656993656,1195731
2025-01-17,1292.948486328125,1304.1064387679612,1271.8173356807677,1281.6916938770469,1432206
2025-01-20,1285.987060546875,1292.5535330843031,1277.3964168303983,1291.911675671784,561642
2025-01-21,1271.9654541015625,1296.453789700931,1269.4968645933643,1285.98699429349,738787
2025-01-22,1279.9637451171875,1291.5661165772663,1271.817399198409,1274.7797068052375,1301422
2025-01-23,1273.1998291015625,1287.566948622834,1258.5364306059948,1272.804830648036,1448659
2025-01-24,1209.0164794921875,1236.911542269566,1188.3790461088593,1214.4966761406488,7082467
2025-01-27,1182.6025390625,1218.8413855991273,1176.529784635826,1209.0164473621294,2184847
2025-01-28,1166.4085693359375,1182.6025409879003,1150.017158733436,1182.6025409879003,3142189
2025-01-29,1166.359130859375,1177.4677837247514,1158.7559233350453,1172.481305204919,3458251
2025-01-30,1179.4921875,1189.662825527327,1169.124110506488,1173.073854123064,3290757
2025-01-31,1202.054931640625,1205.6590963718238,1180.973201687716,1186.8978164119019,1505147
2025-02-01,1189.810791015625,1205.0667473710391,1185.0217512030597,1205.0667473710391,1067956
2025-02-03,1188.724609375,1204.6717222647594,1181.763259039611,1184.9230055063208,1407877
2025-02-04,1204.622314453125,1217.508400483098,1186.354751266639,1191.8350684372258,2239920
2025-02-05,1212.126953125,1217.6071498937072,1200.57388109838,1211.5838151806518,1460238
2025-02-06,1221.112548828125,1238.2445364491887,1214.7435153737104,1219.3845361177691,2990483
2025-02-07,1224.8154296875,1228.1233156162114,1210.5963296044022,1224.4204312475194,1236992
2025-02-10,1205.6097412109375,1224.1241632198073,1195.8342228195354,1224.1241632198073,1565579
2025-02-11,1194.5999755859375,1207.5353615038798,1186.157350599081,1204.6717733451644,1819297
2025-02-12,1200.5738525390625,1205.0667338653054,1187.7371865059145,1202.696863721096,1306601
2025-02-13,1208.2264404296875,1227.3827193686661,1201.610668676692,1201.610668676692,4447231
2025-02-14,1182.0101318359375,1214.5460948616972,1171.345776446901,1208.1277618400702,1211843
2025-02-17,1183.8861083984375,1186.8978358137686,1168.2846950250068,1181.812517318395,613030
2025-02-18,1182.355712890625,1189.8107812487317,1167.1491766676681,1183.8861661387434,1713796
2025-02-19,1151.2020263671875,1162.1625398592732,1113.3338867864709,1151.3501658474722,3062142
2025-02-20,1156.2379150390625,1159.397781957214,1141.7226568274414,1149.8690022707508,1579890
2025-02-21,1137.32861328125,1156.0404736514452,1130.8608605161799,1155.9910536463449,6828902
2025-02-24,1149.91845703125,1159.1509580387253,1136.5386531689644,1137.3286500565287,2017521
2025-02-25,1113.975830078125,1154.8557002761183,1108.396793158912,1152.4858300186127,6463238
2025-02-27,1111.408447265625,1122.072681913369,1100.9909510389125,1114.321334751043,3435069
2025-02-28,1102.4720458984375,1117.7773004541257,1090.6722365685284,1114.5187141727931,3895033
2025-03-03,1105.5330810546875,1116.049296274882,1090.030387440955,1104.2987863231294,1810605
2025-03-04,1106.0762939453125,1110.026037354099,1091.1660366844649,1097.1399512682924,1074133
2025-03-05,1112.2476806640625,1114.814989570813,1096.5968477433055,1106.421785486356,1260157
2025-03-06,1125.7755126953125,1131.3051289757618,1104.5950633532304,1120.739614306628,1648697
2025-03-07,1119.01171875,1130.8115293829746,1115.8025521178029,1125.7756304674635,790599
2025-03-10,1106.12548828125,1122.8625967071198,1101.3858689631584,1120.69016571681,950503
2025-03-11,1102.620361328125,1112.7908791403747,1096.6957457159592,1102.9659397981786,884438
2025-03-12,1091.2646484375,1102.6201596167941,1078.7241420305854,1102.5707396144217,1914579
2025-03-13,1094.029541015625,1096.3006917666908,1081.2917145232352,1091.2647928584659,1299174
2025-03-17,1136.242431640625,1139.5997377775877,1087.6606340145806,1093.980247824756,2714559
2025-03-18,1136.242431640625,1136.242431640625,1136.242431640625,1136.242431640625,0
2025-03-19,1157.37353515625,1162.9031518064382,1143.5494332624783,1159.2496873777254,1507415
2025-03-20,1172.2838134765625,1175.789259020217,1150.6590644113742,1164.1374675711106,1521677
2025-03-21,1185.0711669921875,1189.5146283453366,1162.2614228200096,1175.2461079004847,2313824
2025-03-24,1195.0936279296875,1201.0675423525645,1175.2954914119107,1189.8601698394054,1660669
2025-03-25,1163.1007080078125,1200.67256965513,1153.2756490105733,1195.093653550209,2860907
2025-03-26,1149.9677734375,1164.9768707660578,1138.1679631765612,1163.1007185329127,2864505
2025-03-27,1147.597900390625,1157.6698184153693,1129.626616076772,1145.4255897281955,4460409
2025-03-28,1129.823974609375,1144.6849313570503,1126.4173693729178,1144.6849313570503,2762934
2025-04-01,1137.7235107421875,1149.7703001438847,1121.7765185782087,1129.8240241325238,4158012
2025-04-02,1135.55126953125,1138.217298210289,1120.7397312330163,1135.55126953125,2071245
2025-04-03,1136.98291015625,1211.4850140115652,1134.6131606520612,1175.542326580002,6324685
2025-04-04,1096.0042724609375,1142.9074710123043,1062.6783155954924,1137.3285554033625,5423861
2025-04-07,1074.2314453125,1085.0438192526512,1007.1845294873461,1007.1845294873461,3888037
2025-04-08,1094.029541015625,1099.657997884376,1075.021400221652,1086.1794739413283,1577632
2025-04-09,1080.30419921875,1089.388560481957,1048.3112547764063,1080.7484971198749,5511474
2025-04-11,1095.56005859375,1125.5781320757885,1088.4011487922137,1125.5781320757885,2740831
2025-04-15,1140.3896484375,1143.5493948352569,1114.815036686097,1126.5655470082659,2683350
2025-04-16,1143.845703125,1146.8080106500802,1129.3303239301454,1135.7486569011528,1451875
2025-04-17,1148.9803466796875,1158.8547053148457,1135.649962522224,1135.649962522224,2788024
2025-04-21,1162.60693359375,1164.8779636089916,1140.4883475937042,1148.782832410796,1938756
2025-04-22,1160.237060546875,1165.6679574260306,1147.696674149645,1159.150905278363,1313400
2025-04-23,1171.098876953125,1176.8260528965402,1161.1257993258523,1170.2101606120298,3192132
2025-04-24,1185.416748046875,1194.797388701973,1161.520848487477,1164.1868770906003,4819678
2025-04-25,1160.0396728515625,1195.2910841189937,1145.1292952407887,1188.77403168341,1286573
2025-04-28,1183.6392822265625,1189.8601761755644,1161.5208160447785,1161.5208160447785,1236678
2025-04-29,1161.224609375,1189.267812824371,1154.3125581287202,1189.267812824371,1663018
2025-04-30,1169.0252685546875,1181.5656550089243,1161.1257821490967,1161.4219405673484,1604442
2025-05-02,1163.1007080078125,1179.788397925404,1156.682375003862,1161.3232752690008,910973
2025-05-05,1156.5836181640625,1178.8996434726541,1139.994648259719,1173.7649049134056,1893680
2025-05-06,1145.820556640625,1160.2370955934448,1115.2100460334789,1157.4722270659013,1990745
2025-05-07,1146.1168212890625,1149.9678454748412,1129.034252237363,1129.034252237363,1421366
2025-05-08,1133.5762939453125,1146.8079577206345,1127.651679168595,1138.2171939724362,2616533
2025-05-09,1141.3770751953125,1152.3375885627543,1124.195668019448,1128.1454112535962,1248574
2025-05-12,1180.5782470703125,1188.872732099255,1129.5278631840126,1141.377093072045,5065176
2025-05-13,1191.9337158203125,1225.4078131473702,1180.9732026786905,1180.9732026786905,3134295
2025-05-14,1204.671630859375,1207.9302170919102,1178.2083041963517,1198.0558594619151,1197152
2025-05-15,1220.7669677734375,1224.2229931867319,1185.120437795607,1198.7471004969505,2053553
2025-05-16,1215.2373046875,1223.3343513279806,1205.6592247448743,1223.3343513279806,882873
2025-05-19,1203.684326171875,1226.1979122345226,1198.9445857787055,1212.8675279824142,2235758
2025-05-20,1208.81884765625,1218.8907650508124,1201.314359748687,1206.6465371297381,1385750
2025-05-21,1209.3126220703125,1240.8118493964537,1204.770441324762,1209.707620512665,2615092
2025-05-22,1206.8441162109375,1214.348725526524,1196.1798807471102,1209.3127059761673,2260610
2025-05-23,1214.644775390625,1219.384515530791,1200.7219544667107,1212.571184280527,734297
2025-05-26,1225.30908203125,1232.2211324829123,1213.2622932078252,1214.4472884643524,985434
2025-05-27,1227.5802001953125,1233.307376338507,1221.7544251110662,1228.2714776120995,1145000
2025-05-28,1226.98779296875,1236.4671532521663,1221.4581761814743,1232.1225318356962,766968
2025-05-29,1232.5174560546875,1237.6521951145166,1224.8155282698592,1229.7527078254966,1791885
2025-05-30,1235.479736328125,1241.7993501262024,1225.4079384731258,1232.5174286605832,3161983
2025-06-02,1232.0235595703125,1235.775863703506,1217.014584110724,1235.2821458194853,1139977
2025-06-03,1232.6162109375,1237.6521096290953,1225.210442115565,1234.2948036558312,811620
2025-06-04,1236.1708984375,1250.0937190686227,1230.6412820813246,1232.6161536754298,1387633
2025-06-05,1274.384765625,1287.0239935301554,1248.3164334059986,1248.3164334059986,3834672
2025-06-06,1304.303955078125,1306.2788266520076,1278.7293440890255,1278.8280635604006,2158757
2025-06-09,1302.5264892578125,1312.3021274067614,1292.1584137591135,1310.7222542952304,1227356
2025-06-10,1331.853515625,1345.480057960707,1304.402750926071,1304.402750926071,3022355
2025-06-11,1334.12451171875,1338.3705339575567,1323.3614371780766,1333.0383564245387,1094247
2025-06-12,1345.578857421875,1362.3652677805899,1326.6201362902054,1342.9128286971934,2625058
2025-06-13,1345.38134765625,1349.6273700323018,1328.1012202551606,1337.9755787700688,1419556
2025-06-16,1329.8785400390625,1342.7152050180628,1325.3362390787574,1342.7152050180628,1294663
2025-06-17,1302.23046875,1332.7421405907667,1286.2339353932534,1331.3598268071678,1649457
2025-06-18,1296.799560546875,1308.1550729140574,1292.3560991858035,1294.627129337278,728945
2025-06-19,1309.4385986328125,1315.2644939973275,1287.9125703773373,1288.6037272271112,1654212
2025-06-20,1308.648681640625,1318.226760449478,1301.6377912044652,1315.659451540191,1843895
2025-06-23,1301.3416748046875,1306.3775733155912,1285.740140831631,1302.3291106121821,843945
2025-06-24,1320.498046875,1336.691898832786,1292.6522828142924,1301.3417667488266,1011128
2025-06-25,1324.743896484375,1331.3597889225882,1319.2142798975142,1331.3597889225882,833145
2025-06-26,1304.8963623046875,1316.9430304125,1298.083031424836,1309.339823243296,2373431
2025-06-27,1284.654052734375,1314.8695659165792,1282.0867436079452,1312.2035373115566,1770595
