Date,Close,High,Low,Open,Volume
2012-01-02,67.3926010131836,67.63230941923949,66.09132009069985,66.60498320021307,2099152
2012-01-03,69.03633117675781,69.46438381246378,67.80353749582389,67.97475855010627,10143220
2012-01-04,71.63888549804688,73.28260860527153,69.51574554612206,69.59279710788716,9475148
2012-01-05,71.0138931274414,72.75178482559481,70.58584072763766,71.63884858610507,3231968
2012-01-06,71.49331665039062,71.91281013293253,70.20060036786272,70.88548427389064,3272260
2012-01-09,71.04815673828125,71.7073534145589,70.72283265488414,71.3991577016304,2156612
2012-01-10,71.89569091796875,72.02410665736447,71.3649048167498,71.74159307574384,6297316
2012-01-11,71.10807037353516,72.75179281432526,70.68001792672781,72.5634486926801,2967676
2012-01-12,69.4729232788086,71.09096387780524,68.83940346564843,71.05671758645857,4445508
2012-01-13,68.10314178466797,69.87527989438487,67.80350508291266,69.60132529344445,5498304
2012-01-16,69.50715637207031,69.92664462253667,67.64084357831372,67.97472656716911,3312632
2012-01-17,72.83741760253906,74.05308783517236,71.00535590569788,72.25526720564795,19160384
2012-01-18,71.47621154785156,73.06000586449834,70.77420437326073,73.01720061269708,5520804
2012-01-19,71.7330551147461,72.3494466640801,71.1252173018593,72.08405614840859,3026768
2012-01-20,71.85350036621094,72.64489637979607,70.50296660665934,72.64489637979607,3041328
2012-01-23,72.30078125,72.87712404232944,71.35454853881618,72.25777067221891,2915000
2012-01-24,73.71151733398438,73.97818076918968,70.70937743287665,72.25775796060387,2002912
2012-01-25,72.39540100097656,73.97819233240025,71.74164233165327,73.80615002465049,3440640
2012-01-27,73.63409423828125,73.99538406848507,72.22334547284294,72.68786171886408,3227024
2012-01-30,73.81475067138672,73.99539824625813,72.12873814114123,73.11798141916523,2673028
2012-01-31,75.29432678222656,75.61260615169952,73.99540925449075,74.15024630576222,4355496
2012-02-01,75.33731842041016,75.85344529506514,74.24484881899429,75.6641977242955,2112760
2012-02-02,79.38890838623047,79.79320352452633,75.61257842180774,75.69859955766873,8703964
2012-02-03,78.10719299316406,79.73299459501945,77.29859219905653,79.65557347100211,2837152
2012-02-06,79.6125717163086,80.50719374711996,78.35666506758703,78.35666506758703,5223688
2012-02-07,79.24269104003906,80.60182427334738,78.62333765831325,79.65559154441802,2864588
2012-02-08,80.378173828125,80.5760214456288,79.19968288864251,79.3975305061463,1746136
2012-02-09,79.7330093383789,80.9803160650535,79.22548243222688,80.51579973568334,2186664
2012-02-10,80.6362533569336,80.8599063168325,79.32012514960897,79.65560983977328,1772184
2012-02-13,80.56741333007812,81.72009893091375,80.1803181246159,80.85988736321991,1399924
2012-02-14,80.55879974365234,80.92008959128408,79.53514605041472,80.85987374162649,1204780
2012-02-15,80.80824279785156,81.07490617160664,80.21469496554185,80.85985337009045,1670112
2012-02-16,81.90072631835938,82.08137386480729,80.75664619211098,80.91148319598507,3158044
2012-02-17,84.73943328857422,86.52007215464164,82.23621990822978,82.23621990822978,7489652
2012-02-21,84.94586181640625,85.15231461866748,83.66414494051963,84.26629282174986,3321024
2012-02-22,84.66202545166016,85.67707407436578,83.3545027892173,85.16094712211056,4318952
2012-02-23,85.22977447509766,85.67708561067836,84.37816803939772,84.64483156717621,5101628
2012-02-24,84.79107666015625,85.99537315862567,82.99323193017192,84.47279724978327,2929116
2012-02-27,83.3717041015625,85.67706999514402,82.62331900636127,84.98890075823523,4858240
2012-02-28,82.97602844238281,83.81904020983106,81.28141539021254,83.67280315321354,3498548
2012-02-29,83.43194580078125,83.62979346760788,82.9158187132424,83.26850345626745,2691580
2012-03-01,82.92438507080078,83.44051194883481,81.64266789022396,82.75234277812277,1683944
2012-03-02,82.86415100097656,83.78457811451483,81.8921133111069,83.78457811451483,1191136
2012-03-05,82.72653198242188,83.25986410431642,80.78245105426616,82.09857870597301,1175480
2012-03-06,82.82115936279297,84.55878758396058,81.72008973017553,82.92438578935707,2283156
2012-03-07,85.14373779296875,85.47061713046243,81.63407573452925,82.49428728073083,2902328
2012-03-09,87.2082290649414,88.29209855903277,85.53942213007228,85.53942213007228,6700976
2012-03-12,87.21683502197266,88.0856464266412,86.05554964427768,87.22543503575604,5146680
2012-03-13,86.89857482910156,87.7243758454662,85.36739926733826,87.39749649525164,4438628
2012-03-14,86.84693908691406,89.32435206904563,86.39102810420013,87.74156102494086,3655696
2012-03-15,85.36737823486328,87.01037984712552,84.87705670518751,86.43403718067552,2046256
2012-03-16,85.53084564208984,87.05342135417756,84.40397044998306,85.84912501133321,2789108
2012-03-19,85.84051513671875,86.44266323898967,83.95664968805953,84.99750359328763,11628208
2012-03-20,84.64480590820312,86.18458648978891,83.56094159121149,85.84910192722228,2010852
2012-03-21,84.6189956665039,85.50501235004832,83.9480318309224,84.21469526227092,2622888
2012-03-22,82.06416320800781,85.30716106408926,80.77384617643536,84.64479727115271,5161080
2012-03-23,83.43194580078125,84.11150998251765,81.80614337490738,82.71796579609952,10785640
2012-03-26,82.12440490722656,86.79535298196083,81.11795625568787,83.93944933625748,11350256
2012-03-27,80.99751281738281,83.42331029976698,80.5416017720094,82.58030407902315,3814424
2012-03-28,80.96311950683594,82.20182110141688,80.11150789468051,81.040535403195,2521068
2012-03-29,81.22978973388672,83.33730839766599,75.80185601015692,79.99968805366233,4696456
2012-03-30,83.13945007324219,83.68998759030424,81.23838456176063,81.23838456176063,2436200
2012-04-02,86.23617553710938,86.84692340836934,82.15017220742091,83.25124152830601,3030536
2012-04-03,86.95016479492188,87.11360705641006,85.65984773153173,87.0533912100558,1730140
2012-04-04,87.5781478881836,88.15449600657762,86.02116686799896,86.70933620294295,2006100
2012-04-09,85.72866821289062,87.99102845290925,85.16953078861347,87.22543818723499,2460700
2012-04-10,84.47276306152344,86.37382823600038,83.85340977720101,85.44480093467371,1837152
2012-04-11,84.30074310302734,85.05772831756289,83.29429440571384,84.12870077016402,3409644
2012-04-12,85.05773162841797,86.61471795162561,84.36096225332604,84.52439932571875,4141292
2012-04-13,82.39964294433594,84.30070782683627,81.72007391376987,82.54587466582586,5581508
2012-04-16,83.4061050415039,83.9738477823843,81.03192339873672,81.54805029936561,3347708
2012-04-17,82.72653198242188,85.62544547131223,82.45986329631774,83.94803322926066,5020204
2012-04-18,85.0405044555664,87.97382874023712,84.7222304095543,86.36523222932921,21929216
2012-04-19,86.61470794677734,86.83836086224507,85.04051652138516,85.43621700685527,4754624
2012-04-20,86.94158935546875,87.5007269076456,85.68567724192866,85.90933541298843,3921352
2012-04-23,85.59427642822266,87.58062332192048,85.17110133966077,87.57198913954777,2286284
2012-04-24,88.12474822998047,89.73109684461888,86.06067180525766,86.15566893310027,7551668
2012-04-25,87.9174575805664,88.62562934806742,87.06246251527179,88.05563615198743,4147640
2012-04-26,86.52702331542969,88.09019026958666,85.71520964957328,87.7101912619145,5816988
2012-04-27,88.2542953491211,88.69474425887888,86.53567064011357,86.7083965296148,4363632
2012-04-30,88.44430541992188,88.86748603331311,87.39931571011941,87.93476711751953,2886084
2012-05-02,89.54973602294922,90.58609131948096,88.43565197070737,88.60837785346266,3586380
2012-05-03,88.99700927734375,89.929733242169,88.3579214156932,88.8329175835975,3006780
2012-05-04,88.64289093017578,90.1628760033724,87.8310774860438,88.9969767447081,4723676
2012-05-07,86.69112396240234,88.36656721982943,86.19021993086695,86.19021993086695,1665664
2012-05-08,82.68388366699219,86.55294245589657,81.87206989500602,85.84476526965821,4185456
2012-05-09,84.0484390258789,84.42843291113323,82.0448171733059,82.06209082063044,3117456
2012-05-10,84.86022186279297,85.95703224374803,83.35750988495279,84.63568032957245,4664208
2012-05-11,84.38521575927734,84.79112257953258,83.59931521438888,83.96204057017388,4320540
2012-05-14,83.78067779541016,84.58385727583443,81.7079674380314,83.77204361072442,2461360
2012-05-15,84.45433807373047,84.88615286034086,82.05344364323543,82.90843902919464,1892964
2012-05-16,83.9275131225586,84.11751266536034,82.56297957708878,83.58206132516491,1844248
2012-05-17,83.81523132324219,84.60113195051802,82.27797208118287,84.29022748220954,3467600
2012-05-18,83.49568939208984,84.21250074032112,82.07934033787365,83.05524050627349,2465052
2012-05-21,82.81343078613281,83.93614908085553,82.39025024349775,83.77205737546416,3098148
2012-05-22,84.22977447509766,85.32658486925128,82.76160449252957,83.27114794789107,1341912
2012-05-23,83.72887420654297,85.14522859658864,83.27978584351563,84.80841100652418,1492984
2012-05-24,83.89297485351562,84.54069700256632,82.82207212528128,84.54069700256632,960808
2012-05-25,84.13479614257812,84.46297433422217,83.34025586147688,84.41115866702769,1782796
2012-05-28,84.90340423583984,85.27476909491284,83.53023665205495,83.99659336551612,1254444
2012-05-29,87.28702545166016,87.72747434193026,85.33521982394856,85.63749011720174,4832832
2012-05-30,87.95201873779297,88.41837544331074,87.06247625368644,87.06247625368644,3254580
2012-05-31,87.06248474121094,87.73611994458908,85.52522533921726,87.24385009257273,5094492
2012-06-01,84.13479614257812,87.64976964610062,82.99480402370911,87.2265890363644,3612636
2012-06-04,85.30066680908203,85.57702923864912,82.44205067028572,83.75476825734816,2007540
2012-06-05,85.55973815917969,86.0174605395429,84.61838030785772,85.30928360536409,3037768
2012-06-06,86.7256851196289,87.48567811018091,85.68069014534025,85.68069014534025,3822576
2012-06-07,86.19886779785156,87.66703810985184,85.18842538829864,87.22658912472245,2928540
2012-06-08,85.60293579101562,86.47519926047293,84.83430361882762,86.36292850764795,1725020
2012-06-11,83.34021759033203,86.25928322475336,82.45931475431335,86.25928322475336,9440728
2012-06-12,83.72887420654297,83.97932885260892,81.53525332051083,82.56297446256326,4812836
2012-06-13,84.77385711669922,85.36112930708201,83.7720491528263,84.0225037793822,2805520
2012-06-14,82.69252014160156,85.43886074846606,82.29525270161095,84.63568641124755,1938148
2012-06-15,83.9361572265625,84.29024323002133,82.77889153276173,82.90843596395541,2513820
2012-06-18,81.16390991210938,84.61842836141113,79.2898325991278,84.09161640636336,9566876
2012-06-19,81.51797485351562,82.2779676123502,80.3175279721288,81.19843094605815,9035916
2012-06-20,84.0743179321289,84.5838613613998,81.37115909804795,81.37115909804795,5473216
2012-06-21,83.22798156738281,84.46297078121643,82.5629857534181,83.42661531150824,3844684
2012-06-22,81.63887023925781,83.46976526516525,81.4488707540003,82.58022821052151,4842672
2012-06-25,80.29164123535156,82.04480818765241,79.64391906544904,81.7252641962652,5371344
2012-06-26,79.60936737060547,80.43845486492161,78.28801527133663,80.15345290898955,8198500
2012-06-27,81.13799285888672,81.43162900218448,79.48846259523935,80.26572915801741,7825664
2012-06-28,79.2898178100586,81.25889717583105,78.59891424906499,81.24162353257104,8155704
2012-06-29,82.29524993896484,82.54569930927279,79.71299585218438,80.31753644911318,6162824
2012-07-02,83.67707824707031,83.92752768091889,82.29527081780249,82.56299389875232,3038188
2012-07-03,83.69430541992188,84.54930045433436,83.34021954896083,84.46293753252196,3066012
2012-07-04,83.50431823730469,84.04840363628273,82.13114555644,83.16750070541717,2358420
2012-07-05,85.05884552001953,85.15384262746271,83.21931103131017,83.42658415631742,2854932
2012-07-06,84.71341705322266,85.15386597566086,83.33160989743101,84.87750349026733,2799232
2012-07-09,84.10021209716797,84.75657346479217,83.30567216329362,83.82384969349327,2444808
2012-07-10,86.07795715332031,86.22477522909512,83.59933932368246,84.60114747983455,3358784
2012-07-11,85.11932373046875,86.36295235281987,84.9034163495867,86.36295235281987,3867312
2012-07-12,83.11570739746094,83.77206372643465,82.47661944200526,82.90843420348172,4750868
2012-07-13,83.53024291992188,84.46296168800825,83.34887756954268,84.1002362584258,3072376
2012-07-16,83.14160919189453,84.29023531978345,82.4075241506874,83.77205764363724,2494724
2012-07-17,82.69252014160156,83.66842036945526,81.65616479779037,83.40933153350247,2051012
2012-07-18,82.26071166992188,83.46979299630392,81.43162944030182,82.6061634774596,4858332
2012-07-19,82.82205963134766,83.84978072794408,82.58887863863012,83.25387433224103,2144868
2012-07-20,82.8738784790039,83.59069512703667,81.58707378348367,82.649336934361,2720100
2012-07-23,82.52843475341797,82.67525282592992,81.88935207186046,81.88935207186046,1954268
2012-07-24,83.04659271240234,83.31432096240425,81.52660722847702,82.5629624051102,1891348
2012-07-25,88.70337677001953,89.54110364369382,87.24384619399798,87.24384619399798,29765676
2012-07-26,88.39247131347656,89.10928795044822,87.31293453632125,88.6170128546546,12816148
2012-07-27,89.42019653320312,89.81746397693846,88.60838273109505,88.60838273109505,8025584
2012-07-30,89.26473999023438,89.94700938061243,88.78974378131132,89.46337898545207,3476524
2012-07-31,89.56700897216797,89.86927928243915,88.86747121972503,89.8001952512168,4073420
2012-08-01,90.13700866699219,90.31837929983584,89.56701529301183,89.59292839551878,2534068
2012-08-02,90.66383361816406,90.69837036599307,89.47202063218418,89.89520121661778,3415360
2012-08-03,90.23200225830078,90.42199650584263,89.31654667736953,89.38564124503067,1832752
2012-08-06,90.37020111083984,90.68110565031311,89.55838719940448,90.68110565031311,1710472
2012-08-07,91.6310806274414,92.99561931555397,90.5083623916669,90.64654098913815,9698000
2012-08-08,92.8142318725586,93.01287081826527,91.54470108390082,91.54470108390082,4143600
2012-08-09,92.70199584960938,93.16835790423433,92.07154207582994,92.75381151293378,2684704
2012-08-10,92.71923828125,93.25469476539331,91.95060610621104,91.95060610621104,2816332
2012-08-13,93.77291107177734,93.93699227044539,92.24428027470292,92.24428027470292,2651068
2012-08-14,95.09423828125,95.3446929345666,92.14926391411464,92.14926391411464,3938596
2012-08-16,96.3896713256836,96.54512882833434,94.6969598786395,94.99923015640991,3403952
2012-08-17,96.26875305175781,96.71784660942498,95.88011986999668,96.38966326122012,3252888
2012-08-21,96.3378677368164,96.55377510511946,95.25833089530121,95.88013989907317,4398716
2012-08-22,95.53466796875,96.05284554343282,94.99922202518431,95.51739959986713,2612512
2012-08-23,96.61422729492188,97.07195514376843,95.24106483308664,95.32742778250281,4449184
2012-08-24,96.27742004394531,96.53650889170368,95.77651072133828,96.53650889170368,1261504
2012-08-27,96.47601318359375,96.72646775321013,95.80238875143576,95.90602003566057,1281996
2012-08-28,96.294677734375,97.02876272158773,95.90604450585062,96.72649243273543,2023568
2012-08-29,94.57605743408203,96.7092284665526,94.36015007506789,96.54513676523156,2358248
2012-08-30,94.40333557128906,95.76787435536936,93.31516454393935,93.96288664859418,10861308
2012-08-31,94.0319595336914,94.73149713689094,93.37559285182564,93.75559184070858,3093860
2012-09-03,95.9578628540039,96.19104912307296,93.09925157910823,93.54833466106507,2429712
2012-09-04,96.98560333251953,98.0392272194577,94.78334786949259,95.1806153739601,3384972
2012-09-05,97.0805892944336,97.87513475418058,95.7074162907526,96.89922920919699,3589564
2012-09-06,98.20332336425781,98.79059573106706,96.38970113672522,96.38970113672522,5814716
2012-09-07,99.66281127929688,100.31053318969091,98.7819136981005,98.79918206543815,8574480
2012-09-10,99.09285736083984,99.66285075931158,98.29831184393267,99.66285075931158,3096752
2012-09-11,99.65419006347656,99.74918718089309,98.51419302742768,99.12737828293928,2692404
2012-09-12,100.56963348388672,100.98417977100503,99.43828119249504,99.50736521211475,4396860
2012-09-13,101.52830505371094,102.1933062457015,100.06013456905877,100.06013456905877,6785748
2012-09-14,100.67325592041016,102.91005775227138,100.00826562499019,101.90824994601763,5841380
2012-09-17,98.0478286743164,101.30370658724839,97.3482805785817,101.04461782359813,5143392
2012-09-18,99.08423614501953,99.55923246298731,97.22743235660005,98.12559877851018,3237596
2012-09-20,98.12559509277344,102.20193330290553,97.59014893502726,98.79923042625768,6275572
2012-09-21,98.4278335571289,99.43828622978553,97.69374860400124,98.86829296288593,3917652
2012-09-24,96.50196838378906,99.05830975281035,94.56743607613542,99.05830975281035,7298332
2012-09-25,97.64192962646484,98.9028263357288,94.82650012821378,97.14103094209023,3540044
2012-09-26,98.25508117675781,98.45372009212838,96.3896443782186,97.24463931906715,2909388
2012-09-27,100.77690124511719,101.71825925434075,97.61602023729495,97.61602023729495,17329580
2012-09-28,99.74055480957031,101.4678134934581,98.89419383752515,101.4678134934581,3269144
2012-10-01,100.37962341308594,100.7250750837257,98.81644616956238,99.14462947360948,10459796
2012-10-03,102.14141845703125,102.4091519355445,100.915069243709,100.94098233593554,19337484
2012-10-04,101.7441635131836,103.22096747561619,100.93234988035789,102.25370689757895,12359556
2012-10-05,99.06695556640625,102.25375110021312,92.28746277808976,101.90829923838808,6983728
2012-10-08,96.51058197021484,100.0169150993203,96.16513022267046,99.83555504032962,1548440
2012-10-09,96.8560562133789,97.65923592990502,96.16515255782204,96.75242488198663,3679576
2012-10-10,97.64192962646484,99.27419116337136,96.89921051352994,97.0373890974143,4351692
2012-10-11,99.63695526123047,100.25014078820182,97.33106815628005,98.27242664709658,2735004
2012-10-12,100.46601104736328,101.32099570866106,97.95284109129109,98.62647623170545,6166264
2012-10-15,100.82012176513672,101.821929994183,100.18103375169828,100.9323872878946,2731356
2012-10-16,100.958251953125,102.06370152934582,99.98234675494496,101.04461487181885,3000956
2012-10-17,100.27599334716797,104.8273259670503,99.75781578043484,103.46278749104658,16696820
2012-10-18,103.80825805664062,104.32643571748908,100.47465054698586,100.52646620460041,10292964
2012-10-19,105.26019287109375,105.78184248098697,102.46067754319546,103.98215557205071,7644600
2012-10-22,106.26870727539062,106.66863645766024,104.32121358126713,105.19932149761682,4317840
2012-10-23,105.84271240234375,106.59040808523785,104.8081051767979,106.59040808523785,2231456
2012-10-25,105.9383316040039,107.72932630622584,105.1993280597823,106.22524310754376,4855128
2012-10-29,106.06875610351562,106.76428893042393,105.37322327660733,105.37322327660733,2121740
2012-10-30,105.44276428222656,107.11203856004545,104.74723156430419,106.06004744678526,2750208
2012-10-31,105.7209701538086,106.39911877992411,104.8515542808332,105.38189584075084,2039356
2012-11-01,105.73831939697266,106.6686004424235,105.24275675780454,106.41646779971315,2205924
2012-11-02,106.79906463623047,107.96408421053987,106.24263626803913,106.24263626803913,3303096
2012-11-05,106.7381820678711,107.25113955354335,106.27739802476529,106.8164316187341,1584520
2012-11-06,105.79051971435547,107.25982393881618,105.49491621717318,106.59907004763491,2746680
2012-11-07,107.13812255859375,107.88581808875566,105.55577929775303,105.55577929775303,1995328
2012-11-08,107.5467529296875,107.79019364068945,106.41651219558406,106.43389626937521,1321904
2012-11-09,106.8860092163086,107.4424376000091,106.29480206869142,107.11205526228386,871504
2012-11-12,107.80758666992188,108.30314955699949,106.28610863224154,106.89469984731367,1743544
2012-11-15,107.92056274414062,109.97238143889282,106.42516154336751,106.7642357501871,9559376
2012-11-16,105.67745971679688,108.50306024398397,105.20797319891386,108.50306024398397,3965184
2012-11-19,107.08596801757812,107.4772052305216,104.67768986309929,105.89487230336788,2888672
2012-11-20,106.70339965820312,107.79016934993507,105.3992760281248,107.08593409930457,2682316
2012-11-21,107.37286376953125,107.6336885398216,105.74706027991617,107.54674694972482,4760092
2012-11-22,109.07693481445312,109.37253839216484,107.07727791221163,107.07727791221163,3519308
2012-11-23,110.66793823242188,111.24175053226548,109.35512250973788,109.54638973869051,6985368
2012-11-26,111.27652740478516,112.34590244254966,110.4418903815826,111.25913272145633,5736628
2012-11-27,111.78950500488281,112.46764306540389,111.12004836811414,111.49390146481531,4319516
2012-11-29,111.07658386230469,113.02407778676658,110.55493427251962,111.54607061570887,7209576
2012-11-30,114.15425109863281,114.92803298876751,109.81586578500692,111.28518005045697,41511124
2012-12-03,112.65019226074219,114.06734415048876,112.42414629279706,113.87607693445482,3987088
2012-12-04,112.71106719970703,113.02405476723449,111.2417523651358,112.7284512706307,3278872
2012-12-05,111.1113510131836,113.37183233270063,110.41581829948605,113.05884473413413,3775256
2012-12-06,108.7552261352539,111.63299035274699,107.14680688172912,111.28522402766055,3547056
2012-12-07,106.77294921875,109.18992931875201,106.24260771852957,108.67697188883957,5140800
2012-12-10,108.04232788085938,108.67700584016146,106.24264090934184,106.24264090934184,2307172
2012-12-11,106.8251724243164,108.98132901052703,105.72971005107695,107.48593727727845,3263172
2012-12-12,107.16417694091797,109.54637807888103,106.59905673654279,106.97290973232329,5707108
2012-12-13,108.00753784179688,108.97258733549374,107.38155204721943,108.1553342945932,3549052
2012-12-14,109.70291900634766,110.23326066251283,108.15535422640144,108.15535422640144,3260060
2012-12-17,110.05935668945312,110.71141858948585,109.11169127214158,109.11169127214158,4187352
2012-12-18,110.02458190917969,110.8505270124094,108.47701736530182,110.28540667862065,2110896
2012-12-19,111.53738403320312,111.8069008785085,110.05068475220638,110.42452727537557,4167592
2012-12-20,111.19824981689453,112.5806226760733,110.52010143677427,112.10244411939394,1721692
2012-12-21,109.5377197265625,111.02441890647131,108.8943497888452,111.02441890647131,1795100
2012-12-24,110.66793823242188,111.5460460593174,109.08559512396045,109.98109763447896,1200440
2012-12-26,110.3202133178711,111.61564545608066,110.06808052109372,110.76361341538183,1297916
2012-12-27,108.7291488647461,110.85052575472808,108.00754004527218,110.85052575472808,3306052
2012-12-28,108.90306091308594,110.3810683149753,108.1553651735516,109.02478129231007,1438688
2012-12-31,107.5815200805664,109.35513054835731,107.11203339600608,108.83348103506508,2061996
2013-01-01,108.1814193725586,109.18124760848617,107.78147958779834,108.65959809408918,1223180
2013-01-02,108.72049713134766,108.99870607353262,107.95540662085276,108.85090956293264,2322316
2013-01-03,108.84219360351562,109.89418486451015,108.5118112709111,109.54641845671107,4041084
2013-01-04,110.25060272216797,110.65923446869101,109.02472870856808,109.24208263342567,4405880
2013-01-07,109.18124389648438,111.11134278893812,108.86824570809841,111.11134278893812,1205952
2013-01-08,110.3636703491211,110.51146682551474,108.62483833042684,109.01607553463305,2580932
2013-01-09,110.56364440917969,111.7808269845994,110.00722657937966,110.24196468801468,2559260
2013-01-10,111.56341552734375,113.31964156424692,110.78094141734309,111.0243820523148,3364128
2013-01-11,112.1285400390625,114.31947399928822,111.8242445401132,113.71957503590554,6828592
2013-01-14,116.98863983154297,117.54506831301927,112.74589521289104,113.02410414713391,12102412
2013-01-15,115.47579956054688,118.44920789352145,115.15411996740258,117.71889651631793,4186764
2013-01-16,117.1624984741211,118.40576760395064,114.48470355193268,115.89315323198731,10660852
2013-01-17,122.41375732421875,125.42193418132162,119.90983531557404,122.06599096818404,29586880
2013-01-18,122.70067596435547,124.63077510764295,121.80517330017982,121.89211489425561,8911400
2013-01-21,124.7147445678711,125.21171600405442,121.62826181679263,122.09036628023992,4523228
2013-01-22,121.6543960571289,124.85421705540834,121.13126386276267,124.85421705540834,2742436
2013-01-23,117.94886016845703,122.75295469913134,115.83017081462529,122.06416194239776,11598412
2013-01-24,116.1964111328125,119.09979997211809,115.69943965080579,118.03610176989268,4735396
2013-01-25,118.75970458984375,119.3613086393,115.83016693010231,117.12928045298032,5296860
2013-01-28,121.47129821777344,122.76169529489549,118.40226009266199,118.40226009266199,7459896
2013-01-29,120.6517562866211,122.56990814718324,119.91936890213921,121.45388826195804,5634676
2013-01-30,120.14602661132812,122.04674449712795,119.49211137215181,121.15741338595716,4817056
2013-01-31,119.97164916992188,122.534999035177,118.5940634759717,120.26809287353603,9893804
2013-02-01,119.96294403076172,121.5236240139225,118.9515571586911,120.31169885858971,2876756
2013-02-04,118.96027374267578,120.75635897497263,118.57664130394424,119.96294387134883,2509300
2013-02-05,117.02466583251953,118.83819500251107,116.57128886159744,117.92271367637288,3933688
2013-02-06,116.84156799316406,118.10580407014787,116.71078495071745,118.00118189345109,11367776
2013-02-07,116.61488342285156,117.16417647679553,116.06559036890758,116.56257233275014,4135276
2013-02-08,116.86769104003906,117.92267177908188,116.18761518213164,116.83281344470959,6208728
2013-02-11,115.00190734863281,117.5303799135383,113.69407671161272,117.5303799135383,17760612
2013-02-12,118.31512451171875,118.63771860426677,114.03415934961664,115.08914101360998,4948684
2013-02-13,123.69461059570312,124.55778089734012,118.91667598353828,118.92539272534222,11434616
2013-02-14,123.50279235839844,125.377349390312,122.31702817846951,123.80795280545414,9397740
2013-02-15,121.54106903076172,123.45922076582396,120.76508733658306,123.19765462013365,5011932
2013-02-18,120.5296630859375,122.66578627275321,120.01524761844128,121.62823859624089,3825096
2013-02-19,123.02323913574219,123.58124886924027,120.18960676727185,120.6691445527053,2620520
2013-02-20,126.04875183105469,126.72011148656182,122.01191972563691,122.41298578404741,15294124
2013-02-21,125.58665466308594,127.72277864746121,125.07223900352355,125.08095574829797,8070544
2013-02-22,125.5953369140625,126.94676192077404,124.67985545790307,125.12451575083561,4848304
2013-02-25,127.91454315185547,128.15867577581616,125.05476009926271,125.81329755281926,3427332
2013-02-26,126.72005462646484,128.44638444496167,126.34513897128164,128.1673848712101,4070164
2013-02-27,125.51686096191406,127.46989013502099,124.03465293708823,126.94675789096482,2711884
2013-02-28,126.1446762084961,127.5048184553411,125.53435501437208,125.76976036055713,5751912
2013-03-01,125.97891235351562,127.21698721951287,124.88905397036727,125.91787389817036,4185324
2013-03-04,124.75831604003906,127.12112773976783,124.08695664756603,124.91524931802404,3710256
2013-03-05,130.0244140625,130.57369607048017,124.68846327905399,124.68846327905399,7964048
2013-03-06,131.8816680908203,132.16939515102052,130.19020463582578,130.4343373319445,4185976
2013-03-07,134.51473999023438,134.9594002625879,131.7508516217558,131.7508516217558,7889252
2013-03-08,134.81988525390625,136.52878157158926,133.85208221111586,134.80244112876733,12723888
2013-03-11,136.52005004882812,137.0431821696286,134.45367178577604,134.45367178577604,10133052
2013-03-12,134.8722686767578,136.27600531044123,133.69522064624536,136.08419433310206,4722176
2013-03-13,135.7701873779297,136.6420740439661,134.15719704576236,134.27054656960618,6109100
2013-03-14,138.02841186523438,138.82182680902176,134.81987448574398,136.01435527157386,5563356
2013-03-15,138.0981903076172,140.09481375659539,137.8104633273367,138.28128445727188,5285708
2013-03-18,139.8594207763672,140.4610250607517,137.0693817931617,137.26992010234122,5934792
2013-03-19,136.28465270996094,139.83323913035434,136.0753977046032,139.61526738376327,6497364
2013-03-20,135.0029754638672,136.76418281947926,134.11364440216963,136.20617305112705,10002516
2013-03-21,134.8111572265625,136.72930853470123,134.4449689613602,135.05528983213162,4612020
2013-03-22,133.91314697265625,135.299449643653,133.07613745306594,133.97417481474432,4516588
2013-03-25,133.76490783691406,134.71526685631923,132.52683247500073,134.44498399766522,5216056
2013-03-26,135.21224975585938,135.8225706989147,133.9392861315362,134.20957963512564,3586592
2013-03-28,138.6300506591797,140.37382488130774,136.01438932598762,137.84535225922207,24468836
2013-04-01,137.49659729003906,139.50193764366676,136.4067384021979,138.63876727586594,1620592
2013-04-02,138.77825927734375,139.2926747720949,137.30477865840174,138.23769355664754,2992776
2013-04-03,136.1103057861328,140.766185464343,135.42151278406237,139.67632648738154,4182904
2013-04-04,129.99839782714844,135.42153263417097,128.91725543489784,135.1250994635095,6570244
2013-04-05,131.99501037597656,133.36386907497555,129.43165978148133,129.43165978148133,5343432
2013-04-08,129.97218322753906,133.74745797389315,129.23107932090406,131.99496733506885,3010860
2013-04-09,129.12646484375,131.62005953789563,128.79514352612043,131.00102189583686,4507564
2013-04-10,133.3987579345703,134.57580579869887,128.4290002860275,129.38807632346558,3796480
2013-04-11,137.88018798828125,138.40332009600726,133.74744220861578,134.2356967138634,5224088
2013-04-12,135.33428955078125,136.24105411698636,132.30884605959506,132.35244040755538,9597216
2013-04-15,133.3899688720703,136.71185558122392,133.0935252198586,135.14245927990885,9824632
2013-04-16,133.0150909423828,134.34908243351032,132.12577037706637,132.50940282131864,7339540
2013-04-17,131.00975036621094,141.24570680263759,129.91989151742516,140.40869733540066,28222348
2013-04-18,128.3853759765625,133.92185908319183,127.40886667800879,131.96882984293134,9565588
2013-04-22,126.0948486328125,130.09022284792576,125.23806735863822,129.3908130476681,11641000
2013-04-23,128.0181884765625,128.99735764424562,126.17348712536509,126.73301693781694,8919768
2013-04-25,125.72764587402344,128.51654444922147,124.90583726488492,128.51654444922147,7982256
2013-04-26,119.64273834228516,125.42160723776178,118.48871692892192,125.42160723776178,14659260
2013-04-29,122.53656005859375,122.89500534496369,117.6669249766012,119.43292995167859,7340976
2013-04-30,126.13850402832031,126.66306113849275,122.26551976269052,122.26551976269052,7386976
2013-05-02,128.64764404296875,131.3491155630091,126.13851655237414,126.1472570373165,13483624
2013-05-03,131.21798706054688,132.31081457175782,129.39077732737348,129.56562972916723,9582080
2013-05-06,131.1393280029297,134.46152431233725,130.78962312825522,131.6638853149414,6847016
2013-05-07,131.7512969970703,132.8878377143642,129.9852918436715,132.01357562413813,7104564
2013-05-08,131.29664611816406,132.78289123165337,131.00813544492425,132.0135365511082,4516352
2013-05-09,134.66256713867188,137.01432315409556,131.66384449908537,131.92612307378474,8729028
2013-05-10,135.49313354492188,136.54224797988945,134.81120489333537,135.2483359079052,5857196
2013-05-13,132.60800170898438,135.80779698114208,131.81241512755972,135.77282438325443,3741036
2013-05-14,130.28248596191406,133.67462593131657,128.70881476062976,133.23749504207092,5783876
2013-05-15,130.36122131347656,132.01357883866768,129.21594008182174,130.448647524628,6634336
2013-05-16,129.1984405517578,130.99067762294436,128.51651193386363,130.75462048345327,3496504
2013-05-17,125.88495635986328,131.03436039989472,125.30794571709313,129.28583683262707,6403588
2013-05-20,127.25757598876953,128.4990344457445,125.93744248864186,126.26091516335119,3265484
2013-05-21,128.80503845214844,129.9940327643989,127.69471919056542,127.9919704366642,4222380
2013-05-22,130.0289764404297,131.66384192186416,129.0410562262095,129.21590860591982,4347576
2013-05-23,128.8399658203125,131.30539066460634,127.81708371470816,130.78957403365487,4821008
2013-05-24,128.96234130859375,130.78080991452168,127.8170606153466,129.09348056367105,2910452
2013-05-27,129.68801879882812,131.03438432588968,128.0181806216145,128.73507114623726,2576904
2013-05-28,130.2388153076172,130.6147522637132,128.72634834131728,130.39618674787698,2901148
2013-05-29,130.70217895507812,132.85286150445856,130.20385384598006,130.70217895507812,4270132
2013-05-30,129.74049377441406,131.36661912260246,128.56898044283074,130.43116295791162,4277368
2013-05-31,130.2388153076172,131.38410714831434,129.39952586123505,130.43989985104423,5051248
2013-06-03,129.76673889160156,131.4365775112615,128.53402068725381,131.4365775112615,2848988
2013-06-04,128.6214141845703,130.43988331465053,127.90452365236844,130.43988331465053,1948328
2013-06-05,127.08271789550781,129.18968710995196,126.10354875742007,129.18968710995196,1839204
2013-06-06,130.72842407226562,131.05189680017907,126.0686025255892,126.41830738696393,3382144
2013-06-07,130.12515258789062,131.82122292898222,129.56562279765566,129.56562279765566,3713360
2013-06-10,131.74256896972656,132.26712627347052,130.3087768717306,130.96447350141054,7422292
2013-06-11,132.135986328125,135.10847770207343,131.13932532125435,132.22341254500583,6363000
2013-06-12,133.5260467529297,134.58390169573343,131.57643811859387,131.82123576069543,4490080
2013-06-13,132.45941162109375,134.06805556999086,131.62012237406017,133.74458295224247,6391744
2013-06-14,133.53477478027344,134.01561886142582,130.9731829518226,133.72710814387713,3832808
2013-06-17,135.7379150390625,136.1925376791785,132.2845801631428,133.23752787092656,4248740
2013-06-18,136.34986877441406,136.66460088932658,134.88985583105094,135.80783072496146,3965100
2013-06-19,136.34112548828125,136.86568255973341,135.7029101158247,136.38483857756893,4030392
2013-06-20,132.8616180419922,135.86034156153295,132.62557152435357,135.86034156153295,3152420
2013-06-21,132.66920471191406,134.00682929845826,131.139246832205,132.8877701233011,2996392
2013-06-24,133.0189971923828,134.1642785697644,131.89993727839615,133.06271030352062,3464660
2013-06-25,131.32289123535156,134.11178911473465,130.26503636307342,132.5381175345096,3422596
2013-06-26,134.1205291748047,134.98605067561198,130.26503594991053,131.66385512789614,3512944
2013-06-27,139.07762145996094,139.88193833653807,135.09097767965366,135.5018872768042,7696940
2013-06-28,135.6854248046875,139.88188124194588,134.6188297290739,139.88188124194588,6568320
2013-07-01,132.60800170898438,136.36732653092898,132.15337928072194,136.36732653092898,2742568
2013-07-02,133.95440673828125,135.10843887273387,132.88781146772627,133.23751623474658,2463896
2013-07-03,134.23416137695312,135.68543385723498,132.30204489782153,133.2462412559144,3266880
2013-07-04,139.83819580078125,140.23161366955495,133.94566825405346,133.94566825405346,6883720
2013-07-05,139.12136840820312,141.1059396222594,138.51812526795354,140.07430580721535,2890504
2013-07-08,143.1691436767578,143.6587282646927,139.71580876008593,140.35402429202452,4591276
2013-07-09,143.85977172851562,144.80397869239948,142.50466600880003,142.7669445351966,3513816
2013-07-10,146.80606079101562,147.57541556757099,143.7286630290798,143.85980232016473,4127192
2013-07-11,146.98965454101562,148.4496676156103,145.54712243521024,147.22570098038148,3493012
2013-07-12,150.82766723632812,151.29103033835102,148.16116829075187,148.62453139277474,4853628
2013-07-15,153.03958129882812,154.38594707336102,150.46050809213548,150.46050809213548,3786484
2013-07-16,153.34555053710938,154.72688872756663,150.81019080759046,151.0724694002993,3098124
2013-07-17,153.03958129882812,155.39134849291915,152.69861694385335,152.71610858921952,3321512
2013-07-18,150.17202758789062,153.67782786890194,149.5862761290669,153.67782786890194,4242288
2013-07-19,156.0120391845703,158.57363087181227,151.5620438898758,151.5620438898758,9537080
2013-07-22,155.662353515625,157.27973826150483,153.31932702030366,156.49290243918492,3851664
2013-07-23,157.4458465576172,158.39004311938763,155.8372023345735,155.8372023345735,4931300
2013-07-24,157.38462829589844,158.75722592864003,155.62736395185146,156.42294017334964,3090068
2013-07-25,157.78683471679688,159.6227852040568,156.14321763077277,157.36718462227938,4243444
2013-07-26,158.03158569335938,160.6718631479834,157.68188091834767,159.04572740646475,5295436
2013-07-29,156.80763244628906,158.71352790262407,156.02953712064246,158.24142428138896,3827536
2013-07-30,158.3550567626953,159.98118170626913,157.71684132881614,158.59110319870982,6222296
2013-07-31,163.932861328125,166.09229481664647,153.34555091105494,160.51449912924565,16167372
2013-08-01,162.735107421875,166.3720346846518,162.0094657973258,166.28460849721898,6363796
2013-08-02,163.65310668945312,166.01361410063194,161.98326839597385,163.1372899725816,5528720
2013-08-05,166.04856872558594,168.0331389911194,163.70554253947506,163.70554253947506,4003976
2013-08-06,165.1393585205078,167.8583113247243,164.37000365807856,165.93493484079517,3769488
2013-08-07,158.52117919921875,167.15889189883165,157.16607311949497,166.4594823092968,5661036
2013-08-08,158.39877319335938,159.17685773624396,154.4820756648614,157.01743514096836,5307584
2013-08-12,163.1985321044922,163.66189537200023,157.90050493361,159.81514142094895,4591444
2013-08-13,164.46617126464844,166.4070394034462,163.4870020453202,164.01155927113408,3725304
2013-08-14,160.899169921875,165.56773082605451,159.61399846399493,165.2267665342846,5897512
2013-08-16,161.03904724121094,164.52735447060383,158.41626145552348,160.68934246978594,8401384
2013-08-19,162.86627197265625,163.91538638462615,159.94623472491128,162.4378814533398,5959248
2013-08-20,157.21852111816406,163.38206748855617,156.08198065270167,163.38206748855617,5191016
2013-08-21,154.90176391601562,159.7801400549521,154.09743637673492,156.25687017774436,5213524
2013-08-22,157.77809143066406,158.5299654435377,152.41887066800663,154.2373295999827,4733996
2013-08-23,165.47157287597656,166.63434566389495,157.12237035189366,157.55076088808173,7902228
2013-08-26,165.15684509277344,168.9948577048235,164.1164710976682,164.47492708317978,5192304
2013-08-27,165.7076416015625,168.02443618100696,164.36127582473938,164.36127582473938,3159176
2013-08-28,171.38162231445312,172.21217139950804,164.85961780356828,164.8858499382705,6561592
2013-08-29,177.9385986328125,179.4248444462981,169.6680692741696,171.53025212110134,9258668
2013-08-30,181.92510986328125,182.70321558818688,176.58338364620528,176.88062408853241,6049048
2013-09-02,181.55801391601562,183.5950489662613,180.098000414523,180.098000414523,3931360
2013-09-03,179.02264404296875,183.03551984583714,178.34946650199066,181.8465148647748,4718252
2013-09-04,181.72410583496094,183.74363822590945,177.47518402454045,179.18874606318178,6988140
2013-09-05,178.3319854736328,182.66831263556438,176.79327565677008,182.23118159035218,5768332
2013-09-06,177.81607055664062,182.0824607997038,175.39435949959105,177.64995871671988,5481388
2013-09-10,185.806884765625,187.60785146229307,176.8107277339503,177.30031226059648,8011760
2013-09-11,186.48886108398438,189.0591831753342,183.85732356889147,187.08334224928868,4176852
2013-09-12,187.85269165039062,189.16408478986506,184.48678259240623,188.0537762006346,5773264
2013-09-13,182.85189819335938,188.8580738938463,181.55798615818028,187.8526725889342,6290308
2013-09-16,174.22286987304688,184.29436004297207,172.0984097460107,184.09327559000866,10046268
2013-09-17,181.34815979003906,181.81152289043567,175.02724164942688,175.07095474674193,3625604
2013-09-18,179.88818359375,183.59504647048564,178.0609629437315,183.59504647048564,3725976
2013-09-19,179.04885864257812,181.47056012782195,174.1704723853145,179.92312064766884,5247480
2013-09-20,185.65830993652344,186.67244117601578,180.02804915006487,181.81155665834135,4133648
2013-09-23,190.76397705078125,192.20650941619735,184.7315689772231,184.7315689772231,5997308
2013-09-24,187.54661560058594,193.02823219030446,186.83847643020877,189.64484368042307,5725484
2013-09-25,185.8680877685547,189.00667958403477,184.22447105847047,187.97506757401217,5015716
2013-09-26,183.98841857910156,186.98714119305865,182.58084836919775,186.3139637926074,6380440
2013-09-27,187.57289123535156,189.5399805165426,182.7207376750803,183.49009241835864,4014632
2013-09-30,190.09951782226562,193.03704663485863,187.44176992080475,188.12369853918742,5254356
2013-10-01,187.284423828125,190.58913885324563,186.01674377611945,189.80230295889737,2051744
2013-10-03,193.14195251464844,195.09156100054005,187.96632585756717,188.84058783830002,8287912
2013-10-04,191.77809143066406,195.74723176391146,191.0087367198589,192.55617595355739,5397444
2013-10-07,195.72100830078125,197.50451539261616,192.33761899906378,192.39008325105016,5895704
2013-10-08,193.5003662109375,195.82588976530417,192.9320960475509,195.82588976530417,2544784
2013-10-09,194.40089416503906,196.53408476804555,192.43380479347277,193.4042227435407,5126556
2013-10-10,195.4237823486328,197.58320514485425,194.4009001129791,194.4009001129791,5806820
2013-10-11,202.3828887939453,204.29753525707358,195.57239679075664,198.45746120474635,10934984
2013-10-14,202.80255126953125,204.22760259416128,201.9894833430858,203.70304539571737,6419404
2013-10-15,203.02989196777344,206.05482603041665,202.26053705009735,205.6264461386769,5579340
2013-10-17,189.3738555908203,204.28001916708865,188.3247414388249,203.70299784577833,16121608
2013-10-18,192.79225158691406,193.98125644225928,187.28440099789103,189.36514882260158,7820096
2013-10-21,189.55751037597656,194.8205641191188,183.99721604694906,193.38678276652254,8981476
2013-10-22,194.2521209716797,195.58345052745403,190.11798334744205,192.07994044187492,5073020
2013-10-23,193.8580322265625,196.17910833042103,188.33123491256015,196.16159505166715,4021456
2013-10-24,184.74888610839844,194.44484789563703,183.75914003830923,192.86826804783456,7210448
2013-10-25,188.97068786621094,190.57354896240375,182.5942914334209,183.04099778905768,6109920
2013-10-28,186.1853485107422,189.9428772814193,185.33575128114396,187.61303366928655,3539636
2013-10-29,189.29469299316406,190.0304431253974,186.526932163526,186.57947199771374,4523612
2013-10-30,190.23187255859375,191.71211872867178,186.4042912169426,189.89028880289368,3709464
2013-10-31,191.87857055664062,194.72517378030662,190.26696374658343,191.9924389623349,7494488
2013-11-01,193.23617553710938,196.17913379677137,192.00994649287313,192.12381489515687,5212456
2013-11-05,192.8683319091797,194.4098857131759,189.54876290620064,191.3092648222667,3171148
2013-11-06,189.72389221191406,194.7426547243472,188.99690938645523,192.86828485104164,4078512
2013-11-07,193.23617553710938,196.79224831888948,191.01145425320433,191.62456877532247,3972848
2013-11-08,195.19813537597656,198.38632201961892,192.73691020051717,193.1310552111522,4594308
2013-11-11,193.04348754882812,199.3322950950883,192.11504842908192,195.32077006982158,3360592
2013-11-12,192.23765563964844,196.28420662669143,191.51944015096075,193.7441611147887,4512768
2013-11-13,192.01869201660156,194.7952203318143,190.9413580590626,190.9413580590626,3054692
2013-11-14,189.99546813964844,193.35008545048686,188.7604928816256,190.82755231259506,2580632
2013-11-18,192.04498291015625,195.20688906845572,187.2101201475585,188.09476531557564,3925068
2013-11-19,193.16604614257812,195.1455381621681,192.4303174785832,193.3061951184493,3945228
2013-11-20,190.39834594726562,195.41713069034904,189.63633643593087,194.3573098568771,2153208
2013-11-21,186.0189208984375,192.2551662042617,185.29193808889096,191.36177517564022,3041036
2013-11-22,183.9780731201172,186.97356996248982,183.6540027143852,185.70354755818525,4398836
2013-11-25,184.45986938476562,187.35026619848702,182.708113740086,182.708113740086,3398352
2013-11-26,185.64230346679688,187.16632231614392,182.88328834096336,183.40881503159832,6000408
2013-11-27,185.43209838867188,187.7882011273067,184.8978043748808,185.7036076775979,2826432
2013-11-28,186.062744140625,188.2086449675633,185.26568670855292,186.56199026034884,3658696
2013-11-29,190.24069213867188,191.68589076679714,186.12406574340596,186.12406574340596,3602484
2013-12-02,198.4301300048828,199.70015290714315,189.61004419489802,189.61004419489802,4515568
2013-12-03,195.91636657714844,199.7001547053444,194.6375763312422,197.94839896231505,3753980
2013-12-04,195.6010284423828,198.6490875008896,194.67261079312266,196.23165618944805,2375652
2013-12-05,194.2171630859375,198.29876278149004,192.92962680928946,197.94841161049803,3172604
2013-12-06,197.35276794433594,198.47389572739812,193.39380483940647,193.39380483940647,2035128
2013-12-09,200.2957000732422,201.45185426444843,196.66955386624343,198.26366825479917,4063508
2013-12-10,202.3014678955078,204.2283988336338,199.34976432612504,199.35853165660967,12426016
2013-12-11,206.0765380859375,207.75821922619835,202.33654406548456,202.33654406548456,9236796
2013-12-12,206.8385772705078,208.10860029418868,202.67815702051877,205.16564183754295,3782148
2013-12-13,206.90858459472656,208.1085327162176,204.6137893945517,205.58600077018372,11441044
2013-12-16,207.70567321777344,208.80928790701861,204.6401006184674,206.61959319322855,8242520
2013-12-17,205.01675415039062,209.86036364823516,204.58758249442226,209.68518805253547,7373060
2013-12-18,210.8448944091797,211.24107047646032,205.80026968094816,206.36371149017637,3504008
2013-12-19,217.6414794921875,221.62084272887364,210.84484340903376,210.86246842512483,6543352
2013-12-20,217.93202209472656,220.43234591927958,216.78751357125566,218.28417856348685,11683408
2013-12-23,218.45152282714844,221.84982074173377,217.81764531663936,218.75965981777804,4224696
2013-12-24,217.94090270996094,220.71413576807598,217.28060912469547,219.1822632478328,2197664
2013-12-26,219.19981384277344,219.39349561555883,217.45663489985165,218.33702613426402,2933928
2013-12-27,219.4022979736328,222.19313375880145,218.33701603171426,219.7456419415963,3104892
2013-12-30,219.5167999267578,223.61943276321492,217.29821772726356,221.68257153455716,1578700
2013-12-31,222.30760192871094,223.26721978843273,218.01128835323962,220.4147607514825,1495972
2014-01-01,221.594482421875,223.6017788141125,220.50280584581418,223.40809703370525,737988
2014-01-02,220.2826690673828,222.73895167604323,218.36341214150806,221.85856056269918,1030976
2014-01-03,221.81455993652344,222.91504892211844,218.94447606452155,219.23500945550373,2725944
2014-01-06,220.2123565673828,222.9151544972951,219.09426352726172,222.7390761762072,1392104
2014-01-07,221.2159881591797,223.17926568271005,218.71568466784288,221.15436504732452,3879316
2014-01-08,219.46401977539062,224.76397284650548,218.72447794369427,221.50652396467206,2576776
2014-01-09,226.30455017089844,227.22014838981445,218.8828483115584,220.1858315414966,3250300
2014-01-10,228.58474731445312,232.17674746950456,223.61934987541906,228.69041144654162,5292496
2014-01-13,236.53472900390625,238.23388853131513,229.4299754296405,229.72929987752605,4611212
2014-01-14,232.59933471679688,236.38501654602558,231.54286536910513,236.38501654602558,2560164
2014-01-15,234.24563598632812,237.24777798252205,232.96906899864288,234.23684497242115,3919128
2014-01-16,244.87213134765625,246.1575117879005,235.98898796404407,237.88183006112556,13027348
2014-01-17,242.92630004882812,246.33340901990454,241.1919340267789,244.57262696829693,7473896
2014-01-20,251.89752197265625,253.02442699011686,242.22203143097317,243.95639776952467,7594044
2014-01-21,253.5791015625,256.8189457318909,251.95916873084084,252.17047553180203,7940204
2014-01-22,255.0975799560547,255.98926034000664,249.5180144266253,254.2588787933682,7216076
2014-01-23,249.26205444335938,255.0976592852475,246.94900851246024,255.0976592852475,6043544
2014-01-24,249.28834533691406,252.67847500483865,247.26664371763218,249.5355456596453,4416224
2014-01-27,251.52210998535156,252.413790530651,246.59583900657458,248.96186386756455,6256364
2014-01-28,249.39437866210938,251.7957295219472,246.8606228698407,250.55091192995465,3914664
2014-01-29,251.13356018066406,253.37597306291164,248.27313556642733,249.13832612666783,2616276
2014-01-30,253.23471069335938,255.14166044484256,248.5733162853552,251.2394981840906,5446576
2014-01-31,258.1787109375,259.53830268293746,252.51086071546948,253.57027277767307,3797684
2014-02-03,256.53668212890625,259.7590610745881,255.78626511415843,256.7309033984344,2420852
2014-02-04,247.53170776367188,253.90583462820976,242.79965716159828,253.2878440710479,5091952
2014-02-05,246.07496643066406,249.6681350680196,242.8702403013161,249.3149976775415,6655344
2014-02-06,248.73228454589844,249.23552251408907,240.83967337286518,247.19614569062406,5371304
2014-02-07,247.20501708984375,251.2396075746284,244.65358644222198,250.67457480227438,4448856
2014-02-10,250.0477294921875,251.16893625010246,246.59580332853355,247.97304759346082,3536760
2014-02-11,260.10333251953125,261.18039721607977,249.84469595741004,249.84469595741004,7607308
2014-02-12,263.2284851074219,266.7068780064153,260.92425618932816,261.3215355508074,7410744
2014-02-13,262.9460144042969,265.2678963693587,261.41871288613225,264.6763957263586,5433888
2014-02-14,264.3851013183594,267.280831900409,261.0744386606334,263.79360056760436,4833648
2014-02-17,265.27667236328125,268.7374126570434,264.4997662025303,264.85290340707303,2792108
2014-02-18,262.495849609375,267.46626258737655,261.89551174733265,266.26558686329184,2802144
2014-02-19,263.8554382324219,264.85305571972555,260.50946991668144,263.4405060892204,2796248
2014-02-20,260.06787109375,264.4820856837255,259.0879068332626,263.97003248053187,3687320
2014-02-21,271.5978698730469,273.0457456343771,259.7324660418029,259.7324660418029,5888384
2014-02-24,270.18536376953125,272.0923139815744,268.4903088887108,272.0923139815744,2819804
2014-02-25,273.4961242675781,274.5378840798363,271.03299911860654,271.73043697690315,2798184
2014-02-26,277.68084716796875,279.3582502819124,272.1189315796293,273.5049919472328,5771220
2014-02-28,278.19293212890625,280.74434221493516,270.15021609361685,270.15021609361685,16188144
2014-03-03,265.6740417480469,278.2722114785277,263.4051387507474,278.2722114785277,8926652
2014-03-04,261.56890869140625,269.2673006483636,260.4477016191384,266.97190726578737,6936724
2014-03-05,258.222900390625,263.86428358714363,256.6161294461549,262.5400182668995,8011076
2014-03-06,263.4139404296875,264.7646949346772,259.3793510230349,259.4499827949293,7490368
2014-03-07,262.7165222167969,265.7358420919335,257.12811963214494,263.4404494359899,8818956
2014-03-10,254.44427490234375,261.957258417277,253.81744754081336,260.96847823674585,9844140
2014-03-11,256.8280334472656,259.043957891882,253.8793229696359,254.44435579084433,7583096
2014-03-12,257.83428955078125,259.2821434009792,254.2587755200308,255.4241239304076,4396776
2014-03-13,257.6488952636719,261.14496220270667,253.78206012519888,255.1416297382766,5891488
2014-03-14,250.1713104248047,255.14172268969102,248.1584233191241,255.07109091244408,5609800
2014-03-18,249.5003662109375,251.93700090948462,248.60868581147446,251.61035318277777,4530072
2014-03-19,247.831787109375,250.72751768067096,242.11979480254934,247.90241888990283,6437264
2014-03-20,248.49391174316406,251.76926917116154,246.48986166289544,246.48986166289544,4944164
2014-03-21,251.83998107910156,257.2076530758506,246.75479317778203,249.13847096518816,7872676
2014-03-24,249.7298126220703,256.02448796450653,248.7586852539291,254.2588018406134,3845692
2014-03-25,246.7899627685547,252.40485376125397,246.0307306003212,249.15598669484268,5035292
2014-03-26,246.68408203125,248.60868482538686,244.54760545679034,248.0789788207873,4753584
2014-03-27,245.28036499023438,248.07897401624282,244.1503212248824,248.07897401624282,7130636
2014-03-28,248.22024536132812,251.0806491990406,246.3662743229386,247.37270712226155,4330940
2014-03-31,245.55409240722656,248.07903354094154,243.84138456942367,248.07903354094154,3926028
2014-04-01,250.45379638671875,252.40488861734423,247.19611337130598,248.96179989538675,5962896
2014-04-02,251.7340087890625,253.69393877198848,251.1160182854944,252.84640031700437,4831084
2014-04-03,251.48681640625,254.25893646704546,249.49158140828837,253.92345161511423,5065728
2014-04-04,246.82540893554688,254.31192669940827,246.3133553555893,254.31192669940827,4219764
2014-04-07,248.33509826660156,249.26208416099,244.30934388610973,246.75481664911706,3937144
2014-04-09,243.7090606689453,248.07913801113432,241.404829448814,246.40173458685973,7069268
2014-04-10,239.67431640625,245.2538820543964,238.3588668855617,243.664764028126,5669992
2014-04-11,247.3109588623047,248.07902841175255,235.7192191670389,237.00817932407776,7490088
2014-04-15,251.57505798339844,253.77332937630794,246.82535629207084,248.43212693161612,6943812
2014-04-16,249.4032440185547,253.9940293951794,247.54927300107164,253.9940293951794,4719656
2014-04-17,251.5662841796875,256.5190454042884,249.84473915722603,256.20121308631445,6078460
2014-04-21,254.20591735839844,254.84158184289186,250.93939681201488,253.90575922700503,3760100
2014-04-22,257.20703125,258.5084220657139,253.39136747054954,253.39136747054954,3949268
2014-04-23,254.69284057617188,258.50850558844354,253.90492946152602,257.2690812465811,6748472
2014-04-24,254.69284057617188,254.69284057617188,254.69284057617188,254.69284057617188,0
2014-04-25,256.63165283203125,259.18132994252835,253.71899282496577,256.3926253309505,4847132
2014-04-28,251.3551788330078,257.6231272834978,250.6469365586889,256.7378244405992,4263628
2014-04-29,250.44337463378906,253.83408968496764,249.26593885207473,251.60313029087163,2714904
2014-04-30,248.3983612060547,252.96651247439152,247.07924654925841,249.7528793431779,2430288
2014-05-02,252.26712036132812,253.67474365604093,245.40602128148853,248.4160518455472,2547248
2014-05-05,244.6623992919922,254.6840271233617,243.10425702531498,253.19671343496023,3030128
2014-05-06,244.795166015625,246.64544082784076,242.40484767307237,244.5472768277024,2567100
2014-05-07,233.86167907714844,248.5045839269874,233.03834285893188,246.4683867662034,5386704
2014-05-08,237.225830078125,238.38556418429408,232.32123787882605,236.375930446711,3806532
2014-05-09,242.69699096679688,243.9895421797607,236.40249869236823,237.0841777784467,4030548
2014-05-12,246.8932647705078,248.0972636862007,237.73922027240783,241.1564979416393,4273256
2014-05-13,253.71014404296875,255.88797650599676,247.29169714167958,247.29169714167958,2679708
2014-05-14,249.9033660888672,256.3749188514306,247.17662818865873,253.9049318213013,3872396
2014-05-15,248.9118194580078,252.65663414778567,246.48607608129961,247.99109129819107,2618476
2014-05-16,241.71429443359375,255.99423685652587,240.5899638904476,248.77015537172403,6331776
2014-05-19,231.45362854003906,243.95412531803478,222.38813364832058,243.95412531803478,7669000
2014-05-20,231.68373107910156,237.7923200911222,223.7071446077254,230.17871639498054,8200708
2014-05-21,236.561767578125,237.79232981285747,231.96703312162904,232.002458201594,4006508
2014-05-22,234.4016876220703,237.24351909928433,232.4805842985035,236.56184006367602,4503816
2014-05-23,237.44711303710938,239.3593544421902,233.21536061027442,233.21536061027442,4848756
2014-05-26,245.44142150878906,247.70780607841843,235.95097664942568,237.43829017237962,4342600
2014-05-27,244.96340942382812,252.2140344001937,242.13930070015186,246.46842494974248,3412420
2014-05-28,255.04701232910156,257.2248670352392,243.98958304908592,245.23786931472446,5542120
2014-05-29,247.8405303955078,257.6231267908297,245.23774868789891,257.6231267908297,4595600
2014-05-30,251.1692657470703,253.55072163081903,243.76812570197634,247.88478371728118,3531480
2014-06-02,244.83937072753906,252.26705317206688,243.76814560775088,251.43487711859677,2573924
2014-06-03,238.7308349609375,246.11425393340176,237.4382838307135,245.22895086169885,4747996
2014-06-04,231.63951110839844,239.91709348509832,230.46205389140445,237.63300760811774,5684584
2014-06-05,236.00413513183594,237.17273105165003,231.4182601601393,233.50758439090393,4592304
2014-06-06,235.0832977294922,236.2607547805824,232.74610697444714,234.82656856208484,5101056
2014-06-09,242.3960418701172,242.75902486615664,235.1365548601283,235.1454165386073,4268888
2014-06-10,247.57504272460938,248.2390201322384,241.56384257308045,242.9272008712062,3781152
2014-06-11,248.9118194580078,251.07195030024363,245.61847475114624,248.4160410939646,3514840
2014-06-12,249.08006286621094,251.76253596624954,244.59157982899592,248.4692122852435,4033532
2014-06-13,254.78135681152344,255.8525821504939,245.4060061318924,249.29247788649553,4694564
2014-06-16,251.85980224609375,256.38370851072415,250.00066623824665,255.48070391539483,4908220
2014-06-17,257.5257873535156,260.98733081412496,254.17049754659183,254.2590278487676,7930660
2014-06-18,254.4095001220703,258.00383868390304,252.4883970757837,256.2066694029867,4956524
2014-06-19,258.2605895996094,259.18131769776323,249.58462010681043,252.48841830063827,5159952
2014-06-20,255.6666259765625,260.0843005909224,254.00227374968281,259.7478811528233,5725620
2014-06-23,251.25791931152344,255.56934173532133,249.65551181356366,252.9576971968461,2225304
2014-06-24,250.708984375,251.9307070153946,248.59311854291172,250.5407854260827,2555768
2014-06-25,251.2313690185547,254.68405180914442,249.46076245927787,250.70902711525827,1952040
2014-06-26,253.92266845703125,256.10936311538603,249.8148701096891,251.42611766774795,4119512
2014-06-27,262.30645751953125,263.0678268620286,252.46189096999436,253.72787877724178,7069016
2014-06-30,265.6174621582031,267.0073835388697,262.93498975810445,264.33377281426624,4008964
2014-07-01,265.1571044921875,266.1132144206201,261.6955611908447,264.7055913263281,3690944
2014-07-02,262.1028747558594,264.91812164849676,260.6509645355717,264.4931934024103,2509572
2014-07-03,259.6503601074219,263.99720400331034,258.50832853442864,258.50832853442864,5190000
2014-07-04,262.1116943359375,262.86420199919246,260.0489337127164,260.960800262724,1332268
2014-07-07,267.0958557128906,267.7155676751015,261.17318860529605,263.8202353412045,4390260
2014-07-08,261.72210693359375,269.72523669620904,260.27905884917874,269.72523669620904,5588164
2014-07-09,260.8456115722656,264.7055404735354,257.6939465335926,264.7055404735354,7289728
2014-07-10,260.7040100097656,265.2190549330327,258.6146864585605,260.63318145290697,2593028
2014-07-11,265.8388366699219,267.184493147631,262.1117017283212,264.52858367300246,3741516
2014-07-14,256.5519714355469,265.9450457792121,254.96728756462412,264.7764500339765,6545688
2014-07-15,258.951171875,260.86343532823093,256.7379139957265,256.7379139957265,2453024
2014-07-16,260.2171936035156,261.545148504074,256.9150080946907,259.92503920262294,2416688
2014-07-17,259.71258544921875,262.6429264119837,258.33150365187294,260.64215391678033,1463300
2014-07-18,265.6352233886719,267.0517084992264,262.0674471936932,262.9350486466774,2523740
2014-07-21,267.01629638671875,268.95510167358674,265.6086513852935,267.3615559757182,3082780
2014-07-22,270.7079772949219,271.50475005859164,264.88267876665634,265.94504245154934,3525144
2014-07-23,273.2044677734375,274.44389180092554,268.93731223013947,271.78798317059403,3395676
2014-07-24,280.19842529296875,281.25192731440916,273.558652181761,274.2049277540208,3779220
2014-07-25,280.171875,280.8181506025291,275.94012174948784,280.8181506025291,4394592
2014-07-28,285.8377685546875,287.7234682230408,278.17989778505887,280.17182948814144,7546896
2014-07-30,282.8631286621094,286.2272795683814,281.7210749914133,285.06752416305176,4575384
2014-07-31,275.346923828125,282.4116458109928,272.8680755263357,282.2434468931939,9427436
2014-08-01,268.2911071777344,274.4439637851762,266.83035704791007,273.602925831641,7734044
2014-08-04,275.3292541503906,276.92279967280444,269.13213267433684,269.13213267433684,5132232
2014-08-05,275.5880126953125,278.3894967969516,272.679492144772,276.9352256307118,2896968
2014-08-06,276.1590881347656,278.1665120952908,273.9642958918139,275.6862239121198,2478928
2014-08-07,270.9128723144531,275.0347763067996,269.4407621899056,273.3663891886989,3065656
2014-08-08,273.5091857910156,274.91882552812257,269.8155140804663,270.3240569283283,2715936
2014-08-11,270.3865051269531,275.30244795841367,268.048955131601,273.7232795481763,2854212
2014-08-12,270.7166442871094,271.59099299683055,268.13820756372814,270.8683119103821,2328568
2014-08-13,278.3894348144531,279.7187862637873,269.65490094862406,273.0095366476566,3841344
2014-08-14,274.4370422363281,281.39610897704125,271.58204049654836,280.99462435738474,2531680
2014-08-18,271.76947021484375,277.28317614729997,270.86835137397924,276.6854143791142,2279596
2014-08-19,274.5709228515625,275.15084519064783,272.2333940873293,273.5449064054884,1789556
2014-08-20,278.1039733886719,279.2459567805011,274.55306024074724,276.3820459248305,3005680
2014-08-21,277.5687255859375,282.895085665706,274.8296899327454,278.8980775113305,4270200
2014-08-22,284.5635070800781,288.16793971736615,276.7925369417869,276.7925369417869,4872620
2014-08-25,285.0897521972656,288.71204428393537,282.7343845289837,285.50016740067775,2884572
2014-08-26,285.7856140136719,288.6227757951853,279.87933467372375,285.4822788508015,3685648
2014-08-27,294.4042053222656,295.4391303497185,286.3745131933702,286.3745131933702,4965876
2014-08-28,290.9872131347656,297.2325312152297,289.9255177738631,294.6005757384627,5173812
2014-09-01,292.1737365722656,296.0279844547105,291.4778255616453,296.0279844547105,1488544
2014-09-02,294.0653076171875,295.6712467971357,289.8274125589908,293.0839003405525,1692040
2014-09-03,295.84954833984375,298.3476748035095,293.1283748704936,294.4220475034633,5052412
2014-09-04,296.3938293457031,298.67781790448805,294.87710951464453,297.76779036224025,2324000
2014-09-05,296.9737243652344,298.3387546622974,294.60049542883627,297.2592201861255,2265920
2014-09-08,297.3217468261719,300.31950818511746,295.0288272835555,298.85630632437045,2090484
2014-09-09,292.78045654296875,298.3477015919581,291.94178665713116,297.9908263508194,2050352
2014-09-10,291.7455749511719,295.4749264124405,290.5500513384603,291.7455749511719,1732968
2014-09-11,292.2271728515625,295.27847244401585,289.3097232062525,293.4940969078106,2561660
2014-09-12,289.2474060058594,292.28084579740755,287.7663649242695,291.56709525821975,3091296
2014-09-15,287.23095703125,289.96106065356037,286.4636885245251,289.43467851776154,2725728
2014-09-16,286.4903869628906,292.2449973447326,284.5900228990136,286.41007700468657,2231668
2014-09-17,290.23773193359375,291.7455211742885,285.64296302213324,285.65187183435256,2415480
2014-09-18,292.08447265625,294.8324156844047,287.33803748867234,290.1394987204952,2857328
2014-09-19,298.62420654296875,305.3066848839094,291.57592246762425,292.63761730544206,8784152
2014-09-22,303.2279052734375,303.8524368200314,295.3142027465551,298.14243410831557,1930320
2014-09-23,307.7066955566406,309.58922085733576,302.7729135835092,303.34390516280735,6775140
2014-09-24,305.0212707519531,309.589269449109,304.01309384663944,307.80489325631873,2213248
2014-09-25,304.85174560546875,308.6970850598851,302.38931949900825,305.1997120364032,3119252
2014-09-26,305.8420715332031,307.8048852945014,301.7736852061017,306.87701841102546,3100920
2014-09-29,304.4146728515625,308.2421522587538,303.4154262302437,306.1722795898914,2720028
2014-09-30,305.9759216308594,307.62646968456136,304.42352298501714,305.84209341028895,3400592
2014-10-01,310.5082092285156,313.2472221664925,305.7260726011522,306.91268705574885,6437036
2014-10-07,308.5543518066406,316.9498513026905,306.2882025396584,306.2882025396584,4816416
2014-10-08,298.54400634765625,311.2933885906903,297.09866584318513,307.82276347909504,4308300
2014-10-09,302.54095458984375,305.1282998222547,298.1692333350805,299.9536093574328,2169268
2014-10-10,310.035400390625,311.0168074134442,301.01536894993814,303.3618282790664,4150172
2014-10-13,313.3008728027344,315.52241310346693,307.18045194832087,310.82058480877305,3618772
2014-10-14,307.447998046875,313.05094328467334,306.30599300128324,309.17883412867735,2849840
2014-10-15,307.447998046875,307.447998046875,307.447998046875,307.447998046875,0
2014-10-16,295.4659729003906,310.5707240483274,294.0741723254422,307.39452522462943,5132920
2014-10-17,268.6377868652344,284.27784570102153,267.17460736658575,282.82357501255166,17284108
2014-10-20,267.0051574707031,273.9017765927653,264.08770642168906,273.00958839539476,8686504
2014-10-21,269.64764404296875,271.2421365378893,266.0555799932876,268.1964850708192,5980376
2014-10-22,271.10791015625,273.0248712670915,269.0924044636957,272.37096913810524,2648100
2014-10-27,268.1517028808594,275.5418867751874,266.40493214220004,275.5418867751874,7635320
2014-10-28,268.9400634765625,270.7047458975341,265.1509092841499,267.1305920506442,4554792
2014-10-29,270.8838195800781,272.1379113373933,267.90086838339636,267.90086838339636,5262128
2014-10-30,282.4842834472656,284.42812208929126,271.9498996452189,271.9498996452189,7462896
2014-10-31,288.1545104980469,291.06579545484675,283.7562220154608,284.4997237783539,3381084
2014-11-03,281.4182434082031,291.7197130370357,280.5761971167652,289.3369295750371,4489700
2014-11-05,287.5453796386719,288.62031563732114,278.0501116506036,281.4540756463262,4521552
2014-11-07,289.99090576171875,291.11957560336157,286.8735865364362,286.8735865364362,4924336
2014-11-10,289.7937316894531,291.3075908027865,283.9621964467507,289.990798871422,2880496
2014-11-11,289.426513671875,291.48680764106507,287.5453757000058,287.90368769464754,2249508
2014-11-12,286.73919677734375,290.1969165516268,285.10888144450706,290.1969165516268,4119820
2014-11-13,293.7262268066406,295.0698966456463,284.52657168284037,287.5363790004373,3344836
2014-11-14,288.56646728515625,295.6073045597928,287.724443104865,290.60884939967553,3885944
2014-11-17,290.1700134277344,290.9314264110818,286.3539819633417,289.4981784424278,3151992
2014-11-18,286.7750549316406,291.12855530653934,286.2913423875999,291.12855530653934,2493496
2014-11-19,292.23028564453125,292.9200318042121,286.6585389547801,286.6585389547801,2264496
2014-11-20,295.4282531738281,295.96572119051797,290.6268634768807,293.8158491237587,2598452
2014-11-21,294.29058837890625,296.6823164473553,292.04217197923504,296.6823164473553,2194876
2014-11-24,299.7727966308594,302.6840818215072,293.5202474474805,294.35332727596114,3043364
2014-11-25,296.9599609375,304.0276545901102,290.250557324035,300.98200336557755,3713920
2014-11-26,292.5885925292969,295.79548893884726,289.5160631044794,294.1024518094369,3226832
2014-11-27,298.1783447265625,300.0415718785377,290.7702469973827,292.92011943359256,3862052
2014-11-28,297.82000732421875,300.69547021094417,294.65789917763794,299.1905552596639,1872272
2014-12-01,299.39654541015625,302.7378090907424,295.6073917420821,298.2947316670101,2494504
2014-12-02,294.0487976074219,300.0863470052873,293.4665405162176,297.3990065843444,1474592
2014-12-03,296.43145751953125,297.5780600779831,292.2660813023048,296.95101419581994,2619556
2014-12-04,290.9223937988281,297.3720081931497,289.6235131221939,295.3565036949242,2789168
2014-12-05,286.0763244628906,291.6659832064647,285.21636687020384,291.65701665814566,5571848
2014-12-08,279.3938293457031,285.57471239310723,275.90028675369206,285.05515553113804,5132660
2014-12-09,279.6087341308594,282.3767071920704,277.0289054694176,279.98497919114425,4783444
2014-12-10,281.7317810058594,283.0664844791276,277.10058083687403,280.37914443660424,2574040
2014-12-11,278.05908203125,283.03960577186643,276.47353391568384,279.66251950348556,3030856
2014-12-12,270.97344970703125,280.53141792277165,269.8089357082903,277.7097109258224,4364788
2014-12-15,266.1004333496094,269.9343545103904,259.7762173786764,268.7161067506686,4641384
2014-12-16,279.28619384765625,280.63880804676796,263.71753858832096,263.71753858832096,4342056
2014-12-17,275.792724609375,279.48333348531986,270.52553433514936,279.46542226094493,4354888
2014-12-18,278.4532775878906,279.841736909947,272.3350943948379,276.7960842035007,3485132
2014-12-19,284.7147521972656,286.82880208478156,276.89460903650644,280.25378457622514,4051596
2014-12-22,284.5892639160156,285.73586652038614,280.3432760917478,283.7920285817593,1639088
2014-12-23,275.4254455566406,283.8099542926206,272.67540559685267,282.7977186167095,4030532
2014-12-24,275.84649658203125,280.1641738675969,253.50575114748634,275.8106741283076,8100376
2014-12-26,280.3164367675781,280.8807825354514,272.6754290756009,276.1779375858886,2106668
2014-12-29,283.0752868652344,284.40998956447777,281.28372787585187,282.34969672668785,1203840
2014-12-30,284.6967468261719,285.9060496205842,281.35548362027794,282.34980799908925,1301668
2014-12-31,286.09417724609375,288.40529366839445,280.1641189222489,284.67884068750453,2909288
2015-01-01,287.8678894042969,288.7367916903059,284.06976882053414,286.4704637600542,1336492
2015-01-02,287.5901184082031,290.04454642857763,286.6585161199388,287.0168280569058,933372
2015-01-05,282.7529296875,289.3369120515207,281.0419813049174,289.3369120515207,2012624
2015-01-06,275.2015686035156,282.0632531830435,272.7919287890701,281.9915863983424,3470408
2015-01-07,268.6623840332031,277.33354044694374,267.42620302550137,275.8107141589599,3540560
2015-01-08,274.8791809082031,275.90036181120735,267.83833825178897,271.7797719919491,3906036
2015-01-09,276.8945007324219,283.7203383853563,272.83661389371076,275.3000083259762,6164448
2015-01-12,282.2693176269531,282.8873972391214,276.02571191478984,278.6055633566353,2661684
2015-01-13,283.71148681640625,285.74490339790424,280.0835771822788,282.2692938861007,2916072
2015-01-14,282.8514709472656,286.43459055962205,277.74552549965773,285.9150338419051,4133276
2015-01-15,285.44036865234375,289.95509223779555,278.13079326961434,285.74492518094314,3658976
2015-01-16,293.6366271972656,294.5503182465903,282.26918994409874,285.57460875682824,3185348
2015-01-19,294.64892578125,309.93988631907746,293.7800235374605,295.60740602686576,3335832
2015-01-20,299.57574462890625,300.84774800297527,295.5536788391704,297.8468846538314,3099268
2015-01-21,302.2809753417969,303.1319663821723,293.99500994866713,297.61395257251723,7541032
2015-01-22,298.4200439453125,303.3199764564137,296.8613959972193,302.4152302011504,3769104
2015-01-23,295.0072021484375,298.99342274812955,292.25716219853035,297.9543093046288,4683076
2015-01-27,289.5787353515625,295.41027067352337,288.00217600476014,295.41027067352337,4461772
2015-01-28,297.29144287109375,298.42907899039307,288.44113292783,288.44113292783,4173388
2015-01-29,295.419189453125,297.88258371933284,288.2440069122349,297.0405595180053,4751440
2015-01-30,321.0027160644531,326.06387232443404,314.08729984951935,324.27231258638767,21415344
2015-02-02,338.7840270996094,340.39643124762443,322.1314841187951,322.4808296030126,10089756
2015-02-03,340.441162109375,343.08371290064633,335.20084952329466,342.1879329714018,8442272
2015-02-04,341.89849853515625,343.63466760947546,339.235792822033,341.8355332240855,4939900
2015-02-05,354.9062194824219,356.3815007712126,339.4876259015429,341.8355048645265,8494896
2015-02-06,351.67681884765625,359.2871667171884,349.9856499540638,354.42950347163804,4023848
2015-02-09,358.8013610839844,361.53603642638507,347.46681503030817,349.2119665108801,4670508
2015-02-10,347.8356628417969,357.6409458294942,346.33338993243024,357.12819689136313,5786408
2015-02-11,351.856689453125,353.88972001537473,345.64967606190464,348.9780745470518,2142516
2015-02-12,357.02020263671875,358.027713417738,350.6512630407897,350.83117646461767,4365376
2015-02-13,358.5585021972656,360.5465546090632,355.6529175429184,358.0277663034111,3286008
2015-02-16,357.1011962890625,361.2661969259204,356.3365641491546,358.93632660209585,3024868
2015-02-18,365.7910461425781,367.0234489193252,357.5869969709175,358.3066507923279,6327804
2015-02-19,368.4896545410156,369.66809622984937,363.425109324798,365.22424352937617,4136952
2015-02-20,359.9618225097656,369.72212683122245,359.1252206040798,368.822559612655,2668572
2015-02-23,354.6094055175781,364.81048922023376,352.35148296346443,359.82689550236233,2666340
2015-02-24,355.51788330078125,359.61091315591534,351.84764554376045,354.60931184480756,3643048
2015-02-25,356.8042907714844,358.67539475818677,354.75329532434233,357.937754118242,2276348
2015-02-26,355.40997314453125,361.26616402043487,353.5208821474124,356.7683283130092,4156644
2015-02-27,363.7850036621094,364.44169216103944,355.41002360107535,357.8478596854281,4808820
2015-03-02,364.2975769042969,367.18519523048406,359.8896994112631,367.18519523048406,4098336
2015-03-03,365.440185546875,367.9050129533262,357.13719751965493,365.404211642234,4306688
2015-03-04,366.3038024902344,369.12843501143715,363.42518714649975,366.4837159492178,3430308
2015-03-05,371.5212097167969,373.3023349927427,366.29471611730196,366.3037205730743,3448716
2015-03-09,371.6471862792969,373.3023811516183,361.8059298416862,370.0369697672243,6555768
2015-03-10,367.7699890136719,372.24083270864475,364.8643831479611,369.72204505377715,5425488
2015-03-11,370.4507141113281,380.85867848222614,366.22274899383575,370.6216230652859,10074260
2015-03-12,369.30828857421875,374.09400337668103,367.4282020176005,371.5212325456457,4880440
2015-03-13,362.0937194824219,370.4417059814636,356.41746465398364,370.40573208480384,6368968
2015-03-16,370.08197021484375,371.70119128044104,362.34569179032343,363.4251725007216,7937836
2015-03-17,366.8614196777344,372.222825968528,365.76395229984695,371.845034172598,10007444
2015-03-18,361.00531005859375,369.31730193102936,358.93630556598293,367.0234056457435,18927840
2015-03-19,352.5044250488281,362.12979445122875,349.751740528352,356.2286246122104,10163240
2015-03-20,352.5943603515625,354.4294686123338,347.5028013323465,352.612347302729,6271108
2015-03-23,348.4564208984375,355.36508064452164,346.0635629391314,352.8283050850601,3897136
2015-03-24,349.157958984375,352.2704698779372,345.55969065058605,348.67220154414827,5298696
2015-03-25,362.3996276855469,366.2317705340026,348.70819821181806,349.75170488158824,7518574
2015-03-26,355.2930908203125,363.42516999780315,351.94668307145196,361.98586239385145,7048128
2015-03-27,346.45928955078125,360.90634702251,343.5986835323877,353.8537492254501,4280330
2015-03-30,352.7922058105469,354.861210000617,344.17434918296806,347.59270393177957,3275064
2015-03-31,352.7743225097656,354.087677595562,347.9526329783823,352.63038295637506,3726676
2015-04-01,338.5431823730469,346.51335822399204,336.4382034677389,340.7561269347045,8281168
2015-04-06,335.3766174316406,337.8774184783979,328.21607615977746,335.71845733796084,7728748
2015-04-07,336.2761535644531,343.9944433222065,333.72139190202023,338.1652443881368,4348138
2015-04-08,345.01995849609375,348.67220972542106,338.23723131258595,340.01837857202185,3587334
2015-04-09,346.9270935058594,348.6722450808191,338.5970924881845,348.6722450808191,2674132
2015-04-10,348.04254150390625,351.802736703991,343.9944891990017,345.18191348268914,2837478
2015-04-13,351.20904541015625,352.0906257177595,343.63469347006674,348.27646931853036,3099142
2015-04-15,339.8564147949219,351.91061267277246,337.7874106815595,351.91061267277246,3098572
2015-04-16,343.36474609375,344.6781227834755,335.89833951115077,341.4756552716466,2057382
2015-04-17,338.2731628417969,342.0873400646198,336.2401546173985,341.11580332097225,3138232
2015-04-20,332.5880126953125,341.00797127983867,328.36004644974196,340.03643421822534,3223104
2015-04-21,320.4798583984375,331.040769824861,300.49145521596887,302.54247307360663,14596284
2015-04-22,315.6759948730469,320.92947845868025,310.5664507683662,318.2667517956254,7934682
2015-04-23,322.0450744628906,326.36299724898527,317.4572815026651,317.6551819046096,6391380
2015-04-24,324.1956481933594,329.92449934336736,320.74387893014034,322.04506227668105,6406490
2015-04-27,319.2257995605469,327.44861074671803,315.90052644894746,323.87032364802263,3789232
2015-04-28,314.6354675292969,319.4245771729076,308.79816657337716,317.5812305871874,5803656
2015-04-29,320.67156982421875,322.8402233324159,310.28010509744087,314.63547981426655,4076096
2015-04-30,318.2679748535156,320.96072407915443,311.74394652958415,318.8282059394898,7338470
2015-05-04,332.4546203613281,334.9666487375616,312.93673632374697,318.26801020438256,3352524
2015-05-05,329.6171569824219,335.77974092636236,327.15935489477334,333.6110881324354,3459534
2015-05-06,322.0993347167969,334.62329796265476,318.14153687086787,327.8462544116423,4595278
2015-05-07,332.79791259765625,334.3159742814843,318.105278036653,323.8883533573834,3639964
2015-05-08,334.51470947265625,342.9182394513048,331.0629413559276,335.21952607654947,3579368
2015-05-11,340.4425048828125,343.1894574876119,333.7558224567769,337.7678230881235,3592212
2015-05-12,330.9546203613281,341.002710964459,329.0931838633623,340.4786152655544,2464630
2015-05-13,338.7798156738281,341.2014831549674,331.08110018003185,331.08110018003185,2774824
2015-05-14,334.4425048828125,340.4785947863852,331.8039809064773,339.3219751902607,2252426
2015-05-15,330.322021484375,337.87614990963243,328.0087826775833,334.33402091103534,3405608
2015-05-18,336.3401184082031,337.4063775753993,325.98481004039957,331.623300937792,3014132
2015-05-19,337.64129638671875,338.58103743951204,332.5268795776366,336.14130218174137,2588934
2015-05-20,347.0206604003906,348.3399333041031,339.4845990722478,340.1171229459518,3073544
2015-05-21,350.68927001953125,352.0266104781215,346.9844877286782,348.4121887309477,2092768
2015-05-22,355.71343994140625,357.10498393916174,346.0629263479171,348.15928722611085,2995660
2015-05-25,361.1349792480469,365.05661825352774,351.7736175398474,356.0205633462622,3291366
2015-05-26,359.0929260253906,363.9723970886446,356.20138761753645,361.3519404065267,2462108
2015-05-27,358.3699035644531,363.23130505469464,355.7675155863425,357.8277403215417,2945442
2015-05-28,354.24951171875,360.23139812047117,346.44236857513266,356.418165043164,3337232
2015-05-29,365.3277587890625,377.68906624621457,347.7074488796222,352.76764044335886,11358676
2015-06-01,351.79168701171875,360.90003481631476,350.32785052149535,358.8398098749317,2304588
2015-06-02,344.3459167480469,356.7072418297405,342.1772639990016,353.1289559695451,2331440
2015-06-03,344.2014465332031,349.15320971668416,337.0268267727187,345.2677055712863,3619974
2015-06-04,339.9905700683594,342.93631037911587,337.6953991602361,340.51464354170474,3107452
2015-06-05,335.7798767089844,342.9725868750336,334.5148287343004,340.11718405075817,3000646
2015-06-08,332.1473388671875,335.418386608942,329.97868550549174,332.1654065663984,2978860
2015-06-09,329.41845703125,334.3340625317682,325.74980957487145,330.7377079334791,2442408
2015-06-10,340.67742919921875,341.924409523466,328.822126388978,330.71969842914524,5172246
2015-06-11,330.6473693847656,341.54486216179043,329.0931721054654,339.773786293786,3641272
2015-06-12,323.9787902832031,330.32212016953497,319.06318392606244,330.32212016953497,3693056
2015-06-15,328.2076721191406,333.5570136820739,322.0450853910784,324.9366237559815,1717342
2015-06-16,327.5750732421875,329.50880231822003,324.71969299578836,328.80398559070693,1778324
2015-06-17,327.5750732421875,332.02080805011974,325.1534060028593,328.96663899869947,2501764
2015-06-18,330.2677917480469,332.7255941582219,326.81602334355483,330.864180168909,2637416
2015-06-19,331.87628173828125,338.8521128221089,330.2678592972821,330.7377298149252,3563616
2015-06-22,336.7015075683594,338.1292088001224,329.63531632892744,332.2377048173451,1651062
2015-06-23,335.2196350097656,343.13520742227144,334.4244576100661,339.6473027814201,2200268
2015-06-24,339.0689697265625,341.1653524487641,335.5991329116848,335.77985403872395,2617310
2015-06-25,334.731689453125,337.24371773204547,330.28595378448045,336.14132318106203,3102502
2015-06-26,345.9905090332031,346.98447497714807,335.0568836498086,335.0568836498086,3170238
2015-06-29,335.56304931640625,343.1714055272322,332.3100685274907,336.8642328076973,2336726
2015-06-30,332.4364929199219,335.97862238178936,329.2738733895611,335.2557379177069,3974968
2015-07-01,341.21954345703125,343.00868696344514,331.47867064271867,331.5328958031824,2148066
2015-07-02,344.9965515136719,346.9664157537276,339.93636113002447,341.63514374238486,1977048
2015-07-03,348.755615234375,350.23751954750617,339.7556949170854,342.2857905175318,1725652
2015-07-06,350.5809631347656,352.5869634866991,341.020809892056,341.59910874751324,1624082
2015-07-07,338.4184265136719,349.8038591465492,337.22567131665085,348.79182510243095,2544644
2015-07-08,337.2255859375,342.28577693763395,334.3340482231377,334.3340482231377,2349626
2015-07-09,331.60516357421875,339.394238872086,329.7256596496917,339.394238872086,2299680
2015-07-10,334.56903076171875,336.1412957401003,331.46061414534586,336.1412957401003,2360456
2015-07-13,347.2917175292969,348.06882705779987,337.8038600939207,337.91231039886935,2415516
2015-07-14,345.15936279296875,349.87618086040555,342.6473341484137,348.06896918240756,2424140
2015-07-15,342.7015075683594,346.06291636965886,340.84007099685925,344.074983824078,2391962
2015-07-16,345.737548828125,348.2857120500316,341.5809633257853,346.5507938177132,1770108
2015-07-17,345.3219299316406,351.6833046236845,344.29180629628115,348.0688821712314,2073870
2015-07-20,342.1593933105469,346.91234675241407,340.84011997100697,345.79188434454755,1413184
2015-07-21,352.3338623046875,357.82778831519863,342.61108008081493,342.7918011860246,3963108
2015-07-22,355.3157653808594,356.36395662962707,349.62305048920615,352.3338671042791,1401298
2015-07-23,350.6170959472656,359.61701797080764,349.0086733127692,355.6592204047756,1595332
2015-07-24,344.3279724121094,354.4664232339396,343.5689304416049,354.4664232339396,2367716
2015-07-27,338.70751953125,346.3520318500485,333.70155325390795,344.03879265390924,3351408
2015-07-28,333.7376708984375,342.9906051300292,332.5810734225859,338.92438008331834,2392180
2015-07-29,343.85809326171875,344.8159240973745,334.4425265808405,337.58707872845673,2906782
2015-07-30,346.22552490234375,351.6832938135114,344.4725168303783,346.9484093706141,3093446
2015-07-31,360.80963134765625,363.6108080498294,345.53870029387366,345.53870029387366,3933792
2015-08-03,339.340087890625,348.23158153305144,337.6955298699427,344.2557163108499,7071618
2015-08-04,337.1895446777344,343.37019944344104,336.14135313936856,340.69551748665896,3809446
2015-08-05,338.81585693359375,341.5628082604121,336.57491134557,339.3580201213087,2358616
2015-08-06,341.9243469238281,343.3701158325969,340.35208205981513,341.99663978140313,1869728
2015-08-07,341.3247985839844,344.1953732494667,339.9258608338623,343.74116980099814,1818186
2015-08-10,340.27105712890625,345.194618034769,337.96369032266915,341.2884684096387,2216746
2015-08-11,341.7063903808594,343.74121321583743,340.4709479738263,341.9970761890126,1718378
2015-08-12,352.75250244140625,353.76991355924173,341.8152941133515,342.21498420960506,4219772
2015-08-13,350.84490966796875,359.32944344938073,347.411127138785,355.2961034930099,3156994
2015-08-14,353.8063049316406,357.5126093210669,349.50044314910804,351.408097537117,1578496
2015-08-17,351.8986511230469,356.1681633318111,349.5549570069108,354.78738935094003,1681246
2015-08-18,352.3164978027344,358.25749180679173,350.64503809850305,353.89713900142175,3223016
2015-08-19,359.05682373046875,362.52693272089397,353.0068265302026,354.29675954617466,3291464
2015-08-20,349.2823791503906,360.61929929935616,347.55640640556425,360.61929929935616,2518670
2015-08-21,350.6087646484375,355.1871269274401,341.5610223138554,347.7381897386805,3595260
2015-08-24,337.1643981933594,344.7586684697956,333.9486236564156,343.0145312212017,4216894
2015-08-25,332.1317138671875,339.27180070415915,323.35651684953524,337.92735410707746,5470038
2015-08-26,330.66009521484375,339.70783636166334,321.21266392299106,331.42314810187116,4808772
2015-08-27,331.78656005859375,337.18251088434545,328.98868427254286,329.9697460791295,4055770
2015-08-28,345.9940185546875,346.97510242538834,335.9288658402798,335.96519324449366,3081798
2015-08-31,352.8433837890625,356.09548474347355,348.1741814572092,348.1741814572092,5442574
2015-09-01,345.92138671875,354.82377534754136,336.4739538881959,351.3718287363774,2847484
2015-09-02,344.7949523925781,352.08037172937,343.0507932982654,345.1946425812474,4090120
2015-09-03,349.1915588378906,351.2808943876491,345.3762504426796,349.55492154219644,2251964
2015-09-04,341.6699523925781,350.40882114823205,340.10749717234495,348.19231748440126,2665780
2015-09-07,334.6026306152344,343.3596875356196,332.47696707395653,341.5610372125892,1340504
2015-09-08,340.2346496582031,343.03254683760315,333.5669530944144,333.5669530944144,2376662
2015-09-09,342.7236633300781,347.37470091511966,340.83417307362157,342.6509863629266,2106428
2015-09-10,332.803955078125,340.10753755837794,330.2967432057324,339.01744929697287,4118846
2015-09-11,334.3663635253906,336.0923363635526,329.37012636229036,334.65704925202755,2202750
2015-09-14,337.4004821777344,338.2907253642735,333.2763237740463,334.72977479601957,1539742
2015-09-15,337.49127197265625,338.5086830990306,334.6570473427922,337.9273116490736,2451676
2015-09-16,341.1612548828125,344.34067857287744,337.98183119274756,340.8342195749603,1801066
2015-09-18,345.3945007324219,347.33850499455787,340.68894809640364,346.6481068121348,2847952
2015-09-21,343.0143737792969,352.1892815525249,342.1786440414736,342.3058121097452,1972562
2015-09-22,339.744140625,350.82670350100267,338.29068975601604,344.10449323195184,3214488
2015-09-23,336.87359619140625,339.74417078362666,331.65934960722484,339.74417078362666,2276518
2015-09-24,346.9932861328125,348.2832195474073,337.0553009380978,337.20065491913823,3062620
2015-09-28,345.3763427734375,350.4452582891758,343.3778473654902,347.3748381813848,1557438
2015-09-29,346.5389709472656,349.0098325830709,341.5608981031615,341.5608981031615,2818428
2015-09-30,356.8767395019531,359.6201238728304,346.5935557698623,349.5549711009744,3516284
2015-10-01,311.42010498046875,332.4043081410508,303.35344582341685,323.39291450940385,26766424
2015-10-05,312.4555969238281,316.4162370765304,304.5161085630697,307.29584210989276,13383762
2015-10-06,310.1663818359375,315.39881341818193,308.3859179701546,313.58199997683295,5909462
2015-10-07,296.94012451171875,308.404217957197,294.72359782701926,307.0416072740282,13752674
2015-10-08,301.10052490234375,304.2799486823146,295.2322081401517,301.15501600326024,16981832
2015-10-09,308.56756591796875,309.14893728511913,302.86276789398454,303.58949319187053,9468336
2015-10-12,310.7115478515625,312.83723371920956,301.46398154688393,312.1286717633272,4835846
2015-10-13,301.5547180175781,309.9483876393479,300.2647626713668,309.5850249340263,5837378
2015-10-14,302.881103515625,304.8432718048636,299.7743555392545,301.2278069600509,2702158
2015-10-15,303.4078063964844,304.8249295729675,300.8642678997474,303.4078063964844,3644676
2015-10-16,305.6424865722656,307.31394580718273,303.4077975158115,303.78932384357574,2270164
2015-10-19,311.6744079589844,312.85533693114024,297.4850965906613,301.5910913505765,10051980
2015-10-20,314.0544128417969,315.58054079070007,308.2951222638699,312.1285947486602,5670558
2015-10-21,313.60015869140625,315.74400738928375,309.6213328825105,314.9627687507611,2594696
2015-10-23,311.73626708984375,317.93115947149096,309.92713606764437,316.8712582201034,3064858
2015-10-26,315.6103515625,317.47431354932,313.2530003390389,314.0753306048647,4157440
2015-10-27,317.1087646484375,319.42955397240974,312.33923229547855,315.4092735448393,3081400
2015-10-28,320.72698974609375,321.6224202639364,312.11993966522925,316.87117996458284,3351280
2015-10-29,320.1240539550781,323.5230146937874,319.155522690249,320.7819137259353,4243554
2015-10-30,318.58892822265625,320.52596780841924,317.0721772628547,320.1604877995157,2655794
2015-11-02,320.2702331542969,321.95145513498693,318.0042518890152,319.7951134471741,2020104
2015-11-03,320.1971435546875,322.31694622446986,319.5210142146919,320.25197449885474,2115610
2015-11-04,322.2072448730469,323.2306069912463,319.7950851535994,321.257005542873,1683688
2015-11-05,320.7088623046875,323.01138300852386,319.44795120513845,322.20732214017806,2370498
2015-11-06,323.6144714355469,325.09466189336297,319.64899758859343,320.70889916967513,2653852
2015-11-09,322.53631591796875,323.4500165296344,318.0043519612497,321.22059596002777,3043880
2015-11-10,311.1332092285156,321.5676617750151,309.6347497194083,320.25194231858603,1678382
2015-11-13,308.2459411621094,313.1433613704362,300.86323829988424,301.5210980523895,2950796
2015-11-16,306.49163818359375,307.88048056901823,301.52111717483933,302.6540966922776,2876114
2015-11-17,313.1251220703125,314.2763934787488,305.45003883310613,308.64799018194213,3405776
2015-11-18,309.0682678222656,312.1017483118999,305.2672657077198,312.1017483118999,3046948
2015-11-19,319.4114074707031,320.471286607418,309.2145015354794,310.6581527065437,3528336
2015-11-20,316.706787109375,319.57581937754173,312.6682363266069,318.698658184455,3386922
2015-11-23,315.68341064453125,317.21843140084303,313.80117936009265,315.04382052166244,1179312
2015-11-24,316.5789794921875,318.88150047833886,313.07035590206556,315.0804971658259,2248674
2015-11-26,315.372802734375,317.60222253124505,313.161630174841,314.7514820723688,2081658
2015-11-27,318.8996276855469,319.7950583102421,315.48239798531347,315.7747775771991,1580942
2015-11-30,318.31494140625,322.2621225685713,315.2814606197965,318.75352204809417,5165146
2015-12-01,320.78192138671875,323.70576248892036,317.62050927210834,318.31493045673614,2547178
2015-12-02,314.1849060058594,322.3533754751498,312.85089501896624,322.3533754751498,2575382
2015-12-03,311.0783996582031,312.8509692409784,310.3839785372674,312.8509692409784,3836614
2015-12-04,305.5413818359375,310.658103541324,303.7688121679974,310.383993449964,3778328
2015-12-07,307.8440246582031,311.6998370164489,304.81054290130976,307.0765250197989,2622184
2015-12-08,313.60015869140625,317.2001506399365,307.6062991362224,307.6062991362224,3176258
2015-12-09,308.5565490722656,313.2164199643845,306.8936192153283,313.2164199643845,2604402
2015-12-10,309.08660888671875,310.65816928165657,305.90692669264297,308.4652880867272,1837816
2015-12-11,307.2226257324219,310.62160920065804,305.632795896355,310.62160920065804,1062294
2015-12-14,307.3140869140625,311.6267720974445,301.88671363655436,308.09987844505486,1536460
2015-12-15,308.90374755859375,310.54840780934774,307.3321877804109,310.54840780934774,1609352
2015-12-16,309.5799255371094,314.2397969821024,307.99009596696607,310.4022557921081,1630720
2015-12-17,314.4773864746094,315.88447607084424,309.65304423344577,311.18806526115293,1939764
2015-12-18,309.2509460449219,316.14023590449676,308.79409599303676,314.31283569695637,2838258
2015-12-21,312.6500549316406,313.56375547074344,308.154652740683,308.8307822167623,917704
2015-12-22,310.38397216796875,312.64995322926785,309.1413309161527,312.4854827243018,1436920
2015-12-23,315.70172119140625,316.30477230843434,310.4753599699954,310.6581000288359,1346418
2015-12-24,314.422607421875,316.50584899563006,312.68657649493593,314.56880842278935,741556
2015-12-28,317.127197265625,319.42971823310785,312.0652827400024,313.76477471753213,1803666
2015-12-29,312.3027038574219,316.5057244476622,309.39713298795976,316.1219748551971,2285528
2015-12-30,307.1860656738281,313.7647083652367,306.27236530002136,312.4306968966236,1752074
2015-12-31,312.5221252441406,314.3129872337947,305.888672676922,305.9069422263793,1747706
2016-01-01,309.14129638671875,312.52198690408414,308.2824271781329,312.52198690408414,970392
2016-01-04,309.17791748046875,312.4672386190365,306.0713364051548,307.3687863928292,2172072
2016-01-05,308.02655029296875,311.04176039824137,305.6874915955805,310.2742612942966,1465382
2016-01-06,307.5149841308594,312.0103851781776,305.90686266829096,312.0103851781776,2797870
2016-01-07,301.539306640625,306.23573860276156,299.32815682998614,305.5778566761112,2901314
2016-01-08,302.7454833984375,305.8155256833971,297.42775150050653,302.6175742645387,3376870
2016-01-11,297.7017517089844,304.44486267258236,296.4408411536562,297.8662221826586,2535276
2016-01-12,296.0572204589844,299.32827258788694,291.67145822326444,298.9627924015769,2315328
2016-01-13,302.0328674316406,303.29375636455103,293.9557410596443,297.7932834293711,3158468
2016-01-14,302.9281311035156,307.6611022215644,296.0571106116987,296.0571106116987,5081220
2016-01-15,306.2904968261719,307.73414722767984,298.2316676220745,302.80016743246165,4571182
2016-01-18,307.86212158203125,312.10170368935553,303.75047088080265,303.75047088080265,3774136
2016-01-19,306.36376953125,317.96776557373994,292.3841522517149,316.871325002796,10618998
2016-01-20,307.69781494140625,309.1962749634072,300.7902296629836,303.73234105670326,3976018
2016-01-21,305.2672424316406,310.7129046466002,303.80532208476654,308.46519319042767,3348430
2016-01-22,306.7292175292969,311.0053397686128,304.0429473352736,306.27236733935155,2018478
2016-01-25,306.52825927734375,313.91096404553434,305.8521074986274,309.7444806921286,2190134
2016-01-27,307.7430419921875,309.5468080436463,305.6079871035203,308.47926936537453,2201518
2016-01-28,310.87188720703125,312.82288449225854,305.42381126168937,306.6385814605767,3201306
2016-01-29,318.6943054199219,320.2587880050038,310.0620381921904,311.14797765658557,3835114
2016-02-01,324.0504455566406,327.58435012049836,318.71279756649164,318.71279756649164,2594492
2016-02-02,321.2342834472656,325.7804765910791,319.17283418246626,323.9399089267227,2225464
2016-02-03,313.66961669921875,320.2588596962095,312.4732473957559,318.91523595286355,1956090
2016-02-04,319.2833251953125,322.02577603656573,312.51004836767385,314.7739335498001,2634614
2016-02-05,320.1299743652344,322.8356001110585,315.97027305997557,322.8356001110585,1967702
2016-02-08,312.804443359375,319.87222697916155,311.4240177487864,318.82309003439536,1610434
2016-02-09,298.337646484375,310.68785223053385,296.68113542390415,310.3197386615403,3334436
2016-02-10,304.5772705078125,306.6386981468594,297.2886016051708,300.1967086899926,2265394
2016-02-11,297.4356689453125,304.57707889475813,295.0797338675117,304.57707889475813,3238414
2016-02-12,293.8466796875,304.006606008056,288.95077332627466,299.6444688576574,2784934
2016-02-15,304.46673583984375,306.4545581773312,298.3008333179575,299.27634330110544,2761612
2016-02-16,303.4360046386719,308.4423625621913,301.5770356442948,303.7304909946745,2104598
2016-02-17,303.62017822265625,307.3749424927904,300.5096129337945,305.51597278326574,2720362
2016-02-18,310.6695556640625,311.79229793400395,304.55885488026155,305.1846526518626,2129164
2016-02-19,313.4671630859375,315.473386901112,304.94534587032456,309.95168234625004,2366136
2016-02-22,311.4057312011719,312.8229596959356,309.2522529752037,312.8229596959356,1847550
2016-02-23,305.1477966308594,312.52847038368395,304.4299705621986,311.0560158706866,1260954
2016-02-24,298.5584716796875,308.8472492563539,297.8038434426583,305.3869731142493,1722248
2016-02-25,297.7118225097656,300.01253211185036,294.38039949952037,297.06762382118194,1619632
2016-02-26,303.5648498535156,306.2704754754362,299.6444315348619,299.77326229100356,2047824
2016-02-29,299.36834716796875,306.1416455346311,292.65027482143887,302.58934075877073,3094060
2016-03-01,306.3257751464844,309.7308263235244,297.80393537571587,299.6077012025946,2114472
2016-03-02,314.681884765625,318.41824658846417,305.29498847891307,308.1110663520746,3279278
2016-03-03,316.3199768066406,318.91517290443954,313.4854979083053,318.41822858685606,2015842
2016-03-04,307.5220947265625,316.9825957892583,305.6631031671767,316.651307046895,3554776
2016-03-08,300.1046142578125,306.25211590944315,297.96955985816953,304.7980626868675,6490012
2016-03-09,300.2519226074219,301.11698074098246,294.9878791751803,299.6261248775881,12221478
2016-03-10,301.0617370605469,302.92072895126205,296.84685377881357,302.5157904590411,5015794
2016-03-11,302.97589111328125,303.6937171200483,299.0922971636839,300.7488083479751,4241030
2016-03-14,304.7611999511719,305.68148377459266,302.58932114075213,303.2703221829368,2852722
2016-03-15,298.85296630859375,304.41149420326457,298.3560220203213,304.06178184921083,2711290
2016-03-16,299.9756774902344,300.56465005862344,297.2516288087427,299.44190846195875,2436508
2016-03-17,300.1230773925781,305.1662392783283,298.3745374208386,301.8532161739798,3429634
2016-03-18,303.3808288574219,305.09254359655836,300.0125804699059,300.3806940655745,3323064
2016-03-21,302.7918395996094,304.7980632291728,300.0862136051946,304.7980632291728,3316402
2016-03-22,304.96368408203125,305.9023691689398,300.7487793153115,302.1292051689619,5466422
2016-03-23,301.0065002441406,305.5342931062371,299.42361623126095,304.7980658939329,5018640
2016-03-28,298.4113464355469,304.2459389392464,296.8652645753115,301.81639777878706,5914488
2016-03-29,296.994140625,300.4544185314802,294.4541694734535,299.86542310703777,5063370
2016-03-30,302.0740051269531,302.5893731437867,296.4970976792955,296.4970976792955,4604684
2016-03-31,299.6811828613281,303.5095721398682,298.1351241794796,300.0124939890753,9173934
2016-04-01,302.00042724609375,303.3256273103004,297.06769567889853,301.85317280879406,5329616
2016-04-04,309.1602783203125,309.9333305619432,300.01266197009295,300.01266197009295,5661970
2016-04-05,310.4117126464844,312.4915629339004,306.472893655055,309.1601177441316,4999776
2016-04-06,308.7552185058594,312.14186742298426,304.09857343632933,311.7921550813268,2165840
2016-04-07,304.96368408203125,311.7553837755652,304.429914925046,311.7553837755652,1881660
2016-04-08,306.6754150390625,307.74295341004915,303.91456318430727,306.21527306327,1445784
2016-04-11,308.95770263671875,309.9332125459384,303.472824140505,307.908587990694,1940546
2016-04-12,309.08660888671875,311.05600775934795,305.9944455029089,310.3197805220477,1419372
2016-04-13,308.3135070800781,311.60812792919387,307.43004801853107,311.037556405886,2636408
2016-04-18,314.111328125,316.8169765462435,311.0559897605709,311.07439094686424,5853044
2016-04-20,309.6570739746094,317.4978868609058,307.5588225765644,317.4978868609058,2778022
2016-04-21,311.51611328125,314.8659378313067,308.66323307099333,310.68785773633675,2235054
2016-04-22,311.11114501953125,313.9640247500536,308.6079551526512,308.6079551526512,2221718
2016-04-25,311.0928039550781,312.89656963778583,309.67557553857336,309.67557553857336,1662860
2016-04-26,312.82293701171875,314.8843866802854,306.69385896965605,308.86571575826866,2257126
2016-04-27,308.3135070800781,315.06840437355856,305.9207689447683,312.71246860702917,4550172
2016-04-28,294.4540710449219,302.9574860276881,293.2577018716655,296.3314413758067,17843912
2016-04-29,276.195556640625,292.28212120558874,275.0544137691598,292.28212120558874,17978662
2016-05-02,273.2139587402344,278.40435227919335,272.4409065854084,276.0852407504643,5021166
2016-05-03,268.13397216796875,275.18333457262787,267.2688916725899,274.9808765734107,6999808
2016-05-04,271.33642578125,272.5880205480893,267.3424036773124,267.6184887757743,6404110
2016-05-05,272.00457763671875,274.56539297587597,269.25817233149627,273.4519890930441,5077866
2016-05-06,268.1818542480469,272.0231109687233,267.58804794596335,272.0231109687233,6136478
2016-05-09,267.7366027832031,272.0417565822615,266.5675193249786,268.70154401849567,7384902
2016-05-10,266.7715759277344,268.7757120538505,265.7695078646763,268.5159132742042,5401936
2016-05-11,263.04156494140625,266.02919300041395,262.16940796687487,263.8766175285218,8421688
2016-05-12,265.2499694824219,266.80873972268057,263.32006454935225,263.87676658856867,3558646
2016-05-13,268.3860168457031,269.81487611083304,264.61899128889127,266.4746644395848,7150908
2016-05-16,266.8272705078125,269.29530242553017,265.7880979818123,269.27675022283165,3233028
2016-05-17,271.78192138671875,274.26852827091307,267.2169693573172,267.2169693573172,7834720
2016-05-18,275.4747314453125,276.34688893057915,269.8149272627042,271.6706007651987,4249196
2016-05-19,270.96539306640625,276.1241736511698,270.0004520580995,273.89736579914427,3490682
2016-05-20,273.3963317871094,274.6396237255033,270.5571428322864,270.5571428322864,3846760
2016-05-23,272.24578857421875,274.58393208624454,271.67053445929906,274.0272301713689,2076592
2016-05-24,274.36126708984375,275.1777677820781,270.94682406466535,272.7839449591277,2790030
2016-05-25,278.1097412109375,278.499450715659,274.6953205491329,275.381910591455,3373494
2016-05-26,274.9737243652344,279.0933107151501,273.39640179802774,278.7407281990861,6462218
2016-05-27,281.171630859375,281.9510272963412,275.6046105336039,275.6046105336039,6090190
2016-05-30,277.44158935546875,283.4354205570392,276.56943234636503,282.47045727121485,3186652
2016-05-31,274.56536865234375,279.5942378805119,273.2849497700665,277.60867685959846,30096216
2016-06-01,272.6169128417969,276.25402735055025,271.5591883045639,276.12413930291046,4493556
2016-06-02,267.71795654296875,274.491163546879,265.54682801631805,272.7839533081674,8587656
2016-06-03,267.9220886230469,269.6107465971078,267.4767225529433,269.18393272737114,3006706
2016-06-06,268.9240417480469,270.4457067447479,265.58383134605884,267.95910113726205,4081070
2016-06-07,269.7034912109375,271.46638038354286,267.8106913500497,270.1859616119362,4984376
2016-06-08,275.93853759765625,276.49523942199585,270.31584011092434,270.5570866290402,3800608
2016-06-09,279.4828796386719,280.54062674025994,276.1241163559227,277.8684533418482,5557702
2016-06-10,278.74072265625,281.3201134511962,276.84794467414673,278.3510357366717,11571664
2016-06-13,279.7056579589844,280.5778153877103,275.2705940450885,276.4953339468838,4130226
2016-06-14,279.2416687011719,283.89940317721346,276.14268134852534,280.20660955396477,3292742
2016-06-15,280.2809143066406,281.0602880721787,278.33245724053234,278.72214412330135,1958544
2016-06-16,278.98187255859375,279.83547757512207,275.567429840223,279.2973278954876,2266304
2016-06-17,279.7056579589844,280.20668071127153,277.55305871382916,278.3510073290777,5434012
2016-06-20,286.0149230957031,290.0231727293667,277.5530350718721,278.33243141736233,8265372
2016-06-21,285.810791015625,287.9262630963127,284.3633794410316,285.2169846238321,2932940
2016-06-22,285.94073486328125,287.25825852113593,284.4005167935089,287.25825852113593,3134118
2016-06-23,285.6994323730469,286.5159330858679,282.8045868023722,285.77366382916875,2584436
2016-06-24,275.326171875,277.1261881320399,268.44163012741535,276.1055680638674,6163378
2016-06-27,272.80255126953125,277.9798847618367,267.58811336887084,271.0025570712981,2887506
2016-06-28,264.6932067871094,273.71177322530144,263.9323853716467,270.55712905931495,5685362
2016-06-29,270.35308837890625,270.9097904528615,262.7633789068637,265.6211207502869,4966468
2016-06-30,271.0952453613281,272.9509181714512,269.59215491557967,270.6313271587974,4793986
2016-07-01,271.5592041015625,273.4519815895349,270.92827072148526,272.7839438086187,2023766
2016-07-04,277.73870849609375,278.3510899549024,272.4314855780742,272.78406815580433,3263618
2016-07-05,274.04583740234375,277.6087210176009,271.744798018537,277.6087210176009,3735640
2016-07-07,266.140625,275.01075141420955,265.639602327558,275.01075141420955,6865136
2016-07-08,267.9035339355469,269.35096810926717,265.36127068291563,265.36127068291563,1702632
2016-07-11,266.02935791015625,269.6664735693209,265.3798721620102,267.959262949386,4248750
2016-07-12,267.71795654296875,268.4416736026057,265.75094753255917,266.4746645921961,3229836
2016-07-13,267.2170715332031,268.7016108194987,265.95520407894315,268.1449085871378,6713100
2016-07-14,270.27874755859375,270.89112865309966,267.06842450334614,267.7735892393071,2168772
2016-07-15,266.2890319824219,274.6395591177592,263.59830657214656,272.0045129492879,5935062
2016-07-18,268.144775390625,268.9612761229586,265.3612656114836,268.03343952991145,1857346
2016-07-19,270.9839172363281,271.55917129338883,266.38183947532923,266.38183947532923,3469512
2016-07-20,270.9283447265625,271.6335097531954,265.95513043368925,269.03556672157083,2444450
2016-07-21,268.5343933105469,271.26224578536505,267.2725494592083,270.92821563669185,1770048
2016-07-22,270.6314697265625,270.92837300213864,267.8108319779192,269.07269921445277,1828628
2016-07-25,274.7881164550781,275.01078819433053,269.0726335234678,270.74273952464796,2976604
2016-07-26,276.5880432128906,277.3859916134884,273.2478320234696,274.2313477123685,2698330
2016-07-27,279.6499328613281,280.16953038408434,275.5674520896299,277.2375578598701,3354578
2016-07-28,278.6478576660156,281.6726137659457,276.90352048729085,281.13446405677144,4554068
2016-07-29,279.4458312988281,281.3200566975616,276.6808737045279,277.97984494257736,1694656
2016-08-01,289.6520690917969,293.56753548340475,279.27885012801784,279.4644174702956,6053078
2016-08-02,297.18603515625,298.72625282895297,289.91180595419684,291.65612047707856,9400178
2016-08-03,306.61285400390625,318.6190490632066,302.9757168595962,318.06234717200704,19105090
2016-08-04,305.7593078613281,310.2686034435727,304.36755276214944,309.15519936422976,2971674
2016-08-05,304.9798583984375,308.5798685589042,303.3283048933913,306.1118144011349,2600712
2016-08-08,303.9964294433594,307.8191350472784,301.21291914085424,305.0727291545673,3029132
2016-08-09,303.16131591796875,306.0376093238404,301.00873957692977,304.701533705888,2480738
2016-08-10,305.89068603515625,306.58235661419945,301.17977271720486,305.36724361542366,2305396
2016-08-11,308.2835693359375,309.36783334753676,304.26434864656255,306.5824153755744,3479246
2016-08-12,304.4137878417969,312.37744525745524,301.7218412001991,308.84426671660043,3303140
2016-08-16,296.2445068359375,308.00306510353437,293.7021214099409,304.039936894176,4489542
2016-08-17,293.3282470703125,299.42250100055503,292.3748553667878,295.36590248051454,4735658
2016-08-18,293.795654296875,296.26328232894423,291.6645282573234,295.2911781393838,3083444
2016-08-19,292.3187561035156,297.01097939063226,291.4775241258079,293.4964900002576,2618344
2016-08-22,288.72955322265625,294.3751462360596,286.0189164329324,293.4778456803557,2693530
2016-08-23,295.73980712890625,297.5531204593298,288.48650816745123,290.1315933401154,3415382
2016-08-24,295.4967346191406,298.4877815603398,292.03833659337914,297.2352897816635,2417448
2016-08-25,298.3755798339844,300.9740560620978,296.8800565740485,298.35689035721,4425822
2016-08-26,291.1598205566406,299.2730425923082,288.93522410526464,298.3570296041081,3324064
2016-08-29,282.3175354003906,292.7301349950028,280.82201139282427,292.7301349950028,3060904
2016-08-30,289.3464050292969,290.0380754883956,281.86878787200664,282.6539285455715,4320538
2016-08-31,291.0849304199219,296.65576419787556,289.0285857504576,289.3837771209766,5584352
2016-09-01,293.04791259765625,295.19772826961264,291.29066739747157,292.1132101315883,2597516
2016-09-02,293.3282470703125,294.4312002574749,291.29059166011046,294.2255703323819,2263652
2016-09-06,293.72076416015625,294.73024694189826,289.6454768988727,291.7205108936414,3044598
2016-09-07,294.2816162109375,301.72185446383276,292.74871381063326,296.0762625974788,3579364
2016-09-08,289.3650817871094,292.3374390404364,280.59757149164966,292.187877575915,5158732
2016-09-09,291.83270263671875,295.1789409197976,289.0099066890482,289.38378755151786,2934120
2016-09-12,292.63653564453125,296.1510018199336,287.8882444512946,288.63600612519406,4770494
2016-09-14,290.2624206542969,297.10445921678206,289.75769057930376,293.36565030608136,3247132
2016-09-15,291.25323486328125,293.3095799104546,289.7577111926097,292.73006905204545,1906998
2016-09-16,294.001220703125,295.72108644213375,289.38380096554073,292.37484800394424,4318854
2016-09-19,295.0107421875,298.43176181260213,292.3375072395793,295.36593363369394,3766566
2016-09-20,296.13232421875,297.51568793492027,293.3095283505435,297.2165878173398,3031210
2016-09-21,296.3380126953125,298.35697882281767,294.80511002730793,296.84276563712916,2806130
2016-09-22,294.9360046386719,299.0860972465047,293.0479102364049,298.730905748284,2234722
2016-09-23,298.0765380859375,300.6002340810207,296.26322490631054,297.1044569046716,5211570
2016-09-26,294.9733581542969,297.96440553210607,293.7395556749267,297.2540226519242,3651990
2016-09-27,297.5530700683594,299.0299040132801,293.1225910534737,294.97330585432996,3263196
2016-09-28,297.7213439941406,299.8150906408904,295.36589898394055,298.35694606225894,3066374
2016-09-29,295.7584533691406,300.82453452034594,292.11311493939803,298.73081080659847,5692688
2016-09-30,299.0672912597656,300.6001935666704,294.24421932458904,297.98302770228395,3662600
2016-10-03,302.3200988769531,303.59130311647664,297.0110081374705,300.9741367103001,3033736
2016-10-04,305.89068603515625,306.9562375368997,302.843547387197,303.77824969394766,3013374
2016-10-05,305.0869140625,307.7975514729818,301.4415740966797,305.9281463623047,1596940
2016-10-06,299.6843566894531,305.3673533201169,298.05798321937675,305.08694252735273,3177462
2016-10-07,301.55364990234375,302.6379136926879,293.6086803934363,299.90858755478047,1535854
2016-10-10,303.9651184082031,305.0306696584368,299.85242922924834,299.85242922924834,1538488
2016-10-13,300.3385314941406,308.48913079679846,295.60895165795307,302.7687574176783,4152022
2016-10-14,303.8531188964844,307.51714844159835,299.04873394926386,300.6003493581095,2752386
2016-10-17,302.24530029296875,305.83454746781877,300.2263344946925,305.6849859939179,1480186
2016-10-18,312.1157531738281,312.71397627205636,303.59127369800746,303.59127369800746,2653938
2016-10-19,310.5267333984375,314.6768244985658,308.82558010589713,312.04094626718495,4278520
2016-10-20,304.91864013671875,311.4428680469371,303.6100566575299,310.152974053474,4977454
2016-10-21,310.9754333496094,317.3127190620984,307.0496839655747,307.7039755295804,10282518
2016-10-24,303.0866394042969,312.90101557743446,302.33887741015303,310.78857881602414,3414444
2016-10-25,300.805908203125,303.40438532161176,300.03945683375656,301.6284508419104,3469130
2016-10-26,295.68365478515625,300.54410573144236,294.4685420485847,299.7402756130204,3223550
2016-10-27,291.7090759277344,296.3618175359083,290.5788586455701,295.66483641530937,4050632
2016-10-28,287.5084228515625,294.3085582860478,286.32168561477033,291.65255251177626,5422932
2016-11-01,291.1816711425781,292.5002580449031,288.9589011666409,290.7672443195347,2196342
2016-11-02,287.9416809082031,291.21931557891446,287.4519246917357,288.20540286917145,2054166
2016-11-03,287.48956298828125,289.80651736874563,286.5100506453442,288.5444507352313,2406676
2016-11-04,299.4134521484375,301.01459360377675,287.4519836291385,287.4519836291385,5683326
2016-11-07,307.8712158203125,311.75162418715956,299.46993797884807,301.391298307828,5987574
2016-11-08,304.7818908691406,307.38139950691715,298.09477274438507,305.53536896770464,2514742
2016-11-09,295.6837463378906,300.5436911238386,287.50852424775917,288.2054825568618,5296796
2016-11-10,297.49212646484375,303.576450911595,292.34962704904285,297.6428083522877,3644546
2016-11-11,287.8663330078125,298.7541020403045,284.43801644442607,295.68366922135135,5043522
2016-11-15,290.3717956542969,296.49380886140983,277.2801058729322,288.2055448271646,5257576
2016-11-16,291.53955078125,296.85158602348196,287.9228645266358,292.3495490646639,4562692
2016-11-17,286.3783264160156,292.3496338372504,284.8148494600017,288.58224164862605,5376838
2016-11-18,287.772216796875,293.4609922777315,285.4175968944514,285.4175968944514,3682234
2016-11-21,285.7001037597656,293.6681453819078,284.5133893229416,288.20542811694605,2155720
2016-11-22,287.1129455566406,289.14734650831,284.4569386989821,288.205498474081,2063646
2016-11-23,287.6214599609375,289.59934016350593,284.98428635751293,287.4519227732801,1801756
2016-11-24,289.2603454589844,291.087544326933,283.68461004631695,288.2054803259395,4187488
2016-11-25,302.1259765625,305.9122005542368,290.10798805727865,290.82380166517595,5477332
2016-11-28,303.6705322265625,305.59191533996346,297.7557240445949,303.6516998713419,3033048
2016-11-29,303.3880310058594,306.55264904387525,301.1275961199431,303.65175300808284,1647360
2016-11-30,302.8229064941406,305.3282308931279,300.63782415055925,305.1586936866579,3063460
2016-12-01,302.5592041015625,303.8401264174847,298.37740870756096,302.86061381895576,2512750
2016-12-02,298.9801330566406,307.75817226173973,297.62388152842004,302.03173348663086,2103394
2016-12-05,298.9048156738281,301.93756087598626,294.68533309092845,297.45435632021844,1507316
2016-12-06,294.1955871582031,301.95640381011304,293.2537393609164,300.6378168939117,1557628
2016-12-07,295.87213134765625,297.2849033945719,290.5035975693767,296.3807430811479,1621702
2016-12-08,299.4510498046875,300.26104802783914,294.98670088556844,297.24713537511303,2063636
2016-12-09,302.634521484375,303.61405696380206,295.0809069521954,300.26106969792494,2699554
2016-12-12,301.31597900390625,302.7287508700108,297.86882944721145,299.8843747784538,3011062
2016-12-13,301.74920654296875,302.8605915597576,298.0760000769534,301.7868712577081,1877952
2016-12-14,309.2274475097656,310.54603435477077,299.978507238667,303.68937816187815,3721154
2016-12-15,313.5035095214844,316.46090280832857,309.6795977481501,309.6795977481501,5601630
2016-12-16,309.1521911621094,314.8786318388096,307.1178131942183,314.8786318388096,2632882
2016-12-19,310.69677734375,311.5256080612521,307.04240303999035,309.1521330533297,2148158
2016-12-20,312.75006103515625,314.2570178590431,310.56495524505124,310.8098449266674,2804568
2016-12-21,309.2274475097656,315.25527308693194,307.5321215661876,314.5771473083667,2063788
2016-12-22,307.83349609375,310.0186011746746,303.65170146240865,308.28558759305605,1582514
2016-12-23,299.0367431640625,307.4191904527559,298.0007103531004,307.4191904527559,2905268
2016-12-26,297.7746276855469,300.56248354584244,295.09976597489947,298.33973639978234,1117150
2016-12-27,303.218505859375,305.12105702621346,296.49372100384466,297.20953461060896,1011418
2016-12-28,304.0472717285156,308.0783845074235,302.95474218659683,305.1586566200098,1434432
2016-12-29,308.68115234375,310.77207260844466,303.3879729313167,304.0660986684182,3560002
2016-12-30,311.921142578125,312.69345313459144,307.00470191987483,309.6795403332942,2051884
2017-01-02,312.12835693359375,314.20042206713,309.7925698205595,310.0562918000575,842486
2017-01-03,314.6336975097656,315.3306557111555,310.24467739323364,313.0702209031902,1437066
2017-01-04,322.8465881347656,323.9956378328649,313.8425141181898,314.78436190258765,4233756
2017-01-05,318.21270751953125,327.66885025203874,316.49852612475996,323.9956438249535,4157614
2017-01-06,306.8163757324219,316.5739060090642,303.9343120111248,314.57719309487356,5591598
2017-01-09,315.82037353515625,316.51735464601825,303.6328732104787,303.8400751104483,3839588
2017-01-10,315.6508483886719,317.9678030708658,314.3887815908027,317.4780468356179,2613934
2017-01-11,313.9178771972656,318.1561923709461,311.4690728746947,316.2724967381992,2766112
2017-01-12,319.3617858886719,320.1906166274908,312.71233061359396,312.71233061359396,3290556
2017-01-13,320.3225402832031,323.2234370434124,315.9335189192821,320.30370791998416,4573998
2017-01-16,312.9006042480469,319.4370403714066,311.48783285177217,319.4370403714066,2429338
2017-01-17,315.6131591796875,317.77940885474953,311.5632141350064,311.5632141350064,4099262
2017-01-18,317.9866943359375,318.5518030953738,315.04813338573564,315.51905735193253,2168782
2017-01-19,318.0242614746094,320.7744517956296,315.5566024318545,317.9677414223609,2112076
2017-01-20,315.9899597167969,318.3445793868177,314.08743162228654,316.46088365080107,2219790
2017-01-23,322.9783935546875,324.1839631530764,311.93994362666734,314.2003780007736,3969016
2017-01-24,319.7761535644531,321.73520154509265,311.52558081089046,317.2143322025387,7390624
2017-01-25,316.9317626953125,322.97842055262464,315.537823449228,321.3584470479662,3855738
2017-01-27,318.0430603027344,320.1904771469343,316.7056414856446,317.96770790578785,2699128
2017-01-30,316.55511474609375,317.3651132288078,311.97772424021883,313.1079418471671,1899068
2017-01-31,305.5920104980469,315.4437267563096,296.53141436569535,314.6714159971473,9645094
2017-02-01,308.93194580078125,311.0384247028496,295.53395605684614,305.53499925051125,9033230
2017-02-02,313.9420471191406,316.57987802511457,307.48975352849965,308.9509989871625,3760086
2017-02-03,315.3084411621094,317.1872020802345,310.03273242890043,313.12604749773124,2257058
2017-02-06,312.7842712402344,317.4906572548147,309.93767240053194,316.9213374868742,2185076
2017-02-07,309.5962219238281,314.15078194281585,308.1918946181689,312.7464546371566,2605080
2017-02-08,306.86346435546875,310.8676768515211,305.4401644280315,310.848704152293,2824810
2017-02-09,311.1143798828125,312.10119186290683,304.41537254022063,307.7933468421456,3130268
2017-02-10,314.4163818359375,315.02364707004,308.305668276494,312.02521995816005,3550994
2017-02-13,313.9989013671875,316.40903620592246,311.6077623912325,315.4032284374107,1209256
2017-02-14,315.78277587890625,316.71266969582155,312.93617633672864,314.72005001629725,2246504
2017-02-15,315.13751220703125,318.28774410258694,312.2149989870351,315.7827460086955,1995766
2017-02-16,320.7169189453125,321.43806684590305,313.97996591421276,313.97996591421276,3441322
2017-02-17,318.5345764160156,322.61470354913706,315.4412614627674,322.61470354913706,2079702
2017-02-20,320.3372802734375,321.4759198952625,317.7753411243312,319.5781871922208,1331008
2017-02-21,323.1080017089844,327.35892807480286,320.3752616762664,320.3752616762664,3074096
2017-02-22,316.617919921875,328.3079557956802,315.2325649461696,323.48770718727485,3487340
2017-02-23,319.90081787109375,322.99413168879363,316.92138655715945,316.92138655715945,6776184
2017-02-27,318.80010986328125,323.12692636999606,317.3198691422821,320.67886980433974,2385238
2017-02-28,318.8570861816406,321.09642036535655,317.2440131478903,320.3373271730035,2286110
2017-03-01,322.27301025390625,322.9941580634481,318.6483448406205,319.95778524969063,2193694
2017-03-02,320.2424621582031,323.9430417209201,318.5534750579794,322.61462854456016,1735692
2017-03-03,323.7153015136719,324.4364261478165,316.97834942387084,320.3373275375818,1712464
2017-03-06,324.7211608886719,329.33266236591203,321.13444009145076,322.88036873740316,3084616
2017-03-07,325.40435791015625,327.0553999745189,323.44970628095604,327.0553999745189,1494044
2017-03-08,321.7416687011719,325.650994184704,320.4322282522569,325.27144757143515,1458528
2017-03-09,320.47015380859375,324.13278766617776,319.71106062904767,324.13278766617776,1533834
2017-03-10,321.229248046875,325.6509750985786,319.16073765834267,322.367887819947,1412616
2017-03-14,323.98101806640625,328.30785923473525,322.6146593636127,328.30785923473525,3171728
2017-03-15,319.91998291015625,324.8540909388316,317.7755343852611,322.80452910679554,2478532
2017-03-16,324.6641845703125,327.8903308060903,322.4627956651145,326.71372239715913,3690466
2017-03-17,328.5924987792969,330.58511861018485,323.7532791899974,325.36635238643055,3987020
2017-03-20,328.06109619140625,333.6214631773024,326.84656559748487,330.9456642661848,3392968
2017-03-21,326.1444396972656,331.8756081520025,323.35478101773856,328.3078602883732,7366514
2017-03-22,331.2492980957031,331.989418605422,322.0452929638546,322.88030012441726,3364236
2017-03-23,332.72955322265625,334.0010251315982,329.80703961961734,330.60407825422465,2848278
2017-03-24,331.3631286621094,332.672568963156,330.64200407774354,331.07846873430293,1751020
2017-03-27,323.43060302734375,331.4200533008205,321.49490171588036,329.44640660049197,2353860
2017-03-28,326.3721008300781,330.49017179809607,323.43061494844136,324.72105937129743,1796222
2017-03-29,333.0900573730469,333.81120511540837,326.2582191785303,328.45960779597726,4242538
2017-03-30,332.42578125,334.6461420975381,328.3266838250486,330.20544356814105,2927478
2017-03-31,332.00848388671875,337.85351247492264,329.06699689029455,335.519290946967,4314580
2017-04-03,328.78216552734375,333.33672366451907,325.84068006375134,331.761596375807,1874754
2017-04-05,322.8044128417969,329.8260255843874,321.2482809056602,329.8260255843874,3578706
2017-04-06,323.9429931640625,325.10060555394904,321.4759404920456,321.8554870569713,2089810
2017-04-07,322.3489990234375,325.87877860554255,321.43810086730576,324.09492769598353,2059774
2017-04-10,316.1812438964844,325.46116153190076,315.40317811429685,322.2350159073863,1485086
2017-04-11,316.4659423828125,318.0600426953295,313.50548361138686,316.92140292434385,2620546
2017-04-12,315.64996337890625,316.90246262188447,313.88506228719524,315.5360808576182,1311888
2017-04-13,307.0911560058594,315.97255603640053,305.686852067136,315.97255603640053,2293364
2017-04-17,307.7363586425781,310.27932533041076,303.6942015147486,303.6942015147486,1404094
2017-04-18,306.6925354003906,311.20914787982855,305.155376755096,308.19174866310686,2028564
2017-04-19,306.9013671875,311.05740703232254,305.13648942167515,306.1043286049579,2636200
2017-04-20,309.2925109863281,309.6720575585702,306.9013490486557,307.7173834452498,1079608
2017-04-21,308.47637939453125,311.77843816575637,306.59761982075855,310.0894518183107,1780310
2017-04-24,311.05743408203125,312.74642120834494,307.1481084500645,308.57140830386464,1373968
2017-04-25,311.2091979980469,313.44850874142384,308.79906350851917,312.746356890891,2194602
2017-04-26,303.7322082519531,311.9873479326529,302.3278810064663,311.94940253372994,1918248
2017-04-27,307.31890869140625,311.2282343186123,302.1950292239657,302.4986618926024,5640334
2017-04-28,308.98883056640625,311.22816443041023,303.5423469551471,308.53339324856626,2794138
2017-05-02,312.00628662109375,313.2967543634519,308.0779884675262,309.7669755178904,1722732
2017-05-03,316.9593505859375,317.8702716755207,311.6077528902716,313.1069665659381,1989864
2017-05-04,310.46917724609375,319.80601609748743,306.7306517985875,317.3389627330625,2758496
2017-05-05,314.8718566894531,315.7827778148089,309.0647982209479,311.5887924300933,1856816
2017-05-08,318.8950500488281,320.7168690505343,313.3916244852391,314.96672893678607,1581634
2017-05-09,322.5197448730469,324.4554233959481,318.8001925779633,320.71689840273564,1814522
2017-05-10,320.1855773925781,322.9562867532603,318.09807060426175,322.14025210609645,1515412
2017-05-11,318.32574462890625,325.9546221802243,317.149136245189,325.57507557238387,7029834
2017-05-12,321.72259521484375,321.9313411536086,318.4584814638962,318.81905526667896,3295402
2017-05-15,322.0642395019531,322.6145866652837,320.7168538025467,322.0452668064626,1375146
2017-05-16,322.4627380371094,324.9297906000472,321.8744455206223,322.6145659226402,5948804
2017-05-17,323.9619445800781,324.6261510250703,319.6541006174014,323.37365207622145,2747118
2017-05-18,322.0072937011719,331.0594694110568,320.4321662943935,322.93716419133403,7317362
2017-05-19,320.6030578613281,324.3226103746758,320.3753159733544,323.75329040327495,2896062
2017-05-22,325.44219970703125,327.2640185462308,321.8554801127326,322.61457322620606,5784538
2017-05-23,328.269775390625,330.50908582944544,326.08738302709736,327.54862777814395,6427042
2017-05-24,326.721923828125,327.90675152620986,321.04629333060683,326.7410523885477,4033036
2017-05-25,328.5373840332031,331.55675749587147,325.8619980937552,328.78582205858606,5896078
2017-05-26,328.34637451171875,330.98355070166633,326.95136545966164,327.8113111745332,2604830
2017-05-29,330.3910827636719,333.27667314662864,325.42250850804555,328.26988842004226,3686630
2017-05-30,331.8051452636719,333.257492745315,325.99573200958883,330.3910082443705,2826830
2017-05-31,330.31463623046875,332.2447315510389,328.0214481282034,330.2572971969058,5747114
2017-06-01,329.5501708984375,332.894402844348,328.3653666257478,329.8368193509441,1843166
2017-06-02,327.8877258300781,332.3976582839229,326.28248930853516,329.7604823322796,2223574
2017-06-05,328.193359375,331.3273869921939,327.16142032296534,327.16142032296534,2816618
2017-06-06,339.94598388671875,347.647258868015,331.0216474270988,334.6143176211983,13253770
2017-06-07,336.52532958984375,342.0289899669524,330.4292669948032,341.4365644215065,6733948
2017-06-08,331.8816223144531,336.4871268535049,330.601268351842,336.3342383232612,2830620
2017-06-09,328.9768981933594,333.620612796568,327.3907673084741,331.19364172364135,2701028
2017-06-12,330.8115539550781,331.9963820371126,325.65187971167467,329.7605092017923,2065426
2017-06-13,323.7790222167969,330.5630362387798,321.92534805090224,329.4546527858731,2487790
2017-06-14,326.2632141113281,327.1804749832983,321.4284018277442,324.6770836535894,1801536
2017-06-15,322.7279968261719,326.01489025743336,321.61961330789,326.01489025743336,3547290
2017-06-16,320.6640930175781,323.7216767412261,319.1353011557542,321.8106869139461,3824660
2017-06-19,322.0017395019531,323.30122172827623,317.33892032971676,320.8551457707889,1690856
2017-06-20,326.49261474609375,326.7983684555363,322.1928875984279,322.95728353579074,2082258
2017-06-21,322.3648986816406,326.3970828025155,320.32012544275113,326.3970828025155,1819308
2017-06-22,324.54339599609375,326.39704670786807,319.5939279173984,324.48605697304447,2895584
2017-06-23,325.5752868652344,327.9258133901185,321.9444066470454,324.86823004848566,2161888
2017-06-27,321.12274169921875,328.30805892878146,318.44735588722637,325.632673116789,2184790
2017-06-28,324.2568054199219,327.6392485233651,318.4856013940129,320.4730357385146,2476764
2017-06-29,323.95098876953125,327.5436590044356,322.0017884611867,325.59445869609107,2984220
2017-06-30,325.2123107910156,327.142406163558,320.4348354493185,324.27592095853976,2257114
2017-07-03,320.3393249511719,326.3780498529276,318.10345222247884,325.6327589433632,3953676
2017-07-04,321.638671875,324.84914390333694,320.28187385293904,324.2567417615933,1981500
2017-07-05,320.09088134765625,321.5050188620989,319.1735966551749,320.66417844857745,2420508
2017-07-06,321.29473876953125,321.9635852294342,319.40285411744594,321.04630075341913,1373060
2017-07-07,317.9505310058594,321.2374245314512,316.7657031889488,321.2374245314512,2303234
2017-07-10,324.73455810546875,326.32066589724144,320.28194182663384,320.43483036614936,390438
2017-07-11,325.11663818359375,332.1299599987085,323.2056487704827,323.2056487704827,2993400
2017-07-12,326.3970642089844,328.1169550625446,323.3585857021921,324.9064828048938,1205956
2017-07-13,328.1551208496094,330.18078846334913,326.9703166428076,327.19962606105645,1912818
2017-07-14,325.00201416015625,328.8431221807661,322.97636971117254,328.6902336713098,1288116
2017-07-17,331.7860412597656,332.5122267180859,322.5368692475482,324.48606952144246,1818014
2017-07-18,336.60174560546875,337.9776489205226,331.88158683706575,332.16823530499465,1977378
2017-07-19,342.2200622558594,343.82527502369595,338.24519414618743,338.24519414618743,2912888
2017-07-20,338.49365234375,343.59598607628,337.25150890131624,343.59598607628,1613768
2017-07-21,345.8700866699219,347.0357859108375,337.86303386033075,337.86303386033075,2483620
2017-07-24,346.8064880371094,348.5645895745714,344.436855679323,345.8700982351395,3004440
2017-07-25,342.0863342285156,345.85099873405386,338.6274468019671,344.742615141506,3584666
2017-07-26,341.1880798339844,345.31581260750977,337.86295334259944,341.3027345417888,3023714
2017-07-27,340.2517395019531,354.6797127299214,338.3789601360595,345.1247635723265,9319652
2017-07-28,341.341064453125,342.7934356852651,321.4285556516123,339.3918637558047,3042762
2017-07-31,341.26458740234375,343.2137877792158,335.7418218978548,339.39180795984817,1894566
2017-08-01,337.939453125,343.21378049833595,335.56982102175834,339.77399873387606,2664554
2017-08-02,337.09869384765625,341.30287256911225,335.14949304417047,339.3918822411777,1658180
2017-08-03,335.4705505371094,338.7840857381884,333.6318356670224,337.94133460341124,2544010
2017-08-04,341.17822265625,342.65301948067525,334.45538618560687,335.18322196265046,1141420
2017-08-07,339.3970642089844,342.7297488609581,337.6349669072912,340.9293308645554,1646970
2017-08-08,337.86480712890625,339.1672431752677,335.6047043956715,338.09463778154213,1731896
2017-08-09,336.6197509765625,338.87985310915695,333.6509850362287,333.6509850362287,1071692
2017-08-10,338.2095031738281,339.39700025592043,333.5743833858078,334.4362832171575,1693074
2017-08-11,334.1490478515625,340.62288385483373,331.1802811920538,336.3708298367655,3384860
2017-08-14,329.4756164550781,336.4857548575319,327.9242011980147,334.4171855944254,808098
2017-08-16,331.1611633300781,332.75089949295744,325.9897628616501,330.9696299793956,2250010
2017-08-17,333.8043212890625,335.22164933029234,329.72465170948163,334.1873879770782,1602350
2017-08-18,335.6621398925781,338.89905764382553,330.79718893785747,334.74277061369804,2129910
2017-08-21,334.8194274902344,339.01401231875985,333.3446301221915,336.2367788845101,1339674
2017-08-22,335.50885009765625,339.49275182673415,334.5320350082802,337.4816523095659,1506462
2017-08-23,337.0986328125,338.22868404178456,330.5865001331676,336.29420224550097,1509778
2017-08-24,332.3102722167969,338.63087105434977,331.7356723224739,338.63087105434977,1624246
2017-08-28,332.3677673339844,335.0109130245317,328.6136956955175,332.61674661251527,1792508
2017-08-29,326.5834655761719,333.1147472384635,325.6066503013743,332.50184995481516,1945588
2017-08-30,325.3001708984375,328.67115240080113,323.02091988575245,328.28808578961144,3387850
2017-08-31,331.467529296875,333.42118301462125,321.8525668442542,325.60661490469647,5019082
2017-09-01,331.63995361328125,339.0139866563718,327.52198710869817,330.81635096015145,1600518
2017-09-04,329.6671142578125,334.7619188604628,328.2880838180236,334.7619188604628,1149942
2017-09-05,329.3990783691406,330.3950424783098,324.9938111360965,328.6712422566838,1095614
2017-09-06,326.00885009765625,334.0341006553328,324.15098629828816,330.5865009926057,1658772
2017-09-07,329.1691589355469,330.8546615030411,326.0854771609681,328.4413463481765,2949318
2017-09-08,329.2457275390625,333.07639336267,327.9432918068245,332.0804296007435,2320104
2017-09-11,329.70538330078125,332.2336131712066,326.3726996493829,330.2033651382254,1439608
2017-09-12,330.98870849609375,332.1187597017503,327.96249622493855,332.1187597017503,1698738
2017-09-13,333.7659912109375,335.1833425928657,330.08856046156103,330.9696091431268,2237308
2017-09-14,337.4050598144531,337.88389306900945,333.76592707982513,335.5663447930629,2327652
2017-09-15,339.7992248535156,342.2125397716114,332.6167260612487,337.7881251916809,3502380
2017-09-18,343.74481201171875,344.1853479639961,340.54621518084866,340.929281789601,1361938
2017-09-19,342.3275146484375,343.9938451922001,340.64201206811134,343.9938451922001,1095726
2017-09-20,340.7185363769531,343.4766201224226,339.0138856093658,342.8445509834829,1792966
2017-09-21,333.3827819824219,342.4614630273732,332.90394884060504,341.2356455082173,5197522
2017-09-22,338.80328369140625,340.9292987999513,333.1147302392904,333.26796624264904,6281534
2017-09-25,334.8194274902344,338.63094563817367,333.30630942581206,337.098678915829,3550896
2017-09-26,334.66619873046875,339.7418320038184,331.0845114111434,336.6772987067016,3446850
2017-09-27,335.0491638183594,337.4624783821063,334.07232542161705,335.5471456520649,2541882
2017-09-28,335.2598876953125,337.38590261559216,330.0693400234862,335.04920574474954,6193068
2017-09-29,335.1066589355469,339.4927762069357,332.00382880987314,335.94941013651066,2360270
2017-10-03,338.0754089355469,339.9524445488168,335.8536274250937,336.50484529381157,2684244
2017-10-04,339.62677001953125,340.33545711556314,336.33240727316587,338.5925091116079,1240900
2017-10-05,342.1359558105469,345.41117068571293,339.0714228970758,340.1631533952876,3552176
2017-10-06,347.7861328125,348.20749666857904,340.08648106907003,340.08648106907003,3640948
2017-10-09,345.83251953125,347.7287038648952,343.7831225869296,347.7287038648952,1206462
2017-10-10,344.6067199707031,351.27208847166906,343.64905342634194,346.67528905873553,3423160
2017-10-11,348.1885070800781,350.8891228362804,344.56852182449154,344.56852182449154,4337494
2017-10-12,350.88897705078125,352.4212433261122,347.17322665699817,349.3567107754503,2076624
2017-10-13,354.91119384765625,358.55032643432946,350.08456419017494,352.3254943781779,2210684
2017-10-16,353.57049560546875,357.3628645530162,352.42129572809455,354.9112287957387,1651154
2017-10-17,353.6853942871094,357.7267423230817,351.7700612482097,351.7700612482097,960424
2017-10-18,353.8387145996094,356.63509682665426,351.5786117229297,354.7197633313446,1160686
2017-10-19,353.30242919921875,354.71978073138024,351.1189442313523,351.1189442313523,58388
2017-10-23,359.02923583984375,361.53831784792044,353.22576644711415,353.4939177917596,3597394
2017-10-24,350.3336181640625,359.8911362509858,347.84368481054315,359.6996029160997,3155652
2017-10-25,347.4605712890625,353.9535551422919,335.56635747256246,342.6147925981711,6147680
2017-10-26,332.904052734375,348.59063603191765,328.6711711158081,347.3456694746608,11565142
2017-10-27,327.5028381347656,333.9575018555724,326.468553500371,333.28713521594125,4592368
2017-10-30,320.37774658203125,330.7588656331484,318.71141619811135,329.437281166317,7251452
2017-10-31,327.8283996582031,329.6862867421668,320.62675207737414,321.77595190560845,2958728
2017-11-01,322.7793273925781,330.45860695050254,321.7618134770326,330.2090209907494,3257662
2017-11-02,329.4026794433594,330.2089943577877,322.97128333232104,324.21916615983594,2965682
2017-11-03,325.2751159667969,330.2090440532386,324.4303904693675,330.2090440532386,2761172
2017-11-06,324.4686584472656,328.3850945454483,321.6081229746311,327.13721198798237,2273368
2017-11-07,336.6403503417969,337.888233020566,324.1807170621042,326.369315985774,5960612
2017-11-08,337.35064697265625,339.71203414842756,332.26312569267134,338.65613350541184,3821814
2017-11-09,336.33319091796875,341.13273978250027,334.98931723589993,337.69625810843627,1600452
2017-11-10,332.91595458984375,338.25306313234995,331.2457206990376,338.25306313234995,3070800
2017-11-13,333.8566589355469,337.2739475098122,331.9368391601843,331.9368391601843,5322040
2017-11-14,333.9718017578125,339.75045387346097,332.5511306142734,333.2806714119899,2012894
2017-11-15,325.73577880859375,336.7363543776026,324.83347297999063,336.7363543776026,3122146
2017-11-16,327.09881591796875,329.7097654326921,322.03048836862706,326.25409075386284,2181070
2017-11-17,322.5296325683594,328.7498515978079,321.95368679591587,325.9469201923082,3096988
2017-11-20,323.3552551269531,325.7742233642449,321.33944435666,323.6816151156425,2260478
2017-11-21,321.6466064453125,324.91030002886885,320.6482861115154,323.7199977195684,2987142
2017-11-22,323.3552551269531,324.1807635717027,320.3795344660442,321.9729708232864,2269436
2017-11-23,327.7900085449219,328.67312088828635,323.3744233928012,325.60140947811544,2332448
2017-11-24,329.5947265625,331.5529337047585,328.28923951079156,328.28923951079156,1646756
2017-11-27,330.4777526855469,331.3608650199774,327.5596128142269,329.2490634468489,1592740
2017-11-28,329.9210510253906,331.7640734490919,328.9803345838791,330.5929879928558,2108650
2017-11-29,327.5787658691406,331.3416068875865,324.89101893663735,330.20890885040143,1523670
2017-11-30,325.6014099121094,329.40266216138184,323.4128108423858,326.36933776567565,6822606
2017-12-01,318.6900939941406,326.3501798561202,317.57658911088413,325.2174814614905,2768524
2017-12-04,325.582275390625,326.25421238423456,316.71269301379715,320.993900947202,1793768
2017-12-05,325.6014099121094,327.4828425274661,322.18412158962,325.56302289355034,1980098
2017-12-06,329.67144775390625,330.26661064208184,324.4495472550458,324.6415292356701,3179456
2017-12-07,331.5529479980469,332.8968221358502,327.7516946341383,330.2666778402715,2450146
2017-12-08,334.2214050292969,335.12371088385726,331.5144640303174,333.93343208397357,1739846
2017-12-11,337.8882141113281,338.65614187067206,334.7205121040344,335.77641277313234,1597008
2017-12-12,336.0452880859375,338.57944104092155,334.1446616520484,338.2722745365753,2921624
2017-12-13,332.6470947265625,335.41163932188596,331.38001862233364,334.0485722486202,8609940
2017-12-14,338.9825744628906,339.8272998663141,331.05373270911446,331.36089919164107,6365040
2017-12-15,342.4190368652344,344.2044785596255,339.80808676135945,341.3055555008681,4469222
2017-12-18,339.80804443359375,342.39980070469744,336.2563784324517,340.9983231247229,2615662
2017-12-19,333.8374938964844,341.34398517128983,332.12884946362846,341.34398517128983,3971188
2017-12-20,333.990966796875,335.96839012429604,331.74478750559064,334.0485707521572,2109744
2017-12-21,341.8239440917969,342.49588107821717,334.6054257247425,335.5845292178944,2859366
2017-12-22,340.53765869140625,342.84144254066064,337.1587569642588,342.11190161427623,2104074
2017-12-26,341.1327209472656,342.994936429765,338.67534269018785,338.69453619752676,2127136
2017-12-27,339.2896728515625,342.3421667776278,338.09937082933806,340.191978544691,801620
2017-12-28,337.2355041503906,342.05424662934496,336.19879688578226,338.6561753326096,2319726
2017-12-29,341.91986083984375,346.2394548145189,335.9684202525135,337.2354964646922,3093850
2018-01-01,337.3891296386719,341.99669706716776,336.33322876964155,341.3439536610709,1286288
2018-01-02,342.80303955078125,343.64776500097247,336.678809331022,336.69802627842546,1906518
2018-01-03,344.53082275390625,348.5624439376019,342.8797825752619,342.8797825752619,2583906
2018-01-04,342.9181823730469,345.3563674314208,339.0593494976175,344.03168716320806,1193460
2018-01-05,345.5866394042969,346.7193373862495,338.77128144349297,341.05587091177864,1492292
2018-01-08,345.759521484375,346.8730262636079,343.6861068731477,345.62514348201523,2353168
2018-01-09,343.2062072753906,346.66188322755886,339.80813529654614,345.75957721416927,2504270
2018-01-10,351.65338134765625,352.4789132309774,342.1502733928995,342.4958503290107,3400572
2018-01-11,352.056640625,355.128352970956,349.42647286759194,352.8629557416913,4243446
2018-01-12,355.51214599609375,356.31846072490964,350.27102995290824,352.6708040687818,1980698
2018-01-15,349.1192321777344,357.5088353668075,347.6793673213511,355.1666645745442,2536486
2018-01-16,364.4778137207031,366.6856066402649,349.40722726978123,350.98147023830455,8963404
2018-01-17,365.8600158691406,369.9876280550723,362.1931650793958,364.7657280590826,5498922
2018-01-18,366.3976135253906,368.4710283100816,361.1181090077337,365.91765856924,1869500
2018-01-19,367.95257568359375,371.29306607369426,363.28742867673003,367.4534273345661,4748438
2018-01-22,371.0435791015625,374.32648984697545,362.8459575821601,368.6054172263214,4431318
2018-01-23,382.1784973144531,383.96393900494576,371.8882684361804,372.42582732490695,5015202
2018-01-24,391.0481262207031,399.5913014737252,380.89227410415197,381.66020207613616,9269776
2018-01-25,387.63079833984375,391.64322627650114,380.14350136691064,391.18246485264535,5307454
2018-01-29,389.362060546875,392.80536397741884,386.668977738019,388.57337670635945,4013296
2018-01-30,384.87994384765625,391.4587498079687,383.956591949241,391.4587498079687,2711352
2018-01-31,379.5515441894531,391.61272198800685,377.68563192377883,384.70688352498115,3221144
2018-02-01,378.9167175292969,390.47773129115683,372.7995635946155,377.8394657427452,3055658
2018-02-02,381.22509765625,387.6884913682296,376.20440332145813,377.0315738200147,3345056
2018-02-05,382.0907287597656,385.4185953760319,377.0315712427105,380.8788321737586,2177578
2018-02-06,366.97100830078125,372.70343700853056,364.73960145170054,371.24148241649965,3310994
2018-02-07,361.0846862792969,368.9523399346422,354.7174738474871,368.64456374263494,4051696
2018-02-08,363.3160400390625,370.49119034554167,360.6806759594447,363.85466590788786,2896536
2018-02-09,370.87603759765625,373.4152209934589,354.9291327369527,359.7189783753201,3456506
2018-02-12,361.3155517578125,374.242340239191,360.62302594338706,371.4530758169508,2975588
2018-02-14,360.796142578125,369.2601170290087,357.9106967425965,361.5655948009326,2889532
2018-02-15,361.5271301269531,365.35515961637236,358.5647343847072,363.1814477029653,2281842
2018-02-16,360.5268859863281,373.5498809830951,358.18006573247465,363.56623213446676,5698140
2018-02-19,351.71661376953125,361.5271295553175,346.29196154006445,360.8153721641205,2925546
2018-02-20,349.11962890625,355.94851570962817,348.17704546801275,352.4090316560218,2462802
2018-02-21,362.75823974609375,364.64338349848356,350.87019416934,353.1785507099277,5569512
2018-02-22,362.0272521972656,370.49122621250456,358.3915859352655,362.7967043804692,8186574
2018-02-23,367.6441955566406,372.376344648577,362.7581936191356,365.06654986620157,5675166
2018-02-26,363.9701843261719,371.29921308562837,362.8160058291922,367.75975114701475,2112112
2018-02-27,365.4512939453125,368.79839188331283,363.18140079760144,366.64393533910396,2879428
2018-02-28,361.7579345703125,368.70223573778355,360.0266671804369,367.37494952433235,5119548
2018-03-01,362.7197265625,366.43234245357996,360.87304616123623,363.10445262450554,2772230
2018-03-05,358.6032409667969,363.43157301479215,353.10166162696197,362.719815536401,3747704
2018-03-06,358.8724670410156,366.6439382136813,356.448697539324,360.87304726593186,2929756
2018-03-07,365.316650390625,366.5670101705552,359.25721453404026,360.87306879215953,5695220
2018-03-08,365.7398986816406,370.8759830374082,363.777781362787,366.64399567909754,4238350
2018-03-09,362.79669189453125,367.74041260874503,361.6425136594479,365.48977444305905,1464728
2018-03-12,372.2801818847656,375.4926350976392,365.10503146276596,365.4897575233168,4946236
2018-03-13,368.1828918457031,372.7996052230787,363.7970047444689,372.28023436085135,2513508
2018-03-14,371.2799377441406,372.4726028063065,369.337075532754,370.1065277734472,2354082
2018-03-15,369.01007080078125,374.18461837714466,367.509629526188,372.41488760151793,2590154
2018-03-16,372.260986328125,376.8584681832984,364.3548692158245,369.3370771930741,9482072
2018-03-19,356.4486999511719,370.722027599124,354.33270658934623,370.3757882290055,3318748
2018-03-20,360.5652770996094,364.62413243723495,352.25517990775626,355.871614354463,3707786
2018-03-21,360.623046875,365.4513788371354,356.4295459341481,363.5662113116799,3818980
2018-03-22,358.0069580078125,365.06669781354907,355.87173231031534,362.02735146379104,3095286
2018-03-23,368.33673095703125,369.5486039297009,347.6192190026428,348.177076473466,5478072
2018-03-26,372.0494384765625,373.5691115463647,363.5662311136093,368.25989508995895,3571336
2018-03-27,373.97296142578125,376.60834902234086,367.2210237781871,375.1079079976243,2495200
2018-03-28,372.645751953125,377.64719207030043,367.4327171427411,369.9334372013288,4620172
2018-04-02,376.83929443359375,378.9168252045172,371.1838148743667,371.7609041460874,1295646
2018-04-03,372.8957824707031,380.4941231504002,370.5104758900801,374.14614232938743,2036000
2018-04-04,369.0484924316406,377.5124661960358,365.2974131496927,377.4162846759859,1804780
2018-04-05,370.1257629394531,378.64745597973894,368.0097692572152,373.18434032196086,2805104
2018-04-06,366.5093994140625,373.9538414955506,365.7206919711296,373.9538414955506,2515810
2018-04-09,366.7401123046875,370.35654661812055,364.720300513867,367.1440699664886,1708072
2018-04-10,364.8935241699219,370.0873272305925,363.00835662924646,366.6824866906159,2431772
2018-04-11,372.14556884765625,376.1467298633113,366.009182575745,367.413442297673,3716964
2018-04-12,388.5926208496094,389.7275676234551,372.1455788793204,372.39566025522214,8182766
2018-04-13,381.3597717285156,392.42064783161254,380.2055933525403,390.30465414232447,6361110
2018-04-16,384.6876220703125,387.3229863617957,375.53112245504957,376.646837495106,3824528
2018-04-17,388.95806884765625,390.8816992573875,383.5911353081428,383.5911353081428,3729906
2018-04-18,383.51422119140625,390.8047858211294,382.0330350303905,390.4585464041508,2008262
2018-04-19,391.86279296875,392.9977397426869,384.3414018628921,386.64975863083737,2301628
2018-04-20,408.7137756347656,413.2727706686169,392.3821709680463,392.4206341865137,9490598
2018-04-23,418.58197021484375,426.276491726146,405.88600972119497,408.5790922501508,9086924
2018-04-24,408.5598449707031,423.10250969050617,407.07865894419047,417.3893367518811,3993618
2018-04-25,411.19525146484375,416.08125387608635,402.4234780900474,408.5213770412284,3002280
2018-04-26,414.4654541015625,418.71664940824394,404.5972200584518,406.27076923216384,6052212
2018-04-27,400.75,419.601581183465,398.191561732373,414.35005988962865,4764608
2018-04-30,405.02044677734375,415.1195080244634,402.0580742636448,403.5392605204943,3147666
2018-05-02,384.91845703125,404.71259578128627,382.99482656132875,403.9623986834708,15014958
2018-05-03,356.1409606933594,383.5719273295936,353.9480171948105,383.5719273295936,15276024
2018-05-04,357.7375183105469,363.1814014646338,349.2158501512868,355.0829225796085,8365006
2018-05-07,357.1028137207031,361.8926589388869,354.352012381709,360.41144918642067,2576842
2018-05-08,353.9864807128906,358.94945687266755,348.9850413352436,357.8722284723072,4080268
2018-05-09,357.6108093261719,361.13873130575905,355.02752437970105,356.2613345739976,2757280
2018-05-10,358.6518249511719,361.6206740093929,357.0709976051982,359.69285300184305,3741482
2018-05-11,359.673583984375,361.75564024791197,358.99884657916976,359.0374171221082,2117402
2018-05-14,356.7625732421875,361.4279144917456,354.8925961612108,361.4279144917456,3132296
2018-05-15,356.6469421386719,359.61579166090775,351.4610981112497,354.8347854017507,4239330
2018-05-16,354.8154602050781,358.92172840792614,353.36959443407125,355.6829796676822,1963972
2018-05-17,350.76702880859375,357.37946421141385,348.81993431707485,357.37946421141385,2899904
2018-05-18,343.4219665527344,353.9478623271107,342.03392160029927,348.9355287647442,3517726
2018-05-21,345.44622802734375,347.21981382290124,341.99542394721254,343.9232448262836,2942476
2018-05-22,348.89703369140625,351.51886539225166,342.97860944600757,343.28705608146527,2485094
2018-05-23,344.82928466796875,354.102121208495,343.8653743026723,348.93555223731886,3734828
2018-05-24,351.5188293457031,353.9093317080633,347.08484175839396,349.30183555204854,6309330
2018-05-25,353.17681884765625,356.2034885042864,351.63456199679314,353.90940026500505,2089082
2018-05-28,344.88714599609375,353.56233971874565,343.53767141701456,353.1767755532945,2651764
2018-05-29,348.9741516113281,350.6706435220395,345.07996256429396,346.6222193802237,1985832
2018-05-30,349.8416748046875,351.5574402373187,346.0824237757303,349.7067367450418,2374048
2018-05-31,350.9983215332031,352.7140867414846,347.4125795733483,350.0922551758364,5618644
2018-06-01,348.8778076171875,356.22282552013087,347.0078303888375,350.8634729487134,1939062
2018-06-04,347.2776794433594,353.5238241862982,346.68005964030334,349.7067291953436,1505886
2018-06-05,341.2436218261719,350.9405717594438,339.3158006492171,349.3019237590322,2547736
2018-06-06,350.4586486816406,353.870883065336,343.1522010427312,343.9040560774536,2337712
2018-06-07,355.239501953125,357.0323845717748,348.9355378374257,348.9355378374257,2137298
2018-06-08,358.0734558105469,360.849522590952,353.8900703712023,355.1046069416826,2268428
2018-06-11,351.480224609375,363.39416472824024,349.9958122356075,359.73130577341976,4105194
2018-06-12,352.714111328125,356.2613065326633,351.4995982665458,352.00082699987865,2961048
2018-06-13,356.14569091796875,356.95536640360353,352.42498661256354,354.7190985324934,2113706
2018-06-14,361.25433349609375,362.4302994419447,355.1238541242609,357.80352966183483,3755080
2018-06-15,365.6304931640625,367.8282136123654,358.97951131415334,361.2543493020925,6186584
2018-06-18,359.8085632324219,369.11992576115716,359.05670823743725,368.0210770605464,2653666
2018-06-19,354.892578125,362.64240925253597,352.945483591263,359.69285719637145,2812474
2018-06-20,351.22967529296875,358.0927126155067,349.4753630763856,355.1045903837218,2820262
2018-06-21,347.99102783203125,353.562436250535,346.660826391451,351.6731619108152,3208902
2018-06-22,348.8585205078125,355.413112604016,347.721101290406,349.7260400499571,4036700
2018-06-25,350.43939208984375,353.7552355658809,348.5501176583721,348.8971349320633,4255720
2018-06-26,351.01763916015625,352.9840070665086,349.55247644863255,350.4778398945454,3249236
2018-06-27,355.1239318847656,356.6469153107955,350.979116382505,351.7116978379543,5751028
2018-06-28,350.709228515625,358.5554750363014,348.897095387007,357.20600017619716,13566568
2018-06-29,357.1287536621094,358.09266392840385,352.15496727484356,352.4441403547319,6059554
2018-07-02,357.07098388671875,359.5193305920257,355.0467719065606,357.41800106793403,1776396
2018-07-03,361.4664611816406,362.39182473545475,353.62023861078023,358.5747294921875,2054476
2018-07-04,356.8975524902344,361.85204362103013,356.2613620733424,361.25442374838934,1547894
2018-07-05,358.9794921875,360.6952573378707,355.1045772401699,357.8420732541328,3416140
2018-07-06,363.9339904785156,366.1124136858031,355.8756907758222,360.50246032003656,5055508
2018-07-09,370.7392272949219,372.0694284035804,364.70516208359896,365.90040161139666,3711984
2018-07-10,377.67938232421875,383.63635352525,375.9443435394312,383.63635352525,11042854
2018-07-11,383.0387878417969,385.9883400725937,377.5252240760644,379.27953661066476,10209714
2018-07-12,387.8968811035156,393.19838915966494,386.33535070993526,387.8583340944781,10093442
2018-07-13,379.1445007324219,384.71590745417194,376.31061361886873,384.4074608381272,11524056
2018-07-16,374.80694580078125,382.0555715174189,374.0743879476119,379.78073334611673,3404444
2018-07-17,377.9685974121094,379.3951897223345,373.6117264643721,376.77335775198605,3241946
2018-07-18,381.6700744628906,384.33045376551485,379.41450939801945,380.1278174064215,3784400
2018-07-19,378.6626281738281,383.44363413123807,376.5034778573695,381.70859506277094,1501536
2018-07-20,385.2557678222656,387.2992534524537,378.0649858088894,379.2409519564811,4379550
2018-07-23,387.43426513671875,389.7862214118059,382.1327561800971,386.7209806175639,3296730
2018-07-24,382.3253479003906,389.03417257906284,381.38073469225435,386.1424418611808,2925630
2018-07-25,371.79949951171875,383.0579772279304,370.14157839840277,382.86519515584786,5643672
2018-07-26,367.28839111328125,373.2068147943481,364.3773865568317,371.79949626723953,7970088
2018-07-27,371.47186279296875,373.8816392349635,366.478801298561,369.7560972596739,4929768
2018-07-30,365.1871643066406,378.29634792737374,363.6256103724987,375.15399008745015,6447110
2018-07-31,372.1080017089844,372.64780100464213,365.2642371276782,366.4209297329694,4771570
2018-08-01,377.3324279785156,377.8529302549637,372.0694670367755,373.22615968041316,3568096
2018-08-02,371.0928039550781,380.17211774263075,370.3394093713677,377.0812875170809,3200706
2018-08-03,372.30975341796875,374.7244640493281,369.91435575542863,373.23698815171565,2289018
2018-08-06,369.54730224609375,374.20285946615644,368.1950643392863,373.99036965417537,2165794
2018-08-07,374.2995910644531,375.13026124313006,370.5519541443876,371.24740991312484,2235882
2018-08-08,372.6575012207031,374.68585838846934,369.83712358937476,374.37678010770867,1517966
2018-08-09,369.6053466796875,373.97113960197856,369.00647946611014,373.97113960197856,2005458
2018-08-10,373.2177429199219,373.91317499173886,369.4701066236446,371.4018754793378,2417448
2018-08-13,379.7857971191406,380.2687393840429,373.0246054105089,373.19846934210676,2885640
2018-08-14,386.2378845214844,387.126493512916,378.24035643627224,381.77550301009813,4962034
2018-08-16,385.291259765625,392.07176305529583,383.378804073369,385.5037496022844,5908118
2018-08-17,387.5321044921875,389.36728471125934,384.4412746495402,386.3537303309103,2960410
2018-08-20,381.8141174316406,388.8650738122401,381.33117521379137,388.28554315082096,2829604
2018-08-21,388.1309509277344,391.7626854521614,385.7162400953123,387.04916519104137,9839198
2018-08-23,396.2637634277344,397.21031132270076,390.2173173453144,390.2173173453144,5537558
2018-08-24,395.3751525878906,401.44093555741364,394.13883929035086,398.1182551409083,4540390
2018-08-27,401.4215393066406,401.9238180378819,396.01258690019887,396.39894064351614,2488450
2018-08-28,402.0977478027344,404.41587077829666,400.6102949925485,401.80798243078914,2626156
2018-08-29,399.0455627441406,402.2523185496428,396.78540216427945,401.1512195145653,4063384
2018-08-30,392.7479248046875,399.0648231673119,391.58886348103124,397.55803401409355,4883942
2018-08-31,404.2998046875,407.60314763993495,393.887591487122,394.46712202879013,6558672
2018-09-03,405.3430480957031,409.9213306216423,403.5851196602475,406.83050060753004,4454306
2018-09-04,415.8518981933594,416.8757451835047,406.05783891368253,406.11580141545085,5584742
2018-09-05,416.8562927246094,419.96645877735307,412.62573870672776,415.6393163374896,5701112
2018-09-06,420.6619567871094,421.04831051407683,411.6212701436065,415.3302564900302,5991810
2018-09-07,414.9245910644531,419.94718981586794,411.60195824598173,419.94718981586794,4379878
2018-09-10,420.62335205078125,423.7914814242401,416.1030315754774,416.1030315754774,8205078
2018-09-11,419.232421875,424.6027481401742,418.034734747651,421.1255645794266,8472420
2018-09-12,419.8892822265625,424.60277919988465,418.07339127016957,421.89830289924845,4139134
2018-09-14,413.6690368652344,420.5268175126711,411.54409074912724,418.8075617927543,7290574
2018-09-17,416.6438293457031,418.96195148913733,413.41778546188704,413.41778546188704,3018112
2018-09-18,418.76885986328125,421.511962192103,416.6439141327069,417.2620707309544,2745526
2018-09-19,420.0823974609375,424.39020349209335,417.6869762202058,418.4210576836932,4439812
2018-09-21,419.15521240234375,421.8983147231151,416.70187540761856,421.5119609550536,6595630
2018-09-24,423.55963134765625,427.3072438255006,417.474559837483,419.541542949744,4432578
2018-09-25,431.3060607910156,434.66736719200486,422.78698768793174,425.7618931215808,5664544
2018-09-26,421.18353271484375,433.0445734882853,419.25176404409945,432.7548081876737,2870394
2018-09-27,421.9754943847656,426.7083272334277,420.5460045525456,422.65161336314594,5731064
2018-09-28,420.275634765625,424.89254328625657,419.38700226163354,421.93692761952053,4445086
2018-10-01,424.3709716796875,425.37548200490926,417.6484069457828,419.27107384327,3406600
2018-10-03,421.6278381347656,425.6458791370698,414.8666479604578,424.95047073081867,4730720
2018-10-04,416.1415710449219,422.2266419691804,409.9212857548101,419.13581229336654,3891118
2018-10-05,418.8074035644531,424.2163552710051,413.4370777947704,414.1711592445514,2895914
2018-10-08,414.20989990234375,419.02003301386156,404.8987827468338,413.3985663541146,2311830
2018-10-09,412.7803649902344,416.89504195048863,403.1408104188168,412.0462834166616,2694524
2018-10-10,406.36700439453125,410.71348527227224,401.24781580519186,409.1487332913511,4523678
2018-10-11,389.83099365234375,396.2058315069163,385.58110174929544,396.2058315069163,6266576
2018-10-12,380.6163635253906,389.05818258293414,376.5016871172486,387.6286691521474,4651748
2018-10-15,387.49346923828125,388.7298058618571,378.6266466240673,378.6266466240673,3614908
2018-10-16,387.6673278808594,391.1831372623087,382.1231379102239,386.3537158146259,3003220
2018-10-17,395.7228088378906,400.2624651755477,389.05820698047927,389.05820698047927,3253970
2018-10-19,370.3200378417969,393.84898864574257,368.3109937966371,392.5353765751337,6869592
2018-10-22,378.6459655761719,381.6788564829878,369.7984793731552,372.44499297166203,3774108
2018-10-23,367.6348571777344,380.0174885013342,366.1087553520695,374.7630876329642,2948962
2018-10-24,378.8971252441406,382.7027002281132,365.4133700113049,376.694904165097,8442982
2018-10-25,388.22760009765625,390.77754928431943,373.99047223481915,378.1630884898012,6176258
2018-10-26,373.4495849609375,386.33449872997596,371.6723668595637,386.33449872997596,3615756
2018-10-29,380.8095703125,383.24359413940607,368.48487666954196,372.9086316744936,2786080
2018-10-30,389.01690673828125,393.7013063323729,378.11894988450064,382.2226169135397,6121068
2018-10-31,408.6642761230469,412.5743739888568,387.91361703849964,389.19117212927154,6582228
2018-11-01,390.5848083496094,409.38039104285076,388.4942468967293,408.43191876038804,3946070
2018-11-02,388.9200439453125,398.55981980107856,385.26159728558304,393.3334404253481,5575206
2018-11-05,395.1724853515625,396.4887685726853,388.6104687455455,389.2686103561069,1938928
2018-11-06,398.32769775390625,403.39921392842524,392.4044466307468,395.9467812334903,2921884
2018-11-07,399.3534851074219,400.63101619069676,397.4951979303962,398.36626118371333,139254
2018-11-09,397.9405212402344,405.33487288904996,392.3657055138989,403.7863155905245,7343566
2018-11-12,401.3860778808594,409.9805521385498,399.5471660558753,399.7019839819302,4782454
2018-11-13,399.9922790527344,408.37385378771774,398.50180229925616,402.566764676858,2737474
2018-11-14,386.0166015625,399.29549897123775,372.815160371698,399.1406337935832,3033632
2018-11-15,382.783935546875,398.36629044524335,380.0933130187271,387.100547659804,3582306
2018-11-16,395.7337951660156,401.7731823926555,384.71967741140963,385.9778801299878,6698234
2018-11-19,402.66357421875,403.70887867781335,392.6560328215519,395.7337949651021,4180070
2018-11-20,390.6042175292969,400.6891919833458,388.41687094267184,400.6891919833458,2628564
2018-11-21,381.3903503417969,392.55931143746074,379.222355746135,388.32013071534635,2503064
2018-11-22,379.02880859375,387.9136621686448,377.61576402180094,382.493710801019,3129880
2018-11-26,387.33294677734375,389.4235088652682,372.8152201365138,381.138716743923,4758562
2018-11-27,396.10162353515625,398.3663792131497,384.42936303076544,386.63606198546495,4103018
2018-11-28,403.8250427246094,405.6252501367747,391.92050782438906,396.120983909738,2460574
2018-11-29,392.34637451171875,404.69610545850145,390.43003002523733,403.9024981549791,3260512
2018-11-30,392.9463195800781,397.321011794942,388.7845728456093,394.10773727341825,4219388
2018-12-03,394.1852111816406,397.08873209036483,388.9588310135464,395.30790089213804,2908898
2018-12-04,401.1730651855469,403.7862552362127,393.7399865378319,394.1464780421143,2836286
2018-12-05,406.9027404785156,409.5933394477853,395.65632600721796,401.2504694432725,3873412
2018-12-06,391.97857666015625,412.49696141372493,390.6235889877508,406.24465170226716,4051262
2018-12-07,372.4086608886719,387.1393067860598,361.7623299520552,387.1393067860598,21093670
2018-12-10,364.6851806640625,375.79608208315165,362.78818885015517,371.6343350638962,6182964
2018-12-11,370.4342346191406,373.64750975463426,360.31055596862717,364.29808608518323,5605848
2018-12-12,376.009033203125,377.07366624436935,365.18848538538356,373.5894126548423,3653708
2018-12-13,378.64166259765625,380.38378979253963,372.98943715034636,375.54454758453033,2756644
2018-12-14,372.1183166503906,375.060566011301,367.7823515692264,373.9765806482871,4611032
2018-12-17,376.1639709472656,377.07373899730857,369.2922472643064,373.6281892201239,2792580
2018-12-18,381.4096374511719,382.8033294589395,371.4214483845512,375.50576321339116,3874502
2018-12-19,370.55035400390625,380.79016857855896,369.3308558771979,379.39647668726826,6117266
2018-12-20,371.46014404296875,373.47327305125333,367.0080422644444,367.12417932414974,4527954
2018-12-21,369.5050964355469,373.2022718928968,365.84662545517375,370.5116491280136,10439250
2018-12-24,363.07861328125,370.0664971313082,362.03335598751386,369.7180622806564,2941564
2018-12-26,364.994873046875,366.89186478647406,360.42663471190053,363.1366094089825,2434064
2018-12-27,367.3177185058594,371.6536828651066,364.9368262774677,367.39515108227727,5096808
2018-12-28,371.01495361328125,372.81516088226897,367.7823497800161,368.5953328910443,1556666
2018-12-31,373.3377685546875,374.2088319658082,369.9502997336626,372.60221807387217,1437004
2019-01-01,371.5956726074219,373.5894495879547,368.8856973254367,372.428031609961,717468
2019-01-02,366.3692626953125,372.42800211905865,363.58187867213564,371.2665842330325,2270096
2019-01-03,367.1435546875,371.6537370945089,365.84664745240724,367.78234399977447,2809224
2019-01-04,360.94927978515625,367.995219046409,358.1038156744125,366.2337401383721,3077278
2019-01-07,364.5110168457031,367.78234877908613,362.3236938962189,363.87225115423615,2344752
2019-01-08,365.90472412109375,367.0080616903551,361.23967658556177,367.0080616903551,3031576
2019-01-09,363.29150390625,367.2209533569985,360.92994015912194,366.62089220856075,2471720
2019-01-10,362.3042297363281,365.0722846121227,360.81375319034817,365.0722846121227,1832096
2019-01-11,363.9303283691406,364.2981154644538,356.1681894020165,361.97527944661454,4331368
2019-01-14,362.8269348144531,365.4594771699408,359.2652487433316,364.2980593399516,1956808
2019-01-15,366.8918762207031,370.0664228334694,359.6523674356289,359.6523674356289,3693892
2019-01-16,363.23345947265625,369.4083362246851,362.6527505046744,367.0080677645384,1701242
2019-01-17,369.6018981933594,370.4923138665902,361.2396750508807,362.01395365875237,3690234
2019-01-18,374.0926208496094,375.0411166575574,366.36918874075064,367.24025197943917,4685056
2019-01-21,373.87982177734375,379.97726645038875,372.4474014775365,375.15737688777875,3265418
2019-01-22,364.2012939453125,373.4152044954925,362.7495215803963,372.428004013171,4791592
2019-01-23,365.6336364746094,367.76290215793654,363.4075859874946,366.8144063549976,5641586
2019-01-24,366.4079895019531,369.214749383222,363.6205818595612,365.807928322124,2954782
2019-01-25,375.2928161621094,377.7317888267111,366.27245230694336,367.3951656367168,4310008
2019-01-28,378.5447998046875,379.39651098373776,373.16357775493367,376.6865359052825,3029930
2019-01-29,382.66790771484375,385.145585458192,372.07963196951835,378.62229664956544,4733138
2019-01-30,394.2627258300781,400.68922962655046,387.7200613246283,394.10786063751533,14053348
2019-01-31,389.1523742675781,396.1015284495018,382.0096504629218,394.7271652248164,9058428
2019-02-01,404.1153869628906,406.49630333406265,391.2042995419717,391.24300402397864,6460222
2019-02-04,404.483154296875,409.5159651315962,402.74102746947153,404.56056325258487,4133944
2019-02-05,406.4031677246094,409.21531085608484,403.9789064043719,405.91831546056187,2368564
2019-02-06,409.2928771972656,413.0747249392424,405.37528028816837,407.66379249410994,2331000
2019-02-07,412.2796936035156,418.05914356025164,409.6032989417932,409.6032989417932,3251088
2019-02-08,414.432373046875,417.36090016134375,410.39843940024156,411.15479012176985,3733802
2019-02-11,418.6602478027344,420.4639077995054,412.3183892904744,414.2965771728963,3157886
2019-02-12,410.6892395019531,418.29171277021055,408.34253583970604,417.3607870468047,2788882
2019-02-14,411.6590270996094,415.0335802612555,410.0105292340857,415.0335802612555,1970720
2019-02-15,410.0878601074219,414.00545516552006,403.9787243337715,413.55938181386796,2492120
2019-02-18,405.84075927734375,415.8093029170638,400.48797132636975,411.4650455574719,2550698
2019-02-19,403.0286560058594,407.7413826139056,401.9813465994034,406.50017963091193,1837440
2019-02-20,410.35955810546875,411.73655752472155,397.9667527276159,404.3086111010188,2558354
2019-02-21,408.5947570800781,411.7365906477502,404.40561409060905,411.15476786303833,2603154
2019-02-22,413.5401916503906,415.22746801515154,404.94860028754624,405.0261577082135,2844492
2019-02-25,419.78515625,420.8518313987064,412.2990171758978,415.2663229684352,2340940
2019-02-26,410.7087097167969,425.0991176638653,409.19596094983655,419.14514041265363,3726370
2019-02-27,411.29046630859375,413.4820079971109,402.6213173555357,411.15471714534476,3325110
2019-02-28,408.7886047363281,415.0140787029828,406.3837093655875,415.0140787029828,6661660
2019-03-01,408.2843322753906,411.69771071270424,404.8515881593302,409.21525797182596,2295910
2019-03-05,408.2650451660156,411.0771884752569,405.41407579411305,410.2625987410808,2117558
2019-03-06,404.65777587890625,411.93056121102177,402.85411564676906,411.3875171031179,2807252
2019-03-07,401.28314208984375,407.4698379676117,400.29402454314635,406.34497125833025,2073614
2019-03-08,391.39215087890625,399.4988668187699,390.209116047247,399.2855602242801,3176094
2019-03-11,389.5885925292969,396.31833407115545,388.2697845903857,390.5970760065119,4547588
2019-03-12,393.06005859375,395.4455414128981,387.90123478445577,390.6357970598308,4902188
2019-03-13,398.878173828125,404.56065073146635,393.35085908898463,395.1351292796062,6803340
2019-03-14,390.5,403.6104237073581,389.47210376588885,401.4576607896697,3793832
2019-03-15,399.2467041015625,401.0115376542552,391.29510455438935,392.53633088892275,5207688
2019-03-18,393.021240234375,403.37766552306744,392.4976092656395,400.33280281337613,1690728
2019-03-19,401.9231872558594,404.1729211113794,392.9631252499382,395.6782984243908,3242552
2019-03-20,402.6018981933594,409.0213609679114,400.10007950535856,404.1728384339153,4408802
2019-03-22,397.5207214355469,406.5001961153089,394.86374011964165,402.62137745008647,5237090
2019-03-25,394.7279968261719,399.13044660711955,392.4782630272286,399.13044660711955,3055910
2019-03-26,401.302490234375,404.8710311096418,392.3424303602773,393.0600022015961,3311446
2019-03-27,404.6188659667969,409.7388862409479,395.6393937851392,395.6393937851392,2911690
2019-03-28,420.0372619628906,422.1511990913938,407.2759397153707,407.81898377142954,8627614
2019-04-01,430.8396911621094,434.427597660646,419.7075029115955,422.79114415187865,4617730
2019-04-02,427.678466796875,434.42761964324603,423.76087005379134,430.548801610717,2787844
2019-04-03,434.6603088378906,439.58643580378373,423.39237165123615,427.67843686793,5296628
2019-04-04,425.9137268066406,433.67136458027744,419.49426260941084,433.65195154629805,8444208
2019-04-05,423.8772888183594,428.4736790997447,421.04573247937,422.9269499119707,3409044
2019-04-08,425.254150390625,427.05781001166986,419.2807619252338,424.7305194938951,4027848
2019-04-09,433.7100830078125,437.8603997002128,425.1960483254939,425.25424007047945,6500982
2019-04-10,426.1656188964844,436.4833103356181,425.1959146145238,434.427518318325,4826866
2019-04-11,422.3451232910156,427.09667573287595,420.8517877076308,423.6833440206902,3035580
2019-04-12,420.2506103515625,426.9997646361999,417.5936289028395,422.3258163202809,2839484
2019-04-15,427.9305725097656,429.7730109592751,420.85173004586056,422.40325716123704,3868302
2019-04-16,429.4046630859375,432.9731575162913,427.5815898028667,430.35495477207184,2401182
2019-04-18,427.6979675292969,435.9404575386062,422.98519318361343,429.77312613245635,4055238
2019-04-22,427.09661865234375,432.2166865596212,424.7305492632046,428.0275443944715,2230516
2019-04-23,427.4457702636719,431.305175474877,425.3511989432439,427.6784898884182,2135528
2019-04-24,441.77801513671875,442.9998524368081,425.44819868383314,427.83368153660587,5681646
2019-04-25,439.7416076660156,446.607144402857,437.93799505227514,442.5731639383802,5361098
2019-04-26,442.08837890625,453.76361418758785,440.24593995051,442.1853493776047,3465934
2019-04-30,458.9998474121094,460.648344806581,442.18518345826794,442.2045964847998,8310400
2019-05-02,449.9623107910156,457.89447483355485,448.585311431602,453.82171584520046,4226194
2019-05-03,443.368408203125,445.73447823513084,436.8519735865507,443.7368770548404,5710316
2019-05-06,440.6531677246094,443.89197150456783,437.55011311409004,442.1465032861507,2827130
2019-05-07,438.9852294921875,446.0640723799564,432.87609110959244,441.1573581140063,4689204
2019-05-08,439.3150634765625,442.18539922198767,435.35868673886046,439.08234378885095,2987822
2019-05-09,440.8663635253906,444.124579517383,430.58749771123286,436.1730040762421,4962690
2019-05-10,421.4917907714844,430.93670365453784,416.1196370138789,430.93670365453784,15535450
2019-05-13,420.3280944824219,426.960863357797,418.13655298633216,422.13175420394174,3368062
2019-05-14,414.1995849609375,420.32813655207366,409.9910767554045,420.32813655207366,4388014
2019-05-15,414.0444641113281,421.43363233385367,412.26021706132474,416.17781429801585,3240598
2019-05-16,416.68695068359375,419.87353277691426,410.3914894991389,419.65982580203695,2226902
2019-05-17,412.9757385253906,418.53287929615266,411.8293582489302,417.77510893547327,2780046
2019-05-20,417.1922912597656,421.17554382454404,408.5262691437352,413.86965673063304,2380474
2019-05-21,410.4110107421875,417.367139216681,409.07032521980136,416.3567627061261,1613426
2019-05-22,412.31512451171875,417.75566338369237,409.4782531248102,410.76068483401195,3424864
2019-05-23,414.4136047363281,416.2012007796749,408.13754539575496,413.4809314935332,3884200
2019-05-24,414.2387390136719,417.3670679487171,409.6337207961983,416.20123814997766,4340468
2019-05-27,413.55865478515625,420.08732036725246,411.2269952826553,416.5898311135011,3164414
2019-05-28,416.3178405761719,423.56537788301665,410.08063217076165,416.2012386210715,10631688
2019-05-29,421.6416931152344,425.5277916692918,415.11302856932724,416.3566085692615,4354812
2019-05-30,418.9992370605469,426.8297371890872,415.03543447047497,422.80763361786217,4745448
2019-05-31,424.57574462890625,427.23771282725903,419.71812111449253,421.6417210511085,4255094
2019-06-03,433.37774658203125,434.85448319442435,422.4772672219687,427.0239841301418,3400394
2019-06-04,421.9720458984375,432.67826750362065,420.08729739121287,432.2896576077916,4128970
2019-06-06,419.3877258300781,427.9177403921141,417.9693378457338,423.5847311319805,4701806
2019-06-07,419.5432434082031,422.4966691948394,416.2983601931936,420.86452657104195,3272806
2019-06-10,424.051025390625,428.1703275181098,420.24267753839086,422.38003159265355,2056008
2019-06-11,430.5408630371094,434.05775372297416,425.10032512782703,427.47083572932627,6485078
2019-06-12,430.6186218261719,431.35699012564504,424.0900039517743,430.19116042260276,3136202
2019-06-13,427.8206481933594,429.84140069730216,424.75062049727825,428.6367194954235,3951850
2019-06-14,422.4189758300781,428.384128512717,421.2531460899767,424.7894868140709,3467872
2019-06-17,417.71685791015625,422.6910369643135,416.3955745509581,421.2531990790841,2487348
2019-06-18,423.4292907714844,425.19748459622497,417.6195923834395,417.71674484770597,1412162
2019-06-19,421.29205322265625,426.14967778116335,418.84383890781254,423.62371301073966,2437878
2019-06-20,422.5550537109375,423.973489630338,414.122236091187,415.8126800224214,1895088
2019-06-21,418.2414855957031,424.6146986732811,416.2595842107421,424.55639768948265,4695110
2019-06-24,418.8826599121094,421.2726205083968,415.0742635604857,419.31012135458064,1350104
2019-06-25,419.3100891113281,420.12616042742735,411.9848018613876,418.8826277017269,2203934
2019-06-26,419.2129211425781,424.6146081308259,416.6675073739897,416.6675073739897,3277734
2019-06-27,412.9951477050781,421.2725570787755,411.90702107195375,417.4836107695546,2776050
2019-06-28,413.7335510253906,418.12481455483976,411.42129359346484,416.08461252311696,2829874
2019-07-01,407.6906433105469,415.77374833863814,407.01057597435715,414.7439225991471,2467696
2019-07-02,411.9265441894531,413.7335899321714,405.32017508452793,409.2062745580134,2014050
2019-07-03,408.50677490234375,413.7724588860387,407.1077885204484,412.31517152203526,1213340
2019-07-04,404.4457092285156,408.50666326465523,401.74488969374494,407.53513862082025,2553038
2019-07-05,394.983154296875,407.65182891084675,393.52586701525854,405.66992769539576,2514352
2019-07-08,403.7851867675781,406.4083039251733,392.5154745197817,392.8846587153652,4008224
2019-07-09,396.67352294921875,407.18543885869775,391.7187471298677,401.60884930006927,3205934
2019-07-10,395.9545593261719,402.21116800763497,393.7006033709434,394.0503617002337,1731600
2019-07-11,396.6930847167969,399.41337844568466,394.4585772085697,399.41337844568466,1550706
2019-07-12,397.897705078125,400.1516141430022,392.10740780436896,394.84710298628517,2903286
2019-07-15,399.2967224121094,403.37712687471486,396.38214779596257,401.99754258131026,2633206
2019-07-16,396.2461242675781,401.10374838835526,393.83673795989915,401.0065959059397,3450502
2019-07-17,404.4457092285156,405.3200814079671,396.73181304401095,398.09194754538,2291110
2019-07-18,395.8186340332031,402.98849188721687,394.8276834690572,401.58950564593647,2608300
2019-07-19,394.6722412109375,400.5791406962427,392.18515185376856,397.9365741583777,2139624
2019-07-22,395.9740905761719,399.1995482323286,389.8729099674701,394.67223308704814,1902156
2019-07-23,392.86517333984375,398.6942979754381,391.38846050048704,396.6346940195008,2011658
2019-07-24,396.8872985839844,398.2668590285137,389.19282706623846,392.47658556808443,2384560
2019-07-25,393.0012512207031,399.3550383532603,389.7757932684372,396.80962411803654,6042040
2019-07-26,389.1733703613281,393.31205136574437,387.59950508587787,391.60218211938866,2332384
2019-07-29,394.6139221191406,397.9365319733875,390.16433408328226,390.55294397778755,1825826
2019-07-30,397.7810974121094,399.2383845856867,392.8068952700723,394.43906164825216,2134474
2019-07-31,402.03643798828125,403.3382718178225,389.7563494823317,397.3536691711207,3714036
2019-08-01,396.9844055175781,405.1063375193978,394.4778671276933,399.9378547427649,3490012
2019-08-02,392.6903076171875,395.5660303915892,385.8896343036786,395.21627199077653,3544858
2019-08-05,392.9234313964844,395.21623912477355,387.4828931981099,389.9311543624698,2687280
2019-08-06,398.0142822265625,402.9885084418264,389.8534971920285,392.9235014917493,3174832
2019-08-07,397.4118957519531,406.4470752910403,395.00250979775706,398.3834204335754,3967844
2019-08-08,422.9046630859375,425.5277795351266,399.51036943270367,402.58034925268566,12493298
2019-08-09,422.14697265625,428.4229848781613,418.8437883551455,421.5640577795845,5645698
2019-08-13,416.7840881347656,424.32312914661384,414.7827378044282,424.32312914661384,2507610
2019-08-14,418.98388671875,421.80657232001164,411.7032760314037,416.2585351037387,2803920
2019-08-16,413.7667236328125,419.2758360685979,408.9973589049819,419.2758360685979,3108220
2019-08-19,414.27288818359375,419.6846192349264,411.78112888958384,414.8763303197406,1682212
2019-08-20,422.0400695800781,424.6875724219322,414.68161236718504,415.7717717788543,4282308
2019-08-21,416.64788818359375,421.86499956644366,415.0516202487119,421.63135996874576,2555246
2019-08-22,420.05450439453125,422.955037786367,411.1581887462015,416.78407338859324,2580980
2019-08-23,423.20819091796875,427.27673271247687,419.5484233679594,420.0935032203204,3319154
2019-08-26,425.4857177734375,426.7121353318975,414.1171287988591,424.99904791106076,2314884
2019-08-27,425.58319091796875,428.269618942061,414.1756741292427,427.88028292484097,6604388
2019-08-28,437.5942077636719,439.9497097334122,425.2717605519695,427.1016208650913,6985284
2019-08-29,435.1803283691406,438.2755306607937,432.16297426951115,433.3309823080774,2948038
2019-08-30,428.4057922363281,434.4210610274271,421.7286713575218,434.38208941232443,6738070
2019-09-03,431.52044677734375,440.1831707835585,429.3790992701895,430.99485280358624,4086894
2019-09-04,438.2560729980469,439.3656710803491,429.7880150928651,433.077885245481,2425690
2019-09-05,432.9220886230469,438.17812392414265,429.72955285811076,438.17812392414265,2775294
2019-09-06,428.4252624511719,436.50398291520986,427.08202499073377,434.30422542816405,2075686
2019-09-09,422.1960144042969,429.0483192537096,420.87226235323055,429.0483192537096,3521728
2019-09-11,411.8005676269531,425.93347998621533,409.81496401711485,423.5974645566748,5325506
2019-09-12,410.71044921875,414.428578537105,408.02402201130536,411.52804510109706,4064734
2019-09-13,416.00537109375,416.5893748903252,410.32107697902126,410.71041284340475,3091588
2019-09-16,416.5505065917969,420.0739681205037,411.528063763396,416.5894306781776,3888868
2019-09-17,411.08026123046875,416.20003733153845,407.4594662222535,416.20003733153845,3815108
2019-09-18,412.0926513671875,415.4020072160332,409.0558592217128,412.5598830616671,2572672
2019-09-19,408.6275939941406,411.91746399184734,401.8920625761667,411.91746399184734,3762272
2019-09-20,408.45233154296875,414.0782644798575,403.85819589486437,409.5814152919163,5736082
2019-09-23,402.1451416015625,413.86414504633154,395.9546900396229,413.86414504633154,4733492
2019-09-24,407.79046630859375,409.4645823070558,398.2906600246308,398.3685319639773,5614452
2019-09-25,410.3016662597656,413.4747636404325,406.5445649756518,408.60806444504135,4312820
2019-09-26,406.9144592285156,410.96356243050246,402.2813521279641,410.3600727247754,6062076
2019-09-27,405.3181457519531,410.20428263703883,402.61223281094254,407.05067144531574,4458334
2019-09-30,420.7164001464844,426.9068509931063,406.09686436244465,406.4667144886484,8559586
2019-10-01,412.5209045410156,420.8721412471713,410.04858335904095,420.8721412471713,4190696
2019-10-03,419.2370300292969,424.37624629498254,410.4185599932147,411.9174941101757,3435302
2019-10-04,420.1324157714844,421.18365135638396,414.5065302826784,418.925483827069,2694188
2019-10-07,418.3026123046875,424.76558046738705,416.1612642821663,422.7215664458895,1910498
2019-10-09,409.23095703125,418.1272728854686,404.96774791547216,416.60890088895934,3750540
2019-10-10,414.0587158203125,415.0709796212316,405.4544022229702,409.2115030377529,2707552
2019-10-11,420.2881164550781,424.37614352573894,408.0240352430958,408.80270706607877,4312780
2019-10-14,423.1303405761719,428.1917080590143,418.1468212748282,421.41725284593736,2781204
2019-10-15,422.23480224609375,427.9385829389219,420.2686368534921,424.0257379601234,3002070
2019-10-16,428.6199645996094,430.99490443222004,421.68976555393044,423.9868572056799,3018788
2019-10-17,425.5636901855469,429.126076199269,422.2543345247925,428.2695560976187,1552278
2019-10-18,426.5174560546875,430.3913290457386,423.7531808151033,426.3033023103901,1647630
2019-10-22,414.42864990234375,426.6732945460307,409.38676815435457,424.454051024526,5502486
2019-10-23,426.3811950683594,429.80732226907566,415.81071650584755,416.5893882596038,7829074
2019-10-24,435.68646240234375,451.2404163273249,432.3576206483989,449.72199644786997,13502160
2019-10-25,441.5262756347656,442.7721311634445,427.5296253424594,436.4454245189899,4587220
2019-10-27,440.144287109375,443.70672052181277,438.0418634949559,443.0643067054124,303910
2019-10-29,443.7456970214844,446.1206370681577,439.1515133038938,440.30008299647454,3218206
2019-10-30,446.4709167480469,447.73625834772525,443.1420759906599,447.73625834772525,2441752
2019-10-31,453.4912414550781,456.31885831214055,444.0528704380187,446.8609674454146,5848998
2019-11-01,449.29852294921875,455.14876413345337,445.9443941921345,451.9896434158436,2131710
2019-11-04,450.81964111328125,454.87581826951384,449.3180885782105,452.43821752771413,3022168
2019-11-05,451.9118347167969,452.65287515448506,445.92509447150445,450.897801932838,2878100
2019-11-06,447.87506103515625,452.4382788074968,445.0864358869586,452.41875895516273,4576658
2019-11-07,447.91412353515625,450.15671687385515,443.09743258174444,448.12865150696706,2538638
2019-11-08,448.5576477050781,454.13489872722823,446.99758281601817,447.8751193161144,4026580
2019-11-11,446.9391174316406,449.96174346915046,440.7963612908949,448.51870234016667,1906640
2019-11-13,444.0723876953125,450.8976704559842,442.55131515819824,448.5185814155718,3378350
2019-11-14,447.66058349609375,451.404729244072,442.7073495213737,445.2034625564913,2540924
2019-11-15,445.5154724121094,452.340755117131,444.61841621283475,448.8890740616478,3061712
2019-11-18,445.0474853515625,448.4016152179145,444.1504766389547,447.7386067081869,2484314
2019-11-19,442.53173828125,445.98337093935885,440.19164188803956,444.228298644451,2365020
2019-11-20,441.8103332519531,443.7213743837342,438.96319618760896,442.66834977604276,2225036
2019-11-21,443.2923889160156,447.93359106627014,441.32283573599943,444.0724212905324,3876184
2019-11-22,434.7704772949219,442.6487840115222,432.50836471601383,440.89371144114574,2597928
2019-11-25,438.6706237792969,439.1971360107883,431.37734149860444,435.6479988988438,1693202
2019-11-26,432.1573486328125,442.4732551949699,428.4131560720804,439.3531264672839,6459924
2019-11-27,440.0357971191406,442.43440637714565,432.5279849369616,432.5279849369616,3354312
2019-11-28,441.75177001953125,445.9444433302184,438.9631452258939,444.2283628718731,2413116
2019-11-29,439.80169677734375,443.3898261153995,438.80713660602004,443.05832192808845,2387702
2019-12-02,438.8852844238281,444.22848775250696,438.18323616324983,444.22848775250696,2995916
2019-12-03,438.5927429199219,441.10832840152864,437.2081663466964,440.6987923420112,3567662
2019-12-04,438.96319580078125,440.7182685516507,435.4335304469413,439.54822005107104,5903136
2019-12-05,437.5201110839844,442.7853288077703,434.5949901263255,439.7821760589395,2683884
2019-12-06,437.0521240234375,442.31734248039066,435.7650991884872,439.8602690994509,1659752
2019-12-09,430.6168518066406,439.31423160361544,426.6776979380498,438.80719152940026,2192234
2019-12-10,424.6886291503906,432.83997685781134,422.621524346662,430.6168560597527,1628853
2019-12-11,424.1815185546875,428.93974373905405,420.78839738672366,425.11756675566033,2387958
2019-12-12,418.3702087402344,427.3015860408498,417.35617650557276,426.91156998064287,2061911
2019-12-13,423.6745910644531,425.1176318720032,418.7213570632424,419.65740540759214,2889796
2019-12-16,430.73388671875,432.8789757486149,425.15663619734215,425.8976764749932,4590144
2019-12-17,435.06298828125,436.038028595641,430.96781896080796,433.30791571534627,3852266
2019-12-18,440.4842834472656,442.2393562581955,436.03808947103045,436.8181218314437,4618387
2019-12-19,444.2284240722656,447.73856965317026,440.52327040353293,441.10829466701705,3465644
2019-12-20,444.54034423828125,447.543448991683,441.10818371206403,447.3484409529067,3135806
2019-12-23,445.3594055175781,448.9475346857156,441.92724470592526,442.6682848367808,1591463
2019-12-24,437.2469787597656,446.6853956194049,436.2719386467479,446.1783557168835,2354963
2019-12-26,437.20819091796875,440.71833696458935,436.4671505640238,438.10524728475514,1848547
2019-12-27,442.70733642578125,443.8383928186392,434.4780049208823,439.11920677539905,2786795
2019-12-30,444.0723876953125,450.46866220433515,440.1332340238894,442.27832289152906,1800754
2019-12-31,443.1363525390625,445.78848153420535,440.7572634280819,443.916384877705,1838808
2020-01-01,446.1394958496094,446.8805360769894,442.16130244391417,444.1504229514591,918373
2020-01-02,447.3874816894531,448.5185379592282,445.0083928795473,446.607449449524,1075642
2020-01-03,456.35797119140625,459.04909264126,446.84156586625755,447.73862221934286,3269446
2020-01-06,453.9788513183594,461.93519122416916,451.9897782442567,456.31894849010354,3589985
2020-01-07,455.7339172363281,458.46403056166344,451.67773934537894,453.97884438432686,3179728
2020-01-08,456.90399169921875,462.55922676506486,450.85874042193507,454.75890253631167,3593096
2020-01-09,452.6527099609375,458.7759917541096,451.8336856116164,457.0989033550405,2313648
2020-01-10,452.6916809082031,460.0629949265847,450.3906239412498,453.97875311801477,2049636
2020-01-13,457.48883056640625,460.2189429397778,453.1986539796795,455.4997582162547,4096054
2020-01-14,463.5732116699219,465.99134049753917,457.99600898615444,458.03500108140395,3395378
2020-01-15,464.7043762207031,466.69344963522593,461.5452540200602,465.6794168758032,2348102
2020-01-16,462.75421142578125,466.6933654398479,457.68400093396906,465.6793328633652,2107442
2020-01-17,467.08331298828125,469.57942577006685,456.31887720180913,456.31887720180913,4555694
2020-01-20,459.6341247558594,482.0600578686824,455.6169385631926,482.0600578686824,10272118
2020-01-21,455.5779113769531,462.75421894226974,454.2518467818295,459.67308145608825,2640668
2020-01-22,460.72607421875,464.11919551192955,453.5887599835076,456.4748888724348,4402650
2020-01-23,467.2002868652344,467.9803190504641,457.87889272986166,460.29697346031935,6089397
2020-01-24,475.6138610839844,476.63129106778575,466.0655727928841,468.80483308637713,3551260
2020-01-27,472.9919128417969,475.8485887734089,470.9570531157875,475.6138046156237,2450421
2020-01-28,470.7222900390625,475.33987124531143,463.7958465763316,475.30074851207894,5330709
2020-01-29,476.51385498046875,478.58788536557637,471.30928930382237,473.50068789235274,4281329
2020-01-30,475.731201171875,480.4270756831469,472.44412722910926,478.9792001497337,3334901
2020-01-31,462.8567199707031,476.5530207233324,461.4479193924507,475.7312044630498,3590768
2020-02-03,453.2300109863281,464.6175417551739,451.97779723574286,462.8565892984113,4024193
2020-02-04,459.0216064453125,461.17388166734935,455.891024304168,456.2823470718111,3246094
2020-02-05,466.14373779296875,468.4134293233152,458.6303585354431,461.2913728973045,3006324
2020-02-06,469.352783203125,479.76196472744095,468.0222755416145,468.76579874383367,4704968
2020-02-07,475.6138610839844,476.7878297811956,468.9222490636617,470.87886355901384,2865379
2020-02-10,473.42242431640625,478.6269897939935,470.87882567707953,476.5530072571161,2286213
2020-02-11,477.9226989746094,480.3488819592219,474.04859253170594,474.2833767287796,2458748
2020-02-12,480.62261962890625,485.6315703240121,477.64857605257833,479.761728619854,4873027
2020-02-13,479.3314208984375,480.50538957672467,472.7571771924662,478.9792207411698,2090363
2020-02-14,486.5316467285156,487.78386055619995,479.1747591264074,479.33129779709185,3650630
2020-02-17,480.114013671875,487.97959339413467,479.2530747415141,487.58827054458044,2190578
2020-02-18,475.1050109863281,481.95316011692023,473.6180129793094,480.11396202940585,5237465
2020-02-19,474.08758544921875,483.870655722624,472.71795561094206,480.8966119132884,3799862
2020-02-20,475.88763427734375,479.72261671813516,473.61799076186935,478.1964482868449,4820313
2020-02-24,465.79168701171875,476.63131270037815,462.9350106112868,475.8486668667158,4070143
2020-02-25,455.85198974609375,466.22204509427496,450.02126982673224,466.06550640316357,5525575
2020-02-26,456.7518615722656,461.0172887917473,450.4124525895076,451.50817531761027,5460070
2020-02-27,448.4950866699219,455.8128522646738,444.54273563399823,455.5780203511554,4078174
2020-02-28,418.20672607421875,441.4121910405618,415.7414206898561,438.2816081253805,7894806
2020-03-02,430.2203674316406,442.8600673126437,420.94598686770996,423.4504627580547,8175982
2020-03-03,442.23394775390625,445.1297464273018,434.3683679422462,435.15101365025026,4682284
2020-03-04,440.70770263671875,450.3342813907346,439.06416604251325,445.3253306206596,5175180
2020-03-05,451.11700439453125,455.4215557808573,440.74694878201853,444.5427613514903,6061347
2020-03-06,443.1340026855469,449.1995068303211,437.92938969892157,446.108046776946,3288548
2020-03-09,422.98089599609375,436.71631905784176,419.8503130637795,434.368381858606,3699776
2020-03-11,420.12420654296875,424.7027125965721,402.2798939525506,412.2586267305565,4850031
2020-03-12,386.1181640625,413.0802873367569,380.6396455361003,407.7583074648896,5321388
2020-03-13,385.76605224609375,404.82347939772455,309.8885676350351,360.01701406080866,6859998
2020-03-16,352.73846435546875,375.51343755926376,349.7252733105804,367.06087264697425,5281571
2020-03-17,352.6991882324219,374.57413941409345,346.98588566156224,352.19047343656916,5148153
2020-03-18,339.8638000488281,363.77360993429426,335.7940339947534,356.1036937759742,4936397
2020-03-19,323.5848388671875,340.13778883689,293.6877668396574,327.85024313552196,9270044
2020-03-20,348.1990966796875,361.543221326913,322.33266365504693,323.62402439266145,11916337
2020-03-23,326.48065185546875,347.49469386256123,313.41048288094873,324.7979683625291,9525470
2020-03-24,345.968505859375,359.11696733163774,322.3326211617061,323.23265889748455,9915953
2020-03-25,358.1387023925781,366.27821347058955,326.9502642678179,338.1029662805442,11976272
2020-03-26,350.3905334472656,365.299926350868,345.2250664016747,360.87798236743237,9504717
2020-03-27,337.0463562011719,358.0212746865202,329.1025073523164,352.38621625536376,9150873
2020-03-30,327.9284973144531,343.3074781514753,320.8846871096081,320.8846871096081,6325701
2020-03-31,341.546630859375,351.7210265130676,332.8592574858696,339.04217856760056,6381806
2020-04-01,323.6631774902344,339.04218734961825,319.476041354937,338.8856486278786,8136746
2020-04-03,317.59759521484375,335.4419303654363,312.5103984898658,327.8502580066893,8166356
2020-04-07,353.090576171875,358.41258086151976,332.62439743594166,332.62439743594166,5972948
2020-04-08,362.4432373046875,373.16546932605877,351.40792788810387,352.9732193263583,7991061
2020-04-09,367.0999755859375,376.45260175291463,361.5823326608037,376.21781758418865,5069225
2020-04-13,358.6473693847656,368.62610142984096,355.3211253697405,367.8434557792468,2236731
2020-04-15,374.6916198730469,377.235218336937,362.13016624361586,367.84347016257345,6333188
2020-04-16,359.8214111328125,372.5394055447934,357.4343509661918,370.19146811488923,10484842
2020-04-17,356.2994384765625,371.75669033798397,355.04720063748135,367.8434620186367,4706460
2020-04-20,367.8434143066406,370.66094310800645,354.92976252779044,358.45166755838596,4800719
2020-04-21,356.6516418457031,363.8911143028027,350.5078685511663,358.45171733530987,3405204
2020-04-22,361.8953857421875,367.4130525450898,352.19058333387784,354.53852055610366,3768051
2020-04-23,373.869873046875,376.2569329585619,361.8953791025459,363.93026276803175,3052968
2020-04-24,366.3564758300781,388.8966635980912,364.0476613422939,375.66995536323446,6738184
2020-04-27,378.0960693359375,380.1309525393504,365.69113261274117,370.2696138493085,2914569
2020-04-28,368.7043762207031,382.71372879648607,367.4130156550283,382.71372879648607,4262237
2020-04-29,384.865966796875,392.10543846514366,367.9999639775527,371.6001145644847,3849090
2020-04-30,425.4070129394531,442.58609368029255,392.1054516955377,396.4100025624548,8035267
2020-05-04,402.4754943847656,412.8455484452385,397.7404981222534,412.8455484452385,7032527
2020-05-05,407.288818359375,414.72395208899115,403.5712514945669,411.6716149240098,4592828
2020-05-06,406.2713623046875,412.2194982646864,396.1752614722551,400.87113565540574,6921533
2020-05-07,400.5189514160156,424.03744599521235,397.23182980371547,414.80223595601035,19998641
2020-05-08,405.7236022949219,408.9324309710547,393.2012455960429,407.6410462920037,10120968
2020-05-11,412.88470458984375,418.6371787993888,407.91492380201555,411.6716133817573,4425540
2020-05-12,412.76739501953125,422.6287125378518,406.9757972586721,411.2412262260299,6439945
2020-05-13,413.8238830566406,422.511230572114,408.18882488251506,422.511230572114,3502017
2020-05-14,404.9800109863281,412.88471313583375,402.5537807510368,406.5061795946903,3741672
2020-05-15,400.1275939941406,405.37132947410305,395.4317200303952,405.37132947410305,4895121
2020-05-18,399.7362976074219,405.91921784292964,397.19269904212746,402.8277577251758,5159655
2020-05-19,405.60614013671875,407.367092988253,396.17526886339385,400.71460443801254,3966934
2020-05-20,412.2586669921875,413.7457130903252,403.0625790241605,403.1017017596046,3138708
2020-05-21,418.5980224609375,420.6720526186177,409.6367676481829,414.64567133430097,4523685
2020-05-22,415.1153259277344,418.71547727901975,409.32372825593893,417.6589246214854,6410434
2020-05-26,410.1063232421875,419.8893939302168,407.17140203577867,414.80219717244154,4055691
2020-05-27,415.5456848144531,417.85449885456615,403.8451237112869,414.5673778287184,4828798
2020-05-28,424.70269775390625,427.32454167678014,409.323691020066,415.5848564658796,4492767
2020-05-29,430.65081787109375,434.36838513122586,420.045977661761,422.6286990465982,7853755
2020-06-01,438.0859069824219,448.7690393196559,434.7596629365526,435.93363142333,4503261
2020-06-02,438.4381103515625,444.34707555862366,430.4551150281691,437.7337101466835,2930058
2020-06-03,440.47296142578125,444.85580571875835,435.9336262182224,441.41214575776917,4202273
2020-06-04,453.11273193359375,456.83029896235985,437.4989408589959,442.19481500059516,5315353
2020-06-05,450.7646789550781,459.5303179858846,448.0645424641798,457.8476110769348,3995824
2020-06-08,452.56488037109375,456.6737703355525,446.92982172319836,453.26928061541935,3771973
2020-06-09,448.3385314941406,456.7519720439674,446.10801054895524,449.356009031564,3812291
2020-06-10,452.9170837402344,459.8043564619692,448.9255619419459,450.0212850478847,6491708
2020-06-11,452.4083557128906,457.7695076370596,449.3168955185019,453.93452444368046,4975680
2020-06-12,446.69500732421875,452.91704983152925,434.52487695002395,434.52487695002395,6624056
2020-06-15,453.11273193359375,454.71714604485976,441.17738515702905,449.8647332114268,3787100
2020-06-16,454.63885498046875,464.50017058111894,452.68224095106217,457.8476828811366,4728405
2020-06-17,450.68646240234375,455.38233613518986,448.455941486801,453.9344608417881,3572351
2020-06-18,453.11273193359375,456.9085444238257,446.1862889133937,447.0472278340281,1918229
2020-06-19,445.79498291015625,452.36922606432734,443.9166618438958,449.2386431849894,6182627
2020-06-22,445.79498291015625,451.31267345011236,442.50790910197446,450.0212889048239,2666273
2020-06-23,454.1302185058594,456.673817316965,441.2165630033231,445.87331499589806,4521803
2020-06-24,437.96844482421875,453.77789499883744,433.8987260478314,450.0212057912288,5339893
2020-06-25,430.4942321777344,438.8294274955308,428.8898181417505,436.40319730820664,6353371
2020-06-26,440.1599426269531,449.1603678056036,426.5418889012609,430.4942399694099,7034875
2020-06-29,433.35101318359375,442.8993020299238,430.6899982076142,439.84696413211856,3857610
2020-06-30,435.8161926269531,438.90765236723047,432.99868751390653,436.71625419387226,3110587
2020-07-01,431.8248291015625,437.9685796513566,431.2378447393946,436.67724271593295,3004648
2020-07-02,445.48199462890625,447.98647071859864,432.72487776539253,434.36841482202067,5243652
2020-07-03,453.269287109375,454.36496245425315,446.57762799912035,447.6733511129022,3735570
2020-07-06,452.9170837402344,460.97832503165927,451.7822379024199,453.2692838649221,3288417
2020-07-07,463.3654479980469,465.2438170728845,450.1387623065072,455.4998670638702,7255475
2020-07-08,449.9431457519531,465.4786477156885,448.45609943857005,465.4786477156885,4625011
2020-07-09,460.3912658691406,463.0131094741393,450.02121185678857,450.52995059514143,4807930
2020-07-10,455.6954040527344,460.6260618163139,453.8170354909436,460.3912776883143,2376881
2020-07-13,471.6224060058594,473.50077529641953,456.5564722464278,457.84785710480236,5443990
2020-07-14,462.8175048828125,480.34878726488796,460.2739064166441,473.1875601679608,6212718
2020-07-15,481.483642578125,491.4623752196406,463.71757569395993,464.6176373535007,9928037
2020-07-16,491.3057861328125,510.4414810246203,475.1833055281677,493.06673877128134,20771204
2020-07-17,487.7056884765625,504.5325710753486,480.0748928794386,492.67546957841034,26830157
2020-07-20,507.6239929199219,510.2850074651852,490.6014485757995,495.41473884273347,10543170
2020-07-21,510.5589599609375,518.3854178296966,503.47602514349205,510.2850530430941,8801061
2020-07-22,508.8372802734375,514.9810318344117,503.3195881457919,514.1983858893745,3837958
2020-07-23,512.5269775390625,515.7457559043717,505.2259209212653,510.28957319235985,3172594
2020-07-24,533.802001953125,537.6095269633737,503.14539295848476,503.22387985746525,12365728
2020-07-27,550.4061279296875,552.9968669978912,531.0936507068709,536.9816069231333,11348828
2020-07-28,559.3164672851562,562.1426664465569,546.1667014538604,551.1125739444611,8469603
2020-07-29,545.146240234375,557.9819651842964,543.6546055436163,557.3931695826246,7142681
2020-07-30,545.970458984375,559.3949774334402,543.772298665668,547.9723541332635,7966760
2020-07-31,553.6248168945312,562.6530149717854,546.4022488494674,550.9948347918104,6322671
2020-08-03,554.2137451171875,563.6737192624944,549.9743971428381,556.6866581719629,5546316
2020-08-04,543.7722778320312,558.1781215782555,539.3759094467548,557.0005306044617,6683186
2020-08-05,540.435791015625,551.4266405302784,534.6263228199305,543.7722989040019,6052220
2020-08-06,553.3892211914062,555.5088464212404,538.8656004828513,543.2619205578418,5132907
2020-08-07,541.9274291992188,549.4640411915226,537.7666167840051,549.4640411915226,7371589
2020-08-10,543.3012084960938,545.5779035276955,537.845027443068,545.5779035276955,3769570
2020-08-11,536.8245239257812,550.2883347706888,535.0188938087339,544.8321530495398,3956468
2020-08-12,562.967041015625,564.4586755974951,531.5253677648392,534.3123238260442,13085350
2020-08-13,568.8549194335938,572.3092054091672,559.7874786430868,562.888477748111,8850347
2020-08-14,556.6865844726562,571.4457655901005,555.2342411843317,571.4457655901005,3887203
2020-08-17,564.3407592773438,565.8716369387349,556.8041971361321,558.2565399924583,3344102
2020-08-18,560.8865966796875,566.5782864500691,559.277231914081,564.419369640614,3634301
2020-08-19,557.2753295898438,560.6903724511848,553.4678042871556,560.376328998543,4858027
2020-08-20,557.4716796875,561.9857794881065,554.2921928894654,556.2156015182034,3025569
2020-08-21,554.1743774414062,561.3184107756662,551.6621735721566,561.3184107756662,4164686
2020-08-24,554.017333984375,556.1762508642149,546.0881923304546,554.2920860571068,4066936
2020-08-25,550.798583984375,558.6099477599838,545.3816937464989,553.4678096085834,3982510
2020-08-26,559.5913696289062,563.4774304566976,547.1874176639752,553.2323958498382,4511228
2020-08-27,557.510986328125,565.2438165969895,554.645495035796,560.1801644900457,3917059
2020-08-28,554.6060180664062,562.6136450132828,552.0545713574103,560.297706878782,5416681
2020-08-31,545.146240234375,569.1690816160605,538.5517103291276,553.4678655714795,7786675
2020-09-01,541.3778076171875,552.6827001968242,535.7254092436688,545.6171543136262,6377322
2020-09-02,551.0733642578125,553.310768071308,540.985305580589,541.6133924694249,4090511
2020-09-03,554.8416137695312,562.4174682001133,547.658289663512,553.3107359204764,5467610
2020-09-04,550.1705932617188,553.0753277743845,543.3013113340738,545.7350285382242,3354824
2020-09-07,556.4510498046875,559.2772972533938,540.9460999980961,546.6770338876511,4238823
2020-09-08,569.8756103515625,580.0813999719036,552.0547219697061,556.4510429473311,11522742
2020-09-09,566.7745971679688,573.800900204908,557.5501336952625,559.0417203155348,5514179
2020-09-10,567.1278076171875,572.2699450637617,560.3762575763297,572.0344364624486,3366359
2020-09-11,566.5391845703125,576.2346669526505,557.5109847474849,558.9633281611541,7221661
2020-09-14,625.8184814453125,649.5538157527293,585.8265690862288,586.4957060411176,32312474
2020-09-15,624.0472412109375,637.5484234597905,616.4503306262545,622.7482716541444,14024028
2020-09-16,621.3311157226562,626.8811654929906,613.458691069851,621.9609000849873,7471292
2020-09-17,636.3280029296875,643.5706423989935,621.5278558703429,625.8183364295619,19972637
2020-09-18,638.1387329101562,648.6878013262685,632.9429517795145,636.3280848221731,8847382
2020-09-21,631.8409423828125,669.0775587987266,624.6377008428714,647.9007119348905,24911507
2020-09-22,646.3261108398438,654.5921573243972,622.3545664247448,640.776060667252,21882919
2020-09-23,640.8941040039062,665.0624585136495,637.7845345492013,654.9857640610654,18070370
2020-09-24,620.5833740234375,638.8080606682088,617.1982402239416,638.453791864307,10553627
2020-09-25,651.6007080078125,658.1348119616516,623.9684639869146,626.0546760915113,19813100
2020-09-28,657.5442504882812,665.0230536964688,646.1685875775133,660.0240834034138,11145837
2020-09-29,639.831298828125,662.1496029817959,637.8238401980775,659.236844367337,10554255
2020-09-30,638.926025390625,645.9325032070531,635.3834339653578,643.9643968596824,9470272
2020-10-01,639.9888305664062,646.2867708673498,638.6111561255748,645.4601758127452,4321350
2020-10-05,648.8451538085938,660.6537890463765,641.6812196013296,652.4664493950633,11889998
2020-10-06,652.7420654296875,656.9537931160384,647.6643422600603,653.4112022604097,7848500
2020-10-07,651.8760986328125,653.8835572627828,647.9005338853291,653.411231014366,6980002
2020-10-08,668.8017578125,691.9860556344923,664.8261933826266,675.0603443760832,25860257
2020-10-09,673.682861328125,678.9967489284345,668.6051369001564,671.4392391166734,7286954
2020-10-12,681.5942993164062,686.4358581526072,674.7846829945266,677.6580882461459,8717550
2020-10-13,708.8330688476562,713.7139332375986,679.6263472800912,681.9880744556616,18948618
2020-10-14,701.0001220703125,716.941783339697,694.347913066527,711.6672487665991,15441198
2020-10-15,677.0285034179688,711.4310079108448,656.1272260909467,708.4788487389641,15648823
2020-10-16,651.1676635742188,690.4116836109966,646.0111866766589,676.2413183829489,28982990
2020-10-19,665.0231323242188,678.3669029200798,655.7730325256871,661.1262721609005,15671485
2020-10-20,692.4979248046875,697.49689575197,664.1177925819741,666.7550839407419,21563969
2020-10-21,685.7275390625,701.9447626601627,677.0285194400532,693.560611193822,11161929
2020-10-22,685.094970703125,694.3877451975108,673.4691070006007,679.2820629874349,9607794
2020-10-23,674.1807861328125,692.3708944781787,672.7176397597433,688.8514942962613,5447267
2020-10-26,670.5030517578125,680.863531421711,665.9555256866646,674.6156067285538,6612856
2020-10-27,670.0681762695312,678.1351028879938,663.3062114096182,671.4126720844635,5807904
2020-10-28,656.1092529296875,673.8248552879652,649.7822589833216,673.8248552879652,6853002
2020-10-29,664.3739624023438,666.3116141392313,647.6865335703385,652.4713135488022,6690978
2020-10-30,665.8766479492188,679.9146672255845,658.7983130824011,666.5488718173783,8727274
2020-11-02,650.4149780273438,667.3791914344173,647.8841708683747,665.8765593786552,5953172
2020-11-03,643.8113403320312,658.0075464511624,642.4668441045245,654.8440486316856,7011687
2020-11-04,644.6810913085938,665.7183246716801,641.0825752610336,642.348002880645,10077502
2020-11-05,666.6279296875,673.1130599697603,656.4651665352709,659.5891295006819,8903859
2020-11-06,672.322265625,676.8302590742176,661.4873256469365,669.0797000984633,5871913
2020-11-09,676.1976318359375,690.2751869146673,669.9497045842004,685.5299403754678,7505062
2020-11-10,640.370849609375,671.0567589254586,637.2468868640993,671.0567589254586,10397497
2020-11-11,653.3016967773438,655.634785584132,636.9305893407384,642.9807969600716,9779484
2020-11-12,652.234130859375,661.9618763777223,650.0987603136053,654.171782804076,4699639
2020-11-13,654.9229125976562,657.5723701581919,647.0537528418212,650.8104053313201,3918289
2020-11-14,656.8209838867188,659.589043421461,655.6346726575434,659.589043421461,475390
2020-11-17,644.5626220703125,662.7131988122876,643.7717476874042,662.7131988122876,5977903
2020-11-18,644.0088500976562,648.4377745713384,632.8970772644527,647.725968484332,5816221
2020-11-19,636.2979125976562,648.8728333588547,635.0720670788173,644.5625587412654,7170339
2020-11-20,647.9237670898438,651.2849828483202,635.8629340741342,643.7321429746769,7455575
2020-11-23,663.7018432617188,665.916282051366,645.5512651121467,652.47141649926,7116516
2020-11-24,664.729736328125,678.095529038058,660.6567150659678,667.418727800188,8465615
2020-11-25,652.234130859375,669.0797460161924,650.4941975157426,664.7299367926829,5610232
2020-11-26,665.9556884765625,668.2887772941243,648.2005509522133,651.7594852691643,8414555
2020-11-27,650.1777954101562,670.5032762215044,644.0485190884567,665.9162145640089,11723771
2020-12-01,659.668212890625,660.9336406921964,644.641601678801,651.680402028583,8078785
2020-12-02,666.82568359375,670.2264334205485,657.4537942007998,661.2895635083595,7062229
2020-12-03,681.8917236328125,683.3152874941997,666.9441824104254,671.0567377764218,9633229
2020-12-04,678.9655151367188,686.3601697554977,675.7624842128394,684.8970717628404,5577388
2020-12-07,676.434814453125,680.11239944859,672.5595591434758,678.5701848288421,5314265
2020-12-08,683.1573486328125,692.5687740116759,676.9885375013981,679.3611608804919,8722526
2020-12-09,688.4956665039062,695.9694388824976,683.3945172124145,684.9762659371474,5952003
2020-12-10,685.4902954101562,694.2294467184697,684.1062653934642,688.4956080778887,4641898
2020-12-11,681.931396484375,697.3929801050322,676.3557420676084,688.8515469270984,5637035
2020-12-14,690.4332275390625,692.5290636321421,678.6491817812023,684.9761758479978,5143894
2020-12-15,700.7146606445312,703.0872836489709,688.0606712875193,691.7777903153693,7527270
2020-12-16,699.9633178710938,705.4599041326328,694.7435665884332,700.9123767237061,4378179
2020-12-17,695.4552612304688,701.5054686279913,693.5967260279011,701.5054686279913,4863371
2020-12-18,704.3922119140625,715.741238767277,701.2287147261409,707.6347772232277,11568187
2020-12-21,688.4166870117188,720.091199648451,672.2432945647264,701.2288629858875,8875855
2020-12-22,722.7010498046875,727.0113251341747,689.6425080413385,695.297279565961,10251896
2020-12-23,729.66064453125,739.4675056255415,723.4918343524519,727.6043905620302,10723068
2020-12-24,727.09033203125,734.1291332257381,720.2492977002069,733.8918805692011,4390561
2020-12-28,729.02783203125,733.5358246509862,722.4635857883299,731.5586391397976,3884750
2020-12-29,740.1792602539062,747.376196915752,731.756429837354,734.7222083965435,6760167
2020-12-30,743.9754638671875,751.3305852049667,736.3039735008674,741.8400936023777,6382809
2020-12-31,748.2857666015625,751.2119630055095,739.467498514036,742.6705298961525,3468390
2021-01-01,751.7260131835938,755.680384636427,745.0035817137773,745.0035817137773,3142822
2021-01-04,775.3731689453125,778.7739187193173,753.4264075189327,758.4484399242626,5259092
2021-01-05,784.0331420898438,787.552542038338,764.9335585566647,764.9335585566647,7150252
2021-01-06,773.6332397460938,789.2925410260508,764.0636318791886,789.2134729055446,5995748
2021-01-07,761.2561645507812,781.5421127651227,758.7649390864293,781.3839282266375,5261000
2021-01-08,786.6431884765625,793.6424071383855,767.1481165164264,771.0234201248105,8034775
2021-01-11,834.4513549804688,837.5753660177971,797.2011992069305,802.7373186458675,13384331
2021-01-12,839.9874877929688,842.320624661881,821.4810117797113,831.9996774980654,6700542
2021-01-13,835.1235961914062,843.8627949623263,823.3000651881741,841.4901722960781,6691409
2021-01-14,812.7814331054688,829.6270933509508,796.0940056363197,829.6270933509508,15021108
2021-01-15,782.807373046875,832.6719880433898,778.2203117578144,828.5594802973512,23769415
2021-01-18,776.2430419921875,794.7890519874395,772.6050399117821,790.8742149691161,12947569
2021-01-19,778.1016235351562,788.5016393912477,774.5426893553563,781.3837710316477,6387923
2021-01-20,790.2811889648438,798.5063014584226,781.0279494773522,784.3496313794183,7444118
2021-01-21,788.7326049804688,809.933823584985,780.5141782154398,801.1992431345587,8857975
2021-01-22,782.7774047851562,797.2291784703777,779.283600811187,787.4623366741783,5379466
2021-01-25,752.3651733398438,791.670794532796,747.2038291427893,791.670794532796,7731883
2021-01-27,758.7177124023438,764.8716237274282,748.395022437686,756.0179125639872,7531736
2021-01-28,741.6057739257812,756.2560607750762,738.5486409414563,753.397441031351,6960905
2021-01-29,725.7643432617188,753.9532209266979,722.1911052478481,747.2037713449423,7692663
2021-02-01,737.1590576171875,741.4469630546467,711.7493624977778,729.7346817105439,8651478
2021-02-02,758.0426635742188,764.6729862810439,742.8762232407514,751.968139156956,7690178
2021-02-03,762.2113647460938,772.8516440614509,756.3750471073715,767.0550678381042,6354619
2021-02-04,760.4248657226562,770.5887343078164,754.4694682940294,766.0229296125358,4623148
2021-02-05,751.2930908203125,765.3875282963554,746.4493395663644,762.9259354890625,4631703
2021-02-08,760.504150390625,765.7846214604173,747.4816636943033,758.3205049575013,6509526
2021-02-09,755.6207275390625,779.6805694131434,751.6504630007842,766.2610558877055,7557977
2021-02-10,761.8540649414062,766.3404347493426,751.2931710596748,758.3602127937744,4896963
2021-02-11,770.5489501953125,772.2164418920042,756.7721033611356,761.8540612850937,3745595
2021-02-12,762.6085205078125,783.3332844196265,760.3851333359215,774.2016749205635,8045740
2021-02-15,758.0426635742188,771.2239230794017,754.4296839011897,770.2313568978324,4643228
2021-02-16,756.1768188476562,764.0776575273308,749.6655732058335,759.9088784137756,3277086
2021-02-17,748.95068359375,761.0202970222438,747.2037575705886,755.9383392212543,3643176
2021-02-18,752.8414916992188,759.7100682742713,745.0994763705811,749.5858943829759,5133094
2021-02-19,754.4693603515625,760.7026560489971,749.9432492603304,754.3502330339743,5494816
2021-02-22,730.6478881835938,755.5017374193937,727.3922418007279,753.9533243745678,5043203
2021-02-23,722.5484008789062,738.4691508356138,719.8486018016234,733.7048337334486,5916942
2021-02-24,727.3526000976562,730.0920928369061,719.015043000467,728.9407062114066,3435827
2021-02-25,737.873779296875,741.6852241538852,732.2360221610006,735.2137210282197,6234947
2021-02-26,722.1515502929688,734.4990654295926,718.6973904737495,721.0001636865622,9198218
2021-03-01,738.7472534179688,742.0029000802245,727.0747120748451,727.3526112629564,5397960
2021-03-02,757.327880859375,760.623219464897,737.3574329505273,741.5262102763587,6715548
2021-03-03,766.4595336914062,768.6431790865385,751.9680687964379,766.2610204736669,5742015
2021-03-04,760.7028198242188,770.1520704794947,755.4223476700671,755.9385015372195,6268541
2021-03-05,747.6007690429688,771.8193813167984,743.4716844704681,759.1939214338934,5992152
2021-03-08,763.7996215820312,772.6135907440274,749.5860530959526,756.3355037859055,5621823
2021-03-09,772.7327270507812,775.7104259191393,753.6357128695904,765.546508343023,5440319
2021-03-10,784.921142578125,790.161871336751,777.9334880782459,782.697804573409,7694950
2021-03-12,777.5763549804688,796.2762923487519,773.089936405603,784.9213448028526,6447010
2021-03-15,787.9783325195312,789.5664382320431,768.1270111131325,776.1866669901865,5321071
2021-03-16,799.8096923828125,808.9809926396698,786.4696148760074,788.4944398472403,8094575
2021-03-17,784.0875244140625,813.0307615227389,780.3157732419273,803.5815128843857,6758901
2021-03-18,752.5635375976562,793.8542830000073,740.3748465620554,790.0825322180617,8269566
2021-03-19,762.6480712890625,769.4372134796788,744.5833689086057,754.3502092938028,9004154
2021-03-22,777.1792602539062,780.1172656178817,750.062334877892,762.6481021690072,4745254
2021-03-23,778.8467407226562,788.4151166098327,771.6605719184791,781.0701275381034,5158305
2021-03-24,774.7178344726562,781.9436974391697,766.8963832866605,771.0651615669912,3874331
2021-03-25,759.9483642578125,773.8045978946712,754.3503006669448,770.2313596283542,4879437
2021-03-26,761.1393432617188,774.2015222271951,757.3675922559964,766.2609937940957,4271178
2021-03-30,790.7178955078125,794.6881601452941,765.8243556168604,766.2610750339545,5475000
2021-03-31,780.276123046875,794.0529218550016,777.0999113594551,794.0529218550016,4445140
2021-04-01,796.1173095703125,804.7725043858746,786.588676069937,787.7003693643687,5269079
2021-04-05,820.6536254882812,825.8149690448114,796.1173728873362,799.6112248347356,9452833
2021-04-06,816.604248046875,826.2916573393766,810.132695732394,825.0211917333569,4260257
2021-04-07,823.591552734375,829.785203552138,813.665892404804,818.6684639830185,3551106
2021-04-08,823.8300170898438,837.2495326578976,819.1848262590601,828.9913617752259,4852068
2021-04-09,830.1029052734375,837.5670217776704,821.1698103181734,827.4824919811132,3708082
2021-04-12,801.5170288085938,828.1574458496747,795.0057852367611,828.1574458496747,5976427
2021-04-13,780.8717041015625,810.5692558729522,771.9783012126682,803.9786259654745,7773994
2021-04-15,787.6210327148438,789.8443709775783,761.2981616382453,768.6431504206744,7430279
2021-04-16,804.1770629882812,807.3929674943173,789.6855977702747,794.0528886578932,4677808
2021-04-19,789.7649536132812,816.6436234852459,784.4050968188458,790.8766470011461,6239343
2021-04-20,763.3229370117188,798.8171064027613,759.9085197091874,798.8171064027613,9742418
2021-04-22,763.7996215820312,771.7401518055053,758.5588425554482,767.0552195875955,4970596
2021-04-23,758.836669921875,774.0824467624724,754.5090719429467,765.4669922215545,6023490
2021-04-26,737.516357421875,757.9235275744788,732.9505530388963,746.4097600000106,19619972
2021-04-27,737.5558471679688,745.2581682197441,733.2282986302615,739.2630798964245,6406825
2021-04-28,733.5460205078125,743.1143477534293,731.918221841984,739.422031042912,6845677
2021-04-29,734.9600830078125,751.2422706992269,732.9803554510905,751.2422706992269,8588734
2021-04-30,726.394775390625,739.3639362111165,723.5262147915968,731.2834560339459,10921664
2021-05-03,733.4651489257812,735.687280833262,719.9707380237587,726.2331097630226,6871176
2021-05-04,728.010986328125,739.3640529050383,726.6372946173286,735.3238121787813,6217026
2021-05-05,734.8389892578125,735.9702270483725,727.7281262572916,730.435117084796,2696835
2021-05-06,740.1721801757812,746.5557809334215,728.2534687591952,736.9399872492494,6319104
2021-05-07,740.4952392578125,744.5354794342097,738.3134996986904,741.7880963865244,3651558
2021-05-10,738.515625,744.697163826568,735.4854444028553,741.8286027251401,4029147
2021-05-11,733.14208984375,737.3035576189856,731.3643740178431,734.1117575050943,3818154
2021-05-12,732.1721801757812,734.4751462751873,723.2028682415233,732.2126220261189,4076940
2021-05-14,735.6064453125,736.9397441826693,724.4150007234243,734.5156002873315,5184569
2021-05-17,745.1415405273438,749.2221733789104,735.4045219192013,739.0407382002817,7956551
2021-05-18,752.7775268554688,759.1611260357664,747.0404055562173,749.868573668112,5913426
2021-05-19,752.6160888671875,760.3733316085692,747.5657877805205,749.868705348302,4178834
2021-05-20,746.959716796875,755.3633878213643,745.0607740852853,753.1008629039766,4753782
2021-05-21,752.0100708007812,755.2422635738884,745.8284823944747,747.8486028776667,4161547
2021-05-24,753.7472534179688,758.757161472604,749.626227859752,752.6968007579667,4191877
2021-05-25,760.0501098632812,762.6358739422169,755.6462866712247,757.949204291279,5032874
2021-05-26,764.2518310546875,766.7972021240316,753.5451944590321,759.5651622578156,5017674
2021-05-27,761.5044555664062,773.2211515762331,758.0298097080233,766.8375526431448,9078274
2021-05-28,761.6256713867188,767.4436271473604,757.4642535660461,759.6055512836723,4098094
2021-05-31,763.7671508789062,765.908448967884,753.5857142022478,760.8177552892283,4171524
2021-06-01,768.2113037109375,769.2617563294522,761.22166823504,766.0295640759671,2944472
2021-06-02,762.595458984375,768.2114036190432,757.625943020606,765.221615531871,3657189
2021-06-03,759.12060546875,767.4838814613978,757.1408782604465,763.6052614259572,4164240
2021-06-04,756.77734375,762.958930671313,755.3228672153781,759.645904283153,3550303
2021-06-07,767.3224487304688,769.2213913390037,757.2218475765854,758.7571586797123,3282517
2021-06-08,781.5441284179688,785.422749415411,768.817370904293,769.2617874932832,6385642
2021-06-09,784.8571166992188,795.9273856322876,779.8472085704567,786.9580713696506,5521459
2021-06-10,782.635009765625,793.2204699051085,781.0189134987735,791.4831466905056,3878256
2021-06-11,794.5941162109375,799.9676560525637,784.2107173727404,788.654982128588,4777035
2021-06-14,795.281005859375,798.71521052609,788.6550011091381,794.3113382072569,2236373
2021-06-15,796.291015625,802.3917689591593,794.4729073871771,796.0081691963999,2559001
2021-06-16,791.40234375,796.7354415825517,787.0388642002083,795.1597378940523,3138753
2021-06-17,797.0587158203125,799.1192287413544,790.7155082437838,791.8871879265237,3609989
2021-06-18,788.0489501953125,805.3815926986989,783.887482537807,799.9676602854236,5622783
2021-06-21,793.5032348632812,794.6749144731291,776.7362367742659,782.1905614538251,1639495
2021-06-22,791.9677734375,798.512991402366,788.8568085680632,793.5838693321336,2529648
2021-06-23,786.1500244140625,795.9273867982636,784.6147132803187,795.9273867982636,2395543
2021-06-24,799.7251586914062,803.6845645138224,783.0793394000483,785.4226984544482,4686567
2021-06-25,804.5331420898438,816.1286130525057,799.3616143190012,804.0078910764784,5196000
2021-06-28,796.1697998046875,808.0481169882839,795.2809666037376,808.0481169882839,1844159
2021-06-29,794.7960205078125,803.1189546505805,792.2910913490794,797.5030109928566,1895170
2021-06-30,794.7152099609375,801.1392014406557,792.6950899559529,792.6950899559529,2682591
2021-07-01,796.3314819335938,798.3516023849727,787.9682029926236,797.5435542044211,2861509
2021-07-02,795.6445922851562,798.0282947573156,789.6650165355587,794.7557097713822,1646631
2021-07-05,791.68505859375,804.7350540257862,790.2709745391044,801.3412424307692,2598033
2021-07-06,785.4630737304688,793.6647809212793,783.968204610254,791.8870654003905,2486069
2021-07-07,788.1296997070312,789.9478079437957,775.9685855872085,783.8066620717949,3014899
2021-07-08,789.301513671875,793.5033743981385,783.806795484923,787.8470366987627,2555624
2021-07-09,789.3416137695312,791.4829605472389,781.0591223498179,785.4226009718388,3218471
2021-07-12,791.4428100585938,794.3517638166896,787.8469857469561,791.8872266995046,2037878
2021-07-13,782.150146484375,794.31126018695,778.958346714364,794.31126018695,2997764
2021-07-14,799.523193359375,802.3513616773641,782.2713370280369,782.3925639694016,4371180
2021-07-15,840.1678466796875,850.4704579277433,800.613890102697,802.3916054368162,12701032
2021-07-16,812.0882568359375,847.4403575688452,806.4723132556425,844.3293924320842,8665827
2021-07-19,808.209716796875,822.8353676305134,801.9877365836923,812.0883378001116,4644600
2021-07-20,789.6246337890625,817.9063180270709,783.2814264469317,807.2400729648676,10216774
2021-07-22,790.755859375,793.0992186177564,783.8066653685416,783.8066653685416,6156400
2021-07-23,803.1998291015625,811.1995251956031,793.9880608308093,795.6849914698129,5265839
2021-07-26,808.29052734375,811.2803152618706,797.7455092054598,803.1998340341627,2477027
2021-07-27,806.4205932617188,814.7124278335644,799.7952429360275,812.9239851428617,2883514
2021-07-28,799.1857299804688,809.6318353129237,794.4707797278875,808.8595474296754,2952249
2021-07-29,819.1022338867188,820.2403473770329,801.1772689244156,801.1772689244156,4732101
2021-07-30,833.20654296875,853.5296461118866,820.972094416923,823.4921393598916,9330054
2021-08-02,841.70166015625,844.6281671639356,831.6620174270085,840.5635465327329,2536478
2021-08-03,844.9939575195312,847.8391920091611,832.4343192517264,837.3118640910919,3359006
2021-08-04,845.400390625,851.7412383924914,841.051266472353,846.3352732006289,3122161
2021-08-05,862.634521484375,872.2676532602717,840.3196929952925,845.4411550705337,7896314
2021-08-06,853.5296020507812,869.8287696237381,847.8798193622046,862.6344113292371,11584782
2021-08-09,854.0175170898438,867.1868488053715,848.2863620608438,859.9112172574922,6321578
2021-08-10,864.7073364257812,871.6985631614267,851.9444675877312,855.6026260840525,5871606
2021-08-11,867.349365234375,877.1451407444054,859.3827682600783,870.6010617709622,5011239
2021-08-12,891.3712768554688,895.1513937723607,868.2029399741365,870.6417122774346,6540144
2021-08-13,910.02783203125,913.6859904329309,886.2498024203245,893.4035740993927,7270809
2021-08-16,913.4423828125,918.0760114933407,905.8821473501594,911.247427726375,3159376
2021-08-17,929.1315307617188,936.4478474283248,904.418718297188,909.8652698998809,5295838
2021-08-18,922.0592041015625,941.2848798240336,919.9049352877381,941.2848798240336,4871006
2021-08-20,908.3208618164062,927.343308504303,900.0696610962343,900.3135780569937,3467046
2021-08-23,945.5121459960938,957.7872819435053,915.3933630083031,917.7914497778416,9383780
2021-08-24,937.22021484375,953.5599694088352,934.8627151067011,949.4546630098071,3947317
2021-08-25,938.399169921875,951.0401828046017,926.9776427543433,942.910939596141,3447912
2021-08-26,949.0481567382812,952.7470009149131,938.9272918572735,942.9106396089014,4654833
2021-08-27,945.39013671875,950.9180608438056,942.5855879875123,949.0482955337079,3050466
2021-08-30,945.756103515625,951.4058874265776,938.5617436645668,946.2438382246272,2956868
2021-08-31,961.1203002929688,970.14373886846,944.6585856036869,947.869596429761,7199002
2021-09-01,946.7722778320312,967.7863505185564,944.4147775849921,967.3798883805814,3200410
2021-09-02,953.356689453125,960.8762369930452,938.1143633586921,952.7469964093476,5224479
2021-09-03,954.9826049804688,959.7381912108418,941.5693570705495,953.9664498357779,4533364
2021-09-06,975.6309204101562,983.7194758593735,954.3729344343649,955.1858585693175,4331916
2021-09-07,961.0386962890625,987.6619568231774,959.3315757657131,986.8897187302457,3721585
2021-09-08,966.4043579101562,968.3147099912073,948.7232560248847,963.3152061630718,3118518
2021-09-09,974.330322265625,979.5329576659167,961.6893114870039,969.005629156812,3388292
2021-09-13,982.3375244140625,987.7028037481364,956.3645392936783,969.0055490269782,3723138
2021-09-14,1006.9285278320312,1008.5136902460629,981.1994583927637,988.5157758124282,5593286
2021-09-15,1035.0556640625,1047.8185334015566,1000.0999259476855,1006.9285085889883,6063895
2021-09-16,1026.8045654296875,1052.9807849303734,1020.382444226176,1046.3960193420394,3616292
2021-09-17,1026.967041015625,1041.3557576929998,1023.06496569605,1028.3489722729466,4817180
2021-09-20,1037.413330078125,1055.8260846949124,1016.1553405079154,1022.6587346871661,5453683
2021-09-21,1056.3948974609375,1068.995221362934,1038.1041046999749,1047.8591941724883,4645597
2021-09-22,1069.4014892578125,1080.0914593772918,1056.4759782067795,1056.8011676436004,5367303
2021-09-23,1079.80712890625,1086.4323809782009,1068.101001941603,1078.6283294130694,3037295
2021-09-24,1104.1134033203125,1120.0061081669553,1086.8794531803442,1089.3182253265977,7951730
2021-09-27,1052.8992919921875,1112.0395223659816,1048.712812115735,1110.4543600082864,7653504
2021-09-28,1031.6007080078125,1060.825290420541,1019.4068462110299,1060.825290420541,8572321
2021-09-29,1041.51806640625,1057.9797754669125,1023.3086503385923,1032.413358372421,4639821
2021-09-30,1040.17724609375,1049.850965117123,1031.4788972263077,1049.850965117123,3589722
2021-10-01,1035.4622802734375,1043.794753971418,1024.8129922720705,1035.665511339242,3372796
2021-10-04,1039.4453125,1051.598486840907,1035.461964976375,1041.7621260979192,2706626
2021-10-05,1060.9881591796875,1067.8573297511173,1026.0730013101397,1032.413850479092,3710314
2021-10-06,1036.8441162109375,1072.9379700160555,1033.8770223109498,1066.5565349850685,2861608
2021-10-07,1061.9227294921875,1071.3119427583847,1043.835169323758,1043.835169323758,2421641
2021-10-08,1074.8077392578125,1087.6925678417417,1051.9645893315355,1061.9229106738833,5197831
2021-10-11,1059.15869140625,1077.0430192704823,1004.4895528212668,1056.8011919773694,5264998
2021-10-12,1016.4398803710938,1064.1179104932244,1005.0183534772005,1062.4513759818465,12811641
2021-10-13,1028.633544921875,1033.064041043392,1010.8304863360627,1026.7231930318192,5705730
2021-10-14,1017.0900268554688,1051.3141122679028,1011.3182854827616,1048.1843742703131,10360519
2021-10-18,992.9056396484375,1034.446046502052,987.702904911586,1008.026009950919,23861603
2021-10-19,1001.60400390625,1018.5941415165589,995.8322612592057,999.896882733733,10189780
2021-10-20,1002.2538452148438,1027.0480229046207,992.0922969813286,1007.2126609060252,8222562
2021-10-21,992.2554321289062,1015.3674144445157,974.4707659889733,1015.3674144445157,5998795
2021-10-22,978.568603515625,1002.6230127470726,972.0120299577313,986.1496416919395,3812305
2021-10-25,955.1288452148438,975.2902883086201,948.3673789303512,970.413876885225,6690819
2021-10-26,956.2760009765625,968.7334469085182,945.1707678910733,958.8985895794978,5126660
2021-10-27,964.7588500976562,968.2010112317575,951.9325329379326,958.8988924127259,3536653
2021-10-28,944.1466064453125,971.1924727757772,939.8848735871467,969.7992408920545,4096585
2021-10-29,937.3851318359375,961.3576040599386,932.6725945611339,944.1465983606557,3558520
2021-11-01,974.6344604492188,976.4784964617074,937.1800801248131,937.1800801248131,4511112
2021-11-02,959.431396484375,979.4698796412417,957.9561277662349,976.1096565003105,3016082
2021-11-03,964.1029663085938,973.4050833290681,960.2919386178149,962.9965647326527,2063067
2021-11-04,969.63525390625,972.9545592944922,965.4554582640964,971.1924601383312,256369
2021-11-08,969.4302368164062,977.5850341775307,957.7104230873521,973.200246127533,3808317
2021-11-09,961.193603515625,976.1097664780864,959.2675302373354,973.6510517010635,3565461
2021-11-10,958.202392578125,962.9968676120525,952.4243713542983,953.9815777875992,2401325
2021-11-11,951.276611328125,957.0956490835044,944.3512720890272,955.6203803478462,2861259
2021-11-12,960.8248901367188,965.5784461516669,953.1619145302669,957.9974077084984,3812518
2021-11-15,959.5953369140625,968.4057311463927,953.5715059828894,959.7182926566081,3619915
2021-11-16,953.4898071289062,963.4066054318035,951.0720104057833,959.6365953388072,3141207
2021-11-17,944.5151977539062,954.5959678901415,942.5072874639732,951.1127887842964,3172985
2021-11-18,918.0841674804688,946.6053023218205,912.5930771734608,940.8683004895671,5384530
2021-11-22,909.8065795898438,922.7148346512643,903.1680684244748,918.0842342550756,3961223
2021-11-23,911.8555297851562,917.9203808822043,893.3332278228596,905.626804352532,4545069
2021-11-24,917.4693603515625,928.2877651774555,912.1421451097892,917.9201647363174,2675632
2021-11-25,921.854248046875,926.9355523475201,910.5441190610918,915.0517632148596,3106454
2021-11-26,909.7655029296875,922.8376300512562,904.233394579025,917.9202004062229,2207274
2021-11-29,928.6976928710938,938.40959751755,901.610808138573,902.4303798394617,3661152
2021-11-30,933.2052612304688,948.9820151877971,928.5746614884655,928.5746614884655,7421904
2021-12-01,947.9985961914062,953.161938196348,938.5735211361543,939.2292185494539,2918586
2021-12-02,970.9463500976562,972.339681723751,944.9659726542706,952.2601792692587,4011279
2021-12-03,960.0460815429688,975.0441800662713,958.6118314083569,973.6509485250741,2571036
2021-12-06,931.4841918945312,961.0707082303063,930.0908600726784,958.8168862095769,2493755
2021-12-07,942.2206420898438,946.6053307556978,927.2634582921888,942.5074721809978,2299958
2021-12-08,960.210205078125,968.4059222605013,948.285496604993,948.572326697301,2525711
2021-12-09,957.7103881835938,966.9305682502245,946.6051535074204,966.9305682502245,1734844
2021-12-10,952.5057983398438,956.4397809015305,946.768798797161,946.768798797161,957733
2021-12-13,949.965576171875,961.7264105370524,945.1711015405756,955.6206411413928,2225682
2021-12-14,952.62890625,955.5384250724752,938.8191465821519,947.4246472710324,1972685
2021-12-15,941.6056518554688,952.3009991705869,936.1965003350862,949.2686248464559,1604301
2021-12-16,950.498046875,957.177574607313,942.1384575953384,947.4246537508084,2121810
2021-12-17,960.0460815429688,969.4711538561323,954.8008038987468,960.5378044371943,6373455
2021-12-20,950.6212158203125,960.8248432630226,938.8193635673535,950.7031529795985,3091768
2021-12-21,987.583740234375,995.7384373243914,954.8418960845818,957.9972266148483,6217986
2021-12-22,1002.17236328125,1004.7949528300286,991.7637421602699,998.2383789127039,3809814
2021-12-23,1005.9830932617188,1008.646700889858,996.2711900728058,1007.991103654762,2814281
2021-12-24,1036.922119140625,1052.166233448468,1021.309337615548,1034.4224853760131,15952929
2021-12-27,1038.5614013671875,1046.593245461714,1027.7841116479628,1039.217098860966,3372907
2021-12-28,1052.248046875,1056.4278422230545,1040.8559810886572,1040.8559810886572,3446067
2021-12-29,1058.804443359375,1064.6233810140463,1046.6747451125918,1051.5102369830804,2254162
2021-12-30,1079.4168701171875,1087.1207635085782,1051.2645042041986,1058.8046233308537,4518139
2021-12-31,1081.0970458984375,1089.5795932702604,1072.7783728539887,1081.8346804623736,2231508
2022-01-03,1086.874755859375,1098.143863892359,1076.9988793468751,1078.842915206818,2661272
2022-01-04,1092.8577880859375,1095.521395976251,1071.385050649867,1089.620520052781,3367100
2022-01-05,1074.25341796875,1090.0301704355809,1067.0821668474632,1089.2105988788624,3510253
2022-01-06,1053.0675048828125,1063.639997889682,1046.5928696270275,1057.2472997798477,4409632
2022-01-07,1057.6982421875,1064.2137968439072,1050.8547388137802,1063.4352437877367,3898684
2022-01-10,1055.6903076171875,1069.418133863395,1049.0517967251114,1069.418133863395,2529949
2022-01-11,1101.21728515625,1104.7824012342487,1049.051538263975,1056.1408518714697,6772189
2022-01-12,1108.183837890625,1112.2406775814698,1091.1777259791934,1109.7000254495586,3162044
2022-01-13,1093.5133056640625,1114.125549497342,1082.77693871102,1098.2258419260586,4598005
2022-01-14,1095.9310302734375,1100.643566658553,1059.706007992082,1081.8344397134945,5636243
2022-01-17,1031.6357421875,1043.3146373820755,1019.0553382501346,1043.3146373820755,11973283
2022-01-18,999.672607421875,1040.8150678280558,997.4187851874744,1040.8150678280558,7799487
2022-01-19,982.8302612304688,1000.287177012954,976.1098138651603,999.8773911968897,8464215
2022-01-20,971.3837280273438,992.9131397528542,966.9621690555724,991.7560708262281,6172404
2022-01-21,965.267822265625,975.1027562365067,954.5651623155306,971.3836711885242,5514748
2022-01-24,929.688720703125,962.4166519355398,918.2008589956073,960.7637250966638,5878438
2022-01-25,928.6968994140625,941.8790514200308,899.5228013860831,921.5067080556416,4725254
2022-01-27,890.7211303710938,922.2919990214607,884.4812899382063,921.5068989689348,8304735
2022-01-28,892.9522705078125,910.9278480553702,890.307628188804,891.7539390259637,7654724
2022-01-31,908.6139526367188,920.6389355077503,903.2005765920364,909.6470319668754,7572995
2022-02-01,936.2177124023438,939.2755864073075,910.1427536568829,922.9115719119882,6783774
2022-02-02,967.74755859375,970.1443233263183,936.6312832670438,944.5653140311708,6982539
2022-02-03,956.0114135742188,967.6645258208357,951.2592496424688,960.3503458597296,4169794
2022-02-04,961.8380126953125,964.5652810073997,939.9779982465003,958.6974118535534,3625482
2022-02-07,956.5074462890625,968.0779344996553,947.1271063813765,956.2182042611279,3824483
2022-02-08,960.3092651367188,966.8383472473374,949.2347344655377,957.8298745291418,3267641
2022-02-09,975.9707641601562,982.6650983111007,963.6564378727867,968.6152188566947,3772972
2022-02-10,983.780517578125,985.0615759808469,970.3504896548031,979.3175958139724,2053245
2022-02-11,961.75537109375,974.4003008487332,957.0859338218959,974.4003008487332,3912397
2022-02-14,947.4990844726562,962.292802006532,936.8790481677775,938.325359361853,3243813
2022-02-15,965.7637939453125,970.2679788758982,948.8625578017339,953.325480096549,3000492
2022-02-16,965.1439208984375,977.4168812195473,958.6974665446032,973.5738065427092,1885868
2022-02-17,961.2183837890625,970.2681184746884,958.6976298387041,970.2681184746884,1644055
2022-02-18,962.8299560546875,967.0448996334757,950.5156300016355,952.7884045760136,2166690
2022-02-21,962.6233520507812,966.5490536367364,950.5982678907193,952.9950321942126,1706058
2022-02-22,950.0611572265625,953.8628691510193,935.5566824400767,935.5566824400767,3254855
2022-02-23,952.9122924804688,957.8710728402976,948.8213390382676,955.3916826603833,1937649
2022-02-24,907.9112548828125,937.9944368459644,902.4978801736397,914.0683658168915,5469084
2022-02-25,933.65576171875,942.9948394846098,921.5067888039789,922.0026467192775,3213276
2022-02-28,931.3829956054688,936.6311195095652,914.8950892301041,925.30850909279,4571884
2022-03-02,921.9612426757812,929.482039083207,916.5478673068241,929.482039083207,3867328
2022-03-03,941.9202880859375,952.0858281684353,926.0522313044547,929.7713165707377,3969380
2022-03-04,940.8871459960938,954.4411649051638,927.8290857987147,932.2506444759495,3522375
2022-03-07,953.904052734375,959.8546499759825,917.7876411153812,918.2008728313269,5249845
2022-03-08,971.3426513671875,974.8963841027412,954.5654009354743,955.3918644860678,3805165
2022-03-09,977.4583129882812,987.6238541006317,959.6067220789397,975.226901957109,3781326
2022-03-10,985.268310546875,990.2683533213002,971.0944438067506,990.2683533213002,3834327
2022-03-11,986.3425903320312,997.6651981348713,972.1688253701526,975.2266992419356,2770879
2022-03-14,994.111572265625,1003.9878713391595,973.2847330180401,986.3427954112655,5740660
2022-03-15,972.6233520507812,1003.574464365015,965.3917978960496,997.5412416869841,3003066
2022-03-16,991.3429565429688,994.1942152296344,979.3592359344877,983.6155430865555,1894018
2022-03-17,989.1943359375,1004.1533074179973,984.1529279870571,1004.1533074179973,6987787
2022-03-21,965.3507080078125,999.9381844627184,962.9125802102255,991.6735496640954,4046440
2022-03-22,972.2515258789062,976.6730847184969,960.598412572392,966.9621401486281,4516870
2022-03-23,975.8053588867188,984.1939831144431,966.9622402917033,983.4915093565188,2338886
2022-03-24,985.2268676757812,986.7971681038591,966.1355858571285,966.1355858571285,2351703
2022-03-25,974.6895141601562,990.9295388736533,971.425024340874,990.9295388736533,2489854
2022-03-28,961.9620971679688,981.5079780372621,957.2099323062865,979.2765670655677,3406258
2022-03-29,965.0610961914062,971.094318268063,961.7139805625437,964.4826122713442,2443230
2022-03-30,962.9950561523438,976.8383172804696,960.4330399417797,973.0366060435063,3073672
2022-03-31,961.7969970703125,970.9294600394819,959.5242222114997,970.9294600394819,3006639
2022-04-01,966.6732177734375,970.2683144340823,952.1274778706704,959.5242871021887,2479745
2022-04-04,981.0535278320312,982.6237277563835,965.309357966022,969.6069277666876,2282137
2022-04-05,987.9957275390625,994.2355671723207,978.6153872114843,983.4915419244069,2634464
2022-04-06,967.3753051757812,987.5410301342181,964.8959152436777,983.4913397344551,2838968
2022-04-07,969.6896362304688,975.8467487687368,961.1770220775278,963.3258069366557,3391918
2022-04-08,963.1192016601562,975.2269118876176,960.8051644351282,974.400448402967,2656091
2022-04-11,936.79638671875,962.0035237235334,935.3500755791313,962.0035237235334,5679058
2022-04-12,934.8541870117188,943.5733162070851,925.2672308063607,933.7384814893403,2906617
2022-04-13,929.8538818359375,944.7302219268083,928.1183290026635,938.0358890632441,1971580
2022-04-18,910.5559692382812,919.647065822462,896.3821030228904,917.3742916764168,4391701
2022-04-19,884.5225219726562,922.291861906853,875.0181921406679,922.2505992656625,3422431
2022-04-20,900.34912109375,904.8120430013395,879.9354174622342,888.448029635722,2573318
2022-04-21,908.448486328125,913.283377700733,893.4895196668812,904.9773805655436,2547848
2022-04-22,910.8041381835938,937.9947065542295,893.4896673711982,898.0352166094896,9567571
2022-04-25,900.72119140625,907.4568888551375,890.3491354035137,906.5477992166755,3565801
2022-04-26,904.3989868164062,914.8950321969777,896.754199962005,912.4156418658206,3213714
2022-04-27,905.4734497070312,909.0272833443756,888.1177150706935,898.3658833190068,3288792
2022-04-28,917.993408203125,926.2280811773012,901.8602927673327,917.5732739201945,5202061
2022-04-29,906.8598022460938,924.7155083361836,902.7424659744812,919.2537629439208,2988180
2022-05-02,896.4824829101562,909.1705167421907,892.365146746956,901.6081002443351,2584604
2022-05-04,878.0385131835938,904.1288906956939,870.3501385962065,904.0448843614836,3385725
2022-05-05,900.8099365234375,903.4567003880818,879.8451747400504,889.8443909602044,2982126
2022-05-06,882.449951171875,887.8697446228955,864.5942452737004,882.1979321611224,4075606
2022-05-09,904.2129516601562,909.9268187373896,868.9216731253267,877.2403521514766,4207192
2022-05-10,901.22998046875,911.6912817979747,896.2303215738543,901.6080602481354,2473518
2022-05-11,891.4407348632812,906.901693396328,885.6849170391689,898.2468881506193,2895668
2022-05-12,890.1804809570312,899.8855207147701,877.0302582471492,882.3659427769675,3195189
2022-05-13,884.0885620117188,905.8094831859938,878.1646277951696,899.0873348877675,2496626
2022-05-16,877.7025146484375,896.5244472471155,874.0472645662223,885.6430110527648,1415370
2022-05-17,909.9268798828125,912.5316920067677,878.3747531866195,889.1721840924033,2620776
2022-05-18,902.1962890625,922.068660519085,899.759592357504,910.4730162269864,2865869
2022-05-19,848.1670532226562,889.2562038137382,844.1337233520344,886.5672830427105,4729354
2022-05-20,864.5101318359375,869.2576688597836,854.3849077675906,864.6361926116166,2005622
2022-05-23,855.6453247070312,871.3583544710694,852.6623820631801,859.5945965514986,2285466
2022-05-24,833.3361206054688,859.0903655680881,829.3448460172399,858.7962408795153,3418456
2022-05-25,818.7996215820312,834.2185275059741,809.1785373347308,833.5463229865554,3904551
2022-05-26,824.0513305664062,828.5047433719723,814.2621819990127,820.9423268503215,4278059
2022-05-27,843.5455932617188,849.049341846546,831.0255717174316,831.0255717174316,2795530
2022-05-30,873.7952880859375,885.0968590860846,853.418775691851,856.2336548277991,3562969
2022-05-31,874.5093994140625,878.75279616419,857.4519599397008,878.080540367711,5185485
2022-06-01,855.3093872070312,878.4587244775429,849.9736510827922,874.5095032767346,2554081
2022-06-02,873.6271362304688,881.3576681311614,846.4024670470355,849.8475987388173,3560227
2022-06-03,876.4000244140625,898.7931999146567,874.0472316419347,885.600923238956,3556955
2022-06-06,871.6106567382812,880.0552945954225,858.040298381716,872.1988037274691,1997494
2022-06-07,859.5106811523438,868.6275739901334,851.3180631630777,865.476567071185,1839248
2022-06-08,865.64453125,868.6695797801943,853.7127600807546,859.6786456653773,1665512
2022-06-09,864.3423461914062,866.9051039680963,850.0997826651538,861.2332907193528,1654005
2022-06-10,853.1666259765625,860.2249020978878,847.158736796955,850.3517469333943,2260855
2022-06-13,833.3782958984375,841.9490449364112,825.5638090319601,836.9074338888878,1738804
2022-06-14,837.6636352539062,841.0667122067694,821.9086018740624,830.1852255619073,2461791
2022-06-15,831.7817993164062,846.1503699905577,830.1852686699812,831.0255371605379,2408630
2022-06-16,810.8170776367188,846.1503568591036,808.044201918098,846.1503568591036,3198618
2022-06-17,805.6074829101562,809.3046850931613,793.2555248054836,800.2717980618349,4302066
2022-06-20,806.69970703125,811.6993145155215,800.0195626639236,810.859046073994,1305407
2022-06-21,829.0086669921875,840.184276178055,809.7245509377221,816.4887003546011,2128325
2022-06-22,807.75,822.6227608881533,805.9434537175033,821.7404893282444,2575065
2022-06-23,816.1107788085938,821.3624569219052,805.4813617928838,808.4223015363383,2169033
2022-06-24,812.28759765625,827.2863703921902,806.6577882518911,826.8242329581884,1922313
2022-06-27,833.84033203125,845.9822207529705,826.9921752951175,828.6307089437084,3626024
2022-06-28,841.9071044921875,846.1504505161413,826.1940719662323,831.7818784745763,2702471
2022-06-29,829.80712890625,840.4785488818029,827.6644545349421,827.7484608687511,3150015
2022-06-30,817.7913818359375,837.3696291659888,815.018505825402,831.865880316032,3741119
2022-07-01,819.5557861328125,824.6814542863756,810.1868239847774,810.4388942545788,2827579
2022-07-04,827.3284301757812,831.4457667661025,817.9594662030792,819.5559457466893,2738846
2022-07-05,825.2697143554688,842.4952183250687,822.1607106988938,829.681123908659,2476050
2022-07-06,829.0086669921875,839.4280142094499,823.5049199990465,825.1434534070869,2998254
2022-07-07,831.7396850585938,841.0246922403602,827.6224005224622,837.7476248484526,2985141
2022-07-08,826.4459838867188,839.4281410703651,822.7488336565557,839.4281410703651,3141642
2022-07-11,792.8353881835938,822.748979640317,789.852445057847,819.2618446078733,5787815
2022-07-12,779.6011962890625,797.0367697271253,776.7443138225736,785.6511404621056,5305354
2022-07-13,771.1563720703125,786.4912713242304,760.4429493038767,781.4496606106136,12874342
2022-07-14,758.762451171875,779.3910324720218,749.7715680159769,778.2146873502834,4916497
2022-07-15,742.0831298828125,760.442975687531,737.2095316618265,752.8805593547268,5591590
2022-07-18,756.4937744140625,762.5437183040727,746.8726891435648,752.0403613026393,5156225
2022-07-19,755.9840087890625,762.6117102157566,751.9903772043951,756.2389104089397,4636293
2022-07-20,779.520751953125,780.7103099177967,760.5722558026109,768.6444674294686,4827089
2022-07-21,785.51123046875,787.6354968436117,776.2494083295643,782.5797324990465,3498709
2022-07-22,781.9424438476562,791.8415457886689,772.3832452676115,789.7172794375479,3514659
2022-07-25,790.7793579101562,791.9264409156224,776.6317242455782,781.9423897560102,2120224
2022-07-26,776.2069091796875,789.9296902783366,774.167592778598,788.9525070315707,2780103
2022-07-27,788.909912109375,789.6746167470183,774.1674750520428,775.0171814462881,1742497
2022-07-28,803.9072265625,806.3713959355398,792.521191604298,795.2402625320057,2843497
2022-07-29,805.8616943359375,820.5616069423781,804.799561172727,813.1691497540381,3617725
2022-08-01,809.048095703125,812.7442983748873,803.142624929575,810.6200320435364,2489519
2022-08-02,808.1134033203125,810.492571285902,799.6163378275129,809.0481116417037,2545241
2022-08-03,813.3390502929688,817.2476793430361,807.2636282366145,808.0708597622931,4119614
2022-08-04,814.1036987304688,824.172750905764,803.6523201564618,819.9666937622591,3513266
2022-08-05,813.806396484375,819.9242936275206,811.4697036205462,818.1824056832419,2565683
2022-08-08,820.8589477539062,822.5158857887877,807.263643856571,813.8063942295573,1746911
2022-08-10,808.9630737304688,821.666196447107,805.6067226383581,820.8589648889584,3271939
2022-08-11,817.7150268554688,822.940742558163,814.656104210262,819.9667698178908,3594584
2022-08-12,812.659423828125,819.1171733295008,810.6201072161242,819.1171733295008,3022304
2022-08-16,814.1887817382812,823.3656016004435,809.4729210179171,823.3656016004435,2784861
2022-08-17,833.2221069335938,835.1764732178427,811.4696430071922,818.2672944669383,4649125
2022-08-18,827.1893310546875,835.6439216469013,822.6008949142176,835.6439216469013,2829269
2022-08-19,824.2578125,838.7028235703889,821.4962662659551,828.039016946702,2880969
2022-08-22,815.2509765625,824.215370477255,811.6397236506151,819.9668376397433,3616799
2022-08-23,804.5870971679688,808.070873036694,797.8743951434865,807.178691593432,3753715
2022-08-24,806.4989624023438,810.4500665943411,802.2504298118283,807.1362422909211,1494361
2022-08-25,801.952880859375,810.5349465192954,800.9757496276262,810.5349465192954,3316314
2022-08-26,803.5250854492188,812.3195282159714,801.91062212743,805.989203528504,2195046
2022-08-29,779.6056518554688,783.4293308018988,764.8207391844865,775.4420695912366,4974880
2022-08-30,797.8319091796875,803.1850496273439,784.8738853692489,787.5929564756361,2998417
2022-09-01,786.8706665039062,791.0767239045786,778.5435534667778,779.4357348882618,2953921
2022-09-02,785.51123046875,796.1750372981613,780.8803193991571,791.2467496808766,1750283
2022-09-05,795.3252563476562,800.6783967391412,783.8542189964882,786.8281916430873,2279812
2022-09-06,796.854736328125,801.1882705463645,787.720391556286,795.3252750177921,2108615
2022-09-07,791.6716918945312,792.3939217983327,784.3641836268772,787.6780602887408,2709547
2022-09-08,791.1193237304688,799.4889649018006,788.5277289591941,795.6652851816322,3214686
2022-09-09,805.9465942382812,809.7702733885947,793.8807518804543,797.8743826987308,2206526
2022-09-12,811.93701171875,818.6921885666022,810.1951238175975,811.5971602459703,2517615
2022-09-13,811.8096923828125,815.5483702411433,807.603634412963,811.469789003885,2442828
2022-09-14,791.9265747070312,797.4071928121094,787.2956632271753,793.0311829474248,6761712
2022-09-15,781.6450805664062,795.9201403157675,778.5861058517037,795.7501886323998,2995215
2022-09-16,762.1016235351562,780.0304062454703,759.1276513980548,777.5662371585172,5095937
2022-09-19,762.8665161132812,770.8113033260767,754.1145491824872,762.9939928382132,2686561
2022-09-20,776.6317749023438,782.4522439366374,766.4352964572364,766.6901980459699,1836721
2022-09-21,765.5431518554688,776.4193856819567,763.7587369244053,772.3832794362776,1819649
2022-09-22,762.7391967773438,768.8995700032514,756.0264934829427,762.6966699551687,2315711
2022-09-23,761.2095336914062,775.4421173123319,757.9381844695927,761.7618636513339,2569608
2022-09-26,770.4288940429688,779.5207639667855,749.4411331172903,757.3009182435204,4182702
2022-09-27,780.6678466796875,782.9620646015073,771.1935984622702,774.2950479312819,3545337
2022-09-28,782.40966796875,787.6353832419873,774.8047850712125,775.7819682074972,4154139
2022-09-29,784.3216552734375,791.0768330169221,778.8410374112906,787.6780066666882,2928360
2022-09-30,792.2239379882812,794.943009515764,773.2754909361604,783.3445453932793,3229901
2022-10-03,790.4393310546875,792.648546817017,778.3310155830086,792.223693642572,1598950
2022-10-04,803.8223876953125,808.0709203998332,796.2175037818263,800.8484148021481,2331351
2022-10-06,819.5844116210938,822.4734345272813,811.8945780050568,811.8945780050568,3713623
2022-10-07,813.7639770507812,826.7220019978893,811.4697589828332,819.9668245219204,2174327
2022-10-10,818.4798583984375,821.7937347858472,800.5935453664334,800.5935453664334,2758812
2022-10-11,797.5345458984375,825.914765370995,795.3253296165137,822.6008890861374,3134969
2022-10-12,808.9207153320312,819.0322450184725,801.5282572459922,801.5282572459922,3502390
2022-10-13,834.4967041015625,840.4021744451219,823.6204716493625,825.9571644437087,9698562
2022-10-14,851.8731079101562,869.249613488651,844.6081288443002,853.9548988818126,7424383
2022-10-17,845.1180419921875,855.4844713927241,842.1440693201793,854.5498150120228,2136170
2022-10-18,857.5238037109375,861.3050079798398,848.941737008422,849.7064935974472,2487826
2022-10-19,854.4773559570312,863.7889194819016,853.0612875956385,863.7889194819016,2517099
2022-10-20,873.1433715820312,874.773940080883,847.9119622784266,849.6283832546986,3931399
2022-10-21,881.5536499023438,883.8708807578735,868.1655890866462,877.5201030693222,2071897
2022-10-24,885.3298950195312,891.5519208927345,883.9567792275041,888.2478315538513,398105
2022-10-25,880.9529418945312,890.1787033415515,876.1469847908107,889.1059403825956,3068136
2022-10-27,885.7161254882812,890.3503780493388,875.0313426653582,884.814962622511,3313674
2022-10-28,883.9567260742188,892.3242776074457,880.0947792127295,885.6301944760588,2423629
2022-10-31,893.5256958007812,903.2663619823473,889.4491967799584,891.6805226600084,2418565
2022-11-01,909.7459106445312,911.2906263956316,896.8298031536413,900.2626445054254,2275488
2022-11-02,897.00146484375,915.1526356887392,894.6843386771604,913.9511201807993,2799322
2022-11-03,896.9586791992188,900.4343686894215,886.6172012977848,887.389611660725,2396164
2022-11-04,897.130126953125,900.2626155382368,886.9174033077744,896.9585267958589,1709158
2022-11-07,898.6749877929688,906.0126234187783,891.3801998274005,899.4902457196124,2213508
2022-11-09,904.0817260742188,910.9474094420408,900.4343317850633,910.4754565677116,2307691
2022-11-10,903.2235717773438,911.7628288538897,898.5893190257142,901.1209980201052,2321667
2022-11-11,936.0071411132812,942.9156715878479,917.5126661277776,919.1432867485469,3923101
2022-11-14,943.17333984375,946.5632294151759,935.4923977707601,939.7404978424988,2170007
2022-11-15,947.3783569335938,949.2663776605173,934.505202626394,938.452948994869,2172420
2022-11-16,948.4940795898438,954.7161049072851,943.473569768862,950.4680053884568,2213697
2022-11-17,937.637939453125,944.5464712371287,934.6770503211013,939.8263134077243,2460883
2022-11-18,946.7346801757812,949.1805584925537,930.2999325550887,942.3578287517681,2623894
2022-11-21,940.16943359375,949.4809948909996,937.6806026391382,943.0873697211567,1733741
2022-11-22,946.94921875,949.094744393007,933.7327598366776,936.3931906816074,2529146
2022-11-23,946.94921875,953.900700880944,943.8167303588108,951.7122228202791,2217599
2022-11-24,969.4343872070312,974.0687440341321,947.0351180983831,949.1806439662997,3295202
2022-11-25,968.23291015625,976.2572610300047,961.7534846354545,974.2403828245955,1977441
2022-11-28,960.1658935546875,972.1378874297479,958.6210728395748,965.4867564409326,2368293
2022-11-29,968.87646484375,977.2869675892737,959.5220564937674,960.1657142111698,1785948
2022-11-30,961.8824462890625,969.6921415035873,958.6212042266299,967.2033099045764,6053488
2022-12-01,975.270263671875,987.4997611716573,968.4045808649797,969.7776964739577,3919684
2022-12-02,974.5406494140625,978.7029479953004,964.4995270633565,975.2701071428174,2944923
2022-12-05,970.50732421875,980.033439828577,967.374834937323,972.5670503737995,2646466
2022-12-06,962.0111694335938,965.486964410287,950.0391729797224,962.5690272987722,2807894
2022-12-07,949.094970703125,958.2777807400234,945.7479289495386,956.0464544916389,2399879
2022-12-08,945.18994140625,955.8317706241862,943.0015678862662,955.8317706241862,1752350
2022-12-09,881.811279296875,922.5762776098692,875.9754584356381,922.5762776098692,12415478
2022-12-12,882.5836791992188,891.8094418656455,868.895211557481,879.6657426127817,4275785
2022-12-13,896.5723876953125,898.4605134845785,884.9007468859066,885.758957309569,2284909
2022-12-14,906.4417114257812,907.3858266012842,896.8297976050549,896.8297976050549,2425507
2022-12-15,894.5556030273438,902.6657542873038,890.0499983591483,902.4512016840564,1906369
2022-12-16,883.6565551757812,898.074430234311,877.3915759623375,883.9569079299524,5159215
2022-12-19,886.745849609375,890.393243619382,878.2495461395454,883.6563132827114,3328172
2022-12-20,883.69921875,886.8317077041411,868.0798311666849,881.3820925439303,2629849
2022-12-21,892.8392333984375,903.9101693132346,888.2478283780658,888.2478283780658,2878658
2022-12-22,891.7664794921875,905.111694221472,887.0463219015367,897.6881526946808,2623451
2022-12-23,884.4716796875,896.0575209048866,881.4679430755849,883.5276691333019,2177675
2022-12-26,885.4155883789062,894.0406444199417,883.0984623068107,884.8148830304391,1680715
2022-12-27,889.4063110351562,893.1824576794048,884.2570487280926,891.6805895065113,554319
2022-12-28,888.6339111328125,891.0798945668911,880.9529700063873,883.9567063873152,1397806
2022-12-29,896.3577880859375,897.6880560776632,882.3260693472592,883.9566900191138,1277244
2022-12-30,891.9381103515625,905.6265243225645,887.6470583528771,901.1209197239448,1860560
2023-01-02,892.0667724609375,894.6843561270739,885.2440415780112,891.7664197685973,701880
2023-01-03,893.697509765625,897.5166094612675,886.9605780929413,891.6807359831311,2484372
2023-01-04,889.620849609375,894.255206565089,885.2439976697594,889.2775445085798,1219170
2023-01-05,896.0574340820312,900.949296090368,886.617119930725,894.0836130712362,2294943
2023-01-06,886.3597412109375,899.3186972720156,879.8802107993927,895.9716557664627,1887689
2023-01-09,916.0967407226562,919.1434298505926,892.5818572326416,896.7870048014253,4562242
2023-01-10,913.0072021484375,920.516543880949,906.527775853598,910.5613232222524,2297082
2023-01-11,905.2402954101562,926.5238486763265,901.5929015180461,917.4268401566407,3594167
2023-01-12,919.7012939453125,922.1471728930898,910.5613312606498,910.5613312606498,4748542
2023-01-13,924.9790649414062,930.2999266762696,893.3968853044249,895.8857160237623,8253765
2023-01-16,938.6248168945312,944.4177379852285,925.623011145033,932.8748482352429,4508538
2023-01-17,953.5147705078125,956.0034970244193,939.7404507630533,942.2292820416789,4390338
2023-01-18,957.033203125,966.2160111051918,956.1320404370952,960.2943392923785,6905092
2023-01-19,962.4456787109375,964.134289506189,951.4910619523847,954.6085541874394,2298287
2023-01-20,959.328369140625,971.1056229988562,958.6788870634067,962.1427914752378,4747128
2023-01-23,970.9321899414062,972.4044124779597,959.631267253803,962.0992775619035,1696834
2023-01-24,985.3507080078125,990.416646144748,970.9321873796466,975.0023377476625,4861107
2023-01-25,972.2744140625,982.752701012389,967.0785588103289,982.752701012389,2692236
2023-01-27,966.082763671875,982.2765776141803,956.9034396014004,972.2745129524636,3864525
2023-01-30,982.666259765625,987.1692926530718,957.5962970086618,966.082798328844,3508427
2023-01-31,971.798095703125,985.2207219184165,963.8311598464146,983.7486051981375,4582858
2023-02-01,980.3715209960938,984.6148250251802,965.0870216995745,984.6148250251802,2393911
2023-02-02,995.5260009765625,1000.6352805828029,982.8827723595684,985.3075474740439,3048359
2023-02-03,992.538330078125,1001.6310773135037,986.0001695439432,999.3362199644893,1814055
2023-02-06,992.1488037109375,995.7426257701702,976.821068588879,983.0560544022644,2070175
2023-02-07,977.0375366210938,998.470445135494,975.0025139243473,994.0106470703008,1931191
2023-02-08,991.5422973632812,995.0062005855111,980.8907526709497,981.929987063581,2848255
2023-02-09,992.7114868164062,997.6042719658682,985.4806089385052,990.6764645216608,1501083
2023-02-10,966.1260986328125,978.552832487454,952.573553748849,974.9157757480316,3185163
2023-02-13,963.8312377929688,970.9755394208142,956.9034301538459,970.9755394208142,2009185
2023-02-14,974.6126708984375,989.2910278856064,968.1611918236695,970.7591198875971,3938046
2023-02-15,981.064208984375,982.5363258665423,969.5466861652131,974.2229775996834,1648954
2023-02-16,976.950927734375,997.7343534829165,973.3571058900291,986.0003354117312,2369355
2023-02-17,960.843505859375,971.3650274222352,959.111554232904,971.3650274222352,1958807
2023-02-20,966.1693725585938,982.6229164162696,959.1549881612607,960.8437047726298,1706036
2023-02-21,957.0765380859375,971.6683168081081,955.258009808115,970.7589998142216,1313278
2023-02-22,946.1651611328125,957.3796114436914,943.956986214642,948.2435242457499,2212194
2023-02-23,947.6807250976562,962.9218801185187,946.0786907907102,956.7302368703206,2139983
2023-02-24,948.1138305664062,956.4705203561463,936.9860597784973,949.9757001635966,1684570
2023-02-27,938.6746826171875,943.9138799227633,931.7902154099938,943.9138799227633,1834553
2023-02-28,933.1756591796875,949.8890372378047,924.9488876846467,938.2849384080721,20793703
2023-03-01,953.526123046875,956.0374745114055,932.9591936812537,932.9591936812537,1655100
2023-03-02,957.7260131835938,967.2950892511233,944.1735747911416,944.1735747911416,4074162
2023-03-03,969.0271606445312,978.293061719703,962.1426936102644,965.5632565850334,3253621
2023-03-06,975.6952514648438,994.1405850924481,972.7510172268012,977.6870388234964,4091674
2023-03-08,970.4560546875,973.3570532326329,958.8952958822903,962.9653409205407,3209393
2023-03-09,966.9918823242188,975.6948755452659,964.7403664231987,971.5814905628492,1834324
2023-03-10,966.68896484375,968.2909991588372,956.9033946327556,956.9033946327556,1193681
2023-03-13,951.3612060546875,981.6703658506859,948.2437136176626,970.7157483824259,3028387
2023-03-14,938.7613525390625,955.5179674871354,923.1304429979355,951.3180049062952,3683544
2023-03-15,934.9509887695312,950.7550504184014,931.3571673073856,948.287040015227,1528510
2023-03-16,928.6724243164062,941.7919781962631,926.2909909811492,938.674380898527,1812907
2023-03-17,959.8909912109375,967.3817042557936,938.7612627812227,942.35497837475,5350523
2023-03-20,944.649658203125,959.7609989858001,940.6661907582414,956.9032366286369,2066169
2023-03-21,938.63134765625,954.6519026341205,932.74266894797,951.7075632799804,2421127
2023-03-22,936.5095825195312,957.5528388982212,934.4313249546782,945.6023293505792,1382329
2023-03-23,923.0439453125,935.600598751352,918.8006412842727,932.6562588719714,2178855
2023-03-24,910.7902221679688,943.9138028648309,906.7201774120756,929.1922114440033,2688253
2023-03-27,910.5736694335938,922.6973321745071,904.7716731201367,912.1324683556912,1459887
2023-03-28,901.5675659179688,921.2252839652681,900.0521079625802,915.1634521437142,2965015
2023-03-29,924.4293823242188,926.594322329662,902.4335707269242,905.8108982774078,2478745
2023-03-31,939.800537109375,949.8891795435361,926.0748374375625,938.1985025096944,3131614
2023-04-03,950.9714965820312,951.9240489709645,942.1818196774249,943.8704304709904,1540702
2023-04-05,962.2723999023438,963.8311988421336,923.2602481370852,939.8869435150715,3342291
2023-04-06,945.5159301757812,960.4107816794881,939.973662307192,960.4107816794881,2378264
2023-04-10,955.258056640625,956.9034321002547,945.2127566854551,945.5158271282921,711625
2023-04-11,941.31591796875,961.1467896364869,939.583965957768,956.0375100620976,2318905
2023-04-12,947.8106079101562,950.3651944917187,935.3405340007788,945.6456681935958,2715967
2023-04-13,928.1964721679688,943.047983593367,920.5326047380617,943.047983593367,3071057
2023-04-17,902.5200805664062,913.6046148600642,880.0480472526448,913.6046148600642,9509446
2023-04-18,921.2684326171875,923.4767134282953,905.1179610709034,908.8850407733754,3686404
2023-04-19,899.4892578125,930.01491279315,897.5408117499053,930.01491279315,4322881
2023-04-20,898.4501342773438,906.8500595138303,893.5573485486838,900.6150743599397,3057560
2023-04-21,908.365478515625,930.0582194945233,898.6665896465937,912.7386995784242,7708194
2023-04-24,912.7819213867188,916.9818832755612,905.810773247442,915.336507956545,2033625
2023-04-25,912.2623291015625,916.8953850368559,904.4253101211197,909.6644012320323,1237595
2023-04-26,922.7407836914062,923.996406627299,907.5428623668316,913.6046944627933,1647101
2023-04-27,927.6767578125,930.924167699825,918.8005041204784,922.740737067749,1654910
2023-04-28,937.2330932617188,941.3287204258247,928.1170892619535,933.5778538030751,2629188
2023-05-02,940.2717895507812,946.6574109853232,937.1449939796715,937.2330500133947,1905168
2023-05-03,932.6971435546875,937.1451026972243,929.2181234450861,935.3835517523047,1649820
2023-05-04,939.6113891601562,940.6241950180079,923.3170416687423,930.1430521043346,1403672
2023-05-05,929.7025756835938,942.3856562380777,926.6638358501583,939.6112995646188,1641673
2023-05-08,947.494140625,949.0354975816291,929.2180509963979,931.860377207762,1389075
2023-05-09,950.3566284179688,953.5273982606365,938.9506303328154,943.310425426918,2981949
2023-05-10,949.7402954101562,958.9884384596204,944.2794226234034,954.8928107486918,2091411
2023-05-11,958.37158203125,962.3350708796146,951.2814053790853,953.1310120050189,2653108
2023-05-12,964.8892822265625,971.8474281749486,948.9912460258104,956.5219173875371,1585037
2023-05-15,968.6326904296875,974.0934545889473,962.5113447584275,967.9280271436118,1523466
2023-05-16,960.66162109375,973.5210270811717,958.371626711237,969.0289868303902,1166324
2023-05-17,946.437255859375,963.5242127286082,935.9999812813523,960.4855805834428,3602382
2023-05-18,951.1494140625,955.641347279123,945.0720420557594,952.954939194905,1515743
2023-05-19,964.7572021484375,972.3759299872386,953.3951792893051,958.8119688808525,1984436
2023-05-22,986.3363647460938,988.141997422584,959.1203818773304,964.757366252447,1864932
2023-05-23,975.3264770507812,996.4650836027279,972.3759013895414,986.4683057575056,2138096
2023-05-24,979.378173828125,982.0645818343734,967.0913998691856,968.0162570560002,1302744
2023-05-25,982.9453735351562,984.9271182398643,971.539374796894,976.9560576432041,1124803
2023-05-26,1003.3793334960938,1004.39224675061,981.1838355196764,982.064610955511,1635167
2023-05-29,991.9293212890625,1011.0861883405906,990.343989905067,1009.3687191287938,1288914
2023-05-30,1000.4290771484375,1007.6074207488691,993.5590910623627,994.3957849873018,1983735
2023-05-31,1008.5758056640625,1015.842202113395,997.1257264105686,999.5038843038983,5967930
2023-06-01,1005.7574462890625,1017.4277202871458,1002.0141508557151,1011.1301547018556,1445692
2023-06-02,1001.4856567382812,1013.860485920756,996.6853665612136,1011.1301038335691,1336554
2023-06-05,1002.5867919921875,1011.5706590616962,1000.560965340955,1007.6071693222294,1435758
2023-06-06,994.0430297851562,997.3019630614764,980.9635374557176,995.2761367676417,1943605
2023-06-07,994.4396362304688,998.6233199183597,983.1215848720984,998.6233199183597,2459039
2023-06-08,992.4136962890625,996.3771856463297,984.9711870581394,994.4395227449444,1385218
2023-06-09,977.4406127929688,996.1570921999078,974.0936228806411,994.4835972437439,1824218
2023-06-12,1003.7755126953125,1004.9204559847758,978.9816684595447,980.2587495368521,1670970
2023-06-13,996.421142578125,1008.4436394422665,994.6595919733844,1008.4436394422665,2014656
2023-06-14,1000.4290771484375,1002.6750982345308,991.797539627487,1002.3227664442422,836964
2023-06-15,1007.2546997070312,1010.2493574923537,1001.0452978086456,1004.0839298529061,2109652
2023-06-16,1011.3063354492188,1016.6350699639828,997.434122018911,1012.8917742764394,2909817
2023-06-19,1001.926025390625,1016.3266806153581,1000.0763111738075,1011.3061966956714,1278608
2023-06-20,1029.318115234375,1031.1677219318456,997.4780654177365,997.9184530845877,3504867
2023-06-21,1030.9034423828125,1035.527512867066,1023.1526839857853,1034.9110131424402,2019683
2023-06-22,1024.694091796875,1030.9034936747626,1020.6865208378532,1030.6393255724308,972005
2023-06-23,1026.235595703125,1030.9918049081703,1013.772600870265,1023.3730753270795,1699790
2023-06-26,1028.3052978515625,1035.7478071077733,1024.3858902582265,1028.0851039976328,1190307
2023-06-27,1030.5072021484375,1034.4266096115366,1021.8755603546006,1027.8648759890825,1504039
2023-06-28,1030.7274169921875,1033.9862429818343,1027.4245092257097,1033.5458552796372,1424076
2023-06-30,1046.3172607421875,1051.645995770928,1026.1035050863745,1030.8156327265951,3036648
2023-07-03,1040.724365234375,1052.5267790720486,1034.4708803515657,1048.1229013353454,1749952
2023-07-04,1048.651123046875,1050.7650054160629,1038.0378444593343,1041.076476447432,1094468
2023-07-05,1052.3505859375,1059.2205701678358,1046.008937975031,1051.6459225472686,1653610
2023-07-06,1039.8876953125,1055.1691299059078,1034.867210067626,1052.350691096418,2334220
2023-07-07,1019.5856323242188,1041.9132683230957,1016.2387501474211,1037.6856107024248,2159585
2023-07-10,990.4319458007812,1023.3729675468165,986.468456466763,1021.6994727691474,3960400
2023-07-11,981.9764404296875,996.8174832899224,979.4221704602551,996.8174832899224,4982603
2023-07-12,978.1451416015625,990.4319151501721,971.0107750078914,986.2041503181097,3824027
2023-07-13,976.603759765625,990.3438338444278,957.4468957328792,968.8528936101346,12294227
2023-07-14,1013.7284545898438,1019.1452450754853,979.025988098357,981.3599570124775,6605038
2023-07-17,1016.1946411132812,1032.2687925328412,1007.2988308720637,1014.6092023502191,3159479
2023-07-18,1028.0411376953125,1030.5073521429554,1009.7210715004743,1020.7747396994328,2431478
2023-07-19,1029.670654296875,1034.8231695336958,1019.0572663811032,1026.1034704701688,2242397
2023-07-20,1026.7833251953125,1033.001946905577,1019.8539604833554,1030.5144548438086,1990001
2023-07-21,990.9373168945312,1012.6581390175086,972.7701013026598,986.0957191287235,5259150
2023-07-24,988.671875,1001.8197508347705,986.9839419792545,994.9793114462332,2672505
2023-07-25,987.4728393554688,994.0911868104546,981.7427580647266,993.6469995062498,2506726
2023-07-26,990.53759765625,995.7345669506376,986.1845407848936,986.2733565487669,1969964
2023-07-27,992.6253662109375,997.378148768995,985.162997667172,990.5377075296414,1769815
2023-07-28,980.3658447265625,993.6470017749447,974.9466728475575,989.6937781361619,2031899
2023-07-31,992.0478515625,994.5353437678112,973.6585411072095,984.319036082836,2526624
2023-08-01,1011.4144897460938,1014.5238008695994,987.783746896283,994.9795595218488,2710536
2023-08-02,1004.6627807617188,1010.0818437225863,996.3120384651544,1010.0818437225863,2701150
2023-08-03,999.865478515625,1008.7936854286756,990.5820085654414,1000.3096657561916,1608187
2023-08-04,1016.6113891601562,1023.7183855221014,1000.3097379437762,1004.2629612924449,3315303
2023-08-07,1022.3414306640625,1026.7388411159695,1015.5453439658982,1025.6728350804024,1655404
2023-08-08,1013.9463500976562,1027.7606188060981,1010.0819421923501,1025.9838695674132,1667697
2023-08-09,1016.4338989257812,1018.0773703741124,999.4215023306078,1013.5910349193147,1559337
2023-08-10,1007.6834106445312,1017.0113444859331,1002.6640721743713,1012.7471027807666,1676669
2023-08-11,1040.6861572265625,1054.4559605552283,1025.4506228795135,1030.5143136291726,7391806
2023-08-14,1040.2864990234375,1045.6167458160426,1025.1841331110563,1039.9755896493652,1720940
2023-08-16,1045.750244140625,1053.8344317915614,1039.4871594612657,1044.5064979379797,2567226
2023-08-17,1045.350341796875,1049.1259338228729,1034.0235657188812,1045.4836196748608,2331256
2023-08-18,1042.6851806640625,1046.371956787395,1029.315208564479,1042.0633618479555,3406088
2023-08-21,1047.6156005859375,1056.1884359662274,1038.465300107548,1042.018798010744,1661946
2023-08-22,1047.8377685546875,1054.5005775959423,1044.8617355384251,1050.0587049017724,1805887
2023-08-23,1050.5028076171875,1061.607488458807,1047.0825876067986,1059.7862774231219,2347850
2023-08-24,1040.5086669921875,1056.2773148804363,1038.5098243021278,1056.232852776328,2464221
2023-08-25,1025.139892578125,1040.109092311369,1021.6308560588959,1034.9564759205336,2105159
2023-08-28,1018.4768676757812,1030.247829402379,1012.1250769710874,1026.0725127713588,2571967
2023-08-29,1028.338134765625,1033.446289079029,1020.1206691310186,1025.095545556108,1794652
2023-08-30,1039.8424072265625,1043.9733705587976,1031.9803141747234,1035.8447217652044,1497356
2023-08-31,1041.308349609375,1055.4778816532255,1035.7560081432628,1047.8378814846892,4483967
2023-09-01,1053.4345703125,1055.3889509180185,1040.375399540202,1042.0633328508718,1669640
2023-09-04,1094.9215087890625,1097.142444912367,1052.7237224462792,1053.6120968956009,4517935
2023-09-05,1097.631103515625,1103.0945196698196,1088.4363411321026,1098.6971094861635,2842400
2023-09-06,1097.897705078125,1103.716601965782,1086.2155576402247,1101.4512034048375,1767709
2023-09-07,1114.0216064453125,1116.686729905708,1092.9671744858488,1099.8076146565365,2582004
2023-09-08,1121.1732177734375,1127.8360273356325,1114.2883145591693,1118.4636318404785,2280777
2023-09-11,1138.4967041015625,1140.9397346637652,1128.5913039514319,1134.0548303521034,2691836
2023-09-12,1139.2515869140625,1147.557867576178,1124.238034772714,1141.5613391410016,2140769
2023-09-13,1132.899658203125,1139.2515579991143,1124.7710092862524,1138.8961864861055,2275523
2023-09-14,1140.3175048828125,1146.624942245601,1133.210508768312,1137.874474968453,2655172
2023-09-15,1158.973388671875,1163.7706328165914,1146.9359788722124,1149.5566403547093,4286280
2023-09-18,1159.3289794921875,1164.92578346051,1145.7368032515049,1156.6638554014007,2761885
2023-09-20,1149.0234375,1158.440184179503,1138.4517607561602,1138.4517607561602,2220756
2023-09-21,1135.3426513671875,1141.561273088291,1118.730091004188,1140.672898556705,3112700
2023-09-22,1131.5225830078125,1140.317512446676,1123.8825838228781,1130.412114857556,1321467
2023-09-25,1122.4166259765625,1137.1192661153204,1116.331282842821,1128.2355218487946,1246703
2023-09-26,1120.6400146484375,1127.3028236659934,1116.7756071070867,1122.9054130920695,903152
2023-09-27,1120.329345703125,1126.148243538348,1113.4000879041528,1118.0195931034675,1670373
2023-09-28,1103.2724609375,1124.6822675648698,1100.2964276529194,1120.3292102432813,1807072
2023-09-29,1096.965087890625,1110.2017837423828,1090.2578157422454,1097.231535225606,2338327
2023-10-03,1100.42919921875,1116.4199365778645,1086.2152104550926,1094.921321950484,2162636
2023-10-04,1101.184814453125,1105.848781254098,1088.2589202270465,1096.2542918858574,2253785
2023-10-05,1097.542236328125,1113.9771646332422,1090.7462581356558,1109.579754221156,2995200
2023-10-06,1099.541259765625,1115.7985592211169,1092.7896341215926,1112.2450606248713,2497711
2023-10-09,1110.113037109375,1125.259869581565,1093.7225667747978,1098.031162511675,3430211
2023-10-10,1120.950927734375,1123.5715889920407,1108.8689484229856,1115.398587405298,1532394
2023-10-11,1106.559326171875,1132.188910444653,1102.472824899757,1124.6821888179632,2186131
2023-10-12,1087.1484375,1109.1801713781776,1079.5084374830112,1106.0263981103167,3921609
2023-10-13,1115.7095947265625,1125.126343062574,1073.6450823893276,1075.8215566117467,5740821
2023-10-16,1128.8133544921875,1136.4978174738649,1119.6186978710916,1122.0172662264456,2527113
2023-10-17,1134.5877685546875,1136.2312400590572,1129.1242424668192,1136.1424242779897,1687345
2023-10-18,1127.7470703125,1138.4520274086783,1125.9259674849768,1135.342716370106,1743126
2023-10-19,1125.8814697265625,1132.4554631173503,1123.7049954461463,1125.392928788183,2279726
2023-10-20,1128.7962646484375,1131.2626477630074,1117.002447131701,1122.8769670696267,1625449
2023-10-23,1109.1102294921875,1130.500478449677,1105.2088812326504,1119.2896446689385,1646367
2023-10-25,1102.2490234375,1123.6841565298782,1098.9306608939967,1104.2220861151318,1420065
2023-10-26,1104.7603759765625,1110.500234914075,1087.0472597558783,1089.6929725636132,4617424
2023-10-27,1137.8546142578125,1139.020584632822,1106.2400665347361,1109.42398676441,2675348
2023-10-30,1134.312255859375,1143.325810757756,1126.4646715630558,1139.0208064371664,1158770
2023-10-31,1144.40185546875,1147.8547702054714,1127.092285179139,1140.8143888371865,2525870
2023-11-01,1129.1103515625,1153.3257538219862,1125.8368755083611,1147.9894404497174,1572719
2023-11-02,1142.070068359375,1143.5050331715092,1134.5363662446737,1135.4332329373574,1368604
2023-11-03,1135.6573486328125,1154.5364346274737,1132.7425321407638,1150.3210958581922,2052536
2023-11-06,1138.7513427734375,1147.5406782002622,1134.6706659173049,1144.625862096979,1175823
2023-11-07,1142.5633544921875,1145.926604810934,1136.4198391394384,1138.1239078637643,1385282
2023-11-08,1136.9130859375,1148.706904853455,1135.343569223839,1147.9893677063194,937671
2023-11-09,1136.7783203125,1144.2223562614922,1131.6662249128728,1136.9128721873906,1483749
2023-11-10,1125.9710693359375,1139.91738801705,1121.6661755732005,1132.1146928040525,1469902
2023-11-13,1130.948974609375,1133.2808062691097,1124.043144409237,1130.0521078571076,730991
2023-11-15,1144.9847412109375,1150.6798220975706,1137.5855919262103,1143.5048894578354,2410620
2023-11-16,1175.837158203125,1182.0254509925621,1146.1956692856934,1151.3975400591225,3936945
2023-11-17,1174.1329345703125,1189.0208982757983,1171.6665514134138,1177.944617630974,2882039
2023-11-20,1188.7069091796875,1194.357102575186,1178.4826089411206,1179.334588344011,2831858
2023-11-21,1189.783203125,1198.2137710148243,1185.4783091571305,1197.8550024806386,1514256
2023-11-22,1192.5633544921875,1197.9894406697133,1184.2225616380897,1189.7830902074884,1535630
2023-11-23,1191.9356689453125,1197.5410849956572,1188.9759654784175,1196.3751146648726,1307344
2023-11-24,1174.1329345703125,1195.209299729265,1170.9939014615325,1191.8460499698579,1795933
2023-11-28,1180.859619140625,1183.7744360555564,1161.7115360725436,1174.1331185677063,2152951
2023-11-29,1196.375244140625,1200.7251350510783,1185.209297952235,1187.4514646150276,1835524
2023-11-30,1202.6083984375,1207.8999330651009,1192.5634272249329,1199.1105969392024,4104385
2023-12-01,1198.8414306640625,1209.8729326263538,1191.0387357507768,1207.1823330727,1854324
2023-12-04,1199.962646484375,1210.7699330120945,1193.7294672882206,1210.7699330120945,1547057
2023-12-05,1181.666748046875,1208.0794282045367,1173.3707311865246,1208.0794282045367,3932040
2023-12-06,1192.4290771484375,1201.7564025583551,1183.4604108075243,1188.3482901710058,2077245
2023-12-07,1191.0389404296875,1199.1107404777804,1188.6622218527014,1193.7295404457184,1985003
2023-12-08,1223.415771484375,1228.662419474058,1191.9357740654855,1195.523240654095,4509751
2023-12-11,1233.460693359375,1240.3665224687297,1225.1646772112654,1228.796921295749,2824656
2023-12-12,1233.460693359375,1243.9539889111556,1228.7072565308458,1234.985322805091,2730422
2023-12-13,1227.9898681640625,1240.1873431300987,1217.093025110177,1237.0930872603083,1896931
2023-12-14,1268.7076416015625,1272.8780937502777,1239.469808393788,1247.5416088826044,5145574
2023-12-15,1337.4971923828125,1342.6092881646725,1275.3442937676448,1275.3442937676448,7374290
2023-12-18,1349.1566162109375,1354.1790478184303,1328.259578376636,1336.1968267496413,3075527
2023-12-19,1334.8065185546875,1349.470264623569,1325.2996456227008,1346.6451131194701,2590417
2023-12-20,1291.4427490234375,1348.035107330416,1287.003304066524,1331.8466247657059,4368383
2023-12-21,1275.38916015625,1297.8108245907624,1273.640204641888,1274.581958340451,2841508
2023-12-22,1311.8468017578125,1316.0172535656466,1276.2412396375428,1283.4161728189206,2303438
2023-12-26,1307.7659912109375,1316.017119738137,1293.416126307439,1311.8466683544016,1363265
2023-12-27,1320.232421875,1323.7750008831554,1307.227857164427,1314.3130151807377,1402329
2023-12-28,1320.591064453125,1329.7839462891911,1317.0035983707576,1318.9318832861854,1928616
2023-12-29,1314.89599609375,1329.0216439235987,1307.2278529602986,1321.9363764492969,1481617
2024-01-01,1330.7259521484375,1341.4883524354004,1304.9859219211032,1309.4253682471567,1222315
2024-01-02,1317.990478515625,1335.255162172815,1310.636106022526,1330.9950454262357,1440888
2024-01-03,1289.469970703125,1313.9095858668602,1287.4520208272204,1309.425252809294,1651716
2024-01-04,1273.505615234375,1295.7928366101983,1270.9944545801727,1288.7972337204474,3392241
2024-01-05,1285.0306396484375,1290.456617444695,1275.2547708128366,1278.035035660922,1776925
2024-01-08,1298.5731201171875,1302.7883491763416,1283.0125071254822,1287.003519543601,2025264
2024-01-09,1309.7840576171875,1328.2146013056422,1302.5642374022786,1309.9633871521407,3119270
2024-01-10,1338.21484375,1352.47504684298,1314.851530810989,1322.7887795809825,4368914
2024-01-11,1331.6676025390625,1345.2999313847795,1321.9813992407765,1345.2999313847795,2271368
2024-01-12,1381.8919677734375,1394.627428472646,1343.9544704606174,1349.7841027982843,5862043
2024-01-15,1424.4034423828125,1452.56507457106,1413.0132807385155,1443.9551773970231,9712071
2024-01-16,1395.0311279296875,1423.3273133323592,1379.3808493416311,1423.3273133323592,4459799
2024-01-17,1413.3721923828125,1421.5336570983857,1360.1431779705867,1363.2373241574426,3846289
2024-01-18,1405.8834228515625,1420.8161656463938,1378.5289888231061,1414.358769274618,3205598
2024-01-19,1417.09033203125,1437.0188450503035,1408.142944463875,1418.9431363075323,2374099
2024-01-23,1377.0526123046875,1417.045115253595,1371.0876508790757,1408.9110468572069,3196630
2024-01-24,1424.727294921875,1429.0653985501233,1377.0977392065138,1382.8819877028752,2136023
2024-01-25,1401.0931396484375,1418.9428990472807,1388.892038287203,1418.9428990472807,2641656
2024-01-29,1423.0550537109375,1435.7531697802578,1401.0930288670638,1414.4238607817801,2521598
2024-01-30,1409.2725830078125,1439.23298000616,1405.3862617551288,1427.980896188491,1939386
2024-01-31,1424.3656005859375,1429.1557066977439,1397.5683449819248,1409.2724305474326,7025931
2024-02-01,1425.630859375,1443.3450280106247,1415.6439883447251,1424.3655379741667,2845408
2024-02-02,1431.369873046875,1458.6190200826552,1423.461752201312,1432.3188916784811,2337374
2024-02-05,1405.70263671875,1435.6631455801614,1402.1778515011658,1432.4546631958058,1452864
2024-02-06,1467.5213623046875,1470.4586644925184,1408.1427129762185,1415.327761890156,4988311
2024-02-07,1459.9298095703125,1473.079932042799,1445.1077060746995,1471.3627176168695,3320199
2024-02-08,1476.604736328125,1489.16726602691,1461.6922761608666,1469.5551655734532,3496692
2024-02-09,1473.712158203125,1488.3083115765046,1459.296828069018,1482.2077613392848,3341297
2024-02-12,1506.56494140625,1522.8783110644133,1481.3041850650288,1481.3041850650288,4885445
2024-02-13,1505.3448486328125,1513.8404529412562,1489.9804977671402,1513.8404529412562,3129897
2024-02-14,1510.677001953125,1515.557464227914,1469.0576482567644,1491.019673330642,1386643
2024-02-15,1502.58837890625,1533.2718474317546,1491.3361850950448,1516.5518184441405,2555162
2024-02-16,1507.016845703125,1515.648039971449,1491.2910687901856,1513.8404692618824,1776881
2024-02-19,1514.06640625,1521.0255093087085,1499.9673768675268,1509.3215331666916,762624
2024-02-20,1503.0401611328125,1511.806834260076,1486.726792621626,1501.1873571699214,2240414
2024-02-21,1478.8636474609375,1504.621523580798,1475.0225606711338,1496.261511155931,2890991
2024-02-22,1524.1435546875,1528.6624811955123,1481.3041093264715,1485.8230358344838,3820901
2024-02-23,1505.4803466796875,1534.0399397760027,1503.4015963827367,1533.7236369896023,2191549
2024-02-26,1491.0650634765625,1508.282107608994,1481.756030560344,1505.4803951850522,1844253
2024-02-27,1499.1993408203125,1512.3945862568514,1489.438413880751,1490.342199326067,2049420
2024-02-28,1492.9630126953125,1511.1290758119515,1486.0037994404374,1504.5313987551174,936575
2024-02-29,1503.76318359375,1516.3258216149818,1479.180267003924,1484.1510862671528,3532888
2024-03-01,1485.9134521484375,1517.6362954473304,1481.3945254584141,1514.247100429813,2371138
2024-03-04,1480.3551025390625,1494.8609008766227,1477.688980008028,1490.3419743322556,1788071
2024-03-05,1463.5447998046875,1473.1249025500758,1452.428306078332,1467.7474237913298,3339546
2024-03-06,1486.003662109375,1491.2456606831274,1449.5359493813753,1457.8056064738694,2366177
2024-03-07,1480.084228515625,1495.358224316854,1473.260604402757,1491.2459564885105,3181239
2024-03-11,1480.9879150390625,1500.102997633473,1475.02295367654,1495.7647837378047,2970902
2024-03-12,1478.2310791015625,1504.802386550771,1475.9264929930423,1478.5022587968442,2414182
2024-03-13,1474.5257568359375,1492.3755169937738,1455.4106751588035,1481.078200438181,2564135
2024-03-14,1517.681396484375,1521.0705912063142,1455.0942672858978,1476.7851135063086,3513306
2024-03-15,1488.8056640625,1515.648045059528,1484.7837530249965,1515.648045059528,3931561
2024-03-18,1485.2808837890625,1503.2662345314548,1477.0112256738657,1491.1554886334131,1183544
2024-03-19,1445.2882080078125,1483.608724763169,1440.72404835442,1483.608724763169,1915379
2024-03-20,1434.397705078125,1463.3188362409896,1426.2636369385693,1450.3495385502144,1815178
2024-03-21,1442.2606201171875,1464.0869467648424,1431.0084269818583,1453.2867566030643,2684744
2024-03-22,1407.9619140625,1420.253372134371,1363.0889516445493,1409.9050745315728,7468824
2024-03-26,1411.9385986328125,1439.3233376188189,1405.883281194166,1411.9385986328125,4496344
2024-03-27,1397.4327392578125,1425.1337798268542,1391.8293147183076,1418.039087527938,2589697
2024-03-28,1395.0377197265625,1410.8539610682342,1383.6951710913975,1399.9633050428313,5301493
2024-04-01,1406.922607421875,1418.0392113349508,1399.0597190226283,1399.963504370834,1014857
2024-04-02,1381.25537109375,1414.4242535484098,1378.3631914088419,1409.0015407552528,2031775
2024-04-03,1388.07861328125,1408.5041387363324,1371.9460679465537,1378.5888677519754,3343884
2024-04-04,1391.513427734375,1403.1270498500214,1372.579054489639,1392.5528031697108,3388449
2024-04-05,1396.5743408203125,1398.7885708432234,1377.1881887941101,1394.0436976581036,2773570
2024-04-08,1391.874755859375,1404.482518117737,1389.7056488242358,1404.482518117737,1820136
2024-04-09,1392.2813720703125,1411.532044713991,1386.9038932119356,1391.8294793822013,2432095
2024-04-10,1391.061279296875,1402.810489149075,1388.3950462505811,1392.7784935711154,1829986
2024-04-12,1375.1094970703125,1394.4956499248244,1370.3193902819517,1389.1181708820704,4319991
2024-04-15,1360.2420654296875,1383.2433564326482,1350.2551940610103,1362.0947590389117,3295684
2024-04-16,1335.1619873046875,1357.1239025750863,1326.1241348497051,1343.341177581238,2446933
2024-04-18,1325.7176513671875,1338.4158809366945,1312.386816119462,1334.9363290557524,5180223
2024-04-19,1308.2291259765625,1315.4594078472446,1296.9318105536215,1303.2583071904685,5219506
2024-04-22,1324.85888671875,1331.546919970421,1310.940571103187,1312.476961975373,1939632
2024-04-23,1343.6124267578125,1356.9883828875948,1329.558521333505,1332.9929495741178,2783858
2024-04-24,1336.9244384765625,1352.9213945566853,1334.2583159049943,1346.6401306946616,1321471
2024-04-25,1359.4287109375,1369.2799929890816,1337.5570400015936,1337.5570400015936,4558032
2024-04-26,1332.0438232421875,1384.101829802622,1324.000112726303,1370.9065876674765,4328477
2024-04-29,1253.911865234375,1297.8358128810132,1248.1276167052085,1278.856319795706,11493223
2024-04-30,1235.1129150390625,1263.4014378252532,1231.3621841425993,1243.970054722854,7606726
2024-05-02,1229.780517578125,1245.325689719817,1227.3403415887567,1227.3403415887567,6555505
2024-05-03,1218.347900390625,1238.1859449403644,1205.2430126522052,1238.1859449403644,5964228
2024-05-06,1228.0635986328125,1233.6670237681346,1218.7545652390693,1227.3405262103495,2504082
2024-05-07,1219.0416259765625,1235.4824293683716,1214.6452844655537,1234.6122397500967,5096525
2024-05-08,1203.1962890625,1221.8352070790652,1197.3802292911425,1219.0416110959218,6832455
2024-05-09,1209.0582275390625,1226.414837916191,1203.9748352806816,1204.432794518141,5653762
2024-05-10,1205.53173828125,1211.6684585683724,1193.9911889468633,1209.103842357867,3357203
2024-05-13,1202.5093994140625,1210.7526657660123,1192.2053164741253,1205.5318633259042,2316566
2024-05-14,1209.9742431640625,1215.3780731547986,1198.6625596454257,1210.844321062513,3200462
2024-05-15,1220.82763671875,1227.6054551234367,1207.4094100283019,1208.3253284125449,2975965
2024-05-16,1234.79541015625,1243.6340450548837,1216.797591281093,1231.9102448423562,5055915
2024-05-17,1221.1024169921875,1237.4058099134795,1218.3546616777978,1237.4058099134795,2487831
2024-05-21,1229.071044921875,1236.3525521997071,1203.5168966723354,1203.5168966723354,4966721
2024-05-22,1230.124267578125,1239.1460415722408,1227.3306716998115,1235.5280967620936,2390777
2024-05-23,1239.7412109375,1244.2291209858765,1225.4986372099845,1233.421352554728,3326149
2024-05-24,1232.093505859375,1245.6491442101265,1228.1092827961706,1245.6491442101265,1769966
2024-05-27,1239.512451171875,1245.2826701743359,1225.498854525351,1237.4057940685718,1942325
2024-05-28,1244.18359375,1248.6716163319936,1232.459793348847,1243.6797939006076,2147233
2024-05-29,1239.3291015625,1251.693999332784,1233.6961813280827,1251.1444706820594,3845920
2024-05-30,1219.8658447265625,1237.909503492396,1213.6833957999995,1232.8261118746457,4150461
2024-05-31,1212.767578125,1228.1550525644968,1205.119681549608,1219.8659460003635,10319045
2024-06-03,1203.9288330078125,1240.840387314271,1199.7156309500963,1236.9935749586257,5384064
2024-06-04,1193.945556640625,1213.591962940745,1131.159301307034,1213.591962940745,5447244
2024-06-05,1230.719482421875,1242.8096721211361,1205.4401574964277,1209.0122615395378,3005139
2024-06-06,1279.99609375,1282.1027510061247,1237.314314344744,1240.1536393112701,5936709
2024-06-07,1311.13720703125,1317.6860460396042,1280.4539402233233,1288.6972059329155,5884025
2024-06-10,1299.4593505859375,1320.7544553620594,1279.9960827798045,1318.9226183920705,3293739
2024-06-11,1308.6644287109375,1317.0449937404987,1296.3910981571455,1305.1838936054057,2269082
2024-06-12,1317.777587890625,1348.2318744569939,1313.8849347204875,1348.2318744569939,5990861
2024-06-13,1322.7237548828125,1335.1343837624213,1316.2664845851311,1326.021039198166,4232861
2024-06-14,1310.7249755859375,1324.4179099461392,1304.6340963082312,1322.723483390829,3065114
2024-06-18,1316.35791015625,1318.6935468527652,1307.0614276267213,1310.725101311327,2223029
2024-06-19,1324.28076171875,1329.8221134535993,1310.0382959033311,1318.9685014189658,3117522
2024-06-20,1322.08251953125,1327.1200713019355,1309.3513417741383,1327.1200713019355,3163919
2024-06-21,1326.112548828125,1357.3453466329831,1318.1898316153033,1339.0728176806479,6489262
2024-06-24,1319.700927734375,1322.5402522484014,1306.649091291398,1316.9531726937482,1988692
2024-06-25,1326.2041015625,1328.1733486307992,1306.5118544924153,1319.7926722838677,2079037
2024-06-26,1322.3114013671875,1331.1043077981906,1317.2738499690483,1326.2040547202953,1917424
2024-06-27,1332.5697021484375,1337.7446634682785,1303.8098420351955,1314.3429036322482,6613193
2024-06-28,1336.87451171875,1345.2093470308835,1320.754369788584,1344.5682488555071,4943575
2024-07-01,1345.3468017578125,1354.2770067039685,1332.6613535032814,1341.8205380634413,3723295
2024-07-02,1356.2921142578125,1366.9624749815348,1349.1479054736596,1350.9797424125243,3811366
2024-07-03,1356.4752197265625,1363.8025673010477,1347.4991742252378,1363.8025673010477,2070876
2024-07-04,1394.3486328125,1405.5229066117354,1360.13909609031,1360.13909609031,6822557
2024-07-05,1391.6466064453125,1400.668381407456,1378.9611574431954,1394.9438907199972,3061687
2024-07-08,1404.4693603515625,1410.5143997032865,1379.5563116625433,1399.5233784068973,2939620
2024-07-09,1402.36279296875,1416.2848212524264,1396.775712480121,1404.469450241303,2658608
2024-07-10,1382.9910888671875,1403.7366651711977,1362.749312458762,1402.362787426647,3507096
2024-07-11,1384.777099609375,1405.01887459393,1381.2508360077009,1387.616424387095,3304053
2024-07-12,1429.0157470703125,1434.32811815643,1383.4946503673611,1401.3550579689258,6430647
2024-07-15,1437.6256103515625,1498.8090089638094,1435.6106344370594,1447.151184815436,10337489
2024-07-16,1437.579833984375,1449.8988922948752,1424.2531759434812,1433.4123603546934,3540650
2024-07-18,1460.4779052734375,1464.7826775491226,1426.0851204902197,1427.0468796485866,4399468
2024-07-19,1460.4779052734375,1480.536431203181,1455.0281230534565,1475.0867607896587,5633838
2024-07-22,1444.4949951171875,1460.431998839283,1438.816345331896,1455.028057510823,2704495
2024-07-23,1475.1826171875,1477.4438900707348,1431.5736581192227,1452.7090280099192,2907674
2024-07-24,1461.6617431640625,1474.859845672042,1455.3396192995237,1471.1680813524624,2484299
2024-07-25,1465.2608642578125,1471.1677082036617,1442.4180783242864,1449.017127904485,2934731
2024-07-26,1509.3314208984375,1513.623118737351,1471.1678361386205,1479.2897613534178,2814159
2024-07-29,1506.562744140625,1518.2379705196097,1495.1644451317736,1513.807808579666,1639491
2024-07-30,1504.62451171875,1507.1625993784505,1493.3184848709939,1503.4708355097953,1783877
2024-07-31,1516.02294921875,1518.2380302759052,1494.4261060729661,1496.0874450317583,1984986
2024-08-01,1514.1309814453125,1527.9289050481918,1510.0238261832649,1513.669510921287,1785188
2024-08-02,1485.2890625,1512.7003663550472,1477.7670704823338,1495.2106786917736,1692851
2024-08-05,1442.0029296875,1472.7367950182772,1418.5602075632808,1453.6319628576234,3279717
2024-08-06,1460.784912109375,1481.3203499829708,1442.5568268058462,1442.5568268058462,2138704
2024-08-07,1471.7216796875,1490.5496984106899,1467.4761736674902,1481.32028851341,1897787
2024-08-08,1437.8035888671875,1478.5514558286627,1434.7579512193151,1473.936750910346,2373805
2024-08-09,1467.4300537109375,1478.551538249518,1454.4166076485976,1462.769269081842,2021762
2024-08-12,1463.092041015625,1477.1668895414023,1452.5704923718158,1467.476010228572,1273739
2024-08-13,1469.922119140625,1484.4584410076857,1456.0780030767576,1456.4010099188401,1973825
2024-08-14,1500.8404541015625,1504.1630190015014,1475.0903789655772,1476.7977971968537,3932148
2024-08-16,1539.6962890625,1545.003199694665,1506.8856921755498,1509.0085014938934,3101056
2024-08-19,1549.1563720703125,1555.1554881968882,1531.2052158031893,1536.6966693458864,1631947
2024-08-20,1556.770751953125,1564.4312074180177,1540.5730921274398,1550.5409001222765,2786109
2024-08-21,1548.002685546875,1558.7087778761695,1544.7723922695375,1556.0784187402182,1410370
2024-08-22,1546.9876708984375,1557.0015588061515,1544.0803840442748,1557.0015588061515,1749127
2024-08-23,1533.4202880859375,1556.0323427142498,1529.4517093616355,1546.8953168933588,2158185
2024-08-26,1586.950927734375,1600.3797649451567,1538.634986775259,1542.2344793675645,2672708
2024-08-27,1579.705810546875,1621.468891258988,1573.706693980494,1592.8577199424021,3556487
2024-08-28,1586.950927734375,1603.8407938485848,1562.5853743852022,1580.5827246830283,2516461
2024-08-29,1616.8541259765625,1620.6843535589992,1566.461571228936,1581.9208325741029,5112407
2024-08-30,1618.1463623046875,1630.1907878225138,1607.9478188485234,1616.8542223287839,4792561
2024-09-02,1667.4312744140625,1672.3689859181138,1624.3760569624062,1628.2523638510454,4445349
2024-09-03,1652.4798583984375,1677.1224535302367,1649.3419487685753,1666.831637664186,2553290
2024-09-04,1647.680419921875,1657.2790288527028,1628.990864675597,1629.0831362428394,2644961
2024-09-05,1652.572021484375,1659.1709593791074,1631.1136436386073,1653.9102408436872,2878565
2024-09-06,1620.7767333984375,1657.371368067543,1605.9635973449892,1650.2185750270176,3351716
2024-09-09,1612.1473388671875,1630.1908821292373,1606.978891328278,1622.8534329114375,1418238
2024-09-10,1642.0042724609375,1651.418338040681,1612.516353260748,1614.6390499132683,2307528
2024-09-11,1641.6812744140625,1658.3864836828104,1637.0203773818716,1641.1736118076558,2303930
2024-09-12,1668.3082275390625,1674.399615965867,1640.158525377528,1661.2938980577812,3349489
2024-09-13,1673.107421875,1679.7525517394818,1657.278961835486,1665.9084373020685,1599349
2024-09-16,1672.230712890625,1683.6752044021714,1668.8619555375103,1678.8297639071125,836199
2024-09-17,1673.9842529296875,1687.1361622910924,1667.9389442630015,1672.3229140501364,830317
2024-09-18,1621.1458740234375,1668.7696073117113,1606.0096190204538,1668.7696073117113,2629136
2024-09-19,1602.68701171875,1639.1431804275842,1588.8428970191928,1639.1431804275842,4167373
2024-09-20,1624.4224853515625,1630.0062112613252,1588.75079024301,1613.3010003238933,4644317
2024-09-23,1617.7310791015625,1628.06797355069,1598.9953311658564,1628.06797355069,1541597
2024-09-24,1638.77392578125,1646.0651818078381,1604.394375446323,1615.1466600301187,1907389
2024-09-25,1645.050048828125,1646.5729239996585,1619.7614430814644,1641.7274837853122,2240579
2024-09-26,1646.3883056640625,1669.0465526283738,1641.819792709207,1644.9116225740677,4303250
2024-09-27,1669.0465087890625,1687.6437922696366,1658.1096805906925,1670.5231918402706,4099016
2024-09-30,1657.6944580078125,1680.3987861355565,1651.2800625411662,1668.6774794372927,2117894
2024-10-01,1676.522216796875,1682.0136703220635,1652.0642818972783,1652.0642818972783,1642542
2024-10-03,1641.496826171875,1669.8772630553035,1633.6056352412463,1640.9891635361219,3552386
2024-10-04,1639.697021484375,1668.585120967133,1631.0675453333595,1640.9891614670892,2982759
2024-10-07,1640.02001953125,1665.170162619272,1631.6674708011544,1647.403547777275,3419048
2024-10-08,1651.556640625,1655.7560670198745,1608.6860784925536,1637.2972479895525,2353030
2024-10-09,1670.2462158203125,1684.3672576209124,1652.2027875903145,1654.8793389159846,2499596
2024-10-10,1669.27734375,1698.1653308633595,1658.5250580418628,1679.7527020791267,3753869
2024-10-11,1697.8883056640625,1710.025001435284,1661.893609367418,1664.9854389524692,2977110
2024-10-14,1712.88623046875,1721.7464415672332,1691.19711689232,1703.795284119454,1751092
2024-10-15,1725.9920654296875,1737.6672924502764,1688.9359590876895,1688.982151206483,5696544
2024-10-16,1721.5157470703125,1739.7438323160645,1711.178852654657,1724.9767759144427,2144442
2024-10-17,1723.869384765625,1732.4065897084597,1708.7792080600289,1725.807538490176,2399099
2024-10-18,1714.5474853515625,1729.4991974525303,1700.9802974423255,1723.1308818908421,2366406
2024-10-21,1701.5340576171875,1742.974132329756,1698.211492447313,1730.7913558189834,1284980
2024-10-22,1693.3125,1720.4853929502126,1690.2932896721986,1699.8619093025782,2089660
2024-10-23,1714.6793212890625,1732.5623373718552,1666.139706207197,1666.139706207197,2522186
2024-10-24,1713.8895263671875,1730.657687249908,1707.2007465116064,1713.9824024620236,1621637
2024-10-25,1720.8104248046875,1738.647057529407,1709.523201035466,1727.9172037261842,4078295
2024-10-28,1738.8331298828125,1743.5245642142506,1714.0755792679558,1714.0755792679558,2418907
2024-10-29,1738.8331298828125,1742.6884524103905,1719.7423828690269,1738.8331298828125,1719955
2024-10-30,1708.22265625,1736.6960390024155,1704.9711992464584,1728.846138168879,1732047
2024-10-31,1640.6387939453125,1712.96046463564,1631.8134106823509,1709.3373898789023,3616088
2024-11-01,1632.6031494140625,1654.8059800658266,1626.6576049338244,1650.8112872458057,242223
2024-11-04,1637.759033203125,1655.549172650557,1621.0837471816744,1637.805527954895,2843690
2024-11-05,1647.6064453125,1656.7104581935748,1636.412096368884,1643.379505237897,1818350
2024-11-06,1707.85107421875,1721.4142724655287,1656.3851310340192,1663.909909005015,3477029
2024-11-07,1701.8590087890625,1730.2861237508012,1685.3694767542588,1718.673777247418,2173869
2024-11-08,1707.0150146484375,1722.4826835839845,1698.236125648119,1708.362001544164,1521324
2024-11-11,1734.6990966796875,1740.9232700539362,1703.7637552182066,1715.5618558178148,1679869
2024-11-12,1739.8546142578125,1758.5272445942182,1732.0510947943208,1756.7157639160062,2711052
2024-11-13,1732.3299560546875,1746.1254018539637,1727.0811524376231,1733.491190775196,1254074
2024-11-14,1726.9417724609375,1762.2898025270745,1715.236549220459,1739.0651082396855,2462563
2024-11-18,1704.6923828125,1732.608507793671,1686.1126293213556,1726.9415922574192,2483933
2024-11-19,1691.268798828125,1732.5622615235432,1688.249588452816,1706.5506029054955,2354204
2024-11-21,1705.9466552734375,1708.9194841550334,1690.9434802261737,1704.692544474217,1841245
2024-11-22,1763.59033203125,1766.9346651840413,1706.0859687752322,1715.236475249475,2765950
2024-11-25,1757.3662109375,1783.6101168107489,1745.1036170937416,1782.7276237438862,6531524
2024-11-26,1764.6588134765625,1778.9651348153143,1754.9973177165698,1755.8798107621496,2079873
2024-11-27,1756.762451171875,1780.8696395864515,1753.0928812651694,1762.0576363513833,1631975
2024-11-28,1710.173828125,1765.5414836479563,1704.6927768976584,1751.235047472098,3631255
2024-11-29,1716.81591796875,1739.343871709582,1703.717099505195,1711.1954965200996,2482280
2024-12-02,1738.6005859375,1745.1499949802283,1705.11053196173,1716.815868412719,2014744
2024-12-03,1756.483642578125,1761.6395701106446,1739.1116164771556,1750.2129750718962,2954648
2024-12-04,1762.893798828125,1775.2957638228152,1744.267547258784,1748.3551164387954,3730643
2024-12-05,1787.37255859375,1800.4712641234519,1750.2130459410732,1751.1420337573902,3881814
2024-12-06,1786.1646728515625,1801.6323413207838,1779.290254333529,1789.230377738011,2250408
2024-12-09,1774.2738037109375,1789.2769792074946,1766.0057896953329,1779.0116187620004,1379520
2024-12-10,1798.845458984375,1804.8374981860254,1776.4103814935652,1780.3585795450927,2695207
2024-12-11,1793.782470703125,1797.4055456116162,1779.9405305358164,1789.4626549815325,1387117
2024-12-12,1798.7060546875,1810.5971433705201,1785.0499799827883,1788.2549423925188,2306173
2024-12-13,1828.9912109375,1834.750889889332,1776.5497820182993,1801.307329364767,2569918
2024-12-16,1815.6138916015625,1839.3959580761184,1811.758569312096,1830.895696498581,1371189
2024-12-17,1812.0836181640625,1823.788842010221,1800.3783943179042,1807.1600507614655,1987909
2024-12-18,1821.14111328125,1831.9173485023591,1808.5069025598868,1810.5971249976726,3460812
2024-12-19,1796.8946533203125,1807.9960121768104,1774.3666991556402,1774.3666991556402,1916115
2024-12-20,1775.6207275390625,1818.6329060701487,1761.7324059257794,1815.799448049168,3786921
2024-12-23,1767.86376953125,1801.6789478663388,1764.2871892096744,1782.2630803182885,2058339
2024-12-24,1762.243408203125,1787.0474511566665,1755.0902473157016,1773.0661390381713,1310301
2024-12-26,1765.773681640625,1773.3449554089166,1752.3498523730784,1770.2792500984694,1065107
2024-12-27,1757.64501953125,1767.7710098188536,1749.0053871294785,1765.0769223622488,1328546
2024-12-30,1791.970947265625,1829.1304587641368,1733.1660883603279,1753.9289427297554,6262203
2024-12-31,1781.2410888671875,1790.9025838998743,1745.1499383852706,1779.1972478284877,1968650
2025-01-01,1776.17822265625,1799.4029182290549,1772.4158900145558,1781.2412743322218,880695
2025-01-02,1832.149658203125,1835.9585988305873,1774.4131582763305,1776.1781443405744,3487645
2025-01-03,1808.4141845703125,1850.6366361442604,1803.1653806428399,1839.395906065339,2853344
2025-01-06,1814.3594970703125,1833.264374337359,1792.9462849386844,1812.687273827258,1789037
2025-01-07,1779.8477783203125,1840.3248624263963,1773.344863612092,1820.8161183017348,2494547
2025-01-08,1795.03662109375,1800.8427946643728,1760.0138274764843,1770.9294337892552,2372138
2025-01-09,1797.4056396484375,1806.3702811912256,1783.6565748565195,1789.973737253202,2742139
2025-01-10,1853.4234619140625,1860.1586231908454,1797.823567019882,1798.520307841618,4802079
2025-01-13,1848.1282958984375,1869.3091490543711,1825.8325893752476,1853.237728643335,5694121
2025-01-14,1684.7657470703125,1801.3072127125706,1670.0876955410129,1798.6131256088609,15819311
2025-01-15,1696.0531005859375,1712.6356247056385,1683.8370008767802,1705.6217209607778,3350594
2025-01-16,1664.9783935546875,1707.4330908835625,1658.5219736705017,1702.8346466094251,5362008
2025-01-17,1678.7261962890625,1682.6674830905263,1642.2688924424344,1663.8054141652738,2424374
2025-01-20,1685.576416015625,1688.2040167263924,1654.045780247927,1679.8521229160626,3401004
2025-01-21,1691.394775390625,1708.6146224912652,1681.0722375093103,1681.0722375093103,4005357
2025-01-22,1715.136474609375,1718.6555214724344,1692.943110701526,1696.8374309214662,3009261
2025-01-23,1695.71142578125,1716.3095348003362,1693.0838249010083,1705.1425174400829,3750930
2025-01-24,1682.4329833984375,1716.7320092682198,1680.7907613714744,1689.1426563047783,3171259
2025-01-27,1606.51513671875,1670.1395462046075,1602.1516104986144,1665.6820870982883,4174844
2025-01-28,1588.967041015625,1623.922908299152,1586.8556127904455,1606.5153097773027,5079829
2025-01-29,1613.131103515625,1617.9169844026792,1591.547615801338,1591.547615801338,3733620
2025-01-30,1607.594482421875,1626.2219482341068,1593.2836913376896,1615.9463768503208,2543744
2025-01-31,1619.183837890625,1631.1485975285875,1603.793964194231,1603.793964194231,2033832
2025-02-01,1589.6707763671875,1625.2834849518933,1584.0403013623452,1619.6999763930141,569018
2025-02-03,1587.7940673828125,1595.864392568976,1559.1724840168695,1562.4569280096825,2659929
2025-02-04,1625.8465576171875,1628.9902164558928,1587.8408528884645,1590.7029421675177,3647768
2025-02-05,1607.3599853515625,1639.2191615824402,1604.685532374735,1623.4537842153752,2681942
2025-02-06,1617.35400390625,1621.999100133098,1607.359887499065,1617.6824253830039,2057798
2025-02-07,1619.37158203125,1624.3920660841331,1595.9112691184232,1617.0255507399675,2428098
2025-02-10,1627.0665283203125,1632.8377882409363,1606.6560559673007,1617.7762214422728,1823071
2025-02-11,1617.0723876953125,1641.2834762186028,1609.3774509519176,1635.4653644908951,1702553
2025-02-12,1611.535888671875,1635.0900203386902,1594.503678288202,1617.729388478944,2214307
2025-02-13,1598.2103271484375,1623.4066801989184,1595.5358743982404,1606.5622214202544,1838463
2025-02-14,1605.8583984375,1617.2601332784309,1595.2542913149882,1605.6237953113587,1460459
2025-02-17,1604.591552734375,1614.21028083584,1589.7645894497305,1605.8583866958138,1127023
2025-02-18,1619.2308349609375,1622.0460725760536,1596.4743309054159,1600.931790462683,1511900
2025-02-19,1606.84375,1624.955042298025,1598.5387078343076,1617.0723544835728,1294110
2025-02-20,1583.6180419921875,1608.9551792009363,1579.8643920353359,1600.180930784951,1681532
2025-02-21,1595.958251953125,1599.1958441321085,1581.3660048555123,1585.9172830235482,1222563
2025-02-24,1542.797119140625,1585.917127770017,1536.7442897736687,1581.2250652618218,4455420
2025-02-25,1535.336669921875,1550.2104851517427,1530.7853922026459,1535.2428515822398,1951519
2025-02-27,1528.86181640625,1557.7649713338558,1515.7240395395788,1520.2284660005098,2266866
2025-02-28,1478.046875,1515.4894477079993,1466.2227840897642,1512.7211762399043,4910121
2025-03-03,1475.559814453125,1504.6506014906618,1471.8530164056688,1478.046630449053,1784684
2025-03-04,1440.9324951171875,1463.9236029845733,1429.2023380419905,1463.9236029845733,3246644
2025-03-05,1476.0758056640625,1484.005459534861,1436.756415963698,1437.647861963186,3112003
2025-03-06,1487.8060302734375,1496.486345769904,1478.1404503979445,1482.6917280450903,2011489
2025-03-07,1461.999755859375,1489.260685687368,1459.7945093234823,1485.1786140907477,2091986
2025-03-10,1453.8826904296875,1475.6068505290652,1451.7242956236696,1461.1084216458007,1855766
2025-03-11,1471.290283203125,1477.0145775853168,1428.8271098436583,1435.7244200645093,1846190
2025-03-12,1445.71826171875,1468.615549425364,1414.2814432486225,1460.1698370005536,3113860
2025-03-13,1440.228759765625,1452.6157604531872,1434.9736720361234,1445.7184506486965,1983351
2025-03-17,1449.9881591796875,1452.240372186287,1425.4956147946596,1433.8943612072458,2029100
2025-03-18,1449.9881591796875,1449.9881591796875,1449.9881591796875,1449.9881591796875,0
2025-03-19,1449.3311767578125,1465.1903713226372,1431.172917330291,1462.515918539908,4522829
2025-03-20,1465.8004150390625,1484.662484537233,1451.7711931232186,1452.521854437945,4608677
2025-03-21,1470.2108154296875,1493.9996639060917,1427.7946163227189,1440.557003390561,8109210
2025-03-24,1505.3544921875,1511.6887768040383,1463.9235558221978,1493.0143444314851,2487843
2025-03-25,1524.826416015625,1556.7792912717086,1519.242793195392,1522.1049969946318,4906013
2025-03-26,1532.802978515625,1543.6415740044204,1522.1050532579748,1524.8264723795628,3096513
2025-03-27,1529.7530517578125,1543.688453488265,1514.17542826833,1525.5301958060209,3383080
2025-03-28,1494.421875,1525.4364532973739,1484.1931560534322,1516.5683866264308,2211077
2025-04-01,1436.099609375,1487.3838776570444,1432.1113560752888,1479.8765773281762,4126827
2025-04-02,1433.471923828125,1443.7944603461306,1413.6244784307735,1421.694802252573,3167863
2025-04-03,1379.5601806640625,1407.6187370667203,1374.7742998684969,1407.6187370667203,3966161
2025-04-04,1334.5166015625,1366.516449894935,1331.7013636232418,1359.7599246616458,4421312
2025-04-07,1289.47265625,1298.5283602272689,1222.5169440188433,1262.1648740781764,6484139
2025-04-08,1316.921142578125,1336.5339864945445,1287.5019339796488,1295.0092338862357,3938359
2025-04-09,1295.0093994140625,1303.1735432850926,1273.4728758751698,1295.6193905199027,3306801
2025-04-11,1304.9095458984375,1337.2378106579831,1276.240998242005,1276.240998242005,4859622
2025-04-15,1338.6455078125,1340.8039025068701,1319.4080504622327,1332.5458262136349,3265147
2025-04-16,1343.525146484375,1347.654184444179,1318.9387845114877,1327.8537033680223,2553111
2025-04-17,1349.437255859375,1353.2847244294571,1298.7629778229311,1332.5458298472272,3549969
2025-04-21,1390.7274169921875,1406.6804305474286,1341.9299637643915,1346.6220265747565,2840104
2025-04-22,1388.7567138671875,1407.5249643024429,1374.3051381215787,1398.2346574265296,2608145
2025-04-23,1495.82958984375,1501.4600650878292,1448.6273932266265,1459.231500757234,13293318
2025-04-24,1488.97900390625,1504.5567423782873,1479.031854744417,1496.7678731422686,3193118
2025-04-25,1481.002685546875,1518.3515519915748,1471.5247414146222,1492.0759997939456,3800415
2025-04-28,1470.656005859375,1489.7356862837348,1459.075220717647,1485.5590115748148,2618810
2025-04-29,1489.3560791015625,1500.5571463137123,1469.5169596532164,1476.0667323154428,2231069
2025-04-30,1487.93212890625,1507.29662763426,1475.117402437201,1491.2544653982256,3682256
2025-05-02,1492.583251953125,1500.7466832221871,1478.0598506046454,1487.457338778727,1370848
2025-05-05,1488.976318359375,1516.5991509404553,1483.9454210278393,1499.7976664694418,1012225
2025-05-06,1498.9432373046875,1503.4047299968138,1485.6538916985114,1496.760057193726,2055057
2025-05-07,1483.9453125,1498.2787976210511,1466.574193182647,1473.2188659025683,5469936
2025-05-08,1500.4620361328125,1516.8839171296463,1476.8260778078231,1482.6164125144514,2789018
2025-05-09,1489.7357177734375,1497.6143319913983,1478.2499489865486,1486.5082819813285,2035161
2025-05-12,1585.513916015625,1589.9752928759262,1513.0869354293889,1517.6433288868916,4028207
2025-05-13,1537.3873291015625,1602.4101950134725,1533.2106546857274,1599.4675775411424,3118470
2025-05-14,1554.5687255859375,1558.9353178581853,1534.919523856447,1547.2596313457075,1569126
2025-05-15,1609.9093017578125,1616.1742558186468,1542.5133345262059,1566.244308903532,4961582
2025-05-16,1575.6417236328125,1607.536128517188,1573.8381464904032,1606.0173694034354,2586263
2025-05-19,1565.864501953125,1579.533565599437,1554.9482543543309,1576.6858488345342,1642018
2025-05-20,1555.13818359375,1581.432055575185,1553.3346064540299,1576.4960594943752,2421580
2025-05-21,1568.1429443359375,1573.3637592232544,1545.7409254487775,1561.4982708429886,1420835
2025-05-22,1550.1072998046875,1557.4163938155039,1532.0717586557046,1555.2332136218106,2202093
2025-05-23,1564.5357666015625,1585.9886619779707,1540.140369198642,1550.1073792920693,1459454
2025-05-26,1588.6463623046875,1590.73475762256,1562.0676703870101,1568.522541916578,1078813
2025-05-27,1568.23779296875,1590.4500096534632,1558.1758823313398,1588.8363496369195,2740015
2025-05-28,1573.173828125,1582.1915985509136,1563.396620155765,1579.5336830231895,1775441
2025-05-29,1580.1981201171875,1590.449947687293,1571.560068374657,1585.2291331768304,2374051
2025-05-30,1553.5244140625,1580.198004896256,1544.696561512837,1580.198004896256,4408910
2025-06-02,1548.6834716796875,1552.1956097280508,1524.1930584472964,1542.6083187355225,1883100
2025-06-03,1547.6392822265625,1567.8580033166743,1534.9194565056011,1563.3017256602932,2380133
2025-06-04,1543.5574951171875,1561.1184163941086,1539.855439889435,1548.2087893328817,1659720
2025-06-05,1549.537841796875,1569.9464812849753,1542.1337308888387,1551.9109394117704,1409322
2025-06-06,1554.5687255859375,1556.5622202640966,1539.6657190446242,1548.3986718413075,1261281
2025-06-09,1564.6304931640625,1573.838063955866,1555.8025252253706,1564.345675150342,1299786
2025-06-10,1583.42529296875,1599.3725519022075,1565.2948542177778,1569.3766275977348,3055223
2025-06-11,1634.49462890625,1637.816965348587,1581.43214655243,1590.9245363876787,5085821
2025-06-12,1614.8453369140625,1638.3865104120698,1608.9601014765112,1637.4372714141487,3607962
2025-06-13,1609.2449951171875,1624.1480017350357,1580.1032869877788,1581.4322448220746,1988422
2025-06-16,1635.5386962890625,1641.6138486897555,1597.948857378498,1606.112289101041,2116100
2025-06-17,1641.8037109375,1650.5367790475427,1632.6910399358933,1640.2849517495486,1777245
2025-06-18,1628.7991943359375,1656.422025570383,1623.198661160662,1640.1900621335562,1794428
2025-06-19,1626.900634765625,1632.4061510673155,1611.0482750180745,1632.4061510673155,2514527
2025-06-20,1651.5809326171875,1654.14383152626,1622.3443255395248,1626.9007190155423,2719770
2025-06-23,1616.7437744140625,1641.9936238254359,1612.9468185174828,1641.4239877418304,2221446
2025-06-24,1605.922607421875,1644.6514896008969,1603.4544932906756,1632.5962004937737,3601071
2025-06-25,1629.938232421875,1633.355469581466,1614.6555079901636,1615.6047469719333,1307518
2025-06-26,1636.5831298828125,1639.2410457460733,1616.2693897105046,1623.198881577918,2971055
2025-06-27,1635.8236083984375,1663.5413407361789,1623.9581209466817,1646.9296583037208,6478283
