Date,Close,High,Low,Open,Volume
2012-01-02,241.41754150390625,242.0793202162107,235.66347222653178,237.14173634589386,5826176
2012-01-03,246.17465209960938,248.12131681158465,242.36724752524532,242.71963383146164,8903008
2012-01-04,245.32369995117188,247.09419194573687,244.17633603220239,244.5158177689118,7341424
2012-01-05,244.0990447998047,247.18021125043774,243.35132026276275,244.0174004565009,7125272
2012-01-06,243.41140747070312,246.4582030972291,241.60226503028088,243.91419883184201,7087632
2012-01-09,243.78964233398438,246.34653071408977,242.12658217091982,244.73074495294532,8265784
2012-01-10,246.11444091796875,247.1285847350409,244.96275442273497,246.66448573342703,11179176
2012-01-11,242.93443298339844,248.80451497285023,241.76556158366293,246.492581095608,13795800
2012-01-12,222.44923400878906,236.3509682311098,221.57259097774082,236.3509682311098,48970600
2012-01-13,222.10121154785156,225.0921306534517,219.3552464529485,225.00618482273256,20898944
2012-01-16,226.90980529785156,227.24070503531792,221.66283076704372,221.84760585189653,13188736
2012-01-17,228.79208374023438,229.71600134324498,226.36841571309628,227.75643237005374,8740424
2012-01-18,224.4947967529297,227.24076166957207,222.1699579863252,227.24076166957207,9700424
2012-01-19,223.00360107421875,225.41868685901278,221.4479944187836,224.8342511228239,9652336
2012-01-20,222.49652099609375,224.29278006320382,221.42219835240016,223.11532664228847,11635712
2012-01-23,223.4849853515625,224.7913580013349,222.51379310474329,222.5997389498977,5160864
2012-01-24,225.24681091308594,226.86259653757068,223.02940454416603,225.0061584187386,5653208
2012-01-25,229.1143341064453,229.90503132602208,225.6077410208628,226.46719908189465,10545360
2012-01-27,234.20237731933594,235.061835584728,230.86767505304118,232.22562330893422,12218872
2012-01-30,233.11085510253906,234.2195478031826,231.19425909266965,231.959168508417,9588456
2012-01-31,236.0072021484375,236.75062503664057,232.56936963352945,233.08504451076564,8658896
2012-02-01,235.72360229492188,236.17911934904615,231.67984716480683,235.4657648283836,6269336
2012-02-02,236.95260620117188,239.18719733691017,234.63206925252058,235.5001303560878,11538256
2012-02-03,239.20870971679688,239.96073566129414,235.4958543931095,235.4958543931095,11637200
2012-02-06,238.68017578125,241.32729059106362,236.53153000518773,241.08665905043975,7937680
2012-02-07,234.41722106933594,241.07802203464243,233.2268630843251,241.07802203464243,7221640
2012-02-08,237.9969024658203,239.10131484738994,235.60762502035593,236.17915643444556,6671496
2012-02-09,241.49913024902344,242.54768594824225,234.79107636695616,236.2650386587861,10156840
2012-02-10,239.8232421875,240.82022223587114,236.4498682678862,240.56238473883062,5177616
2012-02-13,239.6513214111328,240.691274249349,236.96123397175052,238.5211422462081,5734008
2012-02-14,240.738525390625,241.49913325129708,237.5542288000428,238.58557856328466,5477768
2012-02-15,246.15744018554688,247.0942412636257,241.93749188073264,241.93749188073264,7178328
2012-02-16,250.0121612548828,250.76418739754607,245.85239075604304,246.14889972429006,8256552
2012-02-17,253.35110473632812,255.94666443021558,249.25577362407597,250.63950978664076,11457280
2012-02-21,252.53028869628906,254.39100718148046,250.2097517117575,251.82123572879328,6049224
2012-02-22,253.7335205078125,257.321758116823,249.68976590395962,249.68976590395962,10413120
2012-02-23,252.09205627441406,256.3420952545352,250.63527834388464,252.59484787957265,10474960
2012-02-24,253.37258911132812,255.60287903410068,251.2626149482829,251.99315444787598,8536440
2012-02-27,247.81192016601562,254.82938887285752,246.83642659117936,254.82938887285752,6910568
2012-02-28,246.8708038330078,250.1023755668127,245.3710532345161,248.03967556213794,7950200
2012-02-29,247.82046508789062,249.93904209449332,246.1660080889047,248.72719766572618,8868408
2012-03-01,245.51712036132812,247.09423456465254,241.07802711438273,245.07880926538542,9806632
2012-03-02,244.57606506347656,246.23482392031667,241.77424335658372,246.23482392031667,6077656
2012-03-05,241.494873046875,246.13594737159033,240.36467291326616,245.64175890182898,5780456
2012-03-06,245.15621948242188,247.5240316904799,240.74291296544163,241.0866963427895,10349688
2012-03-07,247.85487365722656,248.81316120446994,243.66501472502696,244.25803251920678,7908568
2012-03-09,245.40113830566406,249.5007502954817,244.77372953549153,248.7272378074833,6644808
2012-03-12,242.1437225341797,250.5320421854027,239.0153033679605,250.5320421854027,7294472
2012-03-13,245.78785705566406,246.65161673207285,244.2580172828646,244.4256074331252,7710424
2012-03-14,247.42510986328125,250.53204258139363,245.28504654962555,248.38339727623588,10602088
2012-03-15,247.68731689453125,249.68555774707247,246.7075426761114,248.8132158325527,6251360
2012-03-16,246.23043823242188,250.36013850003002,244.70059865469557,249.6725720365902,9031008
2012-03-19,243.8712615966797,249.24287528823652,241.61948533375227,248.81314619291197,6061528
2012-03-20,243.3426971435547,245.2206006536452,240.90612484058664,242.8828786298601,9225384
2012-03-21,246.43252563476562,248.3834921202429,242.4532288135658,243.43730454251963,6250664
2012-03-22,243.08058166503906,247.05557608144346,241.8773401119653,247.0083016809992,5664640
2012-03-23,246.89651489257812,247.76027444712264,243.26100306991472,243.4844705606447,5497736
2012-03-26,243.29115295410156,246.57858087973764,242.4617841058792,246.57858087973764,4922664
2012-03-27,247.1715850830078,249.56518465745822,243.42435977309304,245.80505488431527,7590752
2012-03-28,244.35252380371094,247.06839862104005,242.71095055377526,246.32067432263452,5919920
2012-03-29,239.96072387695312,243.94432093474725,237.88083927774466,242.410179690167,14000208
2012-03-30,246.34654235839844,246.92237523599138,240.90616699842806,241.49918484584023,7963600
2012-04-02,244.96273803710938,248.27595313576205,244.17204079920378,246.14879438539938,4851584
2012-04-03,245.67181396484375,247.3219694382664,244.30528388127468,246.3464970147329,5451584
2012-04-04,245.0400848388672,247.08987962989102,244.42986125061717,244.85959026125468,5254144
2012-04-09,242.603515625,245.74914041062556,241.71396817004708,243.87121622033035,6541568
2012-04-10,238.19021606445312,244.7435842591893,235.23368851138343,244.25799881233164,7243056
2012-04-11,241.02650451660156,242.79699720797447,235.76662332233397,237.97972869511463,8179640
2012-04-12,236.40682983398438,243.38564627273647,235.35829516651728,242.6035310219877,11805608
2012-04-13,206.4890899658203,216.8154696416753,205.33312313011598,216.41152857046322,75255568
2012-04-16,203.2231903076172,208.5518310802313,200.51589701185355,206.2699653915145,33491480
2012-04-17,204.61123657226562,206.18404948311243,200.7780650823927,206.18404948311243,23687088
2012-04-18,203.79904174804688,206.48915032278126,202.40242206289946,206.26998426792304,19165328
2012-04-19,206.7340850830078,207.5548719322368,203.51971952753598,204.54246648167666,17113512
2012-04-20,206.90594482421875,208.71080692339822,203.04698615769047,205.81873866714466,11507520
2012-04-23,198.6121368408203,205.4104578775263,198.10506502414148,205.4104578775263,18136696
2012-04-24,201.93402099609375,203.24469485116927,188.93471472854148,198.59071575309846,53037912
2012-04-25,201.9683837890625,203.26187262964274,197.9547180271563,201.946897333182,24638504
2012-04-26,202.50552368164062,204.44790748012042,201.31518674198458,201.9726638289627,17137064
2012-04-27,205.49644470214844,206.09806541018486,202.40239534653267,202.57428697740022,14062464
2012-04-30,211.60719299316406,212.11426489291466,205.4405809566703,205.58238315391083,10869608
2012-05-02,212.45816040039062,213.833294124665,211.57721535827736,211.8565393960206,10124688
2012-05-03,213.39488220214844,214.62821319388684,211.42673118709044,211.42673118709044,11400728
2012-05-04,209.87535095214844,214.69261744159576,208.28105209843363,213.3174845836832,10800888
2012-05-07,209.5015869140625,210.46417612060375,203.51114511016328,207.04352750938713,10710000
2012-05-08,205.74569702148438,206.93605506164758,200.18070498940395,205.84024581980935,11526640
2012-05-09,203.36927795410156,205.8230350870039,202.1961260116642,203.51968312533018,10498144
2012-05-10,201.4741973876953,204.96790773972288,199.5919922262413,203.5197122052506,9084024
2012-05-11,198.64659118652344,202.83214870258374,196.99213404138584,201.4570154910408,8901312
2012-05-14,201.02294921875,201.5858984739475,198.02775031334272,199.4114652723051,7918416
2012-05-15,207.5763397216797,208.7623962311346,198.10511457915408,198.10511457915408,10267152
2012-05-16,203.55833435058594,204.9807415968134,202.31642168507287,204.37912097158167,8589288
2012-05-17,203.73887634277344,204.33189413249926,201.66327211299887,203.55838172005667,5807416
2012-05-18,204.79605102539062,206.69974296768268,197.86020502599956,199.85416527876205,5938160
2012-05-21,201.15188598632812,205.02374929236302,199.73808147367495,204.97217340830267,4776760
2012-05-22,201.20777893066406,203.52401471358147,199.70800750087793,202.40241750282038,5823208
2012-05-23,201.81796264648438,203.2446715973321,198.29418416059505,202.40239839681473,5402032
2012-05-24,207.44679260253906,208.15255898270772,201.5391555144883,204.67595170926634,7612048
2012-05-25,206.75408935546875,207.81274957059196,204.8545807232902,205.89581854729929,4313728
2012-05-28,207.88246154785156,208.9454826847732,205.8609748940273,208.59694976953588,4725784
2012-05-29,209.947509765625,211.29807477968066,207.20281312415696,208.3355450714295,5144760
2012-05-30,211.9341278076172,214.24315805641717,208.48364390785434,209.7296531645886,8051488
2012-05-31,211.67710876464844,222.36399030693372,208.3442629067957,209.81680590089982,21626352
2012-06-01,208.17868041992188,211.86441979992566,207.6384587222796,210.42672170134506,6543040
2012-06-04,207.86508178710938,208.80176418891122,204.32746346282596,206.85432761652402,4812088
2012-06-05,208.148193359375,210.15659698742047,206.91524557860683,207.81272196575685,5992720
2012-06-06,210.47032165527344,212.02565835379917,208.80606841687222,208.87577925694484,8777184
2012-06-07,213.73341369628906,214.77031170979166,212.269571441952,213.30210854018944,6647088
2012-06-08,210.7970428466797,216.86586312098888,208.49237342827715,216.86586312098888,5564824
2012-06-11,211.354736328125,213.71605565498615,210.41805399266843,211.47237471191576,3553784
2012-06-12,214.1777801513672,215.21901770311257,209.31138211241938,209.31138211241938,4134680
2012-06-13,215.22781372070312,216.93561237445672,212.77936129173818,213.58534372087357,6157784
2012-06-14,217.68495178222656,218.7044063140786,214.43487806332567,214.43487806332567,7883336
2012-06-15,219.79794311523438,220.6213479198615,218.07270083192472,218.70877769303917,6311512
2012-06-18,218.85247802734375,221.69739008092216,217.5280574976115,220.88268606306636,7117032
2012-06-19,215.82901000976562,218.26874044185018,214.16475681306062,217.83307429326365,6414080
2012-06-20,215.22781372070312,216.5260904217729,213.7334659668108,216.0904242438619,6535976
2012-06-21,217.07504272460938,218.09449736705812,212.6181647830348,213.99923513124043,6536616
2012-06-22,215.60682678222656,216.4825200391511,211.42443154701655,213.45464015532718,6414328
2012-06-25,215.0578155517578,216.7874182134067,214.19520531475362,215.64596469683036,7949448
2012-06-26,212.63990783691406,214.3390056769187,211.6945251357466,213.7465167816887,10330160
2012-06-27,215.05349731445312,215.65470799126513,213.34131686917092,213.65064403821498,8677384
2012-06-28,215.5066375732422,217.57169101878787,213.3326675823327,214.7834274574738,7612976
2012-06-29,218.6347198486328,219.48862984852713,215.75932295105383,217.31029886551278,9364968
2012-07-02,217.78077697753906,219.47117432887262,217.02272216442137,218.09446510085135,5175216
2012-07-03,217.0096893310547,219.24900928459508,215.79418492012488,219.24900928459508,6428808
2012-07-04,216.03810119628906,218.25565870493855,215.13192420045763,217.83305407093727,6390816
2012-07-05,216.11215209960938,216.78743450209782,214.56553756487776,216.11215209960938,5780464
2012-07-06,213.0102081298828,216.5260419069724,212.60504718431093,215.74184296244013,4887440
2012-07-09,212.42642211914062,215.12319093059355,209.2939872227112,210.95824017642465,7314680
2012-07-10,214.29542541503906,214.63525772504838,212.72268786614347,212.95358238212725,7054720
2012-07-11,215.30621337890625,218.04218831783794,213.04074937734754,213.47641553149344,16945880
2012-07-12,197.3044891357422,198.66377611298867,193.34864876961487,196.0497790588704,54271864
2012-07-13,194.28968811035156,196.8165518792179,193.26151170157078,193.26151170157078,26756504
2012-07-16,189.19239807128906,195.30042510247947,188.49097127253506,194.30711472911275,18441096
2012-07-17,189.18800354003906,191.5188171702963,188.40816547717765,190.37736348151543,13503128
2012-07-18,189.85455322265625,190.72588537067477,188.46914361640978,189.1879926385251,7873264
2012-07-19,195.63153076171875,196.04977453527974,191.10496355533436,191.69311287894018,10912392
2012-07-20,193.32684326171875,195.60536858981763,192.15490563824477,195.60536858981763,5153832
2012-07-23,190.74334716796875,192.5557011899623,190.1769812179059,191.69309079050882,3890800
2012-07-24,188.96148681640625,192.7387211675611,188.65218084178449,190.86535656308436,7153512
2012-07-25,188.95277404785156,189.95044529726883,187.33644834363668,189.42764590654238,7036544
2012-07-26,185.05357360839844,188.8177252047198,183.08871485298454,188.8177252047198,11975336
2012-07-27,187.21878051757812,188.55628392420294,183.79010114980179,188.38201748804377,9862488
2012-07-30,192.53826904296875,193.00007935647727,187.9942801983745,188.207752329567,7166920
2012-07-31,194.0413360595703,194.8298960202868,190.386101433062,193.00009824907661,6914440
2012-08-01,193.30946350097656,194.34197968283172,191.75848749704392,193.00013622899115,3047984
2012-08-02,192.1941375732422,194.02829646722208,191.25745527519737,193.26151972682814,2420032
2012-08-03,192.43374633789062,193.20488396408413,190.3948371814729,191.3663642266662,3095592
2012-08-06,193.156982421875,194.73408139803402,192.3379171524542,193.6274934373556,3250784
2012-08-07,196.3373260498047,197.74015839372413,193.61877332569844,194.48138385789852,5465344
2012-08-08,198.97740173339844,199.97071179267806,196.92104952133002,197.09531593683562,8039104
2012-08-09,198.8423614501953,201.4084304277866,198.22806801783022,199.55684957267502,6931096
2012-08-10,201.54347229003906,202.2361770434566,197.26958415613345,198.48944907582685,5635688
2012-08-13,202.1577911376953,203.10753472145493,200.41512674712084,200.51968235600356,4013928
2012-08-14,202.96376037597656,203.45605452557578,199.47843181879324,201.56526803785528,4044816
2012-08-16,201.7526397705078,202.85922757327398,200.4979297264325,202.85922757327398,3729624
2012-08-17,204.85455322265625,205.1987251738102,201.82667394461382,202.49759545814646,8493280
2012-08-21,209.90396118164062,212.5179582075639,206.07009887695312,206.07009887695312,12206136
2012-08-22,212.04739379882812,212.60503784801526,208.60997155803892,209.37238716507585,5149168
2012-08-23,215.84645080566406,216.35182783566847,211.23275015329008,212.1694324526189,14722856
2012-08-24,213.02330017089844,214.20395955456772,212.08225714184712,213.30212221990212,6724512
2012-08-27,210.15658569335938,213.17140334023946,209.60766347549557,211.7511277288739,7891360
2012-08-28,210.96258544921875,213.6027262491878,208.8583267117272,208.8583267117272,5666056
2012-08-29,208.10032653808594,211.03671254478797,207.5905885622639,211.03671254478797,5616416
2012-08-30,208.48365783691406,209.65559542844827,206.5100988505643,207.71254157916735,11175392
2012-08-31,205.77816772460938,207.899870215163,205.17695699461652,207.899870215163,5811064
2012-09-03,206.07884216308594,209.02392876734467,205.46018762677485,206.15725357292166,4321512
2012-09-04,205.70407104492188,206.67995866941706,204.24895080125222,205.664865357904,2333328
2012-09-05,203.84378051757812,205.37297258240562,203.21206475549818,204.5016404967781,4013224
2012-09-06,211.0366668701172,211.55074437857473,204.80664140305964,204.80664140305964,7623384
2012-09-07,216.72215270996094,217.31030208408586,213.57229457097517,213.91210570025294,6075696
2012-09-10,218.9091796875,220.18567300248986,215.98149463985823,217.48454286276797,7337320
2012-09-11,220.40347290039062,220.96547789676114,215.619867785366,217.83304299307238,5441904
2012-09-12,221.29226684570312,222.18538248092682,219.67594112447762,220.5342119757242,5083328
2012-09-13,222.62977600097656,223.6622920704907,219.40148539460904,221.21386093439102,5249704
2012-09-14,229.34336853027344,230.44123439443058,225.33524020651151,225.5007848238238,10627848
2012-09-17,223.4531707763672,230.81592879181,221.92833923470744,230.81592879181,9859272
2012-09-18,226.6160888671875,228.20190925887908,224.62944714371528,224.80371358835743,7184200
2012-09-20,228.04505920410156,230.4673669754463,222.76479883402828,222.76479883402828,11625136
2012-09-21,225.9626007080078,230.9030503997446,225.11741266487024,227.8838926083389,12293872
2012-09-24,226.55943298339844,227.40898187655918,224.3811024881145,226.54637150953025,8854032
2012-09-25,226.37644958496094,227.5048204452182,225.50511744997348,225.6750229617446,8849752
2012-09-26,225.61407470703125,226.54639600526994,223.68406091586817,224.62946496214843,8489904
2012-09-27,222.1330108642578,225.93636617448456,220.86085775579434,225.89279957861598,13822880
2012-09-28,220.87832641601562,224.79495995062862,220.11591082858098,223.14815079087234,9685224
2012-10-01,227.38726806640625,228.3065280709149,222.10264517884812,222.30305590021612,8826288
2012-10-03,224.65130615234375,228.21504763708217,223.10469093496604,227.00390394779157,7823624
2012-10-04,224.42466735839844,226.1019818267654,222.80400224612495,224.37676110608052,7164280
2012-10-05,220.1724853515625,225.23927128154284,179.54227908595527,225.23927128154284,11632000
2012-10-08,216.8048553466797,221.5710378215662,214.34770300579876,219.99393943708827,8077440
2012-10-09,220.99168395996094,222.18976603170051,216.4389720873506,218.26877016055283,9084320
2012-10-10,218.1946258544922,220.28582295719224,216.9268546291859,218.45168584990466,5932104
2012-10-11,220.7259063720703,224.80810693583234,216.19497815772309,217.48455428866671,14966400
2012-10-12,208.71461486816406,213.28910996652155,201.3649175676976,204.76311392647744,56701776
2012-10-15,206.12237548828125,210.16534881373627,205.00706590005748,207.87374063140578,14790120
2012-10-16,205.25973510742188,208.16127577185367,204.50168029993324,207.3683549105002,7282048
2012-10-17,206.51878356933594,207.2899210406964,205.39477359108096,207.03288230782886,5707320
2012-10-18,208.48741149902344,210.1885535148609,205.6375458381002,207.29484376684655,10192576
2012-10-19,208.9916534423828,210.18858865679076,207.4702548026562,207.4702548026562,10937200
2012-10-22,209.18455505371094,210.27626868076663,207.66754516398066,207.66754516398066,4566864
2012-10-23,206.33905029296875,209.04860629957696,206.06720839094203,207.1194664763426,4743144
2012-10-25,205.60687255859375,206.6898302107506,204.32661648943858,205.4534182342617,11256776
2012-10-29,204.79579162597656,205.1027003267648,202.32298866127604,203.52431272271102,4736664
2012-10-30,206.7993927001953,207.3825104347377,203.96267199627903,203.96267199627903,5728256
2012-10-31,207.20716857910156,208.21558264539848,205.67701412536994,206.06722224328763,6517320
2012-11-01,207.3518829345703,207.82102334381557,205.2868430570584,207.1195177797858,7010976
2012-11-02,209.4081573486328,210.85501236096815,207.74208187988305,207.90868086345895,7049216
2012-11-05,208.5619354248047,209.62735959537747,207.60175419076688,208.9696982832631,4959200
2012-11-06,208.842529296875,211.02158896584584,207.93058085820152,209.04860506734946,6815768
2012-11-07,210.83743286132812,211.67924787849262,208.26379784992324,208.87322636560455,4695264
2012-11-08,208.2857208251953,209.09683642239474,207.38252836504313,207.99634557373457,5229160
2012-11-09,205.95321655273438,207.38253811611415,205.6287745802485,207.38253811611415,5938920
2012-11-12,206.8520050048828,207.73327539786501,204.62473404301994,206.50564101391817,3696192
2012-11-15,201.35830688476562,204.9272103747271,199.82376423112518,204.76497873090332,9133048
2012-11-16,205.48403930664062,209.31161857356494,200.8935559916369,200.8935559916369,13693104
2012-11-19,206.81692504882812,208.80305341515987,204.89654139775072,205.54105797132505,4036128
2012-11-20,203.85311889648438,208.44797147101698,202.80524931177746,208.44797147101698,5440304
2012-11-21,206.05406188964844,207.28606359371588,203.5593162411743,204.2871323587315,6989808
2012-11-22,208.9258270263672,209.75008720039594,204.75186187831292,205.89180800440204,5827312
2012-11-23,208.4830322265625,210.36393936608977,206.68542457462217,208.87324033765145,3477736
2012-11-26,211.9773406982422,212.2930266245492,209.64045989369723,209.64045989369723,3788056
2012-11-27,216.64678955078125,217.46668258268804,212.36762356849346,212.38076823196388,5717304
2012-11-29,214.41944885253906,215.64708295291143,212.77529603954034,214.8359675651654,10365096
2012-11-30,213.68289184570312,217.15532998378288,212.64816732163845,214.0994105873538,7050712
2012-12-03,213.88465881347656,215.09914891467693,212.58689061437966,213.69613775176018,5202984
2012-12-04,213.7355194091797,214.5729456897402,211.7669243321302,212.99455867608458,4510288
2012-12-05,208.9170684814453,213.0822566253566,208.4786276241915,212.99456845390583,13995024
2012-12-06,205.04129028320312,209.92551797789798,202.90607438374587,209.92551797789798,11011928
2012-12-07,203.53738403320312,205.9356640083072,202.65613506514944,203.52423937120759,9485912
2012-12-10,202.8710174560547,205.5411185756974,201.5951500023585,203.51990150259277,6829920
2012-12-11,201.1610870361328,204.84399084192967,200.17898363623667,203.08583843394123,11384424
2012-12-12,201.48988342285156,203.76977586678544,200.47708076707042,202.5596748264331,15359688
2012-12-13,200.2403564453125,202.87975793336548,199.26262035076334,202.11687501577535,9967112
2012-12-14,199.82382202148438,201.248754897679,198.70140907427873,199.31522631325487,8507992
2012-12-17,198.7233123779297,200.96813806064273,197.90780812711822,198.78907850447504,10961640
2012-12-18,199.1398468017578,199.42044468204858,196.85995423599573,198.17527687008925,8292000
2012-12-19,201.34519958496094,201.67403024957605,199.05655100418764,199.40291502259961,9991896
2012-12-20,201.647705078125,202.55965339591782,199.75363222333368,202.21767812880614,8441728
2012-12-21,201.40660095214844,203.55057263057807,200.5253304783194,201.59512197225138,6924016
2012-12-24,203.6382598876953,204.1731449281183,202.82275555130016,203.53303835582904,4323992
2012-12-26,203.02001953125,204.39233071988633,202.06422711716218,203.69960279498704,3263560
2012-12-27,200.6085968017578,204.22573355973944,199.63524961994912,204.12051204479224,8110232
2012-12-28,203.71714782714844,203.91883489540635,200.6699839859894,201.8669403253768,7064256
2012-12-31,203.3225860595703,203.7961150936951,202.007263311859,202.9981440634511,3451824
2013-01-01,202.45884704589844,204.30466596324553,202.16947179298984,204.10300029169127,2959992
2013-01-02,202.4895477294922,204.1380898501377,201.98972936846744,203.1033650099694,4349944
2013-01-03,205.0061492919922,205.9663518108256,202.64734625243761,202.99809890713675,10599288
2013-01-04,206.0277557373047,206.50126331874068,204.48882398526897,205.9269014911638,8454008
2013-01-07,208.2418670654297,208.689063880327,204.80010644800362,206.16366175133336,8761624
2013-01-08,205.5410919189453,207.64121952784998,203.743484246446,207.38254368101775,12867424
2013-01-09,204.401123046875,207.1019229483625,203.72592842356426,205.2078499243987,6149968
2013-01-10,203.6382598876953,205.4227014636159,202.48953619351815,204.40114275403403,10901016
2013-01-11,237.81910705566406,238.68721142148874,221.06188831505258,221.06188831505258,92852568
2013-01-14,246.09689331054688,248.76699428501908,241.33980923354807,242.0018593176188,50924760
2013-01-15,244.3914031982422,246.35561032383524,243.29091200160883,246.05309031411582,20377880
2013-01-16,242.672607421875,244.54475830386653,241.62473813404378,243.86078633669962,11660824
2013-01-17,245.3472137451172,246.11009686203786,243.7030598688857,244.82547319671045,11767072
2013-01-18,244.47903442382812,246.40378569233775,243.54953115293546,245.9653447925293,7290592
2013-01-21,245.2024688720703,246.45641416278292,242.2868368055426,242.2868368055426,5899560
2013-01-22,244.0843963623047,245.40847481100087,243.51003459897672,244.96566670362918,5110280
2013-01-23,244.61497497558594,245.3515471829572,243.86084800421872,243.86084800421872,7458712
2013-01-24,245.3690643310547,247.98217641223908,244.71579166282044,246.40378915077503,11211296
2013-01-25,246.81158447265625,247.98223051025406,244.75091176509224,246.40384290446033,8442536
2013-01-28,246.46070861816406,247.94703999812407,245.6145264708417,246.57909619279073,6723008
2013-01-29,245.43922424316406,247.7191170014071,244.52288701236594,246.0530415242295,6197184
2013-01-30,244.70703125,246.04866479692615,243.82139340349235,245.94344325384836,6805528
2013-01-31,244.60617065429688,246.1494911385546,242.89625119641596,244.82539109761493,17480440
2013-02-01,242.97950744628906,245.69345176998516,241.31782106327586,244.74643674996466,7899648
2013-02-04,242.6858367919922,244.6500436327693,240.7040751870795,243.86084994363134,7500016
2013-02-05,241.65988159179688,243.97925141428667,240.7523216427032,242.30439837115702,6166112
2013-02-06,243.42237854003906,244.47902535101377,241.6554703426813,243.35661240750844,9097344
2013-02-07,244.60617065429688,245.4392083389055,243.77752166020386,244.29926203365156,10704472
2013-02-08,244.60171508789062,246.99121726675023,243.09348313187323,244.04927544012085,5482696
2013-02-11,244.8297576904297,246.83780820668315,244.20277443418206,245.6364845673778,7394792
2013-02-12,241.60287475585938,243.25580562717002,240.41908424349057,242.8962755008549,4442392
2013-02-13,244.61056518554688,245.27698250419843,240.70405251069118,241.7563106637434,6322888
2013-02-14,246.64491271972656,247.98215738028148,245.0314588729127,245.03582615503927,6894000
2013-02-15,244.52725219726562,246.27223830811062,243.4486833682817,244.65000707837942,5194256
2013-02-18,243.78192138671875,244.36065053832965,242.2824449232434,244.0362085491807,2754784
2013-02-19,247.3201141357422,247.71909962209253,242.63757405485674,243.78190904449477,4643344
2013-02-20,247.232421875,248.36361218272248,246.27224063592163,247.74101757402084,5545224
2013-02-21,246.2108612060547,247.27187527498475,244.92621660174314,245.66719880456,5558744
2013-02-22,249.08262634277344,250.34971607065918,245.2725797791437,245.41286800099707,8703536
2013-02-25,255.85647583007812,256.2247617604063,251.45453519715625,251.6649781835613,10457648
2013-02-26,259.5394592285156,260.3812528459949,255.69871296204568,255.69871296204568,12173544
2013-02-27,255.2208251953125,258.5047431081683,254.47986438901597,258.5047431081683,7029760
2013-02-28,254.90948486328125,257.4392968797278,253.01541201617042,255.63730088361748,11808104
2013-03-01,255.50582885742188,259.6797734734545,253.5942222091886,255.52336221216305,8414632
2013-03-04,254.59828186035156,258.02251010791986,251.85363711434195,256.575654911053,10108320
2013-03-05,256.1634216308594,257.7505644542882,255.45752767349774,256.4484081458989,7171944
2013-03-06,260.4427490234375,261.0214783376844,256.59761262970045,258.4171429029397,12205480
2013-03-07,263.4460144042969,263.9239107440239,261.31079847759815,261.4204087118589,13715360
2013-03-08,260.4558410644531,262.09999459360336,259.3158946175756,262.012306405382,6162896
2013-03-11,258.30743408203125,262.1876357142573,256.9263453654762,261.46859698157294,4866160
2013-03-12,255.8829345703125,258.2154277504421,255.3480280087794,257.8032975088638,5714056
2013-03-13,251.09068298339844,253.4188081496051,249.92005877339793,253.4188081496051,10730136
2013-03-14,252.0246124267578,253.32238039364267,249.28872402200665,251.31432958932288,8332320
2013-03-15,252.38845825195312,255.31723436879665,251.49404326002585,252.22185930350588,7260792
2013-03-18,250.8539276123047,253.41880653659376,249.99896797087501,251.3362125382394,6446824
2013-03-19,250.43739318847656,253.0855714258378,249.13084812484504,252.10346828321784,11976144
2013-03-20,251.2836151123047,252.07719739345288,247.94270842345017,251.20909300702326,8994640
2013-03-21,251.9105682373047,253.81339716292334,250.96353176033395,252.80498325123787,9940080
2013-03-22,251.0688018798828,252.14737081499243,248.15755847902227,249.906933452375,7370288
2013-03-25,250.15243530273438,251.2266154210267,248.38989446370755,249.49038531552551,5036856
2013-03-26,250.3103485107422,251.63442744833478,248.5083517700676,249.47292194278134,3415584
2013-03-28,253.3618621826172,254.02827953390866,250.01654512890968,251.22664634583768,12348048
2013-04-01,258.1715393066406,258.9914323657451,255.23837392147794,255.23837392147794,7422040
2013-04-02,260.3506164550781,262.16136895723093,255.59792099108543,256.92638846369886,9720888
2013-04-03,260.2980041503906,263.02511543135,258.50478494084643,258.5836957487972,8355472
2013-04-04,252.54627990722656,258.60551868837416,251.84477465384396,258.2416214014785,7499960
2013-04-05,251.30117797851562,254.2080325678991,249.9113117690626,252.45426897653726,4372960
2013-04-08,248.32415771484375,251.98513936748418,247.91641622581287,249.91132239581455,3716360
2013-04-09,242.57618713378906,248.94233567992305,241.69052801883907,248.46882810669453,10840656
2013-04-10,246.8992156982422,247.96463993124567,243.4443099661191,245.78996878344236,6551616
2013-04-11,255.7600860595703,257.41740534928334,248.5871893344366,251.35814412284606,17018672
2013-04-12,201.38902282714844,230.18583009380592,198.9381428088983,230.18583009380592,98027744
2013-04-15,205.1070098876953,206.68100819283544,193.2647187344121,200.80590104437553,66559976
2013-04-16,201.3539581298828,203.96268115845723,200.54284256637646,203.34886397526324,14301736
2013-04-17,200.26666259765625,202.73068766166213,197.29840907997627,201.6828181706424,15149144
2013-04-18,201.3057403564453,203.699631830942,200.04303919164832,200.49023604206783,13224368
2013-04-22,196.82049560546875,201.06898336215204,194.9790439479872,200.9462284816182,15401288
2013-04-23,198.37258911132812,199.10479399204544,196.80734650420675,197.2984088851755,7869960
2013-04-25,195.34295654296875,197.2984072610275,194.943971037747,197.1230308990177,13762344
2013-04-26,193.9662628173828,196.22862224400913,193.13322507020146,194.676545670384,11129584
2013-04-29,195.4832763671875,197.19319598575294,191.6863736504668,193.440137361816,8965680
2013-04-30,196.02252197265625,196.62758321106102,194.86065368087182,195.89537840350627,8840720
2013-05-02,200.51657104492188,200.93308992925355,196.0707842874947,196.0707842874947,9376184
2013-05-03,202.37989807128906,203.78729741468723,199.7711751375167,201.3977948955176,9117192
2013-05-06,205.28680419921875,205.62877953365188,202.99813416648362,202.99813416648362,6000104
2013-05-07,205.96194458007812,206.50560686427212,203.85304015189666,206.0671660853671,6983104
2013-05-08,206.12420654296875,208.69786312420663,205.01934834784734,207.38254045745742,7278352
2013-05-09,207.06683349609375,207.72449476290387,206.06719693384008,206.2337958914676,4561424
2013-05-10,207.9569091796875,209.13631092822027,206.68981925047206,207.12826015388552,4534040
2013-05-13,205.1552734375,207.1326247597455,204.3397690860395,206.50566283926477,5014960
2013-05-14,206.0716094970703,207.8911392127019,204.9535852139714,204.9535852139714,4484448
2013-05-15,206.98358154296875,208.0577618587355,205.83924639431842,206.33030881625436,8893176
2013-05-16,204.54139709472656,206.92651060783743,202.844622747291,206.37407095460904,6991752
2013-05-17,206.22068786621094,207.73330904860367,204.75191077606144,204.9185097632866,6431752
2013-05-20,208.0007781982422,208.96095961014282,205.54112015366124,205.71649653604493,8758288
2013-05-21,210.24111938476562,211.9466496399368,207.55346471187784,207.838451202606,5660128
2013-05-22,209.16265869140625,213.34538136877393,208.54445262650498,210.45167089398169,6245672
2013-05-23,206.93092346191406,212.1395918674825,206.60646012682108,208.3470787546299,5100584
2013-05-24,205.88304138183594,209.13628098264138,204.6641844081698,207.08438641176974,3688648
2013-05-27,208.0577392578125,209.22399632703505,204.33976900959985,205.29556160303397,3325168
2013-05-28,207.48780822753906,208.69790963226717,206.38731706946655,207.82102765902235,4234952
2013-05-29,206.27767944335938,209.6624519741205,204.5765372043593,207.82100007472422,5166528
2013-05-30,207.70140075683594,208.34008190525458,205.48818248812194,206.99618987094001,6338632
2013-05-31,213.93299865722656,215.99098067131948,207.75017332142306,207.75017332142306,18498304
2013-06-03,223.01651000976562,232.85402968695894,219.56138241524764,223.98339998459858,33215248
2013-06-04,221.40211486816406,223.4911532189806,218.53691780600388,220.87875619693077,11714560
2013-06-05,218.3284454345703,220.8964892475768,217.77403089563032,219.9916890513903,5078784
2013-06-06,215.52528381347656,217.74294162917226,214.30557201484393,217.33046593817872,7509232
2013-06-07,217.04661560058594,219.36183742508712,214.66928203021064,215.11281360465324,6618168
2013-06-10,220.5903778076172,221.5883236205601,217.96910247425856,218.21748443017526,4289040
2013-06-11,219.5924835205078,223.05202981713467,218.736476240607,220.8787250923306,5957704
2013-06-12,214.78903198242188,222.33348630846274,214.03502834882187,218.41711139195996,5927288
2013-06-13,211.11216735839844,215.11283114888383,210.6775150427213,215.02412482676058,4154328
2013-06-14,212.44720458984375,213.69353276318424,210.86822770423177,212.15890903920848,5584064
2013-06-17,214.8999481201172,215.20154095749558,212.43834764131648,213.91085961832852,2720504
2013-06-18,217.02447509765625,218.21757089987108,215.0862331324238,215.55638101084824,4284904
2013-06-19,216.29708862304688,217.21518614532496,213.54275274257495,216.97568338546193,5836832
2013-06-20,210.15414428710938,217.15306403633863,207.8167241712142,215.37893769617247,6802928
2013-06-21,214.55841064453125,215.73376937984494,210.28721001628756,210.28721001628756,6161368
2013-06-24,211.15655517578125,213.18350363169964,208.62842458033614,213.11697387918792,7336552
2013-06-25,210.5798797607422,211.72864368675775,208.01627631872864,211.1209968607992,5790640
2013-06-26,212.84193420410156,214.19028758505837,210.38033383961275,212.15004223791448,5567232
2013-06-27,220.24008178710938,221.76138669308085,214.0129017148187,214.75802622859678,10670944
2013-06-28,221.66378784179688,222.4532653966082,215.0241113832632,219.21104519434647,11707392
2013-07-01,217.419189453125,219.41508164516713,216.54100555135298,219.0159032067587,4209080
2013-07-02,213.2455291748047,218.53243390315873,212.89514358235485,217.16192574771011,5110832
2013-07-03,213.2943572998047,217.4990284191574,212.23876070078592,212.98388516399712,5349856
2013-07-04,218.92715454101562,219.5613959410818,214.66925202157933,215.82243395392666,5210784
2013-07-05,217.88040161132812,220.30652748866547,216.32804141916256,218.83843394699818,4337360
2013-07-08,218.9404754638672,221.23354229350844,218.26188083928528,220.4351854849112,5415168
2013-07-09,221.60610961914062,223.0076737137003,220.08036534753,220.08036534753,8611368
2013-07-10,221.86776733398438,223.53988985534974,221.14481960689955,222.20929527287743,6865416
2013-07-11,224.28065490722656,227.3942340515585,222.63070853012113,224.8705433305537,15704960
2013-07-12,248.750244140625,257.7450774738695,243.942366199974,246.70555924893125,52873040
2013-07-15,243.29483032226562,247.49064377570468,242.0174679203438,247.05155180359512,12874240
2013-07-16,242.061767578125,245.76969543034454,237.82604154652395,239.68887393738513,6301536
2013-07-17,244.017822265625,244.68311975622672,242.31464336422914,242.31464336422914,6575048
2013-07-18,248.4442138671875,249.93004465618168,242.95330158431733,244.297193605368,13078696
2013-07-19,252.5867462158203,254.14354609130206,248.64375556506795,248.64375556506795,16402840
2013-07-22,255.18592834472656,256.7959395305981,250.329256900606,250.34699383479165,6751136
2013-07-23,257.4212646484375,258.7695961907091,256.3612286054627,256.3612286054627,6168480
2013-07-24,258.0111999511719,259.64338750645686,255.4741906452326,255.4741906452326,4875280
2013-07-25,258.6055908203125,261.27122060154215,257.3370858588959,258.0467365610231,7177688
2013-07-26,258.4281005859375,261.94973680697456,257.4789473880641,259.90949165067235,6899640
2013-07-29,259.1288757324219,261.15138398869726,258.13536936382775,258.13536936382775,4362952
2013-07-30,262.1892395019531,263.7238630160193,259.99819794818455,259.99819794818455,6336208
2013-07-31,263.4267883300781,265.37390992506016,259.74991466728443,263.3691378686527,11807328
2013-08-01,263.8702697753906,265.688749498377,262.28243516780304,265.0545079162579,8690632
2013-08-02,266.8995361328125,267.89304242235403,264.4423758035462,264.78832173202875,11962296
2013-08-05,266.92169189453125,268.3365530245713,265.80842351673647,266.0124523346959,8502784
2013-08-06,264.9967346191406,267.18333592673406,261.77669207591293,266.828510779421,10031832
2013-08-07,262.86785888671875,266.36731857119486,261.7945038465113,263.9012787609898,6503608
2013-08-08,262.9743957519531,264.16749174428264,260.79665068105805,260.79665068105805,5765368
2013-08-12,266.59796142578125,267.8930823408842,263.54647272674396,263.9900043200236,7594376
2013-08-13,273.53485107421875,274.4573882543629,266.82864378446146,266.83752308029364,10334312
2013-08-14,272.29736328125,274.5371979990795,269.89343485541275,272.32841915788765,9211208
2013-08-16,264.20281982421875,269.6626966016496,263.2492271549216,267.8930103513858,12087616
2013-08-19,266.5624084472656,268.5095072325152,261.76782901554606,265.24069335429425,5259328
2013-08-20,266.7088317871094,267.9817760627119,264.56658295499443,267.89306974822574,10362056
2013-08-21,262.4598693847656,265.6577371014514,259.20879086102923,265.6577371014514,7526584
2013-08-22,267.91082763671875,269.3523053598766,262.9255367039916,265.14319473961905,10965816
2013-08-23,266.1809997558594,267.88859609294036,264.5488124392445,266.56244119108925,5498864
2013-08-26,268.8421630859375,270.540901623971,266.87288767444676,267.8885704176642,5571544
2013-08-27,271.0908508300781,273.21536205757326,268.94858101985994,268.9574603112215,8525552
2013-08-28,276.43109130859375,277.6508033039385,270.7317098030736,270.7317098030736,14329696
2013-08-29,275.39764404296875,277.3802172599042,271.5300399081756,272.3283967716756,20086288
2013-08-30,275.5085144042969,277.0209397347664,269.44542917076535,274.2799232908663,12678560
2013-09-02,273.73883056640625,277.437901521548,271.849403232091,272.9582322577769,5125040
2013-09-03,269.1083679199219,274.5017166930159,267.60923972302294,272.50582442428333,6267312
2013-09-04,276.1161804199219,278.528988189061,271.0510621295015,271.41474507703043,8979400
2013-09-05,266.5447998046875,274.69690333045736,265.6843526863407,274.69690333045736,9457072
2013-09-06,268.69586181640625,272.49691433567443,266.64229767566127,266.64229767566127,13465928
2013-09-10,280.2143249511719,282.7956869673311,268.95750404170263,268.95750404170263,21879136
2013-09-11,276.6838684082031,281.46069034960664,275.6770430970495,278.9813532427707,9145680
2013-09-12,271.9602966308594,276.6839084625873,270.3768800583418,275.4331406106139,6957440
2013-09-13,268.607177734375,271.9602809758071,267.2987595088852,271.4635169189963,9255384
2013-09-16,265.533447265625,271.25944363953954,264.35367072328387,268.3365751931781,6332184
2013-09-17,268.1236877441406,268.77566609566543,265.3205598268093,267.6269237704726,8027280
2013-09-18,267.6402282714844,268.7135832600152,266.5624552930084,268.3365814513645,7439816
2013-09-19,267.80438232421875,269.2236834561126,265.43592789173425,266.03025590935147,15327808
2013-09-20,265.6886901855469,268.9575263035112,264.6552703583528,266.1189244427881,7991712
2013-09-23,267.8398132324219,270.0175573887583,266.21206550193665,266.5624510813132,8886376
2013-09-24,267.4583435058594,268.86876485341924,265.8438717032322,268.7800585634643,11752256
2013-09-25,266.9749450683594,269.2236587556173,265.4669377540775,268.9398028866448,8080776
2013-09-26,267.21002197265625,269.3877662147496,266.2076363381873,269.13494456849725,10682440
2013-09-27,266.7043762207031,270.6429273662582,265.3205492469611,268.2478572125745,5701568
2013-09-30,267.272216796875,270.9978832772828,265.901708101518,267.91089814786613,8679184
2013-10-01,267.4496154785156,269.51647753480506,266.3851393970091,268.7802105803988,5310216
2013-10-03,269.41436767578125,270.2881335144563,267.89306308292026,269.22365776710694,14686712
2013-10-04,267.5736999511719,269.5784711834087,266.5624566983031,268.44746575149406,7352816
2013-10-07,268.0571594238281,269.6449936383549,266.68662967080553,267.4495125650596,9795344
2013-10-08,269.14825439453125,270.7316707647114,268.0970975660246,269.69381122060025,17982912
2013-10-09,275.8633728027344,277.77497677644817,267.0060376099883,268.5140451313736,17371792
2013-10-10,277.4378662109375,280.39620868085746,274.1690299965263,277.2161004340253,17434688
2013-10-11,290.4688415527344,296.1016928089868,280.02811213825646,295.8355738519985,41290600
2013-10-14,294.8908386230469,295.88434499168716,288.82775350092663,288.82775350092663,12231712
2013-10-15,297.5920104980469,298.67866307809396,293.8663445093141,294.8598511082789,9221320
2013-10-17,291.67547607421875,299.65337391026037,290.916950283602,297.18147657347305,11513008
2013-10-18,295.7848815917969,296.61924682215374,291.0061651390277,293.23712316677245,10944776
2013-10-21,297.6499938964844,301.42031347142154,291.37209023248624,297.43136433764505,9383368
2013-10-22,298.2657165527344,300.21556083145913,296.75310955380365,297.87752113435926,7208760
2013-10-23,296.6996154785156,297.9489521470961,292.6124954482475,296.271267120519,6561584
2013-10-24,295.2673034667969,301.1793424104086,293.598551171374,294.69172063641923,6480560
2013-10-25,297.3019104003906,298.9483529420903,295.04864296403605,296.9851100272467,6011344
2013-10-28,296.5791015625,297.60087600814546,293.8751760059931,296.0213620412197,3412448
2013-10-29,297.6633605957031,300.282492318535,295.08882624792335,296.2266148726035,5200392
2013-10-30,296.6192321777344,297.95336244181783,295.1512662252933,295.46806660693215,5591088
2013-10-31,295.3699035644531,296.9851258542414,294.14734295057804,294.87018204969854,9687544
2013-11-01,292.4072265625,295.82505890050066,291.7557824072793,294.4864839733491,6166704
2013-11-05,291.4389953613281,293.6431776537644,288.50750764077117,290.20303583290683,5320232
2013-11-06,295.0351867675781,295.5750828215028,292.2821983784907,292.2821983784907,3704664
2013-11-07,299.6266174316406,303.40584753306626,295.70013101767046,296.41848212541095,7192712
2013-11-08,299.84521484375,302.44650309955574,298.94836539023953,298.94836539023953,8616112
2013-11-11,300.0727844238281,303.2318122463827,298.0649222179589,298.9483728738617,7803200
2013-11-12,297.7748718261719,301.17930473389237,296.9940365916766,300.0638258274705,6452184
2013-11-13,297.3465270996094,299.71580868232286,295.91871408243486,295.91871408243486,4687512
2013-11-14,299.32769775390625,301.1793932829794,298.95290108849485,299.1536873506835,4343528
2013-11-18,303.7762145996094,304.7489037034843,302.32609170497346,302.607183736022,6326536
2013-11-19,307.2430725097656,307.6937303875397,303.4147572587768,303.94572091066135,8975208
2013-11-20,303.6065979003906,307.2743014457069,302.964086374991,304.21342281365077,4306608
2013-11-21,298.444091796875,303.41019405249847,295.65539516036307,303.05324088302496,8495496
2013-11-22,298.7342224121094,301.1793437772804,297.69904913807625,298.5914323788978,2720936
2013-11-25,296.8066711425781,301.51845909472524,295.11114295505286,299.1268676097179,5707296
2013-11-26,295.93212890625,298.8591503225871,293.8305619958801,296.2712388984739,7321096
2013-11-27,293.8885803222656,297.68567541148786,293.21929288421353,296.271239244391,6779624
2013-11-28,296.96728515625,297.8775116613865,291.36311431229086,294.61138044017395,7499968
2013-11-29,299.35443115234375,300.37620562876754,295.378859367564,297.69905584597996,5411560
2013-12-02,297.94000244140625,301.3489022263106,296.72637424812524,299.1268765655489,4711376
2013-12-03,298.8368225097656,299.7961344446607,296.2712208234183,296.2712208234183,7001240
2013-12-04,300.3182373046875,302.1610001948569,297.7704785009314,298.94842015734514,8443120
2013-12-05,299.06439208984375,303.32105568071506,298.23447134008524,301.6255275671718,6317072
2013-12-06,296.788818359375,298.8591430912308,296.1105983913378,297.97122613660963,6544848
2013-12-09,297.9488525390625,301.9868857786165,296.3648726495137,300.28689173700116,8856632
2013-12-10,300.8089904785156,302.50451850661324,297.3019202525319,297.6097880897678,12345896
2013-12-11,301.1213684082031,301.777257063551,298.056023049288,300.28698130564493,6256960
2013-12-12,300.184326171875,302.134170357593,298.76989011004963,300.23338981765346,5520232
2013-12-13,301.0766906738281,301.6254975834504,298.5021566321425,298.5021566321425,8315624
2013-12-16,308.072998046875,309.1215483335144,299.287489577011,301.6255292630712,10117696
2013-12-17,308.43890380859375,310.9866406445506,307.4349726182321,307.4349726182321,10713952
2013-12-18,308.53704833984375,309.99163742262147,307.64913134638,307.8722271631649,9183344
2013-12-19,313.4272766113281,316.34536519873626,308.31838300011066,308.9876703727592,7331456
2013-12-20,316.9165954589844,318.8485968539831,313.0837912300465,314.5651564260539,8685456
2013-12-23,309.5186462402344,315.8947198385222,308.8136722278398,312.3341195898773,8845904
2013-12-24,311.1205139160156,312.5929464032249,309.3089931944472,311.08482729767326,7109912
2013-12-26,314.1768798828125,315.40390677222655,310.883994617901,311.17401915539887,6869928
2013-12-27,317.80450439453125,318.75935027457507,315.00687372265253,315.0113399969905,7382064
2013-12-30,312.5438537597656,319.0270093040903,310.1031768760039,318.3755651795,11863432
2013-12-31,311.0535583496094,314.27060431831825,310.57168011002074,312.3341370260965,3590808
2014-01-01,309.4784851074219,312.2448729500776,308.94752147560666,311.62020472754244,1478688
2014-01-02,310.5985107421875,313.0480988343917,309.05468309241934,309.05468309241934,4404744
2014-01-03,318.1479797363281,319.02698588063674,308.25145901487815,310.1031541077518,10046344
2014-01-06,313.9314270019531,319.5177536551348,309.53199595897394,319.0358755188879,11098328
2014-01-07,308.5101318359375,314.6452640005398,307.57759610425614,314.0339948132449,7713688
2014-01-08,305.9178466796875,310.1031145323669,305.2842459899934,308.85377824360336,8990392
2014-01-09,307.9436340332031,310.72786557649073,305.00323541215596,306.9798557102608,12590808
2014-01-10,316.9075622558594,319.026972211108,307.69370634514695,311.44171552916555,30258176
2014-01-13,327.0584716796875,327.9508549584861,319.6516904656591,319.6516904656591,17119912
2014-01-14,328.99951171875,329.7357281618719,324.8677714442515,325.27381032476944,7425832
2014-01-15,331.2570495605469,332.35468505324224,328.48619587371076,329.76230797378116,17130144
2014-01-16,332.417236328125,333.5237828748338,329.6151397716189,330.09257353859226,17608232
2014-01-17,332.8365783691406,335.95098659529816,331.9665048684773,332.7696496383204,25667896
2014-01-20,334.581298828125,335.5316783955534,330.57895072822123,331.25270452499177,9761944
2014-01-21,335.3888854980469,336.42850332547283,331.8193523062647,334.6437367295817,12102464
2014-01-22,336.06256103515625,337.14235335905846,333.7557636692895,333.8583790166439,6769760
2014-01-23,338.4363098144531,339.0163588622564,335.6119258579056,337.6867166827404,7907344
2014-01-24,335.3710021972656,338.8334535626771,335.0631343335272,335.98229343785533,6876584
2014-01-27,333.05523681640625,335.88408706096567,331.1812321905425,331.96653372443456,8099048
2014-01-28,327.9597473144531,330.9581416917422,327.22353119966766,330.8064409102776,14108544
2014-01-29,331.7702941894531,334.0815584067885,326.0456417896754,327.14774396807906,8102080
2014-01-30,330.56109619140625,331.6721090838688,326.6122999421062,330.5120107507411,7183632
2014-01-31,330.27996826171875,333.72902075492095,328.9815462957193,330.18179739105756,5369928
2014-02-03,323.8592529296875,329.4678902748591,323.4710792945852,328.8432220105243,4384112
2014-02-04,317.7865905761719,320.5395796805661,316.4881686607504,319.5624244323393,4535112
2014-02-05,319.5846862792969,320.27628315710894,316.14901146694,319.4731383957788,4326992
2014-02-06,318.0185852050781,319.7408890765617,315.9928797711708,318.75926759181647,5749904
2014-02-07,318.27301025390625,321.423128056495,316.6934959715619,320.0979299746197,7551456
2014-02-10,318.919921875,320.00862505409617,317.4653328583232,319.46426257119816,6049424
2014-02-11,320.92333984375,323.2212268096107,318.8931678642032,319.8301703163017,5833592
2014-02-12,321.26690673828125,323.70756188685067,320.6511492157281,321.30259335406663,4208712
2014-02-13,319.99078369140625,322.8597870676377,319.47766333300063,321.6863118322248,3588320
2014-02-14,325.2112731933594,326.96926406036073,321.5480351325041,322.64567102585517,5962168
2014-02-17,326.4471740722656,328.8432318439363,325.61727506847865,328.8432318439363,13569920
2014-02-18,328.5754699707031,329.69988143433136,325.45212900139984,325.45212900139984,4978240
2014-02-19,334.94708251953125,335.71454074255337,329.74450618884424,329.79356983269383,7064304
2014-02-20,331.1856994628906,334.1885600744293,330.71719830501115,334.1885600744293,8816848
2014-02-21,334.7061462402344,335.1255619665614,332.6135120950243,333.3943473571697,5517984
2014-02-24,334.6347961425781,334.9739061449909,332.85896213701017,334.28677537942093,4357608
2014-02-25,337.5796203613281,338.40063030634934,335.0898800339444,335.0898800339444,8099512
2014-02-26,339.7749328613281,340.6940919943668,336.6159047740937,337.3208788485411,7352168
2014-02-28,341.3232421875,342.42085623956,335.6342985337902,335.6342985337902,9839496
2014-03-03,338.9494934082031,343.5631108001431,338.38728756110515,341.33661878138014,7204176
2014-03-04,339.0654296875,341.2874549217681,335.7055941987007,336.42843323412126,6937912
2014-03-05,341.04205322265625,343.06775855133765,339.9890367818346,341.59532640070574,4943504
2014-03-06,341.9522705078125,343.56302635657016,340.65387052996005,342.49663291211175,6226312
2014-03-07,333.7780456542969,342.13967070356273,330.92241981639546,341.5150025515218,15072744
2014-03-10,327.64739990234375,332.83213283424806,325.3004279046742,332.83213283424806,7432472
2014-03-11,327.9820556640625,330.97598375694025,324.02879388093817,325.987570573169,4124272
2014-03-12,327.62066650390625,330.480759173778,325.8983624763053,327.80805391414236,3940104
2014-03-13,299.6266174316406,306.9709143629558,298.05601415137215,305.19508035859064,40790880
2014-03-14,302.8882141113281,303.758287670998,297.61424283704,298.05596813307136,11167544
2014-03-18,298.99749755859375,304.47225615328296,298.05602879890944,303.4103287174527,11804312
2014-03-19,291.9654541015625,299.64888165880126,289.02058973681835,298.9483521785694,15777848
2014-03-20,294.7586669921875,298.90378301733875,291.80933586108307,291.80933586108307,8023032
2014-03-21,294.9905700683594,297.8774377135441,291.8538526189772,297.1635313319658,12380320
2014-03-24,292.3269348144531,296.132940992011,291.8093481271013,292.0056681018341,8160344
2014-03-25,290.4172058105469,292.67493986537,289.6676125703318,289.8460892262593,7548064
2014-03-26,289.92633056640625,291.7155630017367,288.2932869569982,290.9168845013193,8458568
2014-03-27,288.33349609375,291.1757236901825,286.98598866341393,289.84608135431495,13599368
2014-03-28,291.14898681640625,292.61248672701464,287.9988693814619,289.14112437317425,7146824
2014-03-31,292.95159912109375,294.9282194499176,288.24427713261196,293.17469494993173,9176928
2014-04-01,295.7313537597656,296.7174416449787,292.2555252292647,292.9738981295349,8628352
2014-04-02,296.4541931152344,298.94840003580475,295.42348606523336,298.84131839910236,5644400
2014-04-03,297.8908996582031,298.76990585576226,296.1864607583459,298.0113801091153,4700216
2014-04-04,295.9187316894531,299.4837981714909,295.0308147739066,299.0376065770757,3925584
2014-04-07,293.8974304199219,295.7759011323298,290.5599264657371,294.3079353452091,7097544
2014-04-09,290.4305114746094,295.360927513149,288.28432601814154,292.7953264071216,10664680
2014-04-10,285.669677734375,290.7161085949902,284.32663679216733,290.4260840833077,21263240
2014-04-11,288.6993408203125,290.52428188473993,282.4392814176314,286.45500579797687,18678336
2014-04-15,290.8990783691406,302.3394265758578,289.801442681552,297.35992398860856,20782384
2014-04-16,281.752197265625,289.30621355005275,280.87765723207343,289.30621355005275,13198304
2014-04-17,284.8532409667969,286.4595310496496,281.84591333568545,283.77791463732416,8391912
2014-04-21,284.04107666015625,287.3473604286388,282.8854448940326,286.4549773217176,6119624
2014-04-22,281.1586608886719,285.56258001705066,280.4224448620654,283.0683737145534,6626896
2014-04-23,283.1219177246094,284.83531071938836,282.3500150517415,283.2468644316062,12016720
2014-04-24,283.1219177246094,283.1219177246094,283.1219177246094,283.1219177246094,0
2014-04-25,283.38525390625,285.56266047771174,282.29208434660876,284.49180050092036,5962904
2014-04-28,283.6038513183594,284.937959864236,282.4392868682452,282.79624015338675,6042480
2014-04-29,283.5771179199219,285.11647919255773,282.97475916106436,284.04561917681104,4835464
2014-04-30,283.8492431640625,284.67023132339216,282.9747032998359,283.5681293934012,7741936
2014-05-02,287.3205261230469,289.75673586663703,284.2239617293622,284.2239617293622,4764392
2014-05-05,283.5012512207031,288.5075304136412,283.291554210302,284.84875876286503,4196688
2014-05-06,282.45269775390625,284.17946819241286,281.5469373989834,283.501248154679,4566024
2014-05-07,273.72515869140625,282.88546316078185,272.17686518624123,281.1899351481463,15596072
2014-05-08,273.542236328125,275.6036285210139,271.8600852219501,273.9616520896193,9161992
2014-05-09,277.6605529785156,278.8697365133773,272.4312007514357,273.5154375723204,6179400
2014-05-12,283.34063720703125,284.35794547915793,277.08948768075464,278.26296303418957,7044200
2014-05-13,291.3853759765625,292.25544945203035,284.04552537582066,284.04552537582066,7299968
2014-05-14,290.3904113769531,291.36310030187275,287.0930381876699,290.0468351473697,5184688
2014-05-15,292.0279235839844,294.0268749395174,286.0311130907818,290.39041355321393,8409192
2014-05-16,283.5592041015625,298.0559636026829,272.98446407553917,294.39719279199124,14188792
2014-05-19,269.0579833984375,285.38412861260383,267.7238749594173,285.38412861260383,17246512
2014-05-20,278.6198425292969,280.10567343830866,271.48077784704367,272.0876027023745,8787344
2014-05-21,281.7343444824219,282.3768561104883,276.55405499273934,278.2451170136571,6788304
2014-05-22,277.87921142578125,283.7778734213261,274.9566562828415,281.9931069218209,9832744
2014-05-23,273.92144775390625,282.97466958039917,268.79915589478213,278.86970748620223,9081776
2014-05-26,276.17919921875,277.6159229731095,272.1902292341691,274.0508567581635,5750544
2014-05-27,279.6773376464844,281.54687593601,276.5941495922862,276.638768748536,4984128
2014-05-28,283.1799621582031,284.4917610907107,278.24507875810417,278.73588951280897,5389320
2014-05-29,264.56243896484375,273.6540871494793,263.70302943495284,273.6540871494793,41341328
2014-05-30,265.9103698730469,267.7241808810721,260.536807061789,265.9646572089096,28035616
2014-06-02,270.7728271484375,271.1844435475661,267.8191807718177,267.8191807718177,6229856
2014-06-03,272.9484558105469,274.7351229487869,269.1082566825122,272.1161899658784,6824936
2014-06-04,269.9902648925781,273.86666268680955,267.18587614683514,272.74942156177684,5508008
2014-06-05,275.1150817871094,277.58023024063385,267.9548520858504,271.39249029626984,12153720
2014-06-06,271.66839599609375,272.29711748138874,266.86926796348735,271.40603668447613,16882424
2014-06-09,270.1667785644531,272.74953563249835,269.23048743999175,271.93535791419237,10858344
2014-06-10,278.19091796875,279.4619441317422,271.0623581593351,271.39254358630575,10479176
2014-06-11,288.8836669921875,294.6643166375407,279.56586067898877,280.8911514804095,20375704
2014-06-12,287.228271484375,298.2649003822493,282.31153494015155,296.7224818444899,21128856
2014-06-13,288.30926513671875,290.1185482564973,283.24780002633327,288.4449613707022,10151744
2014-06-16,293.4793701171875,294.88609257846235,287.67610161861364,288.21888671600726,9375328
2014-06-17,293.72357177734375,295.54641579827444,291.1634315881584,293.91806089029495,10079392
2014-06-18,293.14910888671875,296.27012238975584,290.6387284603628,293.55619760450617,9791280
2014-06-19,299.6082458496094,300.612406870658,293.5652575662512,293.6331056869713,11313704
2014-06-20,300.033447265625,302.0960124817955,297.88492342713323,300.3410165807446,8853000
2014-06-23,292.429931640625,299.34138479131406,291.42577060683124,298.5317349576395,6328112
2014-06-24,289.8290710449219,292.6424930802214,288.77515036271865,292.19922754465233,10638024
2014-06-25,290.5030212402344,293.55618650823214,290.02808442076804,293.55618650823214,6433520
2014-06-26,287.90216064453125,292.6515285734669,286.6582785679052,291.29456630805674,7376552
2014-06-27,291.6022033691406,292.7058839370007,286.9523537598824,289.48535057743493,6890744
2014-06-30,294.5106201171875,295.184573736872,290.5166139356335,291.29461459783255,7290576
2014-07-01,291.3895263671875,294.44269113203507,290.02803662522405,293.55613813127013,4662512
2014-07-02,290.8694152832031,293.4295554039123,289.32246932760813,290.57087914086316,6119632
2014-07-03,290.4532470703125,292.05445813613653,288.625875625531,290.408014994521,7504912
2014-07-04,293.64208984375,294.768364042538,289.48979438307083,289.48979438307083,5752968
2014-07-07,302.643310546875,304.68328171067816,294.9131527247063,295.3654735110939,11638312
2014-07-08,302.3448791503906,308.1526977283596,298.8077426270739,302.9645676768074,11460480
2014-07-09,299.46807861328125,306.13075600216354,297.6271238909923,301.2456907468099,8270752
2014-07-10,297.871337890625,305.92264820295105,294.0628099719984,299.8886930939425,11345616
2014-07-11,300.942626953125,310.47303624449745,298.5634369140908,307.70482376526843,15826360
2014-07-14,291.76953125,299.8886895880164,288.20072456485826,299.8886895880164,8231600
2014-07-15,291.80572509765625,294.72772204535113,291.02774652997687,293.0134305352104,4139800
2014-07-16,292.1629943847656,293.55613330163897,289.77925546948387,293.1038126031773,4589488
2014-07-17,293.0404968261719,302.6839610205792,292.3484328948342,294.9221553791693,4946672
2014-07-18,294.14874267578125,296.24297913692243,293.4295570238846,294.2799112900555,4098368
2014-07-21,289.5487060546875,296.1209421999508,288.4088706006981,294.4609156078302,7435968
2014-07-22,292.5339660644531,293.7100002099402,289.30892741525867,289.9376489450735,8733360
2014-07-23,303.00518798828125,303.5072685128527,293.9180671827894,293.9180671827894,11827336
2014-07-24,305.972412109375,307.12583017557193,300.4721866392562,302.51215791078425,5571560
2014-07-25,303.25390625,307.4876327062211,298.95685930868035,307.4876327062211,5337672
2014-07-28,304.96368408203125,306.40205513445585,300.41786085483716,302.602561093816,4601448
2014-07-30,305.063232421875,307.0353555043605,302.65689904517086,307.0353555043605,9934720
2014-07-31,304.6516418457031,307.1167903857927,302.43979738931387,305.768883137713,8457168
2014-08-01,302.2679138183594,306.8544424890755,301.2456643539568,303.0549476233499,7607008
2014-08-04,313.5080871582031,315.0776271479655,302.99162812034706,303.5072694366206,13086960
2014-08-05,317.8006591796875,318.4339084294051,313.9152271289738,314.45348457403753,10985624
2014-08-06,323.4862976074219,326.42638300952865,318.88618592081133,318.88618592081133,18004184
2014-08-07,317.28948974609375,320.6411693039299,315.02788567954985,316.5341051534772,7754224
2014-08-08,315.0550537109375,318.4338995189182,314.363011598932,316.62461599892436,3811352
2014-08-11,323.27362060546875,324.1963504628441,317.5291474255479,318.79564544946743,5628672
2014-08-12,323.57220458984375,325.5805044792446,320.3335833178675,325.5805044792446,5916936
2014-08-13,326.430908203125,327.9326222871628,321.21565754100504,322.0569787546894,8941360
2014-08-14,326.8062744140625,328.17679747278214,324.45873410345604,326.39465810817796,6762480
2014-08-18,322.0343322753906,326.756557172819,321.1477790596643,326.756557172819,6777888
2014-08-19,320.94873046875,324.6758492020494,319.33846410789477,322.1428528861794,6424824
2014-08-20,321.5594177246094,324.0878868418813,320.87640882851446,322.3238355387643,3938224
2014-08-21,321.05279541015625,322.35999818311694,319.3385038928562,321.7131882348356,4298880
2014-08-22,325.761474609375,326.3947237963413,320.96687362234445,321.05281016623695,4855040
2014-08-25,328.1858825683594,328.90054059470924,322.23786407548795,325.580510355047,4198352
2014-08-26,327.8556823730469,329.2895481685562,325.6709817051655,327.6611932600304,5842128
2014-08-27,328.4347229003906,330.1942467294652,325.77055729945454,328.3849631857421,5569872
2014-08-28,325.5624084472656,328.71507102663725,323.9702304701253,328.2944215363804,7599304
2014-09-01,325.6392822265625,327.3807171863289,324.3139912084549,326.58012267719016,3643152
2014-09-02,326.91485595703125,327.93257775004867,321.6498462983499,325.6709737655656,3583832
2014-09-03,337.81585693359375,338.9149878626728,326.5756828092049,326.5756828092049,11857560
2014-09-04,335.50897216796875,336.97901485020117,334.5229216032009,336.97901485020117,6238464
2014-09-05,337.4991760253906,343.31149849664473,335.2013951201729,337.6122562291115,6468352
2014-09-08,342.10382080078125,342.9044375423751,337.6756040815309,337.6756040815309,6517296
2014-09-09,337.9786376953125,339.7336336080732,336.526683474417,339.05968001669754,4316800
2014-09-10,331.75921630859375,335.4411031803522,331.0988235275321,335.4411031803522,5080752
2014-09-11,333.28350830078125,334.6902303303026,328.4391704621613,332.3653059605661,5013032
2014-09-12,331.994384765625,335.44107781379745,330.1941569634198,333.63179476194307,3907552
2014-09-15,329.4071960449219,331.8225850357012,328.14069762875505,331.55119251795116,4958800
2014-09-16,330.3072509765625,333.85796911441395,327.80592588709055,329.832314155576,5034904
2014-09-17,338.43096923828125,339.06874601938233,332.103005307223,332.89907229125896,7926120
2014-09-18,334.446044921875,337.4042189382591,330.5967899741338,332.36084133360816,9104776
2014-09-19,334.9028015136719,342.66913532134754,333.0256704539207,334.62688144673064,14755016
2014-09-22,330.24847412109375,333.15688805528015,328.56583189648427,332.9081116131779,8612040
2014-09-23,326.3132629394531,333.2201879349144,325.2683975300722,329.74184558591514,12962304
2014-09-24,329.7237548828125,332.2069915077271,325.51264407180315,328.38488097843265,5564560
2014-09-25,333.9032287597656,336.41813693191136,329.83234138664466,330.1941980420332,24975512
2014-09-26,332.9216613769531,336.54928293785605,331.1440495111947,333.36042137652026,8864840
2014-09-29,339.1546325683594,340.2311471398988,333.00759787354684,334.80782565915626,4996144
2014-09-30,339.0370178222656,339.81049072118424,334.81687406339034,338.7158656728931,6927368
2014-10-01,348.0427551269531,349.18711787691507,336.70759185447434,336.70759185447434,9470864
2014-10-07,346.59539794921875,352.1725055012358,340.9866191015729,340.9866191015729,20063456
2014-10-08,330.207763671875,343.04011433605774,329.38002539493306,342.40686517984665,20327680
2014-10-09,329.9047546386719,335.9839427230891,328.01404014774283,334.717444285253,12432832
2014-10-10,351.783447265625,353.53393759758814,323.20130030514423,331.0988258974341,45893056
2014-10-13,356.6595153808594,360.4997149535705,351.8422983617182,351.8422983617182,17726984
2014-10-14,354.4657287597656,358.6904006886382,352.8102301855458,358.6904006886382,6860512
2014-10-15,354.4657287597656,354.4657287597656,354.4657287597656,354.4657287597656,0
2014-10-16,352.36907958984375,359.0239168560625,351.37085845118804,355.5415270118662,10017392
2014-10-17,351.1246643066406,357.61086422956,349.79827291174337,352.332562719015,8190016
2014-10-20,347.5419921875,352.1183271491591,346.60758025557595,351.24772426374864,7702720
2014-10-21,343.95013427734375,350.9650553287033,338.2114829730524,350.9650553287033,26081384
2014-10-22,346.0559997558594,347.5009061279518,344.24642261611496,347.26389794945163,5353320
2014-10-27,346.69415283203125,350.97421050627986,344.79341346478935,350.97421050627986,4767752
2014-10-28,345.344970703125,347.5419871405407,343.2254509858815,343.2254509858815,6666368
2014-10-29,353.8412170410156,354.86679092237137,347.59661163009395,347.59661163009395,8229336
2014-10-30,359.77593994140625,362.93926167667456,355.16768941722427,355.16768941722427,15245208
2014-10-31,369.3206481933594,370.6652898621905,363.4680428047068,363.4680428047068,8670800
2014-11-03,372.4792785644531,374.67629444905265,367.6066679455819,371.6588195255136,8578408
2014-11-05,376.0256042480469,378.68755673215674,369.84482851766006,372.3973686208137,10241080
2014-11-07,379.8360900878906,381.33113992182535,375.4329330770536,375.4329330770536,9970400
2014-11-10,379.73583984375,381.15797792684697,377.41120560631975,380.6064203510964,5594168
2014-11-11,376.06207275390625,379.6903080727616,374.111167373526,379.6903080727616,6255088
2014-11-12,374.31170654296875,378.38667156737836,373.50037248686675,375.67913849575604,5392896
2014-11-13,380.93011474609375,382.9766780150284,374.89516346881095,375.77032888696624,4956680
2014-11-14,382.1197204589844,383.9247572799255,380.51071782115645,382.33396035983,5233176
2014-11-17,384.5628356933594,385.4242909587189,378.1495721028459,381.51344519014435,5458184
2014-11-18,381.2720031738281,385.4152959252358,380.3375911946106,385.16005972626317,5267120
2014-11-19,380.4514465332031,381.9647466441762,377.38839036541214,381.057665735231,5201120
2014-11-20,385.2148132324219,385.84382320289774,381.40879323981204,381.96943159365424,5347928
2014-11-21,377.9718933105469,380.96657847606645,373.91063782751894,380.14611922593855,10463272
2014-11-24,389.7272033691406,390.32429747341035,382.1470816969925,382.8809189866146,11047440
2014-11-25,392.28887939453125,393.8158450088701,387.0743879691191,391.54133215434916,14886576
2014-11-26,392.0382080078125,393.6107547833817,389.40817159945345,391.9971672433459,7930800
2014-11-27,398.0047607421875,398.96196317038556,393.0911305133233,393.9936267573577,17389032
2014-11-28,397.45330810546875,400.9311352212623,395.953672934652,398.38772014185304,14347264
2014-12-01,396.5415954589844,401.3139418113858,391.32256357734343,399.9282596464407,18341864
2014-12-02,387.7308044433594,394.72291338301665,385.6158251386766,394.72291338301665,10654992
2014-12-03,387.16552734375,388.8884825256816,380.06400703036536,383.1543940253782,12775044
2014-12-04,383.209228515625,391.067379258398,381.96941435406984,384.70427889598443,9399228
2014-12-05,377.4659118652344,385.90753372589444,375.5515071987087,385.61579711446376,7358760
2014-12-08,359.20623779296875,368.1127757363021,356.94541193548565,366.28953266678104,166320408
2014-12-09,358.23077392578125,362.09603997156495,355.9790511389785,361.5034860290133,10050460
2014-12-10,358.0392761230469,361.9136667621887,357.19146383779395,358.4495057201325,7804712
2014-12-11,350.2540283203125,356.2524786648377,349.1509576455646,355.7146310007814,8285932
2014-12-12,353.4630126953125,357.4285662657392,349.7162393848382,353.5359468674248,14572500
2014-12-15,350.93780517578125,356.8542195323023,347.30954732371634,347.31865018446126,12966284
2014-12-16,353.34442138671875,355.82402691008645,351.1018240512171,351.1018240512171,17792756
2014-12-17,353.435546875,356.5350590219564,345.7414726833415,352.97973626515346,17851776
2014-12-18,358.4313049316406,361.33026542220574,354.57514197527263,356.26164155787774,19949980
2014-12-19,364.40234375,366.1070709287965,362.0959376815686,364.2108943970134,14294632
2014-12-22,364.5756530761719,366.4900581592076,360.1542889558275,365.74253300663224,10465104
2014-12-23,359.4797058105469,368.6415017648508,358.0119863123287,364.8035663978574,8196952
2014-12-24,351.9861145019531,362.2783102359484,349.1600884281448,360.2727433448586,27339488
2014-12-26,355.9425964355469,357.4832277890471,352.0590801419949,354.63897330607114,2268748
2014-12-29,356.9544982910156,359.6893625983131,355.9881706665508,356.6354307884976,2792676
2014-12-30,358.5133361816406,360.0904456226058,356.7721526971425,357.76581110023204,4640552
2014-12-31,359.64373779296875,360.8105952837501,355.5323167150707,356.4439380399811,6968808
2015-01-01,359.98095703125,361.36661670052183,356.79028306946435,358.98727664361155,2002764
2015-01-02,367.05517578125,368.12179046217244,359.5434254899942,359.5434254899942,6778320
2015-01-05,363.9010009765625,370.1182538936478,360.5462300860535,366.45354065858766,9937024
2015-01-06,356.29803466796875,361.91363037942995,352.6333217536894,361.00200914421725,9667316
2015-01-07,358.0027770996094,360.0447997235319,355.53227469851237,358.2671383500394,7249916
2015-01-08,359.8077697753906,364.1015146164582,355.5322751637924,362.0230137873021,13564920
2015-01-09,378.2225646972656,384.52187699005304,348.79544597027177,361.02027465161825,44863328
2015-01-12,385.7890930175781,386.3816469915569,378.322921847999,381.4224349426573,12758888
2015-01-13,380.8571472167969,384.3031026041001,378.3228576860764,384.3031026041001,8801236
2015-01-14,388.10455322265625,388.8976816302422,381.53179866747956,382.60749409332544,9921260
2015-01-15,389.1256103515625,392.5077347851084,385.1144760290912,389.2988095220252,8342452
2015-01-16,386.217529296875,393.82044283233546,385.0688774360613,391.6325514832669,6690960
2015-01-19,383.3368225097656,388.77922041090864,381.89647841340866,386.52749760794444,4087744
2015-01-20,387.2932434082031,388.8977060440839,383.1453658589753,384.1572745592522,6804504
2015-01-21,395.62542724609375,396.72849801442794,386.16281516126963,388.62419287830323,8494908
2015-01-22,400.466064453125,401.6602971169631,394.0573852797147,396.5187624976353,9958396
2015-01-23,403.8573913574219,405.67150897816504,394.7503027887566,401.1134021357138,9486328
2015-01-27,389.53570556640625,404.9421025335775,388.3688483349395,404.9421025335775,13739968
2015-01-28,391.0035400390625,392.87236389215485,388.40541907256824,391.9971984535199,13134356
2015-01-29,391.1767578125,391.9789668703046,387.9131708798556,391.0855956689874,15369424
2015-01-30,390.520263671875,394.285285856673,387.7945252435134,394.09383650613194,10833744
2015-02-02,389.5996398925781,392.3618348186549,387.6305288450251,390.44742995545977,8702540
2015-02-03,386.6915588378906,390.16484537496154,383.24564765127013,389.5996667982633,5265956
2015-02-04,390.6935729980469,391.9971737008315,387.6943031983601,390.15568080066765,5160016
2015-02-05,399.98297119140625,404.7598579092246,391.63251116622274,392.14302799766904,11875936
2015-02-06,406.6743469238281,409.8285661836031,399.0167264034063,402.02507732214343,7453728
2015-02-09,410.0290832519531,410.9589549480247,401.11344316133733,401.11344316133733,6536868
2015-02-10,415.38934326171875,418.98112204598476,408.58863990646296,408.9532884025865,8516920
2015-02-11,416.58367919921875,418.10606034005673,411.36918660763956,415.79055071854714,5796972
2015-02-12,421.38787841796875,423.34786448092115,414.42309963635597,416.246342485614,6287536
2015-02-13,418.63470458984375,424.213799617139,416.7932119637301,419.2728394288083,5657516
2015-02-16,415.47137451171875,420.60378421841256,413.00999719700314,415.7539859948483,6244276
2015-02-18,418.70770263671875,420.24833387667877,411.71554880021006,417.62288208980976,8613764
2015-02-19,423.84918212890625,425.5448065846872,417.8963130724024,418.2518364632701,9673624
2015-02-20,416.26458740234375,425.90952414661996,415.13414124003083,424.54209202714236,6971628
2015-02-23,413.0739440917969,421.02325671415906,409.88326890199414,419.3458820883592,5090488
2015-02-24,414.38665771484375,418.6074472487043,411.6153373926756,415.51705941711106,6437676
2015-02-25,422.55474853515625,425.6907170957369,415.6993381362262,417.32200634402176,6044972
2015-02-26,411.70648193359375,420.98677014865535,409.3909279254229,420.71328372369953,6445776
2015-02-27,413.1011657714844,415.8177792672736,410.5030452320411,414.76941483907717,7801076
2015-03-02,417.8325500488281,420.8956069028507,415.3438413933647,419.89282334731,7040992
2015-03-03,418.95379638671875,419.8836233556609,415.38934839054923,417.5225332166595,4905552
2015-03-04,414.7238464355469,421.88007340296843,410.57596965825155,419.34578407820743,4375228
2015-03-05,409.7920227050781,419.1178907562809,407.19390201197234,413.33822064329195,5684916
2015-03-09,399.29925537109375,411.8705042224773,397.28456339122533,411.8705042224773,7984720
2015-03-10,400.7488098144531,402.3806033904433,393.8569423991668,400.76706004948835,6329916
2015-03-11,397.8680725097656,408.4064257921341,395.47965092373124,400.037758354447,6780912
2015-03-12,404.4498596191406,405.93578433008344,396.9198598070669,397.28450827726175,5688564
2015-03-13,404.8327941894531,406.5831249990379,399.7277145930526,405.6715036425378,6179684
2015-03-16,413.26531982421875,416.064015383989,403.0369542167847,403.0369542167847,6818632
2015-03-17,408.4975891113281,415.60823672362085,404.2585491886152,413.2653516924121,5539312
2015-03-18,406.4919738769531,412.57250629466034,405.22482905963807,411.05008078295174,4905564
2015-03-19,406.6651916503906,410.0473160319981,405.26130356163793,407.42186413907785,6891740
2015-03-20,411.58795166015625,413.6755558380449,407.12100664087063,408.5887260497604,6430896
2015-03-23,407.2121276855469,414.7877099276569,405.7626586567035,410.7765760294554,5078700
2015-03-24,403.20098876953125,410.8494828185919,402.2073304233041,407.4764839007174,6736532
2015-03-25,404.5957946777344,406.42811793263826,401.25012660648065,405.2885912752303,6170968
2015-03-26,391.3316955566406,403.82998804290776,388.7153246051561,402.5719684466157,15740840
2015-03-27,401.5054016113281,405.6168230915168,394.36742374395317,394.54974802677515,10074220
2015-03-30,406.21844482421875,408.40633590944793,400.183494109025,402.1343992702275,4623088
2015-03-31,404.458984375,414.54147895674924,401.9064450858983,409.31790743093876,8016412
2015-04-01,396.3638000488281,401.022193605446,393.4010309439914,400.91278124878,6738488
2015-04-06,397.1386413574219,398.32374888964563,393.8932610589354,397.2845096485538,7741752
2015-04-07,393.7292785644531,397.97744314681677,389.80930658522846,396.555304875057,8542268
2015-04-08,401.213623046875,402.0067067986654,396.1997063492454,397.9226615482435,10185576
2015-04-09,403.8481750488281,404.55922175058527,398.26903572838006,403.1917900066276,10581548
2015-04-10,407.3033142089844,408.04173644155867,402.97311258231457,402.97311258231457,7123776
2015-04-13,408.18756103515625,409.13563828192093,404.048809247423,408.04169272501736,4872336
2015-04-15,403.6111755371094,409.3179333545818,400.21084614530156,407.76817725947535,6237784
2015-04-16,400.1380615234375,406.76556853347415,393.91170363808646,405.1246496106587,9007812
2015-04-17,397.3301696777344,400.1926518450182,392.62619455850864,397.476037997858,6450316
2015-04-20,388.74267578125,397.4669099351607,385.6431631808382,396.73761285271087,12825384
2015-04-21,390.6479797363281,392.927033000652,386.5456838605452,391.6325129414124,8881648
2015-04-22,389.75457763671875,392.90879636624817,382.5071880053692,392.1886244123517,12350984
2015-04-23,386.8920593261719,391.9971383370733,385.0688168222785,391.76010790901586,11891800
2015-04-24,363.7734069824219,392.0336713479848,361.00208673428745,389.42642515235076,43565452
2015-04-27,361.849853515625,365.0131750317823,355.18589279118913,364.648526505277,19822640
2015-04-28,357.5196838378906,361.3667216809983,355.89699330035756,361.3667216809983,10393500
2015-04-29,357.56524658203125,359.5434604603672,353.3353101639633,357.5196655145287,8289056
2015-04-30,354.11932373046875,358.26720099388393,352.3052060936375,357.35557961730916,13134260
2015-05-04,363.39044189453125,364.6484836142759,355.51404355101374,357.26435182108685,13361592
2015-05-05,357.85693359375,365.32310297710546,355.9060729563942,364.64851213221243,9408516
2015-05-06,350.4364318847656,360.0904947269157,349.20574285215463,360.0904947269157,10508408
2015-05-07,354.43841552734375,358.6501021247717,348.23938974137167,350.4272811952442,6779984
2015-05-08,356.9817810058594,358.73211173168164,354.6662717737108,356.99090612154004,5777676
2015-05-11,363.4908142089844,364.64856896416916,355.9334592633725,358.2672190072962,4785512
2015-05-12,355.0035705566406,363.6639731106317,354.0737212600144,363.49077396210384,8284892
2015-05-13,356.75390625,358.24897868506315,351.6123705073326,355.85140997546614,7099084
2015-05-14,352.7610168457031,357.501448004749,347.87471736382645,357.35557968191813,6233844
2015-05-15,357.67462158203125,358.5588898029474,352.3051809596229,352.79744756530164,5189344
2015-05-18,363.3814392089844,364.4480318663064,357.647326869611,359.17885537426014,6469976
2015-05-19,368.7235107421875,371.1575354786544,362.0960274800205,362.3330579514173,10272076
2015-05-20,373.2725524902344,374.1294678073172,370.7746961983139,371.94157618271305,5882188
2015-05-21,373.48211669921875,375.93436906218193,371.44009391598854,373.5641537126137,10059312
2015-05-22,373.11749267578125,374.0473642559838,370.1364953186546,372.67080711774713,6888824
2015-05-25,367.7115783691406,374.95896774156074,365.9339168249621,373.85589706031357,4675808
2015-05-26,365.97955322265625,370.38266698499405,365.0405786855686,368.29506278414203,3965040
2015-05-27,358.9053649902344,366.28949873781096,356.4439870743755,365.9248501576837,8454708
2015-05-28,367.675048828125,370.482846505872,360.1268210277636,360.1268210277636,10980540
2015-05-29,368.8692626953125,374.9406460740709,364.83077663362525,365.5327204532345,18993044
2015-06-01,373.3636169433594,376.31726096114244,368.8875475967207,370.6287531282348,5724892
2015-06-02,366.2257080078125,374.6946850587535,365.560219864513,373.41841496446347,4673140
2015-06-03,368.4591369628906,371.84123895771353,366.10714933115025,367.96684805966225,5495796
2015-06-04,369.7627258300781,374.6763557535892,366.94580264832194,370.11824923590564,7489464
2015-06-05,366.7726135253906,372.67079906916723,366.1344785954777,370.1182593495154,6125788
2015-06-08,364.6576232910156,369.142795367305,362.278282937866,368.2949831577701,6141048
2015-06-09,363.2081298828125,366.0432808409307,361.54898367777554,365.332211822664,7561740
2015-06-10,369.4801330566406,371.8229954742408,361.91367585365487,362.8252972034122,6385840
2015-06-11,364.2200927734375,372.80756168334756,363.74605410923425,371.2030991591721,9229464
2015-06-12,360.0994873046875,369.30686112272144,356.5350396270368,365.56008921105024,9852924
2015-06-15,366.6424560546875,369.7334303785738,358.33196333663284,361.6450578056745,5236426
2015-06-16,369.93701171875,371.28816912849237,364.6249716765354,368.08612353765085,5223444
2015-06-17,368.5858154296875,377.9513035452923,367.29019391900334,374.24952780048045,6412068
2015-06-18,370.8995056152344,373.12057154325356,368.62290400147435,372.2506404984688,3474426
2015-06-19,368.45635986328125,374.0275522508746,367.62346004911853,373.99052092504417,6670458
2015-06-22,379.00634765625,380.8202270339757,369.0670875848105,371.9914998238746,5710868
2015-06-23,370.32568359375,380.32047888864975,369.4927839858417,379.4320436026751,6952116
2015-06-24,368.36376953125,375.7303137848679,366.92009025626874,375.7303137848679,7073694
2015-06-25,366.6424560546875,371.4732698432966,365.60596315884754,369.88151047534404,7117466
2015-06-26,372.12109375,374.4717128599974,369.47431443609787,369.80748336856504,5320284
2015-06-29,366.5313415527344,369.992492904043,363.6994740152299,365.3652731328569,5690668
2015-06-30,364.38433837890625,367.75296834349507,362.77407473776304,366.47585101059735,6212530
2015-07-01,369.2151794433594,372.028520410917,364.9951453981733,366.1056782949223,6880852
2015-07-02,365.73553466796875,370.69592443886046,364.64350603252785,369.8074890013166,4007568
2015-07-03,366.58685302734375,367.5863370123096,363.5143836315086,365.7354491119455,2695306
2015-07-06,363.9955749511719,365.7354139289143,360.9231058509023,364.6248812955269,4305602
2015-07-07,362.959228515625,366.47591660425167,362.4039619753155,364.6250281365534,3497418
2015-07-08,354.4450378417969,362.4038559238842,353.4455538429514,362.4038559238842,7024178
2015-07-09,347.2265930175781,357.591565943476,345.76438696104793,354.44505630525697,8587772
2015-07-10,347.04150390625,352.4460878895442,345.24615156358084,350.9653774728775,7411522
2015-07-13,351.7242736816406,353.51962609600224,345.7644004602573,348.3371394307205,6531768
2015-07-14,359.5350646972656,360.3679644610431,350.00298962292374,353.5196775144285,5367074
2015-07-15,364.2548522949219,364.9767033197648,358.33200916817515,359.0723645590185,4129566
2015-07-16,366.1241760253906,367.03111572674294,362.58898422021656,365.6244452684461,3472938
2015-07-17,370.8624572753906,371.8434370527911,366.1426923949296,366.8460389440677,3447978
2015-07-20,370.6402893066406,374.1754805560397,365.51333903641665,370.69582497928104,4377180
2015-07-21,411.8780822753906,425.3340279066124,383.1337849289328,383.1337849289328,38310112
2015-07-22,408.36151123046875,411.63757461681166,398.5518028425681,409.0463308917058,12665660
2015-07-23,406.4550476074219,413.4884227481696,403.4936264955281,408.65758648431284,7710748
2015-07-24,402.605224609375,409.5830646470865,400.939425095389,405.5481641967058,4480302
2015-07-27,394.3502197265625,402.7347063093507,392.5548221965038,402.3460469376595,6752244
2015-07-28,393.4433288574219,398.3111742719856,390.2598099221568,395.53484173756186,8476602
2015-07-29,401.79083251953125,404.23399598519813,394.23919938116853,397.5707982491784,7071334
2015-07-30,396.0900573730469,403.4936098473094,391.64792588848934,403.4936098473094,11956598
2015-07-31,398.6997985839844,400.2915351371102,392.3882524854378,399.2550649790109,7931012
2015-08-03,399.4031677246094,404.2340042571592,395.70139112884783,399.0515170230931,7961012
2015-08-04,391.37030029296875,399.4031368089106,389.0566900997022,399.0514861346137,9099054
2015-08-05,402.14251708984375,403.49367467100797,393.110172582603,393.12869954184447,4753476
2015-08-06,402.364501953125,409.231314127768,398.6812531122624,404.9742719636166,7238252
2015-08-07,405.5665588378906,407.5655268627673,399.23653108219304,399.6067086724408,4988058
2015-08-10,402.01287841796875,409.5459836307111,394.9795039336765,406.45500967120597,3992754
2015-08-11,410.58251953125,413.45139610910354,405.6036033899692,406.75119017126906,7574406
2015-08-12,423.6313171386719,425.3341253130025,411.2673744323288,412.74808505134706,10168440
2015-08-13,428.66571044921875,431.94177355112214,390.741029011758,424.59375637759405,9787960
2015-08-14,425.42669677734375,432.62663454504565,423.1500950183056,431.25699521044635,5109066
2015-08-17,422.7984313964844,426.98141192091174,415.5244312024815,425.70431704485856,3107436
2015-08-18,431.0162353515625,435.9580967675774,425.7041963734837,425.7041963734837,4150446
2015-08-19,435.16229248046875,439.10464774064616,430.4425281159851,433.1077887408508,6869518
2015-08-20,419.985107421875,432.55262165768585,417.5604255283437,429.03593367672903,8369114
2015-08-21,425.667236328125,429.75767174404126,413.6734729082787,422.3356378885953,10822142
2015-08-24,404.25244140625,415.70941934976173,399.27352587844814,410.8785838904332,14122684
2015-08-25,401.8833923339844,414.2288084637963,386.65057233282863,407.1954328062341,13735078
2015-08-26,394.0910949707031,406.08485919316405,392.0181092849232,403.4195983382611,11498212
2015-08-27,400.828369140625,407.23241523952476,399.07002533977413,402.75327480542364,15343392
2015-08-28,411.28594970703125,416.4129017901436,407.7877433460185,407.7877433460185,7208820
2015-08-31,405.1224060058594,420.0960730160947,400.71728318549526,420.0960730160947,9917064
2015-09-01,403.1234436035156,412.5999820005487,400.53220016437456,403.4936212376786,9071550
2015-09-02,406.99188232421875,412.74816403221865,403.4937208924828,406.4551426971983,11171830
2015-09-03,406.9548034667969,411.6375599261593,404.4190955209794,410.9527402893623,8590536
2015-09-04,397.5522155761719,411.267313735778,394.97949933040064,408.3058929348003,7318888
2015-09-07,391.92547607421875,401.64263663804235,390.5373102793868,401.6241096857025,5180988
2015-09-08,391.94403076171875,397.57071177318994,389.5378765470765,393.1285809153889,5459496
2015-09-09,403.0124206542969,407.0473663889539,396.8304714961827,402.42014540602264,9148664
2015-09-10,399.9584655761719,404.0489471103189,392.7585276079234,401.6057834030795,8363004
2015-09-11,403.771240234375,409.5645290424101,401.82780772350594,404.0674004063485,9883810
2015-09-14,407.1029052734375,408.67616041998184,400.77287595664734,406.8252720122826,6557076
2015-09-15,406.89923095703125,408.3799414702485,402.80879527688774,406.97329359531136,5291886
2015-09-16,407.8061828613281,410.80461253660366,406.5660968756664,410.1568017035881,7478240
2015-09-18,408.8426513671875,413.821567432677,406.8437283838507,411.5634930046021,11576876
2015-09-21,408.91668701171875,410.47141482673425,404.4190202206957,407.1953521672908,4351234
2015-09-22,409.95318603515625,420.50324817533567,407.60256719234,412.74804513333544,9626986
2015-09-23,413.2107849121094,416.9495699866522,406.2514273016677,409.95320365026447,4758254
2015-09-24,422.2060546875,426.70367611030713,410.8971116038661,412.19273312694133,13399262
2015-09-28,409.2499084472656,423.05750732250897,407.5655821082504,421.98398312773554,9788464
2015-09-29,415.28387451171875,419.55944533894814,406.27005588564765,407.9358556592107,8699370
2015-09-30,430.1278991699219,432.7191427008096,416.80150386821344,419.92953210026286,9495692
2015-10-01,434.23687744140625,443.3802466271841,429.40604140057064,433.070808894891,10864394
2015-10-05,437.45745849609375,440.27079973108977,430.14644956417254,434.2184039060021,6881760
2015-10-06,427.406982421875,441.4552473015803,425.0008283906207,439.4192708135959,8711880
2015-10-07,419.48529052734375,432.6451239225937,417.7269467081931,427.92535893434723,9182488
2015-10-08,419.0966491699219,425.5562312982679,416.8385744687286,420.66990423379383,9080874
2015-10-09,432.1454162597656,434.1813934224538,420.52182851160484,420.52182851160484,11782138
2015-10-12,415.67254638671875,451.5427743833263,410.52706734369724,443.84306018493504,30404970
2015-10-13,406.9732971191406,411.2673486071116,401.7167476390855,409.953199940173,15326862
2015-10-14,406.3070068359375,412.95172321143275,402.45714998035345,404.0304050983038,8865510
2015-10-15,406.21441650390625,408.8056599347078,403.1604510318901,407.1583875430637,8255666
2015-10-16,409.03497314453125,411.46325633583206,407.2044120796649,410.5666503445429,6418992
2015-10-19,415.404541015625,416.9175665549175,411.1270447972104,411.6874178705369,7347494
2015-10-20,420.63458251953125,422.14760767329494,414.90010865099407,415.7967144605109,8788310
2015-10-21,425.28570556640625,428.44245483649007,420.27969826201,420.27969826201,7278098
2015-10-23,429.58197021484375,430.740065346204,420.3171179574148,426.55596499958847,6033362
2015-10-26,430.42254638671875,432.79478316428833,427.06030810577045,431.1136640238142,3195942
2015-10-27,429.3951721191406,431.4872222579184,427.415169221583,429.6193122048538,5263748
2015-10-28,430.8148193359375,432.60803149016186,425.5099722515495,427.5646736100952,5255472
2015-10-29,427.7701110839844,431.8234668883049,424.40787289736886,430.77741898893714,5887324
2015-10-30,424.18365478515625,427.7513810518313,422.1476511690562,427.7513810518313,4044676
2015-11-02,422.595947265625,424.314460977143,416.2077040788461,422.1476670993947,3544988
2015-11-03,427.9382629394531,429.7874759522225,423.41792899457676,423.41792899457676,3614682
2015-11-04,424.6881103515625,432.4585899529069,423.00699105661516,429.656724461328,3205572
2015-11-05,419.4952392578125,427.7513923831562,418.18770225052776,426.9855310375807,2345306
2015-11-06,425.2484130859375,427.34046318616504,419.49524110785774,419.53259018757626,3026172
2015-11-09,423.8661804199219,425.88353258968635,416.61867960431914,418.4118916670603,6125676
2015-11-10,412.3784484863281,421.2136711979634,410.9775160987518,421.2136711979634,4680052
2015-11-13,411.23907470703125,413.1816828225742,407.20437095533987,410.92149353146806,3520868
2015-11-16,403.5432434082031,408.69869306106744,398.6866775857224,404.8321286230541,6808334
2015-11-17,396.557373046875,404.55203858128823,393.00834333048755,403.46864144194535,7184106
2015-11-18,381.05364990234375,390.44924656715904,377.7848073173972,388.89887210621555,10125252
2015-11-19,391.43927001953125,393.0082963072043,382.47327848084717,384.8828871392559,8539622
2015-11-20,393.1577453613281,397.19240400411286,389.2911803940976,391.5139752757746,6082978
2015-11-23,393.643310546875,396.8935011056258,387.7780917548955,392.26107547460526,5616350
2015-11-24,388.9549255371094,392.5600011164096,387.4045510482289,392.26111726194824,4325802
2015-11-26,393.1577453613281,395.81016870675876,388.5440163191438,388.8802036702522,9853968
2015-11-27,398.36920166015625,399.7327852351183,390.393234178223,395.2498007278086,5142478
2015-11-30,406.4199523925781,410.3052151303205,394.5773731400682,399.73282406559105,18105534
2015-12-01,403.094970703125,409.07228259492297,400.83478140273064,406.4572086422614,5898550
2015-12-02,396.2584228515625,403.4498766000661,395.62335167092596,403.4498766000661,6397616
2015-12-03,395.15643310546875,397.79020493070277,391.9062873496003,396.3705748285534,5504726
2015-12-04,391.90625,397.8275161029999,388.5626634423431,391.8875526570379,8375530
2015-12-07,390.8601379394531,395.62330807921705,388.5252506160394,394.2410730250634,4513870
2015-12-08,390.1690368652344,397.02425721519796,388.2637778496404,390.4118742777631,5724372
2015-12-09,384.1170349121094,391.12169815527864,382.00631006915063,389.6460673400282,6818254
2015-12-10,391.2711486816406,392.8588723849487,384.90160212798264,387.25514166739066,5587746
2015-12-11,393.3071594238281,396.7067466032884,390.72943442726233,393.755439595721,5390198
2015-12-14,399.54595947265625,400.90954292905195,391.53264360392467,392.07431927681415,4816672
2015-12-15,402.5533447265625,403.1323695255657,395.5486814890343,400.94692371611217,5431808
2015-12-16,409.3898620605469,410.1930725527762,404.7387839873926,404.7387839873926,5495852
2015-12-17,413.5926208496094,414.6013196061342,406.45721380873164,410.9401977845632,4958782
2015-12-18,404.6453857421875,412.21042186514927,403.26310486639727,412.21042186514927,7219820
2015-12-21,412.22900390625,413.70468004022814,398.2196801212725,402.3477791045529,4331012
2015-12-22,404.8694763183594,409.98753127249466,403.50589295220414,409.98753127249466,4109254
2015-12-23,411.25775146484375,411.87417090930825,406.10234702767076,409.09100314311246,2870928
2015-12-24,409.57666015625,412.60266555754754,407.24177240782967,411.70610514477517,1230054
2015-12-28,412.7146911621094,414.6759965512029,407.2043569737038,407.2043569737038,5526952
2015-12-29,412.6960144042969,414.6760172323906,409.93154410536454,411.40717475420735,3345062
2015-12-30,405.8221130371094,413.4057996808145,404.5892742924181,411.35109884184095,5153970
2015-12-31,412.9576110839844,414.6573820655431,406.08369217852214,407.26048476777237,7943938
2016-01-01,412.90155029296875,414.28378560160974,408.39986846330237,410.9402445801996,1806550
2016-01-04,403.05755615234375,411.85538330201456,401.99285676521964,410.9214284706315,3975362
2016-01-05,401.2457580566406,405.5232536376736,396.83747229536505,405.5232536376736,4949786
2016-01-06,399.489990234375,401.4699935101307,395.5860757190971,401.4699935101307,5588328
2016-01-07,392.5599670410156,398.94820984696526,391.4765701667272,396.01560039312574,5294088
2016-01-08,397.22979736328125,398.76147459116373,394.31583923938706,396.55733145675924,3156716
2016-01-11,394.3904724121094,399.7140155510799,393.04558642397046,394.6146580795228,5360622
2016-01-12,392.242431640625,397.098997999466,385.10702403405963,396.744113314553,6565212
2016-01-13,404.73876953125,407.5779837621925,391.5513059858108,394.87619508399405,8751294
2016-01-14,423.2684020996094,431.4872060238737,393.88616894971045,398.2384083302592,30227006
2016-01-15,425.8462219238281,434.84954092717965,424.96831315687365,428.8722276498301,13036614
2016-01-18,422.85748291015625,434.13964128201366,421.5312485437897,425.84613896662415,10066612
2016-01-19,425.7527160644531,432.9628209746937,421.60596517363314,424.0155507227764,7500436
2016-01-20,418.8787841796875,433.3550855281494,417.29106080598524,423.64195430079434,7507998
2016-01-21,424.7814636230469,426.81746743646664,419.1590358544556,424.0156022235358,6743000
2016-01-22,424.4825744628906,430.5532823484985,422.5212688383096,428.90951232343286,6436018
2016-01-25,425.005615234375,428.44255174737935,420.1116996505168,425.9769194138522,4579262
2016-01-27,425.32305908203125,429.46980969419354,424.0155222293416,428.29301740611965,6971962
2016-01-28,421.9981689453125,426.85473437985354,420.72798117254854,424.3891025875859,7788598
2016-01-29,435.1856384277344,437.0908973210445,422.7453408011363,425.13627448833216,10232108
2016-02-01,438.342529296875,440.78951018925926,433.9529398083115,437.09103843568556,4251126
2016-02-02,439.1643981933594,444.56264058775673,434.84950726399063,439.65002749758105,7632702
2016-02-03,432.495849609375,439.2950691583306,430.6466370086161,436.26906417378416,5245966
2016-02-04,440.73345947265625,446.4118888549795,433.3739107280723,433.3739107280723,5549346
2016-02-05,438.8468322753906,443.31116530150615,437.78213251380197,439.14571616785867,3984224
2016-02-08,429.9182434082031,437.91286283327247,427.30316904587414,434.75611273720074,4221044
2016-02-09,413.798095703125,421.5125728307559,408.51190148325924,421.5125728307559,7579572
2016-02-10,414.1343994140625,421.21376101418724,412.8081648963875,413.92891104542747,5866054
2016-02-11,402.96429443359375,415.7968289559172,400.1624290093625,415.04966484278884,5214378
2016-02-12,405.2058410644531,412.58408767016925,398.6121077619791,408.96031387399876,7408096
2016-02-15,407.8581237792969,411.0148732466544,405.93416747525555,409.5392426774025,5093478
2016-02-16,403.1510925292969,408.23179946698093,401.11504292336224,406.08370260407986,5125448
2016-02-17,410.136962890625,412.0609191860823,402.34778781814197,404.1223022026695,4164598
2016-02-18,419.68206787109375,421.02695407846204,410.94023911828594,410.94023911828594,4189072
2016-02-19,421.12030029296875,423.7166768948951,416.11429248176177,418.1129470174105,3974018
2016-02-22,420.89617919921875,423.62330050061433,416.18905501051375,422.52125181631936,3857010
2016-02-23,419.8687744140625,423.08157015284803,416.93616514557687,422.24101074194834,2501960
2016-02-24,420.41058349609375,427.2845028705805,417.79550894300604,418.2251374545267,4950714
2016-02-25,414.7882080078125,422.37189698580545,411.35122545728905,420.42928838141364,4484528
2016-02-26,418.84149169921875,422.8948475038437,416.9175351716339,418.4679096784556,4235636
2016-02-29,404.9815979003906,422.29711501671625,399.0976812179216,421.96088208563486,8166076
2016-03-01,420.44781494140625,422.25972400026706,408.9975639060946,408.9975639060946,6386154
2016-03-02,431.86083984375,434.66270515415493,420.27979656074285,424.78147840077077,7214898
2016-03-03,436.8294982910156,445.6273279846989,431.1136748288374,436.34382339695156,5814304
2016-03-04,437.3337707519531,442.69466324955306,433.01888047644036,439.18298338244676,4281680
2016-03-08,434.6440124511719,444.74942501989824,428.64804798485636,434.47591877206355,7617746
2016-03-09,440.26654052734375,442.22784671127977,426.9856775548052,427.75153916318084,6305782
2016-03-10,426.81756591796875,434.4386501762421,425.6407731363562,434.4386501762421,24381016
2016-03-11,427.00421142578125,431.84207991934977,425.2109996456773,428.19965554367053,4058548
2016-03-14,426.3317565917969,431.20701989231674,425.3231034415444,428.12496841810264,4174262
2016-03-15,423.79150390625,431.30049429651655,421.7554542888332,427.37788261170635,6720258
2016-03-16,430.5345458984375,431.48719821372396,422.7267187943292,426.59328326805786,5588850
2016-03-17,434.0089111328125,436.9975672886657,431.1323478241133,432.1970474589812,6474622
2016-03-18,445.8327941894531,447.92484439206396,434.10230957762997,434.401193436549,8477422
2016-03-21,446.3931579589844,447.92483509679244,440.84547416788973,443.81543293994116,5138392
2016-03-22,444.5439453125,446.05697086705374,437.8381657086993,445.0296202222594,7097950
2016-03-23,451.21234130859375,452.29569258628186,441.6112568984209,444.56256371093735,6333176
2016-03-28,450.1289367675781,462.1209092034571,446.7106525303426,460.4024412163211,10787510
2016-03-29,447.27105712890625,455.35911668751504,445.14165793389463,447.9248256400573,6995356
2016-03-30,450.52117919921875,452.0342044886084,446.6359630151557,447.40177872691413,5756818
2016-03-31,455.1349792480469,459.4685214264797,448.41050309429056,452.1276258379746,17996320
2016-04-01,450.33441162109375,456.5919102317331,446.46784697338296,454.27572003208894,5511428
2016-04-04,464.6239318847656,466.23035278390404,453.3604706619076,453.3604706619076,4577054
2016-04-05,455.6953430175781,464.10093803927515,453.52854917067646,463.9888451976772,4790716
2016-04-06,448.55987548828125,458.75868201876875,446.80405838310054,458.75868201876875,4931354
2016-04-07,441.3871154785156,451.43648000024626,438.95883257490976,451.43648000024626,5657890
2016-04-08,435.5032653808594,439.8928543735466,434.12103006702597,439.2764348837054,4195578
2016-04-11,442.2838134765625,443.3485132353849,430.0303035696763,435.52198725737384,5768678
2016-04-12,441.6486511230469,446.39317019616647,440.3037649555004,441.013579922706,5842138
2016-04-13,438.0995178222656,446.4117158928842,435.72728165085414,446.4117158928842,12511386
2016-04-18,462.7560119628906,473.66463388525,460.8134037756358,466.9775068662706,25015990
2016-04-20,464.586669921875,465.6513697391981,457.9369361975164,464.73611187593195,8072848
2016-04-21,458.1236267089844,467.3510839052942,455.06022693453264,467.3510839052942,5441100
2016-04-22,452.501220703125,458.94551053357196,450.9134971217105,458.12364833273756,5143938
2016-04-25,454.2196960449219,457.56328253114697,448.70936117533086,452.80011171166996,5364134
2016-04-26,460.3091125488281,463.0736287224951,451.5112374023249,454.07026521587665,5846744
2016-04-27,463.2976989746094,464.11956108461317,458.9641571519854,459.2069489549851,4486208
2016-04-28,451.716796875,463.09235336562233,450.91358625438744,459.87955648645476,12165168
2016-04-29,451.3244323730469,457.0963019840617,450.1663372236657,452.57592302807603,5036410
2016-05-02,448.6907043457031,452.463873635318,446.8601433230363,452.0342451907216,3615250
2016-05-03,440.0048522949219,452.85603528203535,437.7633605269462,449.32570398878045,6824810
2016-05-04,444.13287353515625,445.6832476833747,437.33370057123324,441.2002644711362,5812842
2016-05-05,445.4779052734375,447.92488598614943,441.23775805052117,446.48660418850096,6302668
2016-05-06,441.3871154785156,444.48786419673564,439.7246938858164,444.48786419673564,2596720
2016-05-09,447.9435729980469,448.8775281182602,441.0509568489058,441.57398083688076,5123678
2016-05-10,453.08038330078125,454.5186652466475,447.02832599655926,449.2324694789003,3395704
2016-05-11,448.98956298828125,453.7900830531315,445.49658005566977,447.73807228236495,3709888
2016-05-12,452.0342102050781,453.1549561807932,447.10294615324,449.7553691751116,3406932
2016-05-13,451.00689697265625,452.0342475352364,445.3658175496896,450.5399194442108,5652064
2016-05-16,453.90216064453125,457.13365428335504,450.16634039231286,452.1089486821566,4533878
2016-05-17,453.6219482421875,457.9181412871001,451.3431071390187,455.77004476464384,3796294
2016-05-18,451.9781799316406,453.5285543740846,447.5138932102062,447.92482429532737,4256596
2016-05-19,450.4465637207031,454.33182622116,448.67204895589003,452.3891721692924,3954400
2016-05-20,448.8961181640625,455.5832450263915,448.2983960899302,450.1663060736382,3994548
2016-05-23,443.8153991699219,450.22233934761636,442.69465321242205,449.56857087240815,4585946
2016-05-24,443.72210693359375,445.2164352246772,439.9302397743134,444.95494601504976,3485060
2016-05-25,451.5298156738281,453.19223704627495,446.0941802684564,446.0941802684564,3857396
2016-05-26,461.05621337890625,463.16696070322996,452.071548447641,452.071548447641,6136436
2016-05-27,466.0434875488281,470.5264709961916,460.10352536041836,460.10352536041836,6180764
2016-05-30,473.5526123046875,475.19638249687335,463.8021296146763,463.8021296146763,5285700
2016-05-31,466.4731750488281,473.23500015177524,462.8680996155907,472.58123164949336,13782038
2016-06-01,470.0408935546875,473.888806718505,465.4832110139986,465.50190835687425,4840534
2016-06-02,471.29248046875,476.2797920018424,468.4719175880521,468.84549965949395,5053552
2016-06-03,473.2911071777344,477.9235337077416,470.7320792617721,470.7320792617721,3998380
2016-06-06,473.23492431640625,477.0641392161443,471.1241772266295,472.5438068453991,4225768
2016-06-07,469.74200439453125,475.38308333546104,468.88274757430634,473.3283823858775,5692420
2016-06-08,462.53192138671875,472.18900814169183,461.50457076165185,472.18900814169183,8741370
2016-06-09,448.0382385253906,463.4389624561453,445.97852825706815,463.4389624561453,12740804
2016-06-10,446.1864013671875,449.7389705293143,442.21811633310534,444.2211738992533,6383956
2016-06-13,446.29974365234375,447.8114710955667,440.6685496994862,444.7502322498923,5286722
2016-06-14,444.0699462890625,446.8666513478629,441.1409743029006,446.8666513478629,2940728
2016-06-15,449.719970703125,450.7404143429411,445.6005505898079,447.3578967233526,6711572
2016-06-16,448.22723388671875,449.54999553815514,442.21810744334056,449.54999553815514,5302564
2016-06-17,445.7706604003906,450.77825789958956,444.1077508719171,449.3610133243446,8515082
2016-06-20,456.82513427734375,457.97784490026885,445.84619532663305,446.33752519672635,6229566
2016-06-21,455.8236389160156,459.1116740079351,451.87426915722375,457.75108230961615,4761724
2016-06-22,453.3293151855469,458.03454889862695,449.03979733665506,455.03000873980693,3031258
2016-06-23,457.9022521972656,459.13053079550633,451.0049954532989,452.4978540455641,3828626
2016-06-24,451.4585266113281,453.140304952485,438.4009622559488,448.98305444833375,7808348
2016-06-27,440.744140625,447.16898259407736,438.40098141939455,442.9550790335339,5583778
2016-06-28,438.0797424316406,443.12512373947646,436.5490998831427,439.4592030031831,7655974
2016-06-29,444.7690734863281,445.9217840437616,438.47649916862014,441.8023177904635,5459150
2016-06-30,442.48272705078125,447.6603760960314,441.40558413080885,446.1486483591094,9346224
2016-07-01,443.08721923828125,445.9594914819934,442.217957707964,445.9594914819934,3991912
2016-07-04,447.4523620605469,451.4773451904148,444.5233904409806,444.5233904409806,5381322
2016-07-05,444.239990234375,448.7940876405582,442.577126943368,447.8492579823676,3596416
2016-07-07,437.3616638183594,442.5582271171301,436.51131709674235,441.6889653479945,5954876
2016-07-08,437.7205505371094,441.04636851344657,435.944289700309,439.53464145770215,5551648
2016-07-11,444.0888977050781,445.4683122331517,438.4010041543692,441.19770944220704,6668882
2016-07-12,444.6558532714844,446.09196699783814,441.42451665221387,445.95970004247636,6197368
2016-07-13,451.17510986328125,451.9309736451703,444.14553978430183,445.9596313145411,5275420
2016-07-14,444.54248046875,452.0255519411896,439.91281382837406,451.628704918305,7413328
2016-07-15,405.3508605957031,449.7011579516331,397.58434192660644,449.5499759711962,61484126
2016-07-18,408.9034118652344,410.018338681097,398.7748643505009,407.1271503406619,14332824
2016-07-19,410.7929992675781,411.9457098451601,405.93658430038363,411.41659603685594,10404644
2016-07-20,409.3380126953125,411.9079679499324,404.3871142615794,404.3871142615794,9822896
2016-07-21,408.1286315917969,410.88750653487585,406.5035061132112,407.78848368531834,8668002
2016-07-22,405.31304931640625,408.1286696631851,403.1399408827467,404.38713461142265,9386538
2016-07-25,408.48760986328125,409.3946554835417,401.74153591415177,401.74153591415177,8469552
2016-07-26,411.4544677734375,411.90801376342483,404.5194261853117,404.5194261853117,7189610
2016-07-27,410.1883544921875,414.4023041580387,407.6184454027726,409.9426895446759,7431820
2016-07-28,407.2215576171875,410.7929950516351,405.9177112228356,410.2072283801651,11258562
2016-07-29,405.8421325683594,406.938144226842,403.0643425288386,405.36971772713946,8156784
2016-08-01,410.15057373046875,411.13318739391724,403.7635157166593,404.9540103682997,9096662
2016-08-02,409.6025695800781,410.05606935976726,406.2767507481565,408.12862609469784,6822502
2016-08-03,410.0182800292969,410.62296177238125,404.50048415547997,410.3017289214545,7213460
2016-08-04,405.06732177734375,410.77408273167157,404.40594112720714,410.58511683163255,4237278
2016-08-05,403.63116455078125,405.69087441805544,400.6077101346705,405.14289175883664,5609968
2016-08-08,407.6750793457031,408.54434107829724,401.5715167078621,404.0091587536538,4643064
2016-08-09,409.45135498046875,409.86707076776634,404.9539569641878,407.03258203493255,7192664
2016-08-10,409.0545349121094,411.1520751655742,406.35231291619607,406.6546768545502,5576454
2016-08-11,407.1648864746094,413.8353931341722,406.37123878312207,408.8088808643176,5038552
2016-08-12,401.571533203125,407.7129261866816,400.6077884658466,406.2956816520147,7449928
2016-08-16,397.50872802734375,399.8708020288985,388.5139317757202,393.8049775392028,16429408
2016-08-17,390.5170593261719,397.830032525412,389.4588315291548,396.8095886923741,6599316
2016-08-18,386.7755126953125,392.7090250257133,386.0574328640135,391.7264113201664,8434000
2016-08-19,385.9817810058594,392.6711791426978,384.9046844958902,389.2697926053693,5686016
2016-08-22,383.7708740234375,389.26977743100326,381.3709931087075,384.7345955580207,10253518
2016-08-23,392.9169006347656,393.8050313538644,385.52831369452633,385.52831369452633,7406138
2016-08-24,399.6252136230469,401.3826062435472,395.69471250502613,395.69471250502613,6129966
2016-08-25,391.5940856933594,399.70070521698244,390.0634432858953,398.71809165870354,4796562
2016-08-26,385.58502197265625,395.316768422836,384.3756352761006,391.53744941305746,6881054
2016-08-29,386.5487365722656,389.26985082250957,382.0891448364633,384.5834861100265,5220282
2016-08-30,393.2003479003906,394.9388253689418,387.38018756283765,390.1957616919059,4375438
2016-08-31,391.4806823730469,395.22221676941035,388.4383587794021,391.9530971671772,11139814
2016-09-01,392.1231994628906,393.2191648926504,390.0256592949559,392.2932503373684,2877826
2016-09-02,389.9689636230469,393.04911737548525,387.83363947968417,392.69010057773977,3332592
2016-09-06,394.93878173828125,396.4127251744912,391.38621313502773,392.38774176054596,8215044
2016-09-07,398.47247314453125,400.2298656340831,394.5608873673114,396.0726149051172,7425470
2016-09-08,392.1610107421875,394.9388007358217,387.002231534432,394.9388007358217,9092774
2016-09-09,391.3484191894531,393.4270443034483,387.96594768492776,391.9153169478155,5053438
2016-09-12,398.3402099609375,399.8519375129714,387.4746681806937,387.4746681806937,6203096
2016-09-14,395.1655578613281,399.7763544004123,393.29481354046663,398.3212797794512,5152418
2016-09-15,393.8805847167969,395.6191082626489,391.2917605798824,395.1655623285848,4701722
2016-09-16,400.6645202636719,402.3085148315743,392.3311032641353,396.45057027554856,9949384
2016-09-19,401.0613098144531,403.9714130959023,393.5593709013485,395.3167634456222,5809154
2016-09-20,396.88519287109375,399.5307161634898,395.2222832890204,398.075687579525,4214004
2016-09-21,399.0015869140625,401.08021227804767,397.22532551127136,398.34020611643086,4231532
2016-09-22,400.154296875,400.98572856535105,397.5843416123933,400.2298647980271,3629514
2016-09-23,394.01287841796875,400.15427113238945,393.0491337229248,399.4739753318572,5205294
2016-09-26,391.49957275390625,394.56081120016006,389.64769765073277,394.08839643579205,6371798
2016-09-27,392.95458984375,396.79060684834917,390.5358170920136,391.1783288338632,6525660
2016-09-28,392.6523132324219,393.918421953826,390.4981199429144,393.0491601651401,5434708
2016-09-29,388.9674987792969,394.9199262923359,387.0022713239363,394.9199262923359,8902638
2016-09-30,391.55633544921875,394.52309142521835,389.6855449974365,389.6855449974365,6502354
2016-10-03,392.33111572265625,393.04919559530884,387.7959326965565,391.34850196052145,3656160
2016-10-04,396.526123046875,397.357600890702,392.4067023271835,393.0491680905489,5066586
2016-10-05,393.61602783203125,396.77174960124023,391.9153344808607,396.52608466810807,2307574
2016-10-06,388.28717041015625,394.93876137488195,387.7391415774554,394.93876137488195,3721882
2016-10-07,382.6748962402344,390.70597124864156,381.74895857946115,389.25089669540233,6288558
2016-10-10,389.2509460449219,389.9312419257824,381.7112230143351,384.35674634215724,5413170
2016-10-13,397.71661376953125,399.85193816712524,386.01964027023814,386.01964027023814,9778690
2016-10-14,388.1926574707031,409.18674127332906,376.51455562764744,397.9244013175407,33461690
2016-10-17,386.3975830078125,393.72947107988324,384.4890084629544,391.1406006626907,8014858
2016-10-18,392.6900634765625,393.23804614434994,388.24936473346196,389.2697621611537,6388134
2016-10-19,393.72943115234375,395.2033285024942,391.5374079053471,393.8049990708221,3509836
2016-10-20,391.7830810546875,397.0929961312629,390.7059844553599,394.844319965399,3535490
2016-10-21,396.6152038574219,397.64654512110275,390.5798197755308,395.35463419821457,3863620
2016-10-24,392.3369445800781,398.29590369057655,391.7257776560098,396.30959953009284,2902974
2016-10-25,388.5552673339844,396.84434907117344,387.79129709672316,395.9275754606513,5636014
2016-10-26,387.40936279296875,389.5675650076014,385.5376261403622,388.4789166025192,2775216
2016-10-27,383.3221130371094,388.8418033336826,382.4053393153963,388.8227087383395,7227790
2016-10-28,381.0301513671875,385.8049652940946,379.3685254464323,383.97144140906653,5840706
2016-11-01,377.95526123046875,384.5826951321555,376.79021103205605,384.5826951321555,6332798
2016-11-02,374.7465515136719,377.2103605569233,374.34547174256693,376.17899592085007,5377194
2016-11-03,369.32232666015625,375.1094109098806,368.65385265904393,374.7465203606579,5225108
2016-11-04,370.9075927734375,374.03987576872356,367.0877411485823,369.3796521234954,6005548
2016-11-07,373.5623474121094,376.6373229211271,372.43548666135797,376.25533780660265,4537672
2016-11-08,375.3385925292969,377.30582534335537,370.75477080910423,376.98114729731753,5261108
2016-11-09,366.0563659667969,372.282719272445,344.16862145190555,355.24619084380925,12764158
2016-11-10,358.83685302734375,367.6607005138674,357.15610907061404,367.6607005138674,7287330
2016-11-11,352.0184631347656,360.97602090911954,350.9298146197393,359.0660948725633,7096782
2016-11-15,352.7823791503906,359.0469449101104,347.052601924253,352.9542771300794,9235850
2016-11-16,359.4098205566406,365.50246476944176,354.69229018074395,355.24617328586834,12222616
2016-11-17,355.1697692871094,362.50388844758345,353.8710338335447,356.8696077788776,5706730
2016-11-18,351.42633056640625,356.4876336968464,350.47136771160626,355.24618198560637,6040228
2016-11-21,348.0266418457031,354.0620255379419,346.4414175484305,354.0620255379419,7940568
2016-11-22,349.2108459472656,354.73053629881525,348.23678842982144,350.2422105658342,5483126
2016-11-23,351.52191162109375,352.53418181709895,348.54243145852314,352.2285749782479,8251786
2016-11-24,355.3607482910156,359.0278193885724,352.6868524824835,354.5585888742645,16780644
2016-11-25,373.3905029296875,376.255391698969,355.4181053799665,355.4181053799665,12631380
2016-11-28,374.2499694824219,375.6633192712109,370.7547958588176,374.07807149339595,7365712
2016-11-29,371.5187072753906,376.14074107787496,369.4177891782216,373.88701961146717,6125506
2016-11-30,372.6456604003906,373.1995436080571,367.1068749527787,371.67160279492276,8500918
2016-12-01,372.6647033691406,375.70148997743775,369.37964040182106,372.8175067550955,4611590
2016-12-02,368.4247131347656,370.3728282641003,367.12595417219205,368.5393040280455,4453228
2016-12-05,367.3360595703125,369.9908379334058,365.94180433030033,368.9594965936985,3659576
2016-12-06,369.1886901855469,374.1544977100291,367.3360713195312,367.3933551099442,3562110
2016-12-07,369.15045166015625,371.67154427909736,366.78213910975893,369.76161856337745,3385980
2016-12-08,376.12164306640625,376.67550281719053,370.5446465431763,370.5446465431763,5941662
2016-12-09,377.91705322265625,385.09839372793016,374.91847868936196,376.2554269067973,8648384
2016-12-12,373.3331604003906,375.4149840380818,368.6920550232951,375.4149840380818,5345020
2016-12-13,378.24169921875,379.253945874929,370.9457688838266,374.5364386103882,4854282
2016-12-14,381.8896484375,383.87597585296777,375.9115715967652,378.54727842116785,5382614
2016-12-15,379.0629577636719,389.2237768358547,377.7833168252098,380.99200144053566,7966416
2016-12-16,383.952392578125,385.690420391764,381.12569307068367,383.4366986238427,6436742
2016-12-19,383.76141357421875,385.13655087190386,379.73145134541215,384.3152734237289,4124134
2016-12-20,386.62628173828125,389.2428707091921,382.48172884162335,382.74912311149217,7636498
2016-12-21,382.5772705078125,390.3888724721417,381.31672401694277,388.0969612834599,7343976
2016-12-22,376.1407775878906,384.65904167305877,370.33459871105305,382.94010851761806,7060054
2016-12-23,377.5732116699219,384.50622788726577,371.900718421707,376.2171691024405,7306036
2016-12-26,375.39593505859375,379.69326832688085,372.47373911034845,377.40135725046105,3213828
2016-12-27,381.583984375,382.71084497679016,374.3453627487406,375.3958216748213,4912816
2016-12-28,381.4122009277344,385.72862878409165,380.07525280229913,383.1120396358356,5476816
2016-12-29,379.0629577636719,385.0410347419732,377.45863877053245,383.41759783953927,6240124
2016-12-30,386.03411865234375,386.5689070986437,379.215694191876,381.22111589372173,7267768
2017-01-02,382.40533447265625,386.93187260882024,381.73686044244215,386.22518607387957,2335222
2017-01-03,379.6358642578125,383.85681806372577,375.1093503638527,383.5512113466409,6778482
2017-01-04,381.12567138671875,383.589480189382,379.0247531280097,380.09430685135703,7073586
2017-01-05,380.5144958496094,385.613987999575,377.68779656719147,382.5962961525214,8207074
2017-01-06,371.38507080078125,381.5458667033603,369.78072847023617,380.0370439770796,14393448
2017-01-09,370.6593017578125,373.1804178778736,368.61569041654616,371.3850829093129,10545692
2017-01-10,370.73565673828125,374.7274059394808,369.74250474355716,373.19946544635343,11939854
2017-01-11,370.1817932128906,373.7533682930674,368.21458371272365,372.12993143331147,12241574
2017-01-12,382.00421142578125,383.6658606727169,373.40954629704225,373.40954629704225,11855740
2017-01-13,372.7410888671875,397.26453911795,367.7370929406453,393.44468778027743,31276246
2017-01-16,365.04412841796875,368.7875783326846,363.8217712399225,368.615680347338,12351372
2017-01-17,364.94866943359375,368.2337328280333,363.80271383350646,365.2733475278079,5560094
2017-01-18,363.19146728515625,367.0877203850299,362.8094821442769,365.9799541506707,5952962
2017-01-19,365.9799499511719,366.5529276559161,362.16009858621015,363.267864807858,8876480
2017-01-20,362.3892517089844,364.0890899856281,361.3578873253844,362.8858276523417,9124742
2017-01-23,363.9172668457031,365.9417835321936,359.0660506474551,360.97597644877135,7948580
2017-01-24,361.18609619140625,362.88593497075345,359.10427221735307,362.88593497075345,6826010
2017-01-25,357.7672424316406,361.6634951918392,357.0796739009046,361.39610095363054,9978090
2017-01-27,359.88739013671875,361.9500963691758,344.2259958648436,356.716894108107,10635138
2017-01-30,362.63763427734375,363.45891176952773,354.80693780726983,358.11111905825777,11369208
2017-01-31,354.71142578125,359.6390438868156,345.4482852456629,359.6390438868156,24068534
2017-02-01,350.1849060058594,352.64871502517315,345.7538873418487,351.84653217623224,11531782
2017-02-02,357.4999694824219,360.97602558820114,347.6447323544239,350.28043964484704,11828268
2017-02-03,357.5762634277344,359.4098106652047,351.8273920037454,356.6977023099175,8423958
2017-02-06,357.2516174316406,360.4984912602094,355.45628253411553,358.01558774424507,6727934
2017-02-07,359.925537109375,362.8095205655209,354.69233546223177,356.3921741820609,9268002
2017-02-08,357.72906494140625,360.632142528096,356.182029868045,357.53807238137347,6319962
2017-02-09,361.35791015625,362.88585057974365,357.7481462428421,357.9200442033893,11907266
2017-02-10,369.876220703125,371.28957043868724,360.3265918338172,361.45345270330023,12252452
2017-02-13,376.007080078125,376.6755541030723,367.79439920020087,371.6142507713284,13724268
2017-02-14,377.2866516113281,377.7832275306185,371.4231669020966,374.34536196158354,9338818
2017-02-15,375.0330505371094,381.5267986919273,370.06724312460153,377.85975023619324,7259486
2017-02-16,386.6071472167969,387.2947391139209,378.18437962225204,378.5472701647292,12815858
2017-02-17,382.0234069824219,387.23751453101795,379.1967303595186,387.23751453101795,4851208
2017-02-20,385.9004821777344,393.82667371961804,379.5022311740451,380.648186577691,4650662
2017-02-21,387.18017578125,391.3438236406701,382.0042811661355,390.42704986709253,7613996
2017-02-22,378.2225646972656,387.71488532245536,376.79012053967034,387.71488532245536,6607838
2017-02-23,385.36572265625,389.62486655270936,379.44495262530194,381.56498893316393,9542656
2017-02-27,386.7218017578125,390.77083530021594,384.6399778843639,384.7736633702402,5328696
2017-02-28,386.7218017578125,390.6562444102469,385.51853912682594,386.51169125925696,5940132
2017-03-01,391.592041015625,392.29870413641106,385.84314651468713,386.5689275424031,4282448
2017-03-02,390.88543701171875,392.68077205268577,388.28794240423645,391.30563470593796,2948498
2017-03-03,393.903076171875,395.08726746459405,382.1379612860727,385.90050576554967,5401612
2017-03-06,394.9344787597656,395.7175203851406,389.5102846530439,389.64397013746895,5286386
2017-03-07,389.5484619140625,391.84039619099264,387.6003469218269,390.38883392984957,4644496
2017-03-08,384.9646301269531,388.4407089862642,383.684989198202,388.4407089862642,6179176
2017-03-09,386.3970947265625,386.9509778869364,381.6031854975809,384.9646503365566,3480630
2017-03-10,390.3315124511719,392.54704495150247,387.10375661630457,387.71492352462286,4550324
2017-03-14,395.2782287597656,397.99031384038113,390.69438391325895,390.69438391325895,7878396
2017-03-15,386.54986572265625,395.31642931764367,384.85002719274655,395.31642931764367,6373978
2017-03-16,393.00543212890625,394.094080535658,387.06556740888766,387.06556740888766,6702956
2017-03-17,397.3791809082031,398.37233299916477,389.3383746323399,395.50744429694004,9507846
2017-03-20,390.19781494140625,392.1268585224946,387.7531007544862,392.1268585224946,4427388
2017-03-21,394.53338623046875,395.33554578752467,389.16649908181773,389.9686819533989,4869584
2017-03-22,392.56610107421875,397.2454189360865,389.77763759110377,390.56070244794046,3990852
2017-03-23,397.43646240234375,398.41054326424563,392.1459769781924,392.7762618518318,4501662
2017-03-24,393.9794921875,398.7924957413274,392.56611915811527,396.5005848462623,4883896
2017-03-27,393.00543212890625,397.9712393300642,391.34380596817476,392.37514727371877,7684824
2017-03-28,395.4119567871094,396.8825903610977,393.4638417521477,394.0177015952573,4796796
2017-03-29,394.1513977050781,397.8375640089839,391.85948663061447,395.0872893712476,6981186
2017-03-30,391.7257385253906,395.6983930785654,389.7203166558067,394.9726120285265,12157180
2017-03-31,390.484375,393.17738934127647,385.04108584005866,390.8663602042064,14153854
2017-04-03,385.3466796875,394.38061602083667,384.31531494554406,394.2660484339304,4315600
2017-04-05,380.4380798339844,384.0478438325648,378.5472488523926,383.8950404608018,7398338
2017-04-06,381.8323669433594,384.2006796623556,378.9292889746057,381.2785070979899,5379008
2017-04-07,374.9375305175781,382.3289573795464,373.9634730188913,382.3289573795464,6404508
2017-04-10,364.1846618652344,377.974316853116,362.9240921821697,376.2171944381229,9528472
2017-04-11,369.4369812011719,371.17500913096995,365.1969316566312,365.1969316566312,8655466
2017-04-12,370.0863037109375,373.161302823872,366.8394299319084,370.52559595979193,6696752
2017-04-13,355.78094482421875,378.16526319886856,353.96651553109285,370.52556091202274,30973188
2017-04-17,353.29815673828125,356.0484318063791,352.7633680780796,355.24627213060535,7213434
2017-04-18,352.4386291503906,356.7741515375911,351.08256313478967,353.2407886877809,4647518
2017-04-19,351.1208190917969,355.24625480729867,348.6188205622424,352.5723582657384,10071702
2017-04-20,354.2148742675781,355.13164808107683,350.8725037395487,351.9993647519039,4549000
2017-04-21,352.8397521972656,357.0797788112959,351.84657663705474,357.0797788112959,3577466
2017-04-24,353.9283447265625,354.67322045018653,348.7524504803665,350.47138369741106,5556666
2017-04-25,354.9978332519531,356.39208815306506,351.63636913056234,353.6800033460896,4737060
2017-04-26,349.2299499511719,357.3662296021416,347.6829146389035,355.2271219252427,9084496
2017-04-27,353.4317626953125,354.86420701858447,349.8984000312415,349.8984000312415,7797208
2017-04-28,351.0252380371094,354.25301703160096,349.7455738696013,354.0429065595842,5029702
2017-05-02,352.41949462890625,353.87105686932625,349.55460596679876,352.95428317164243,3231126
2017-05-03,356.8887023925781,358.7222263541694,350.528663965072,353.90922304067703,4659448
2017-05-04,358.16839599609375,358.932366319072,354.82602583306385,357.9200963153162,5279806
2017-05-05,355.8191833496094,358.05378725256526,351.4263539255401,357.538116602506,4432788
2017-05-08,361.1669921875,362.332042338103,356.010192193284,358.30210330182445,4707098
2017-05-09,361.60626220703125,363.63077889866133,359.86821107180185,363.1150849422824,5649372
2017-05-10,360.4602966308594,362.88589301096545,357.97739315236333,361.7972446577419,3364302
2017-05-11,360.6322021484375,362.82861695192963,358.1302038612776,361.68266140228155,3229482
2017-05-12,368.32916259765625,368.99763657696235,363.4397575833504,364.0318298735457,10979996
2017-05-15,363.47802734375,368.0427553343624,362.5421589023607,368.0427553343624,7297164
2017-05-16,364.7957763671875,366.7630089896356,361.7208009256352,364.0699953397063,6130168
2017-05-17,363.95550537109375,366.11373114494415,360.53673306040884,363.49711845373747,2915508
2017-05-18,367.3742370605469,372.0153661994949,360.154708025411,360.21201512669165,8057848
2017-05-19,365.92266845703125,367.73709786673123,362.06460456558716,367.27871103716564,4257396
2017-05-22,367.2596740722656,369.34149806876184,365.38793727221736,366.0946238787576,5503052
2017-05-23,365.6744079589844,369.37966886594285,364.45205072072156,368.4820130192245,4039982
2017-05-24,364.71942138671875,368.80666720874683,362.7330939175111,366.70574885592646,5636286
2017-05-25,375.60601806640625,376.86656448151075,367.0877533233683,367.0877533233683,10438514
2017-05-26,380.3426208496094,381.9851523417743,374.5746310605345,377.01934536133126,4988004
2017-05-29,376.31268310546875,380.7246069632513,372.7029187438199,378.50909773697975,6308434
2017-05-30,380.5335388183594,381.9850774497647,373.82970537201976,375.10934605566894,3716910
2017-05-31,373.2186279296875,379.52138361033616,372.3782558426958,379.52138361033616,7763900
2017-06-01,376.74798583984375,379.96705481751076,371.7642249861363,375.93350720354334,5508606
2017-06-02,375.9916687011719,378.3187097902438,373.95550774823397,377.52364215252146,3917966
2017-06-05,371.84173583984375,376.980617717161,371.18240286460366,376.20493743379234,5462698
2017-06-06,379.83123779296875,382.9921444539243,374.03304654355316,374.2657411625691,7008686
2017-06-07,372.8307189941406,383.53512097934396,366.5089294949015,382.0225349761672,12455046
2017-06-08,370.94970703125,373.47066794392674,367.7306386002087,373.47066794392674,6195352
2017-06-09,367.9052429199219,368.81668168885096,357.9765422251208,364.0074532346222,14757662
2017-06-12,373.81976318359375,374.34336165095857,364.6085585350558,365.86903917117155,8591676
2017-06-13,371.4732666015625,373.47065271197357,369.0686530947044,369.8055588001857,4937794
2017-06-14,371.7835998535156,373.06349142900075,368.91359662603554,372.3265855929267,7438110
2017-06-15,369.2626037597656,375.40988444716487,368.29300336792517,372.1908158806315,5528062
2017-06-16,364.6667175292969,369.9413343390841,363.0183968172527,368.09909354327004,10948450
2017-06-19,360.6331481933594,364.6666951570701,359.91565339618296,364.5503478483231,6855860
2017-06-20,365.9466552734375,367.2459342860952,362.262172977773,362.6306259417174,5184396
2017-06-21,365.8690185546875,368.06032500582626,363.03779001978904,366.50896431033283,3735864
2017-06-22,364.6279296875,375.7007613326851,362.6693179753239,367.55611811129097,9465242
2017-06-23,365.830322265625,368.11858924974536,363.79416091720776,366.5090427150974,6403018
2017-06-27,359.5472106933594,367.67246666899734,358.26734291717963,366.5089462048549,6904660
2017-06-28,358.6358642578125,361.85493342204455,357.2008506770665,361.77736064191714,5905224
2017-06-29,360.7689514160156,367.65311482560395,359.37271252136145,360.7689514160156,15914040
2017-06-30,362.84381103515625,363.7940240412822,360.3034630430183,361.0015705082947,4216700
2017-07-03,369.18505859375,370.38735362366975,362.4754048733212,364.9963659189273,5088924
2017-07-04,373.16046142578125,376.2049975558026,368.2154988290426,369.94136879784537,5167726
2017-07-05,368.7972717285156,371.9387680167317,366.6641505355104,371.9387680167317,4226228
2017-07-06,367.28472900390625,371.16313163330335,366.19878100205324,366.5090484780268,3829720
2017-07-07,362.7856750488281,366.6834637066684,361.8742365201548,366.06290528189186,5776886
2017-07-10,371.18243408203125,372.2489945613637,364.5697638445472,365.810857136693,1464376
2017-07-11,378.2799377441406,383.76788616102965,371.02734478553026,371.02734478553026,11539708
2017-07-12,377.1163635253906,380.6651103962078,375.7201484425128,378.1247621269218,6275976
2017-07-13,378.9392395019531,381.42142609891226,373.91670448472405,379.0168122715867,5170392
2017-07-14,377.00006103515625,390.4968952378497,374.67301983910954,387.62689196585774,22478180
2017-07-17,381.6541442871094,384.7374786131954,377.7563550093269,378.14419520954186,7698250
2017-07-18,382.2552795410156,389.70181587947934,380.50999869630783,382.42981235986366,8260180
2017-07-19,380.0251770019531,383.4381893986052,375.8558952194761,380.6457354703831,5890278
2017-07-20,375.9916687011719,380.0251923857649,375.0220682473919,379.8118850203105,6809740
2017-07-21,380.1220703125,381.07228328630487,376.7478803997885,377.36841508739775,5980754
2017-07-24,384.1751403808594,385.51319392715743,381.0918057755349,381.4408714560959,6129176
2017-07-25,385.4549865722656,387.45237313978953,382.4880231432469,383.96181121961126,7145614
2017-07-26,385.53253173828125,387.45234539126386,384.11692926405755,387.1032797554902,6870024
2017-07-27,376.6122131347656,389.3915521761182,374.9638923212711,386.2888306448344,12676852
2017-07-28,386.8123779296875,389.0036843240957,373.218584921732,378.5319999006156,11098428
2017-07-31,392.1839904785156,396.2563123241579,382.7012934464286,384.6986798204265,19158248
2017-08-01,389.9926452636719,394.4334195694052,387.2001915411932,392.10637874598683,7689398
2017-08-02,385.2610778808594,392.78518771160464,382.8758747011969,390.167266193902,4257584
2017-08-03,381.634765625,387.3554087072853,380.18036484136815,384.34964708777943,4640348
2017-08-04,381.5378112792969,383.5739724068357,378.5514368911957,383.1861321920664,5349018
2017-08-07,375.5262145996094,381.53773675431523,374.53722697950224,381.44077671956194,6073744
2017-08-08,373.81976318359375,376.3019499050072,370.4067741955655,375.6232295624833,6004648
2017-08-09,375.95281982421875,377.7175113498336,374.0911919381731,375.2935105419922,3922410
2017-08-10,380.5681457519531,382.99214668030953,375.95283851560896,376.16616953481156,9140684
2017-08-11,383.0697021484375,386.6766106325997,376.04978157374296,378.5319678810605,6544156
2017-08-14,380.6457824707031,383.6515441268818,378.97807428616875,383.1861311360636,3816470
2017-08-16,378.2217712402344,382.4492152558405,375.8171572438221,380.8590798900241,6178080
2017-08-17,395.9266662597656,399.1845334707155,387.08391426532864,389.779408441165,25784260
2017-08-18,358.0733947753906,394.78247201071906,342.9282426552001,394.78247201071906,164404960
2017-08-21,338.7396545410156,358.3643600260689,337.4209883362337,358.3643600260689,90407176
2017-08-22,339.51531982421875,347.9120459331676,333.5425712882099,347.1945510334536,49242598
2017-08-23,346.2636413574219,350.4911079749206,338.9334775686881,341.2992927428118,61284190
2017-08-24,353.7684326171875,356.13424826623765,349.9675798838614,352.93456675445276,42380524
2017-08-28,364.95758056640625,369.9801152352517,363.7940601182668,366.1017137414535,40712108
2017-08-29,359.7024230957031,365.3454936615111,358.9655171959955,365.1321862711396,13369392
2017-08-30,359.39215087890625,364.18196814777065,358.4031393761379,363.483860483143,16149664
2017-08-31,354.8543701171875,360.2841325253621,354.059302498939,360.225947030806,15022452
2017-09-01,356.7936096191406,359.10126362691824,352.93459475529573,355.24224876307335,8433922
2017-09-04,349.1337585449219,357.2396046557644,346.5352244275954,357.2008301038784,10177108
2017-09-05,349.7930908203125,350.99538598864564,347.9896243959252,349.8318653721087,9783392
2017-09-06,347.3497009277344,349.1725547452559,345.1778051059358,349.0562074104969,7735910
2017-09-07,347.4078063964844,349.250047066742,346.0891404479675,349.0561269961886,6241192
2017-09-08,342.96710205078125,348.66835802313454,342.1138488318086,348.66835802313454,8604542
2017-09-11,340.7951354980469,345.87583185950183,338.8365475268852,345.3328698670372,13787642
2017-09-12,342.8701171875,344.3051306330486,340.83395617840563,342.2883568991873,17241354
2017-09-13,342.75372314453125,344.2468982122491,341.6871627613375,343.43244338838184,11478228
2017-09-14,346.1085205078125,347.73743001760005,341.91982842012595,343.04457419772353,13698006
2017-09-15,352.255859375,354.19506036247594,346.03102893957976,346.06980349057443,13459460
2017-09-18,352.5854797363281,355.9403065866946,351.4995320234779,352.93454534883364,8475860
2017-09-19,353.8072204589844,355.2616212007999,350.41361872808153,352.15889961826014,6033330
2017-09-20,353.9818115234375,355.64951991406525,351.9456501498837,355.64951991406525,5767830
2017-09-21,352.760009765625,354.97070339302593,352.2170477494165,354.87374335385823,8204152
2017-09-22,348.3968505859375,353.03154575900777,344.4021012183454,352.2170907992059,17604088
2017-09-25,347.2526550292969,349.81241412066845,344.82865418815896,349.44396125843883,9088700
2017-09-26,351.3443908691406,352.3139912152064,346.8454310602654,347.8926041683931,7366478
2017-09-27,348.97857666015625,352.120096208137,347.15572314543437,351.42196497177343,6000138
2017-09-28,347.5048522949219,350.56879963547436,346.8455191577523,347.5436268498597,17537266
2017-09-29,349.0173645019531,349.9869648881994,347.1169382761567,348.2804587396522,5705832
2017-10-03,350.43304443359375,353.71029919892663,349.6767512305339,352.97339327350636,4947522
2017-10-04,348.9010314941406,351.15052357258486,347.9508419497037,350.21969763171916,4991492
2017-10-05,350.2391052246094,350.97601110986665,348.6683570711803,349.0561972903918,8611300
2017-10-06,356.8711242675781,357.58861907788526,350.5881090895334,350.6074963626988,8574308
2017-10-09,358.3255615234375,360.3035370265184,354.4859341681785,356.8129753115145,3504832
2017-10-10,362.8050842285156,364.55036495728103,360.51681780426924,364.55036495728103,7143220
2017-10-11,360.9628601074219,363.79408868584494,359.9156868874884,362.80510096164124,5982504
2017-10-12,359.64422607421875,362.37849485132676,356.63846441265656,360.6913993874632,10280972
2017-10-13,360.73016357421875,362.04882973402425,359.7411757903083,361.77733685737167,7180728
2017-10-16,364.181884765625,365.3454051642372,361.8548439684006,362.99897709474584,5758750
2017-10-17,360.88525390625,363.3286420784927,360.4974137623422,363.3286420784927,5625102
2017-10-18,358.50006103515625,360.6913675216497,357.9570989861047,360.2647527922602,7231852
2017-10-19,359.5084228515625,361.4670108260609,358.8297026059127,360.6913305453183,1091434
2017-10-23,364.3758239746094,365.3454243577243,359.95443675885133,360.69134251877244,9154096
2017-10-24,359.333984375,367.14897472357916,357.4335577195873,366.8968690974096,14529328
2017-10-25,362.7469482421875,366.39265573080775,354.9707566682361,356.4251574740333,13984134
2017-10-26,367.42034912109375,369.1462424876812,364.6085080910875,365.3454138297737,33659258
2017-10-27,367.0325622558594,371.43456271045716,366.1211472584518,370.38738944048885,8524956
2017-10-30,366.1599426269531,370.25167588986346,364.97703468905894,370.25167588986346,12968326
2017-10-31,362.52227783203125,365.72731714777746,361.79476535048957,363.7610412491335,9954988
2017-11-01,364.5672302246094,365.49139435077285,363.0925232170649,363.7610618609636,5633134
2017-11-02,362.93524169921875,364.1543232451947,361.794791993066,362.99421557908613,4686138
2017-11-03,364.4099426269531,365.6880220337782,360.59536236610427,360.6150203257307,3699086
2017-11-06,365.2160339355469,367.6935363855818,362.83684526529413,363.0334728248586,5066534
2017-11-07,375.7553405761719,377.52498896193094,364.09531438904696,364.25262606873804,13442820
2017-11-08,374.49688720703125,378.2524692160373,372.60926722368487,377.6232705557186,5369994
2017-11-09,375.3620910644531,378.7047602881806,372.90424604700644,374.7722082602659,4723232
2017-11-10,378.3311767578125,379.23565895653763,373.59245619289715,377.0530973024158,6589428
2017-11-13,374.3592529296875,381.22156024590134,373.33677511616673,378.33112042952985,5021216
2017-11-14,373.2384948730469,375.49971223762964,370.93796159003693,374.35928657692756,5733710
2017-11-15,374.3002624511719,374.96880103430163,371.4295045379107,371.6851299969396,7023516
2017-11-16,388.6934814453125,391.6428956893763,373.00258806593524,374.3003255328444,15687502
2017-11-17,381.8311767578125,387.5530356495723,379.55030118612757,387.5530356495723,8057670
2017-11-20,377.7413024902344,381.850824401939,376.44356504506294,381.06431395002977,5661190
2017-11-21,379.98284912109375,382.0474389869522,377.54466200283935,378.03623101851997,5364656
2017-11-22,380.0025329589844,381.8704953457767,378.82276724101024,380.1205047303028,6084920
2017-11-23,389.8142395019531,391.0726610150738,381.06431079686513,382.0474488536166,11894618
2017-11-24,397.01080322265625,400.84504162414754,389.401324303731,389.6766077586758,18619912
2017-11-27,392.7636413574219,395.8900250803451,390.62039566042466,395.8900250803451,6017730
2017-11-28,387.2384033203125,393.21588720833194,385.90132602872126,391.05298359112965,4616868
2017-11-29,386.45184326171875,390.08945342328025,385.5080212945199,388.39846106757284,3838070
2017-11-30,383.8563537597656,389.1063245702415,380.80862625638935,389.1063245702415,17266944
2017-12-01,377.0531005859375,386.64853756635745,376.36490395011543,385.1541725290511,4085000
2017-12-04,387.4940490722656,391.9968264630004,380.88736570538276,385.39014309611747,17811606
2017-12-05,387.10076904296875,394.4349885506762,384.9968632015075,387.4940242658508,9976738
2017-12-06,389.4406433105469,390.93500836043853,386.96314020120093,387.3563954249826,7490094
2017-12-07,393.17657470703125,394.39568032318414,387.592345632691,388.92942301753106,7549544
2017-12-08,393.9826965332031,396.0079703319847,391.2889081234606,393.6484392277227,5983244
2017-12-11,395.33941650390625,395.9686391755953,390.87597993774347,391.2692351066526,5139098
2017-12-12,397.3843688964844,398.7607620594113,394.0416997865189,394.0416997865189,9320434
2017-12-13,394.72991943359375,400.7270614224976,392.3310722389895,397.5417038031191,5362398
2017-12-14,398.4068603515625,399.15405488284273,392.9799430265406,395.3198164246085,6023572
2017-12-15,402.2607727050781,403.6371659701719,397.9152833376528,398.3675364399983,10384134
2017-12-18,399.7832946777344,405.3281843393466,395.53614259624453,397.9350141254614,4035448
2017-12-19,394.80853271484375,400.31410509474426,393.07820036591875,400.1174775097478,7118898
2017-12-20,399.48828125,400.56973303898474,393.6484511904394,395.2607878930597,4186326
2017-12-21,401.926513671875,404.6399604293433,392.6260416373537,399.0754131788222,11059162
2017-12-22,408.72979736328125,410.87306708399154,399.54729771074847,399.54729771074847,12906940
2017-12-26,407.2550354003906,409.5752504527835,402.30002996946473,405.052816098288,10808906
2017-12-27,406.7241516113281,408.631429547539,404.03036335051235,404.2663068469377,6970172
2017-12-28,406.33099365234375,408.98546663289375,402.6147266790945,405.05291406911596,8433472
2017-12-29,409.7916259765625,412.44609874248437,405.052881318446,405.0921972399465,6601768
2018-01-01,406.4489440917969,410.7550694668685,405.0528688854711,408.08091481988475,5431340
2018-01-02,404.9349365234375,409.7719955966011,402.30014538898547,407.90403304469714,6112248
2018-01-03,401.631591796875,405.68211616995177,400.56979779556065,404.46303446624773,6846552
2018-01-04,399.3113708496094,401.5135905405488,397.0304713096574,401.5135905405488,8947614
2018-01-05,397.9742431640625,403.6371273713061,395.61471207810956,399.27198046085834,11025976
2018-01-08,407.4320983886719,408.5921821099753,401.13999073492084,403.04729299317495,5594690
2018-01-09,409.5162353515625,410.9123103172242,404.62022800172963,408.9853505071483,9948236
2018-01-10,413.8028259277344,415.2775330764433,406.2523445282605,411.6596040735267,9468634
2018-01-11,423.06390380859375,426.0526333069231,414.98249138427366,414.98249138427366,16775298
2018-01-12,424.10601806640625,427.0357978801231,420.99934063322485,426.99648196415524,18016528
2018-01-15,425.1678771972656,429.8082598429778,418.85611191486214,424.71562410767524,10649250
2018-01-16,441.5665588378906,446.2659869308199,425.20715333704703,425.20715333704703,22646966
2018-01-17,453.06927490234375,456.88387888070287,441.6255589768302,442.35307144542605,26154088
2018-01-18,453.30523681640625,458.10297892145707,445.2041895300746,450.2771910653042,13204970
2018-01-19,449.6676025390625,451.4176168391085,446.73787074008277,450.27716725122775,5988278
2018-01-22,452.24346923828125,454.97657361132946,445.16487580672555,445.2238736862787,9650214
2018-01-23,462.9007873535156,467.18727957005865,454.20985513755704,454.20985513755704,15403796
2018-01-24,466.3220520019531,480.18429829660766,459.125462383239,461.99624464759285,20604718
2018-01-25,462.232177734375,465.3782193755758,457.06086218569413,464.82765248740844,13548914
2018-01-29,465.18157958984375,470.4315268401436,458.22093383811574,458.7518667549918,10823002
2018-01-30,460.36419677734375,465.26020468032584,457.23778922074496,463.60855208781675,8628312
2018-01-31,452.3416748046875,458.77138603229776,449.1563181236007,455.8416547649219,9213698
2018-02-01,450.1199645996094,455.3502788014108,439.8756937974486,449.1761423670928,13005454
2018-02-02,449.5889892578125,457.3164632269441,444.41767398553264,446.44294778476416,10244486
2018-02-05,447.60302734375,454.1507357015026,446.6788872703239,448.31090587072214,9860220
2018-02-06,435.6284484863281,443.7294960181342,430.67344255947864,432.5610387195814,10552078
2018-02-07,436.1397399902344,442.33350997573194,433.97683618577497,438.87284468668093,8342056
2018-02-08,446.0498046875,450.82786597631724,439.0892053811803,441.5470508996259,8807244
2018-02-09,436.1790466308594,440.5638520330013,434.9402830591635,439.6593458048326,4382690
2018-02-12,433.6818542480469,440.68176801302224,431.7155782458428,438.40091665333665,6291972
2018-02-14,431.6958923339844,439.3840506341715,428.7267963959087,434.940247707936,8345712
2018-02-15,438.2633056640625,444.26044838397473,433.76055213529133,433.76055213529133,7986736
2018-02-16,443.611572265625,448.9598336825004,439.6986540048525,442.4121246369165,9889222
2018-02-19,445.0664978027344,446.7378321218522,440.56374572137474,443.749102705091,6461840
2018-02-20,447.1114501953125,452.04682182339633,434.0553976403425,434.0553976403425,7188594
2018-02-21,451.22113037109375,452.99077918011034,448.31103161752947,451.26044629922376,13771358
2018-02-22,456.47100830078125,457.74908779850045,448.48790792849667,450.4935480056717,17859974
2018-02-23,454.46539306640625,458.5355748892082,450.96541209622603,457.5524368641456,9459828
2018-02-26,447.76043701171875,454.2295149510593,446.0891021284377,452.63681191919176,5083608
2018-02-27,452.3220520019531,453.6788110653432,442.6676669219697,450.2574624750706,6616026
2018-02-28,461.1309509277344,467.7769721549346,449.31366319991,451.2995727824016,17268416
2018-03-01,456.47100830078125,459.9513074859203,454.6227279213798,459.9513074859203,6579852
2018-03-05,454.5636901855469,460.423202200822,449.5890023603534,456.4709682832103,8101456
2018-03-06,452.77435302734375,458.2996076441421,449.7266253073895,457.1788399545351,6689734
2018-03-07,449.92327880859375,456.17604628535906,447.5441135769602,454.20977022378423,6370416
2018-03-08,454.858642578125,458.45693730573333,451.85023065816443,451.85023065816443,6093014
2018-03-09,457.51312255859375,458.53557650730966,454.42607874996065,457.1001853846957,4220964
2018-03-12,466.30242919921875,468.7012767082034,460.796855504267,462.4681903759488,7676970
2018-03-13,465.5355529785156,470.7265027290004,462.1338856928413,464.11979576948517,8581052
2018-03-14,464.35577392578125,468.20964620378146,459.7546591386027,464.0411505539995,4429710
2018-03-15,465.0242919921875,467.34450736291564,460.895112232426,464.041153954149,6101500
2018-03-16,460.8557434082031,464.98492269395797,459.81360760655633,464.8276110249729,17954826
2018-03-19,450.9653625488281,464.2377244289441,449.35302596582954,457.7490141764429,7526620
2018-03-20,457.9653625488281,460.1085841877888,451.692913303397,451.692913303397,8553766
2018-03-21,459.1253967285156,462.2714379908952,457.04112519027717,460.10853462300923,7692994
2018-03-22,456.6873474121094,463.0383813845736,454.3278158791195,457.9457450277872,6813168
2018-03-23,459.1647033691406,461.60291410110585,449.2350108353149,451.06365688309404,12008084
2018-03-26,454.3080749511719,458.88950768407545,449.88395390100897,458.88950768407545,8930722
2018-03-27,453.8164978027344,456.68727994568815,452.2827929319068,456.17602898715063,3802088
2018-03-28,445.08624267578125,452.53840931485536,442.90365717215366,452.53840931485536,12558322
2018-04-02,447.190185546875,452.0665599033436,440.9570998756672,448.70420855145915,8072702
2018-04-03,448.4879150390625,449.70704467543135,443.6312224716868,446.2266974303242,4077168
2018-04-04,442.0974426269531,450.10022373511686,440.44579011593095,449.8839141898438,4813302
2018-04-05,451.2800598144531,452.7547669316132,444.0244719951523,448.13401796451166,7763544
2018-04-06,443.1985778808594,450.6704261326219,441.27161794129063,449.4906606191857,5937742
2018-04-09,437.0047912597656,442.72667297041056,435.1565112320524,442.41204964430716,7202882
2018-04-10,437.8503112792969,442.2154340194846,434.70426995234635,437.29974444612435,8926058
2018-04-11,442.1170959472656,444.9681957432342,439.0693685791613,439.6592512955686,9025574
2018-04-12,457.198486328125,461.1900362126535,442.41210039585184,444.16206683550354,17044366
2018-04-13,460.6786804199219,466.3612455747737,452.3416912715112,461.68150015453523,21227038
2018-04-16,445.6368103027344,448.3109650858639,433.3672662496685,433.3672662496685,24745084
2018-04-17,442.4907531738281,443.3559434584164,438.4795691423334,443.1986317698742,10397940
2018-04-18,442.78570556640625,446.2463707809877,438.0273268999483,441.5666239583567,10430380
2018-04-19,445.4991149902344,448.2322672568533,441.6648770374921,442.01881629562473,8525542
2018-04-20,463.431640625,469.4287833229172,447.1115473814877,447.9177398641083,24272692
2018-04-23,467.0690612792969,477.56900121194764,454.30795253507887,459.3219550408761,21830638
2018-04-24,454.01318359375,470.4905880778422,452.28285090243884,466.0074686518785,8526216
2018-04-25,456.3137512207031,460.501929523132,450.3559241711742,453.0300792575987,11594178
2018-04-26,462.6451110839844,464.69006714894937,456.1760815433249,461.6816549412616,11302084
2018-04-27,466.0860595703125,468.6029025362228,461.76025222429956,464.0411516632029,7663370
2018-04-30,471.7096252441406,475.0326125727079,464.2967741232538,464.7096632916252,5511678
2018-05-02,470.7461853027344,472.5354677698659,464.43441975278176,471.4736978665038,10295042
2018-05-03,465.04400634765625,473.7545715675846,462.50748122996237,470.82483921207336,5332230
2018-05-04,461.3276672363281,466.4006689361693,454.2097576907888,466.00741373470544,6023368
2018-05-07,465.220947265625,467.9737339358358,462.27153297611346,464.5327505980723,4638960
2018-05-08,458.3586730957031,463.215365803173,456.5890244812962,463.215365803173,5718556
2018-05-09,460.3838195800781,462.82203049659626,457.35577389891154,459.12542220720485,3783504
2018-05-10,459.3221130371094,465.2209415435791,457.2968389822636,462.46815490722656,3182862
2018-05-11,464.3360595703125,465.2995155714034,458.5552275542003,461.0130724598234,3311706
2018-05-14,467.6984558105469,468.563598099037,460.10861080644,465.75181365426226,4432094
2018-05-15,469.7629699707031,475.05223266393165,467.2264453891244,467.2264453891244,5611974
2018-05-16,467.9539489746094,471.11967215048725,465.8107275978732,466.8921792659983,6205004
2018-05-17,465.18157958984375,470.90341387205063,461.50465311894664,470.33321304143095,9519598
2018-05-18,465.2994689941406,466.61691213550296,461.2882857116033,465.2208371669452,7139660
2018-05-21,463.8445129394531,467.344493854663,460.10858850289117,463.8641949015598,8475320
2018-05-22,469.4876708984375,471.11968944027615,461.64224952911997,462.07482061128917,5636804
2018-05-23,465.9681396484375,474.91469628493013,464.63106224246525,469.9400079388455,9538442
2018-05-24,480.1645812988281,482.7404219647114,471.1197120360328,471.1197120360328,9740570
2018-05-25,483.0353698730469,491.0381034017469,480.08595594319786,483.7432004133402,8901438
2018-05-28,477.5690612792969,484.72628577019316,474.2657084355068,484.0970871344186,5739794
2018-05-29,478.47369384765625,482.3472968718092,474.3445132879287,477.4316057292763,3388934
2018-05-30,476.50726318359375,483.2122829340518,474.1084162833107,478.59153475543525,6323066
2018-05-31,484.411865234375,488.42304982327653,475.9371948861678,476.50739583098425,19720340
2018-06-01,480.08599853515625,490.09432482310905,478.6702413193993,483.8612390993355,4998356
2018-06-04,487.4004821777344,488.81619123199516,476.6252805898456,480.20389314513295,4270156
2018-06-05,480.1055603027344,488.42291667312423,478.5915375130372,488.42291667312423,4710862
2018-06-06,486.6336975097656,488.2460824637773,479.7910944567458,481.81632062203835,4038184
2018-06-07,492.53240966796875,494.71499502440037,486.84989176487096,486.84989176487096,6676226
2018-06-08,495.52130126953125,496.288129811777,490.01572772169857,490.7825562639443,6459878
2018-06-11,496.4454040527344,499.4341341522152,493.55498775918903,497.68416760847896,5171290
2018-06-12,494.91168212890625,499.9256860598904,491.74595848429186,497.7627824033874,7839820
2018-06-13,501.32171630859375,504.9396447168013,498.17567490848904,498.17567490848904,5766928
2018-06-14,499.4683532714844,504.8268704516572,497.2121536308982,504.8268704516572,7598848
2018-06-15,516.208740234375,520.33841015625,497.5748637576219,498.3806530106707,19957760
2018-06-18,510.62860107421875,520.2376269811986,508.5939637704566,517.3166412730757,8214846
2018-06-19,500.2340393066406,509.0171632570326,498.80379266019946,508.8559955440796,7545700
2018-06-20,500.85845947265625,504.56507032466567,498.7835423318311,503.01393586534016,5371802
2018-06-21,502.2281799316406,506.23696070394675,497.97762310392216,501.98640387622834,5798790
2018-06-22,502.75201416015625,505.83416767042763,500.0727552477904,500.7979851966082,4343118
2018-06-25,512.6632080078125,515.2216280325985,505.2298223986968,506.4989502099156,7731178
2018-06-26,514.8388671875,517.2763992488616,510.16529955110485,511.27325972782,4483504
2018-06-27,511.6761169433594,521.1239751781125,509.90337095387633,517.296476665544,6952142
2018-06-28,519.5728149414062,522.957139083013,514.1941823996112,514.2143468002049,10996818
2018-06-29,526.663818359375,529.8064160128764,517.0145120521092,522.9773719961735,9966600
2018-07-02,537.743408203125,539.8787692765832,529.4035095742017,529.4035095742017,4830144
2018-07-03,545.4186401367188,547.0906627941164,536.5549577115976,536.615401746246,8127452
2018-07-04,541.973876953125,544.9754716789764,539.41550569845,544.7337447192746,5025722
2018-07-05,517.3165893554688,542.7996690102456,510.9105563332324,542.7392249929536,17019902
2018-07-06,517.4173583984375,524.5082930883754,511.27321612428824,519.8347258505618,11215356
2018-07-09,523.299560546875,524.9715827149148,515.322278207897,522.554215488292,6644998
2018-07-10,524.3270263671875,529.9876658165508,521.4664846302759,527.1875681040991,5974488
2018-07-11,532.0020141601562,540.7246897789299,520.2777942380071,530.8336594744117,11899832
2018-07-12,521.486572265625,534.6813693173017,517.497906221344,534.2784747508383,13272240
2018-07-13,530.7733764648438,536.4944603341751,523.0982143645385,529.8064195510418,19496158
2018-07-16,536.9979858398438,557.7672193602774,518.8072872502948,530.7732847762649,35344680
2018-07-17,535.0037231445312,543.7062362447977,528.8796960136272,535.7289038803642,11161690
2018-07-18,532.8482666015625,541.248609075933,529.4034981397097,539.7981983693784,6919016
2018-07-19,530.4912719726562,536.6152990762868,527.4292830115745,533.0295274904356,5118864
2018-07-20,543.14208984375,550.8172500837286,532.3445462709367,534.2381308328281,11705738
2018-07-23,546.304931640625,551.159831407114,538.3679274252603,544.7739616178214,7675702
2018-07-24,554.8463134765625,556.9615101465777,546.3250827696359,553.7383533160784,6172246
2018-07-25,557.50537109375,561.5544812664215,550.132380659815,555.5916218524164,6936922
2018-07-26,553.2749633789062,560.1846150298348,551.6432207121932,555.410324253683,7362218
2018-07-27,553.3555908203125,559.6206217733734,551.280722892536,553.2548671662855,6493232
2018-07-30,544.3106689453125,553.1743511931267,543.1019850024287,551.9656672502429,6409970
2018-07-31,549.9913940429688,551.9655873669252,538.0858884374757,543.3235180986217,7943996
2018-08-01,545.5394287109375,551.3410713495545,544.310580562617,549.4676508874627,4675706
2018-08-02,545.3782958984375,550.6562054263911,543.968164770585,547.7754991431984,5940742
2018-08-03,549.5884399414062,550.4345086510656,546.3250039575981,550.4345086510656,3970390
2018-08-06,548.198486328125,553.9800133585193,542.9004130913489,550.374126762335,6178930
2018-08-07,551.1395874023438,555.9743220672798,548.1984866567196,553.577119135168,7351528
2018-08-08,549.0445556640625,552.9727775813067,545.2372217860884,552.6907710649621,3992358
2018-08-09,555.974365234375,559.8018638079582,553.4361588470902,553.4361588470902,6409524
2018-08-10,558.1903686523438,559.6206643208584,553.194514377957,558.3314211238828,4779520
2018-08-13,567.5776977539062,568.0208719229582,555.4706968444052,560.0234249355314,9979746
2018-08-14,567.3963623046875,573.9433981406398,565.6638962262826,569.6726769578668,6151320
2018-08-16,575.9580078125,578.1134841337719,568.5850167972092,570.075707177517,6626774
2018-08-17,576.2801513671875,579.221300956774,573.3188865610172,576.5017630198191,6390408
2018-08-20,557.7069091796875,567.2554925394678,553.37579177049,559.2177640898726,16101876
2018-08-21,557.5859985351562,562.4408984558783,553.4764930184547,560.0235306974719,8361482
2018-08-23,563.0049438476562,564.6568019299583,558.1500440728514,561.232197708478,7717182
2018-08-24,555.3096923828125,564.8179958861109,554.4232946812543,562.6423550314347,7053000
2018-08-27,570.257080078125,572.090221170908,556.5586623953341,557.2032839794059,7012950
2018-08-28,574.00390625,579.5235916760143,568.6857173017003,570.982196806314,6496890
2018-08-29,568.1216430664062,577.5896657904779,566.1273345481783,577.5896657904779,5646496
2018-08-30,570.5794067382812,572.7349325481565,562.5013981878981,569.2096042180511,11507962
2018-08-31,580.611328125,585.9295657117973,572.5534370978501,574.16501530328,10875864
2018-09-03,577.8516235351562,591.4090376816883,576.1393213563001,583.7943193323629,10976328
2018-09-04,593.9874877929688,603.1331749143405,576.945027706971,581.7797625760238,15370124
2018-09-05,588.1454467773438,599.5473323164636,584.5193960553662,597.8551949854582,8658978
2018-09-06,585.9295654296875,592.6578847615327,583.471869322419,590.2807970733752,5598659
2018-09-07,590.4822998046875,592.3759338818768,583.2301972026557,591.7312631942992,6510605
2018-09-10,588.9110107421875,601.9245258532354,587.7426557600708,594.4709758343031,5629871
2018-09-11,591.6909790039062,600.1114856853314,589.8376737450991,592.9802711876397,6963561
2018-09-12,598.6207885742188,601.5216098870213,593.2622709702872,599.829472318131,4636617
2018-09-14,591.2073974609375,600.3128032988433,587.4604589489725,597.8148770785048,7896514
2018-09-17,584.9627075195312,596.2840364840489,583.8748625386839,592.2550902915891,5427054
2018-09-18,579.4429321289062,588.2260531429414,577.7507946623138,588.2260531429414,7729732
2018-09-19,579.9666748046875,585.808645478302,574.688766308266,585.808645478302,4849498
2018-09-21,568.3231201171875,578.0731990694799,557.6061334578325,575.2126080280965,14350769
2018-09-24,578.758056640625,588.1857995262679,569.2900341337996,569.2900341337996,8637881
2018-09-25,585.1640625,593.0607859549552,577.7507928392702,578.75802922846,9602273
2018-09-26,578.4356689453125,589.716716017334,573.7218225199456,589.1929826264388,6599606
2018-09-27,584.035888671875,588.8706229310486,578.1133588769715,581.7796891872194,14592616
2018-09-28,588.266357421875,591.8924085864004,576.3004082515279,580.973975471734,7490031
2018-10-01,601.6424560546875,608.2902161834658,590.6434150781232,594.2694660574568,8252398
2018-10-03,587.0173950195312,605.9131603990065,585.2446490555194,599.3459591623715,7792464
2018-10-04,569.8541259765625,588.0246624057708,566.066906940807,587.0174259165523,6173037
2018-10-05,583.874755859375,589.4347202617015,571.5461925992848,574.5276220732648,8543578
2018-10-08,575.6959838867188,587.1784775954718,571.5058710830223,584.2373279553829,7259306
2018-10-09,578.3550415039062,582.1019799406729,566.1876475551596,577.8312589933195,6777212
2018-10-10,564.4150390625,580.0876483969016,560.3458135535266,580.0876483969016,8866251
2018-10-11,542.578125,558.3313428234537,534.4799535725238,551.9655886251168,10985897
2018-10-12,546.9696044921875,551.1999970602849,533.029463580273,545.0357402556482,8909221
2018-10-15,563.0855102539062,568.0814133709093,549.1453662585457,554.8664501816072,6222176
2018-10-16,560.2249145507812,575.2529020858235,555.5110676284426,572.1103046832861,11588963
2018-10-17,568.36328125,581.6185208306409,565.1401250811614,572.1102199688589,20360697
2018-10-19,550.7971801757812,554.1412249212236,546.325060095365,553.5771626630026,10421001
2018-10-22,547.8963012695312,560.0636968490115,542.9406786962704,554.9469558030129,6672840
2018-10-23,529.886962890625,549.5482392154977,526.4220791365574,544.6732243490736,9041701
2018-10-24,523.601806640625,537.0584959708624,521.4664947926832,534.238233801473,7058164
2018-10-25,528.4485473632812,534.63921566137,518.2664944275725,523.7648030128553,8270469
2018-10-26,516.1077270507812,528.4076731984894,513.093880044633,525.638135730253,5464141
2018-10-29,525.190185546875,529.9146472221893,514.3972115903088,516.189262492544,7137446
2018-10-30,537.2864379882812,540.7076170085178,519.2438737585728,522.217002768922,8793411
2018-10-31,559.1167602539062,564.4521446132433,540.0966606574056,540.7890699009641,11947995
2018-11-01,543.06982421875,561.8047960626571,537.2863900367108,561.8047960626571,5860244
2018-11-02,539.4450073242188,550.4823395465231,537.6936748428428,542.4589040582644,6654067
2018-11-05,542.4996948242188,544.6175416138907,535.1686178671348,540.4632845583621,5799426
2018-11-06,542.8662109375,549.8307234916523,538.1417494790544,544.0473387313722,6975525
2018-11-07,550.238037109375,551.8671652725411,547.3870628238342,548.2016269054172,758956
2018-11-09,537.2049560546875,553.0889539971688,533.9467000664862,553.0889539971688,9694143
2018-11-12,541.033447265625,550.9711385329288,539.4857556972174,542.4996525995123,7118080
2018-11-13,542.2553100585938,543.9251564547312,534.5983879319037,540.4632591654274,4137808
2018-11-14,532.0733032226562,542.2553549158445,521.7283287589671,542.2553549158445,7323026
2018-11-15,534.6798706054688,542.4996657200204,526.7785892544258,532.7248969683084,5513390
2018-11-16,530.1590576171875,539.6487498600369,524.742235845049,537.5309029549535,8583785
2018-11-19,530.8513793945312,539.2413788194619,528.8556876110811,536.7976867704311,6018930
2018-11-20,522.4614868164062,534.3541040003244,521.402513604959,530.8514879571472,5384830
2018-11-21,504.2966613769531,521.3617908042531,498.59471214605924,521.3210725388714,14359086
2018-11-22,505.64068603515625,511.66848051184326,502.38242950009277,506.862532235805,6632975
2018-11-26,506.21087646484375,511.54626144574894,488.6162618460352,505.8443126716721,15075209
2018-11-27,520.4249877929688,522.1355523991907,509.3468869602012,509.5098097124708,12285851
2018-11-28,542.8255004882812,544.6989878518702,521.3209897733144,522.094835560918,17719890
2018-11-29,538.467529296875,549.7492706746045,536.6347602729121,546.5724511462523,13399070
2018-11-30,543.6808471679688,547.3871040750671,538.3861802386713,538.4268985024097,10445773
2018-12-03,546.0430908203125,553.08909102729,542.4590381755517,548.3239103507686,8260890
2018-12-04,558.1799926757812,560.6236847268974,546.8168146946828,547.8350197159812,7827923
2018-12-05,555.0438232421875,556.876591891365,547.7941851430725,556.3471055059011,5177288
2018-12-06,544.5360107421875,558.3428798958871,541.3184731362043,550.72667699096,8039771
2018-12-07,556.1843872070312,558.5873613736308,542.1738739962112,547.3871044011372,5553948
2018-12-10,545.1062622070312,556.998877232122,541.8480060667824,545.6764669749834,5121196
2018-12-11,549.4234619140625,555.4512558826656,538.1010015222698,545.1062823124092,7120933
2018-12-12,552.6817626953125,554.4330954631859,546.246686175784,551.5413530254813,6926183
2018-12-13,568.362060546875,570.1948296421534,553.9035487952347,555.5326768799266,7521474
2018-12-14,575.1229858398438,581.3544212322814,565.6333436909283,568.1177543085822,9560576
2018-12-17,565.6333618164062,579.8474663640096,564.289311091188,579.8474663640096,4778465
2018-12-18,551.1340942382812,559.1982993598615,549.4642476431806,559.1982993598615,8021298
2018-12-19,541.5628662109375,547.0204550621521,538.5082511505982,547.0204550621521,8295459
2018-12-20,543.3550415039062,547.020580416301,534.679962574804,537.6123738178984,11705260
2018-12-21,526.3712768554688,537.2049683201853,524.1312258124353,537.2049683201853,12802132
2018-12-24,528.652099609375,536.6348178264769,527.5116899853404,535.1686123934659,8379825
2018-12-26,524.6199951171875,527.0229691393621,519.1624057406502,527.0229691393621,6178552
2018-12-27,535.0055541992188,540.259501244818,528.6519657864861,531.706580380784,15333902
2018-12-28,535.1278686523438,540.4632532968692,532.1546899493487,540.3410488011674,4736598
2018-12-31,536.7569580078125,539.2413682656281,534.1910615197321,537.6122402648256,3373319
2019-01-01,541.7257080078125,542.7439128757759,532.8469913893929,538.3860159277066,2943390
2019-01-02,544.9840087890625,549.0161103440474,539.282061055519,542.4995986485692,7416655
2019-01-03,545.065673828125,551.459983140196,540.137520468073,547.3871619944043,6827249
2019-01-04,538.467529296875,548.9347066639544,530.2811709332493,547.1833741542399,7889310
2019-01-07,547.1427001953125,548.6903421106242,538.8341366705881,541.6851109386865,8046340
2019-01-08,545.7987060546875,551.8265007320249,544.5768598133665,549.7900903298231,8621545
2019-01-09,550.7268676757812,561.8864078064543,540.8706601709346,558.9539964031933,18130292
2019-01-10,553.6591186523438,555.5326057665067,547.8349666082994,555.2067603044621,9572493
2019-01-11,556.75439453125,558.383522240193,547.7941921320638,554.0663437549006,12281903
2019-01-14,571.7425537109375,578.5034257033313,566.8958874400549,575.8968106762389,19312937
2019-01-15,591.8623046875,594.6318427460143,576.0597896557134,576.0597896557134,19671304
2019-01-16,600.1708984375,600.9854626454003,593.4100254553385,594.5504352332205,9658944
2019-01-17,597.3606567382812,601.9629645134673,593.8987587691578,599.3563490403634,6903771
2019-01-18,595.4055786132812,599.6820397057184,591.6178360445916,594.6317328531462,5902151
2019-01-21,606.8502197265625,611.737604046508,597.8900151399959,601.3111941073665,8129422
2019-01-22,607.13525390625,610.108432375403,597.8899724479918,603.7955614129072,6723375
2019-01-23,595.975830078125,604.895266996342,593.9801381351687,604.6916259759801,7212099
2019-01-24,599.5386962890625,602.8967482256882,590.5292350060301,596.3444127471191,7429783
2019-01-25,598.1873168945312,604.3711241128384,593.1911805888558,596.2625881514491,5543112
2019-01-28,596.2214965820312,600.0300110106767,588.8910623722355,598.7195641086289,7944693
2019-01-29,596.1806640625,600.2348817816172,586.8435657007085,594.2149433578005,6760819
2019-01-30,594.54248046875,601.831922713427,590.6110397184234,596.1805641179376,5763026
2019-01-31,613.912841796875,615.3461651117188,594.6244151866188,594.6244151866188,13825233
2019-02-01,620.0556640625,624.5194524419586,609.7766981548041,615.387115206831,6276585
2019-02-04,619.11376953125,624.519425877129,613.6261790041616,620.0146955921136,3945391
2019-02-05,618.2537841796875,622.4309280392984,611.824324990851,611.824324990851,4694366
2019-02-06,625.174560546875,628.1640829437571,617.844126853828,618.826986956251,5880482
2019-02-07,625.7479858398438,630.2117740091531,623.2908602409962,624.9698860688056,3961797
2019-02-08,623.2090454101562,632.5051516309277,618.2947936655327,622.4718876523211,5915169
2019-02-11,624.76513671875,629.6384459079119,621.6527875695677,628.1232384244684,5500216
2019-02-12,614.650146484375,622.7586331817621,606.9101887352259,622.7586331817621,7310690
2019-02-14,606.1318359375,616.7384365779108,603.8385290399266,615.1003530810239,4610535
2019-02-15,607.6881103515625,611.4147407694353,600.0300390630551,607.9747550028037,5586389
2019-02-18,606.9511108398438,612.356818450321,602.8149584194131,608.0158555237625,5346825
2019-02-19,593.23193359375,606.5413621224909,590.7748083269055,605.3537415787811,9401334
2019-02-20,606.6642456054688,608.5480316677446,594.6652637467041,595.4433634218713,5210675
2019-02-21,600.7262573242188,604.4528877588086,595.5253115613539,604.4528877588086,7202786
2019-02-22,601.9548950195312,604.61678137414,596.262543432374,599.9482322310631,3750833
2019-02-25,618.294677734375,620.833687330221,602.4461888353666,602.4461888353666,6547552
2019-02-26,608.1386108398438,616.4109140349257,606.2138823706995,613.1347464344417,8319610
2019-02-27,602.2005004882812,611.3328368128035,600.1528959303475,610.1861582642224,5936354
2019-02-28,601.42236328125,608.0566316297555,599.7842797369784,605.0261670747846,8559921
2019-03-01,607.647216796875,608.8757796695008,602.4053285441976,602.4053285441976,3998826
2019-03-05,599.947998046875,608.1384144024638,598.1051543668676,606.500331131346,4826505
2019-03-06,599.947998046875,602.8965279387533,595.4432690513013,602.8965279387533,6076668
2019-03-07,592.1264038085938,601.5863285895691,590.1606830791435,601.1768076034632,5951551
2019-03-08,583.4443969726562,592.1262699090526,582.0520659270326,592.1262699090526,7193994
2019-03-11,582.5435791015625,588.4816331591883,581.0283715105853,584.2226050784069,9932198
2019-03-12,579.0216674804688,585.5740025251808,577.9159309474641,580.7006933376064,11997387
2019-03-13,580.250244140625,588.5634894326691,578.4892840592191,581.5197490877465,11348867
2019-03-14,580.168212890625,585.5329764311563,578.4073030941807,584.795818848236,6415187
2019-03-15,588.5225830078125,592.7816111446774,581.1921475593172,583.1578682349019,14638664
2019-03-18,581.6835327148438,592.7405977059399,577.7111497423526,590.9796377297374,8065544
2019-03-19,591.552978515625,595.0339063919718,579.390226990882,583.8130230042669,8917337
2019-03-20,605.2310180664062,607.9747884174195,595.5663337073393,595.6482179006665,13471173
2019-03-22,608.6299438476562,611.2918297075571,599.7843023728237,610.1861432695822,8883260
2019-03-25,602.2005004882812,608.0566695201097,598.3509939212969,608.0566695201097,7644966
2019-03-26,596.0578002929688,602.2006151362491,588.9730671775767,602.2006151362491,9406261
2019-03-27,597.6548461914062,599.784334999026,595.566299478097,597.9005487476167,7387487
2019-03-28,604.2890625,610.1861737748193,597.9005461149236,597.9005461149236,9277241
2019-04-01,618.45849609375,622.4718212532326,607.7290675919719,607.7290675919719,6584982
2019-04-02,621.9804077148438,627.2222456181854,618.0489667994027,621.6527709751077,7283600
2019-04-03,616.9841918945312,621.2432193489146,611.6604200741384,619.1956148026096,6897127
2019-04-04,612.5613403320312,617.3936566274133,610.267983456565,615.4279864360233,7688525
2019-04-05,621.8983764648438,623.2498153173788,612.6432149009061,615.0184559173798,6276040
2019-04-08,628.4098510742188,630.6622161318325,618.7042252766403,624.9698653517939,4919911
2019-04-09,622.9631958007812,633.1193344872718,620.9975254033078,630.6622089976705,6730692
2019-04-10,616.4928588867188,627.9594456868265,615.3461802105675,625.748022520164,7031088
2019-04-11,608.302490234375,615.7148101759008,606.1320089852018,615.7148101759008,8200995
2019-04-12,612.4385986328125,615.5509479457481,606.582428880437,608.6300336903092,7043212
2019-04-15,595.8529052734375,599.0061961849326,583.6491625438646,593.5595982477735,31574803
2019-04-16,593.068115234375,596.1805138979311,584.8776976783673,596.1805138979311,12524411
2019-04-18,587.2938842773438,591.7576718694446,583.7720147058085,591.7576718694446,13801105
2019-04-22,590.570068359375,594.4195747422713,585.614875564208,587.2939012233514,6455426
2019-04-23,596.4263305664062,597.9005960105538,588.3997298235129,592.9044603414006,5516668
2019-04-24,603.1834106445312,604.3710313845896,592.9863291031814,596.4263150435627,8285120
2019-04-25,596.7129516601562,604.1662627621687,595.4843888401887,603.1834025081248,8005235
2019-04-26,604.452880859375,605.9271461804748,597.0815042635289,598.7195879514948,6895168
2019-04-30,615.3870849609375,617.393747527244,604.4528960648468,604.4528960648468,9920046
2019-05-02,598.5557250976562,612.9708904745726,597.4909807776837,611.8242119820833,6351352
2019-05-03,592.6587524414062,598.7196830456712,588.2359557756374,592.0854630518406,6348116
2019-05-06,588.3997802734375,591.1844930199576,582.0522049085307,585.615017536562,8858265
2019-05-07,593.436767578125,596.1805877936852,588.6453927101129,590.0377738652862,5747536
2019-05-08,589.1776123046875,594.6242594709071,586.8433635136431,590.5290510723471,6247642
2019-05-09,590.570068359375,598.1462048614294,586.270098993344,589.0139189639698,7396525
2019-05-10,587.1301879882812,594.6244416498438,585.6149804127249,590.365413612408,8352335
2019-05-13,589.46435546875,594.9928872624516,583.2396081957108,586.8843539688861,6808993
2019-05-14,584.6729736328125,587.8672566746224,576.2777951153414,586.8434544163941,10513001
2019-05-15,586.515869140625,593.969180228459,583.6492225661541,585.5330588787999,6668929
2019-05-16,600.4395141601562,603.6337971261607,588.9729291401206,589.7100867446889,6468556
2019-05-17,592.9044189453125,602.650987027489,589.7920199034324,600.4805561055279,8155948
2019-05-20,591.6759033203125,594.9520710020631,578.2435958289941,589.4644801370605,11213708
2019-05-21,580.9463500976562,591.8805883355938,579.6359031881788,591.8805883355938,8645535
2019-05-22,581.31494140625,588.2767969919536,579.0625763638164,581.519701864653,5795713
2019-05-23,574.1892700195312,587.0072947689334,571.2407394015006,585.6149136475065,7233736
2019-05-24,580.8646850585938,582.9532324793088,573.698066464714,576.441837587368,7016424
2019-05-27,579.963623046875,584.6321724678318,577.8341338325787,579.3903336363499,10247544
2019-05-28,596.3442993164062,600.7262028284284,581.3558447582056,583.1577466701427,23860490
2019-05-29,596.0986938476562,600.890119029415,592.6996999054012,594.2149074472032,10293077
2019-05-30,600.80810546875,603.8385701423382,591.7986456226114,595.4433916493454,15089296
2019-05-31,604.2481689453125,608.5071968742748,600.5215382538521,603.2243665580788,8290306
2019-06-03,609.8995361328125,615.0185477165822,597.0815111309138,597.7367346155668,7744761
2019-06-04,602.2415771484375,605.6406214702405,600.4806668293577,603.8387190585661,11733702
2019-06-06,602.4873046875,609.8996751425209,600.890212701629,603.2244625197166,7563925
2019-06-07,605.3539428710938,609.3263267009278,602.692056280215,602.692056280215,3218358
2019-06-10,617.1480712890625,617.639476432635,606.1728898393411,606.1728898393411,4435148
2019-06-11,618.294677734375,621.6527291340867,614.690873801228,618.3765619186238,5733127
2019-06-12,617.3937377929688,619.9737396218774,610.1861794963166,619.9737396218774,8738342
2019-06-13,616.8538208007812,620.6330940283074,614.6526794403948,614.6526794403948,4808577
2019-06-14,615.0264892578125,619.2210685162378,613.1991332422704,617.8505388304515,5556353
2019-06-17,615.1094970703125,618.3904234927539,612.8253148478746,617.1445059168786,3085588
2019-06-18,623.08349609375,624.9938931988295,614.8188980928701,614.8188980928701,6202838
2019-06-19,624.5369873046875,627.4441283933845,621.7959280067022,625.0353340698572,4596253
2019-06-20,627.0289306640625,628.6901544298207,611.247304889359,612.8254370489138,7148684
2019-06-21,623.1251220703125,627.1120494640223,620.5917656521815,627.1120494640223,13200318
2019-06-24,619.22119140625,624.5371280161828,616.85396769357,624.5371280161828,4758178
2019-06-25,621.380615234375,623.7063686367112,612.4100186853476,617.9751274183376,3677911
2019-06-26,613.98828125,624.1632762731413,612.9915369043468,617.1445960974658,5447130
2019-06-27,606.8034057617188,618.5565823403731,604.8099679732611,616.313920468905,11122346
2019-06-28,608.0078735351562,614.2374624033442,605.1007320633352,610.9150150069773,5919494
2019-07-01,607.4264526367188,612.5762563890572,606.2220552814623,610.4997267063825,3224968
2019-07-02,614.6527099609375,616.023239660404,606.4296331571768,609.6690393396326,4837606
2019-07-03,607.4264526367188,617.3107542048608,606.3466673410329,615.4833979448019,5958379
2019-07-04,609.5029296875,611.662550788909,605.1837381812029,605.5160031803492,3274064
2019-07-05,596.3793334960938,611.662612460398,592.6415800131795,610.4997355426586,4926289
2019-07-08,596.0469970703125,602.1520241124088,591.6447647459191,595.0918239347808,7177092
2019-07-09,594.3026733398438,597.9158139683353,588.945217717603,596.3792025967964,5022638
2019-07-10,595.75634765625,600.28319236471,586.8272702950723,588.9037999139508,7573816
2019-07-11,599.2864379882812,600.9476616556084,589.4021368890753,597.5836938685756,6252688
2019-07-12,603.6470947265625,606.8449297141365,597.7082003821898,600.1169947574014,7874441
2019-07-15,647.3372192382812,649.2476667383165,626.4473650422821,633.7567379885612,31064152
2019-07-16,651.9057006835938,654.3560158198262,644.5548059714214,645.3854178347866,9924322
2019-07-17,659.6304321289062,660.3364319347548,645.1777654154979,651.1166605222003,6754348
2019-07-18,658.4260864257812,663.2436254759059,653.0271088859022,655.3943326055453,6534471
2019-07-19,652.362548828125,659.9210961708561,648.9154894694542,655.1035577163394,6812754
2019-07-22,651.5320434570312,657.8446740914173,649.5800749278566,652.8194818591918,7107151
2019-07-23,656.2249755859375,667.8120226860275,652.4872217276202,653.6916192212732,10782564
2019-07-24,653.110107421875,659.2981760322863,650.8674452192159,654.5221577492177,5745146
2019-07-25,659.9210815429688,664.6555789884969,654.2314109360275,654.7297577422845,9773568
2019-07-26,653.69140625,660.3362998332274,649.7044802393665,658.0936381095852,4941763
2019-07-29,657.3877563476562,661.9561215054628,653.0270441515682,655.7680531069474,6244316
2019-07-30,658.4260864257812,662.6621869861516,654.9790266409392,657.7616070217173,8673253
2019-07-31,659.215087890625,664.3233201399,649.2061749529819,656.8893342491592,7350584
2019-08-01,638.6157836914062,654.85428294357,634.9196021927339,653.2345799932615,10066407
2019-08-02,644.2225952148438,647.7942670854011,633.1339461834533,635.4596494574812,10838336
2019-08-05,645.13623046875,652.7778695858208,638.4498152525094,641.7306914846573,9976238
2019-08-06,643.267333984375,650.9504933175365,639.4049687436903,646.8804751219016,9331718
2019-08-07,644.6376953125,650.742721490741,641.5229015572279,646.9634485403135,5130457
2019-08-08,655.1451416015625,658.4675892293359,648.9155522994874,650.1199497038607,8009009
2019-08-09,656.0587158203125,661.789957570191,651.8641363320932,657.8445514848964,4362520
2019-08-13,635.2103881835938,652.860889326322,631.3895940971885,651.3242777407403,7517099
2019-08-14,643.5581665039062,646.4237880389525,637.9100150516101,643.8073399642292,5940968
2019-08-16,643.3504028320312,647.9187680393676,633.3415401079902,647.8772475858785,5128088
2019-08-19,645.9254150390625,650.369168774426,642.3537430313523,644.2226199531179,3881451
2019-08-20,658.4674072265625,662.8281185326987,651.0749430194596,652.1962992018027,8435344
2019-08-21,664.0325927734375,667.6042132618487,658.6751366925611,658.6751366925611,5926896
2019-08-22,660.9178466796875,665.5692526730729,658.1352666169197,664.4064265229881,5222488
2019-08-23,666.3167724609375,672.7540136825688,661.0008368509182,661.5407547803723,6895015
2019-08-26,666.6076049804688,670.1377057396227,653.6085584852665,661.0840659752397,5412074
2019-08-27,651.7395629882812,660.2948543081113,648.7908505689361,657.0139275898189,16061642
2019-08-28,666.56591796875,668.6424473082166,653.1099977097036,654.0237010369791,5881134
2019-08-29,670.26220703125,672.5463894978872,660.7516917126746,660.7516917126746,7830413
2019-08-30,676.8656005859375,678.9005590123404,666.1506876996899,672.7955823400858,8174186
2019-09-03,676.3256225585938,683.0951286509592,674.4982665554536,676.9485813758108,5647088
2019-09-04,682.1814575195312,683.1366813629851,673.0032073183628,673.4185132161217,6199015
2019-09-05,692.7717895507812,695.637410515493,686.6252924011552,689.4908626693439,7926895
2019-09-06,697.8385620117188,703.5282328726341,693.6024111833553,700.4549589061407,6106841
2019-09-09,688.6602172851562,697.963079505891,687.3727791453338,695.0559382304439,4377870
2019-09-11,681.1847534179688,688.2034336435265,676.2426535002521,683.0121096152328,7981036
2019-09-12,678.1115112304688,680.9770814569157,673.5015750647467,678.1115112304688,4400017
2019-09-13,688.8264770507812,690.2800479570668,679.02526622199,679.5236131112474,4832021
2019-09-16,687.4974365234375,696.011207962893,681.5585415334028,691.110577782548,4846496
2019-09-17,690.446044921875,693.5608391094925,681.5584887005691,690.6536978677162,5540901
2019-09-18,689.2832641601562,691.8581914651727,684.4242048292391,689.3248353123311,3199389
2019-09-19,681.68310546875,686.9159496008917,677.114740628599,685.130113975679,6601607
2019-09-20,668.6423950195312,693.5607451444827,666.1505600070361,683.5103642060242,22462366
2019-09-23,634.8779907226562,670.2205567827158,616.2307998453416,670.2205567827158,17279260
2019-09-24,659.5471801757812,663.3680242394912,635.4179215301796,635.4179215301796,13717998
2019-09-25,658.3844604492188,665.3200486679606,649.2477306922306,654.27292191927,9313576
2019-09-26,649.9952392578125,661.9975896358084,646.2990066920602,654.314430659483,18442824
2019-09-27,649.7045288085938,659.7133903772483,647.9602136946899,653.7329755659696,5087642
2019-09-30,669.1824951171875,671.1344127965866,651.3243393311396,652.1133800760923,8178091
2019-10-01,659.1320190429688,670.7605848656035,657.4707953540209,670.3037584904476,5881438
2019-10-03,652.5286865234375,662.703682269778,651.3243398290514,658.301449351483,5497672
2019-10-04,659.048828125,662.4958360770474,653.732893251766,656.1832077745303,8201713
2019-10-07,655.8095703125,666.1506978941769,652.9439493156705,660.2118029398276,3679845
2019-10-09,650.908935546875,661.0839297560707,646.880438033894,660.7101443192862,6335025
2019-10-10,650.4105224609375,660.0871696532703,645.0530665196142,652.3624904966385,10402917
2019-10-11,676.7824096679688,684.2579150413923,645.0530322770238,649.123049925605,20636344
2019-10-14,652.9439697265625,661.9976593742814,647.8772576059466,653.4838877198442,15150858
2019-10-15,638.1591186523438,644.5133200259127,635.4181094957851,642.1460456706589,13762133
2019-10-16,640.7754516601562,644.5132045758913,632.5523749669317,635.6256486147287,10767032
2019-10-17,639.1558227539062,640.0279550628036,635.5011103114015,637.0792931153295,9860495
2019-10-18,637.7852783203125,642.7274288863458,631.2649956829857,634.421310522096,10037200
2019-10-22,534.5402221679688,574.0358037405917,530.2210306006513,574.0358037405917,90152532
2019-10-23,547.1983642578125,552.2868624850809,517.3404751399141,529.8723984303101,60516887
2019-10-24,534.3720092773438,549.3850891568092,531.5544547740378,546.6936639289946,25666433
2019-10-25,536.1383056640625,548.7963569638819,534.918747937209,544.1704872883242,16549337
2019-10-27,545.7265014648438,548.7964176684296,542.9509896194326,547.6189029050797,2945281
2019-10-29,547.2402954101562,549.8475827255459,544.1703801505594,547.5346483431439,16709764
2019-10-30,555.6089477539062,564.6925141887414,551.908283034775,555.4407753889147,22879467
2019-10-31,576.6356201171875,584.9201623829996,560.2348106179234,562.1693061394149,27405901
2019-11-01,578.5701293945312,583.700618620877,574.11243230563,580.3363499256558,9713519
2019-11-04,596.3165283203125,616.0816036595612,570.3696308024386,573.4394946819951,29381982
2019-11-05,585.466796875,596.1063163892159,581.5979086887376,596.1063163892159,12897805
2019-11-06,599.0922241210938,606.8300535040889,582.0185682949821,585.2146137498984,21372589
2019-11-07,605.65234375,609.2268786037793,598.9238075546509,603.0450565081651,13733737
2019-11-08,595.6017456054688,609.1429067049463,593.3728970387845,607.250505545007,8585630
2019-11-11,592.4476318359375,594.8026092346021,587.0647823521409,587.8217632070882,6951494
2019-11-13,581.4718017578125,588.7470537414857,578.4439803010097,585.8033184727783,9973690
2019-11-14,593.2047119140625,596.9895144800834,585.6771498769315,585.6771498769315,10539902
2019-11-15,592.0272216796875,599.6388695607433,590.6814833610102,596.3586869520519,7362623
2019-11-18,593.12060546875,597.1577178010346,588.1582884066768,592.9523817601822,7490916
2019-11-19,599.5546875,600.5219352404855,592.952331014765,597.0735805159674,6495885
2019-11-20,599.6808471679688,601.3629813816236,592.9523103133492,599.5126234796708,6142171
2019-11-21,599.89111328125,606.7878738165402,597.5781787400324,601.783514269519,9692973
2019-11-22,583.0277709960938,598.8398234840772,576.2150961359949,598.6295566921235,14415826
2019-11-25,587.14892578125,593.078489942407,583.027727765339,583.1538570303593,7334511
2019-11-26,580.8409423828125,594.8447307020281,576.9720540991038,592.9523296499538,27253106
2019-11-27,585.1725463867188,586.7705947152475,580.4204958318871,583.9109454961977,3861635
2019-11-28,590.3028564453125,591.5644569517865,583.742544078579,587.9899221834436,4837683
2019-11-29,585.6770629882812,590.6814225723055,581.6399511170558,589.5039594161403,4262379
2019-12-02,582.607177734375,592.1112254902263,580.5885962045213,591.354244582866,9383736
2019-12-03,587.3592529296875,588.4947244395534,579.1168047159983,582.6072540962515,5239013
2019-12-04,596.1904296875,597.578211021063,583.153888841861,586.2238044780871,7427886
2019-12-05,601.2368774414062,602.1200390839109,591.9430949929077,594.1719436440509,4814422
2019-12-06,601.4470825195312,605.5683319793674,596.8212133169111,602.162020378916,5226096
2019-12-09,603.2554321289062,607.5448541936557,600.7322306003085,602.2040981586572,6435865
2019-12-10,600.9845581054688,604.3067838157878,597.1577126085028,599.680914211074,4457939
2019-12-11,606.4515380859375,607.8393196000186,599.6809569039561,602.708778508733,6043554
2019-12-12,590.5132446289062,606.1571249269681,588.3685335937956,604.3067668700361,11112042
2019-12-13,598.2511596679688,599.5968981475245,589.0414624745792,589.0414624745792,10302412
2019-12-16,600.52197265625,605.7365994924675,597.3259276065256,599.0921481687064,5616324
2019-12-17,613.7266235351562,615.0302671678626,601.3629278974656,605.3159532149119,10525565
2019-12-18,616.039794921875,620.1189510629667,607.8814313050141,614.820236989229,12215295
2019-12-19,614.6939086914062,618.9833819756819,609.4372389812634,616.922757182373,7199210
2019-12-20,615.28271484375,618.1844070211915,612.5072032832418,614.8201381394435,7794167
2019-12-23,619.0253295898438,620.1187064539813,615.3667085697449,615.7872420816946,4975608
2019-12-24,616.8387451171875,619.8245236043721,612.5492713175097,619.8245236043721,2890759
2019-12-26,613.0958251953125,617.805780055645,611.0772437782226,615.6610693841482,3821806
2019-12-27,619.8245239257812,620.2871006491616,613.0118483585267,613.7688294220009,3399094
2019-12-30,616.4180908203125,620.6654693580556,611.6660412277519,619.1094644406946,5368416
2019-12-31,614.9462890625,620.4973119154746,610.1521958705674,613.7267313848213,6927885
2020-01-01,619.7402954101562,622.3896774086668,616.1237170110657,618.1843417505002,2112415
2020-01-02,617.9320678710938,623.062557139031,614.7360228516574,621.4645602966463,5658200
2020-01-03,627.43603515625,629.11816929876,617.2591441279282,617.2591441279282,7882938
2020-01-06,621.4224243164062,633.9963880928626,619.4459371079719,627.5201609681819,6519403
2020-01-07,612.2127685546875,624.576413976731,609.8577395841436,620.7075258131158,7899363
2020-01-08,604.054443359375,613.1379584021026,595.7278579583198,609.731646677913,8639443
2020-01-09,611.9183959960938,615.240621512479,600.7742562352731,606.9981736921635,13521186
2020-01-10,620.8338012695312,624.8288706436347,614.3996163752652,622.7682456468999,9341405
2020-01-13,650.607421875,653.9296470691644,635.0056379899925,639.2109733409196,36952038
2020-01-14,652.3737182617188,653.4670952274895,645.2666909822158,647.579625512934,11414418
2020-01-15,645.5610961914062,650.8598090964978,641.0193642733277,650.8598090964978,6047430
2020-01-16,645.098388671875,649.724257169522,639.4211864247627,648.2103468372233,5740586
2020-01-17,645.8132934570312,650.0607229934084,641.1033386593202,648.2103652747873,3762957
2020-01-20,646.3181762695312,651.3225369661824,641.6923061244154,648.9675074609296,3887680
2020-01-21,641.3137817382812,648.042319776191,639.8419140424884,646.318142170911,4448374
2020-01-22,647.7899169921875,654.3502303716543,644.2574247618087,646.3180495074183,9733935
2020-01-23,659.69091796875,660.6581656069394,653.25678585816,653.5931818762608,12528017
2020-01-24,658.3452758789062,661.4992775199742,650.6494913408358,652.4578061489128,7540490
2020-01-27,654.434326171875,660.0694863204792,651.3224187974897,655.2333502280002,3741610
2020-01-28,654.3501586914062,657.5462031841498,649.3037564392874,656.8733598174657,5121009
2020-01-29,664.1907348632812,666.7980224796606,659.6069086547881,661.5833959122372,6832757
2020-01-30,656.6211547851562,664.1907593716351,654.3502631422793,664.1907593716351,3859680
2020-01-31,652.6260375976562,660.195641626236,648.9673648497117,656.4949257895097,6092028
2020-02-03,645.4349975585938,665.2421200893305,642.995882115459,657.714558292072,6416745
2020-02-04,662.6347045898438,664.3589332396054,647.7057633307895,647.7057633307895,5771311
2020-02-05,659.8593139648438,661.0788717687561,651.322512006801,656.8735354343493,6310409
2020-02-06,648.757080078125,661.7515769003892,647.6216600391936,659.690952260605,7341622
2020-02-07,653.7615356445312,655.0651795602332,648.4628224594617,652.6261154386838,2853344
2020-02-10,650.3131103515625,654.3502222786368,647.4114185076872,650.985953783631,3827682
2020-02-11,650.607421875,655.275333847597,646.9488006535574,655.1912476744426,4312817
2020-02-12,656.9154663085938,658.7658242465668,651.9111066586198,652.4998639117927,2948825
2020-02-13,666.3355102539062,667.8073779004122,657.8827948937632,660.2377728612388,4387430
2020-02-14,661.457275390625,672.1808816342858,659.9012703505496,668.2278557324347,5321680
2020-02-17,663.98046875,667.3447373343718,658.8078852676626,664.6953552903132,2929629
2020-02-18,670.8773193359375,672.0547826971391,659.1023777158924,660.2377979810996,5083346
2020-02-19,673.232177734375,676.9328422135535,669.6155994322401,672.8536872683541,3985192
2020-02-20,670.33056640625,677.9842574837965,667.6811841607392,675.5872364690342,4564569
2020-02-24,669.3632202148438,682.6100268263813,666.2513130627193,672.9377553322428,6627536
2020-02-25,671.5079345703125,677.9000234386001,668.9847334905162,672.0125542524088,6996695
2020-02-26,658.3452758789062,674.0732409959639,656.4528748942655,667.7652377138281,8760569
2020-02-27,654.2239990234375,656.6631140571616,649.4720008848509,654.3501796176391,5223386
2020-02-28,615.4088745117188,636.5196404921938,607.2925555769194,630.8003938548435,14123957
2020-03-02,623.2728271484375,644.1733774955193,617.1330469651554,619.8665153162788,9821523
2020-03-03,628.277099609375,638.3699044223771,623.4409639698116,635.0056361513764,7826587
2020-03-04,638.15966796875,640.4726025149299,627.0575718801535,634.0805130302612,11013444
2020-03-05,634.669189453125,650.607420670565,632.272168841398,642.3649736649388,7755293
2020-03-06,621.506591796875,625.7539707128719,613.2220494214494,623.2307692180619,9216022
2020-03-09,592.4898071289062,610.4886146457234,586.2238461392502,609.3531944446008,10308654
2020-03-11,576.9720458984375,585.3406740322644,562.7159479085041,580.8830285510021,16165009
2020-03-12,530.881591796875,563.5149867317193,527.769633095752,561.8328524429679,13965574
2020-03-13,540.2594604492188,560.9917861223903,479.40827299814464,497.9117502015818,16903113
2020-03-16,490.46844482421875,523.2700714165596,487.819062142505,523.1438907804105,19140152
2020-03-17,466.750244140625,497.9117730484286,462.58695131188466,494.6315904961684,16059887
2020-03-18,449.38214111328125,486.1367836379627,444.0834286519798,477.72611264076613,15390183
2020-03-19,458.84417724609375,469.3154736179433,428.31344971314985,428.31344971314985,16583991
2020-03-20,492.19256591796875,519.3169847828797,460.90485389057915,462.1664547680168,21354894
2020-03-23,442.7797546386719,471.7965675949356,433.90650761028235,454.17620279369305,17146150
2020-03-24,496.0614318847656,505.6075755516601,439.03708511900146,439.03708511900146,20027097
2020-03-25,509.8548583984375,534.0775792865492,475.7916427116576,502.11703123475564,18339548
2020-03-26,540.8060913085938,547.4084468505824,514.8170999793414,517.256214859697,14843813
2020-03-27,548.9645385742188,567.6362395542232,540.1753765977544,559.3516973334354,13495283
2020-03-30,527.0968017578125,558.0480631150446,522.3867948402923,525.7510634950928,14624804
2020-03-31,539.5444946289062,556.7863685804145,532.9841821240443,546.6935643161171,15175521
2020-04-01,506.9953308105469,536.180374812366,499.593949236934,533.5309924264834,13083824
2020-04-03,492.6130065917969,509.68665831119677,489.6272286788533,507.5839905788898,10221655
2020-04-07,537.4419555664062,541.8575584877266,515.4901215771391,517.2563422117995,15145605
2020-04-08,531.2178955078125,551.4455978814304,526.8022937674407,529.8722088446091,11806896
2020-04-09,535.1289672851562,549.0486181711811,531.6385181238118,544.002215336272,11931114
2020-04-13,536.09619140625,548.1234406992095,526.5500489967274,529.0312072148263,8330276
2020-04-15,537.48388671875,549.4690921518867,534.5821951364273,547.8710955615969,11963447
2020-04-16,524.69970703125,533.9935398591708,507.5840115180687,521.419576034334,17783287
2020-04-17,528.8209228515625,543.3293298800944,526.5079883977386,541.6471957318588,8878320
2020-04-20,549.4691162109375,555.9453430305707,537.4418671657106,538.282934250477,13322913
2020-04-21,532.5636596679688,543.7498410261695,528.0218771208939,528.0218771208939,11660575
2020-04-22,539.8389892578125,542.4883716065032,528.2322715740959,532.5637884083881,8266728
2020-04-23,571.3368530273438,574.9955255995666,536.6848793160952,544.2124398943533,14451289
2020-04-24,553.4222412109375,567.7203842209466,550.7308157891782,562.2954902825679,7319940
2020-04-27,558.9732055664062,572.7667273161079,555.9874274603991,555.9874274603991,7183306
2020-04-28,555.693115234375,569.402500473676,549.258930551876,566.0382316377902,7296571
2020-04-29,569.02392578125,573.6077516589464,553.4221416298926,560.1506783062439,8639056
2020-04-30,601.7835083007812,605.5683102397799,587.1489202694552,588.7469682886748,16253821
2020-05-04,566.626953125,589.7562999093207,563.8093473522927,580.168113799409,9122740
2020-05-05,566.626953125,576.6356214781432,563.5149943816311,573.3975334622045,6393053
2020-05-06,560.066650390625,573.1452346488045,558.5106453215642,569.3183892829877,7934250
2020-05-07,559.2677001953125,567.1737018560874,557.1650319874459,559.7723200313313,4779548
2020-05-08,567.0475463867188,572.6827071905893,562.253452827167,565.4074549933629,8400321
2020-05-11,574.3648071289062,587.5274779099074,570.243557345785,574.028359717549,7370186
2020-05-12,578.35986328125,581.1774177829448,568.1408765736312,570.6640780980144,7356039
2020-05-13,583.8268432617188,588.6629798758297,575.0797234605891,584.3735061651205,8287101
2020-05-14,553.5484008789062,564.9868943201093,548.8804368286982,554.2632874684809,16888262
2020-05-15,548.6280517578125,559.1413903678222,543.9180965943926,559.1413903678222,9255353
2020-05-18,558.3845825195312,563.9776490785782,549.2169287191407,554.9782189995536,10435442
2020-05-19,562.3374633789062,567.552089859209,550.8989709286053,558.4685751093036,5902208
2020-05-20,563.1365356445312,566.0382277625507,554.8100011335205,562.2534253480909,5794636
2020-05-21,565.3653564453125,571.4630933685396,559.6461100118395,560.5712633559801,7213225
2020-05-22,582.3128051757812,585.2565401219556,566.4587103566795,567.720311047897,11867731
2020-05-26,572.3883056640625,588.28449719359,571.0846616959029,582.859603174169,7099606
2020-05-27,593.3308715820312,596.4848736090092,567.7203648560363,577.0141472285978,8774636
2020-05-28,594.970947265625,597.1577014129889,580.3363577112145,594.6344998577227,9440091
2020-05-29,589.0885620117188,597.4432084902894,575.4056904787728,590.3673360247687,28290128
2020-06-01,596.3775634765625,602.4304583583724,589.5148200132496,595.6955610762953,12276438
2020-06-02,603.66650390625,606.6929770578658,594.6724713306025,597.1874037086551,7059304
2020-06-03,598.08251953125,606.9060903206365,593.3510666906208,605.8830608334472,11378568
2020-06-04,603.3681640625,604.8174515852697,594.6298755684829,598.4661973463441,10782424
2020-06-05,599.78759765625,606.7356235946554,597.2726651490909,602.7287881465396,7718679
2020-06-08,614.5361328125,618.7560973850326,600.1712591421498,603.2829633303422,10719105
2020-06-09,611.7654418945312,621.99563357861,609.5915365683536,613.8115010447252,10078029
2020-06-10,610.2734985351562,613.3425870572468,604.6042989056473,609.5488808188883,7263049
2020-06-11,600.128662109375,608.1849488973281,596.9743424317145,606.9914056570949,8825715
2020-06-12,589.9837036132812,592.6265345060069,575.8745738320791,576.1303182324207,9795316
2020-06-15,586.1473999023438,600.5123265681375,584.1866233935939,590.7936227825764,7857344
2020-06-16,597.7843017578125,606.9914652624055,596.0366541535651,598.4663042334391,10131760
2020-06-17,599.8728637695312,605.5420635672415,595.0561278809,596.6759289850708,7291916
2020-06-18,608.6112060546875,610.9129576764952,601.8763086992066,603.7518543454688,6670195
2020-06-19,601.4927368164062,606.9062453872928,597.6137988851125,604.4339278310197,22438862
2020-06-22,599.9154663085938,604.1780459298948,596.7611469821425,602.8139892310129,7804096
2020-06-23,614.3656616210938,617.6478273297574,590.0262887724396,593.0953775196116,12157390
2020-06-24,608.8244018554688,619.6086994461257,604.7749503257483,611.168821162149,10220838
2020-06-25,597.1874389648438,601.5352496128797,591.2198271550594,600.8958626332601,14945284
2020-06-26,637.8524780273438,640.7510011910102,605.2863566034009,605.4568702091336,26030458
2020-06-29,623.8285522460938,634.8686443085215,622.4218801020619,626.9402563060698,8954428
2020-06-30,627.4090576171875,629.9666051973649,617.4346116478082,624.7236118446258,10411290
2020-07-01,623.9564819335938,632.8226171237593,622.1235517180992,628.5174217254794,5477468
2020-07-02,645.0136108398438,652.5584089646596,626.9403125365895,628.6026771769775,17263756
2020-07-03,650.2139282226562,651.3221885556562,641.5182550891772,643.6495449731943,7796572
2020-07-06,651.3223266601562,660.7000041382476,649.1910363242265,652.3453564280937,8810958
2020-07-07,677.0255737304688,679.4126080233551,652.6435859361666,655.9258036181499,19362533
2020-07-08,660.4441528320312,669.1398264021884,658.3128628409852,669.1398264021884,8476642
2020-07-09,666.411865234375,673.4877386642835,660.699996790911,664.9625774153685,6854166
2020-07-10,666.53955078125,673.4023455592946,659.4210636675116,659.4210636675116,5206452
2020-07-13,679.497802734375,686.5736744543672,670.1201276267259,671.7825440752249,10804688
2020-07-14,667.733154296875,687.4689204303594,666.1133530900535,676.0025698700881,8961822
2020-07-15,708.398193359375,723.3172236279495,677.5797185911975,681.160296262345,30060599
2020-07-16,776.6419677734375,814.578924486849,762.3623267633332,767.3495238549787,90432109
2020-07-17,769.9497680664062,784.229409617077,760.5720930182047,776.6419971737915,31682878
2020-07-20,796.505615234375,805.6275460032164,773.0188119983243,774.5107148612932,18421053
2020-07-21,798.5943603515625,809.6344529216389,792.1578749795978,805.6276173282375,12877784
2020-07-22,782.5244140625,800.5124798572022,775.7895172205048,800.4698644662415,14354201
2020-07-23,774.0418701171875,780.7340995364518,767.8185140654958,780.6062533635381,13051307
2020-07-24,786.7443237304688,789.2166407991177,770.0350319220125,770.0350319220125,18209580
2020-07-27,808.5686645507812,812.2770876675309,783.1637027464993,785.6359674798532,16827870
2020-07-28,820.8450927734375,824.8519287852151,802.3881507275231,806.4802175345385,15818463
2020-07-29,813.4281616210938,818.4153594040835,804.4340762008848,812.6608764082735,11152710
2020-07-30,819.6514282226562,829.1996167764545,817.3496248697896,820.1203015642635,12492320
2020-07-31,823.5303344726562,840.9642945066379,812.7033724636881,826.301011063791,12704346
2020-08-03,815.7725830078125,823.0189690237522,807.7162963834019,818.4153618002468,8479792
2020-08-04,809.76220703125,827.5371947713552,801.83381956569,818.7989067938773,11133170
2020-08-05,805.371826171875,819.2252103215355,799.9157032934003,811.5951821831875,9614176
2020-08-06,827.6651000976562,830.6915733865991,803.4962934115978,812.8739689845713,10976491
2020-08-07,810.657470703125,826.4716318133721,809.0376695187394,826.4716318133721,8010948
2020-08-10,811.0411376953125,815.6873606566592,805.8834259083017,808.9525149626409,5716319
2020-08-11,808.5686645507812,820.1202438574708,806.5652210926052,809.8048229341771,6802442
2020-08-12,814.110107421875,817.3922729779498,803.2405291853771,808.1851112313698,6908726
2020-08-13,810.9132690429688,825.6617861535282,808.3983363139733,813.9823059788431,5097703
2020-08-14,812.959228515625,820.9728996474734,811.6378391357582,814.8773894961097,4663873
2020-08-17,816.2841186523438,829.0292440186709,813.3855432662033,813.3855432662033,9008210
2020-08-18,824.851806640625,826.2584787879165,817.3070612084666,821.7401546068832,6141761
2020-08-19,817.8185424804688,828.2618628941742,816.2414087823889,827.7077587453504,6622744
2020-08-20,814.28076171875,823.1042824102327,810.9985435620866,817.4776970465991,5656501
2020-08-21,808.8671264648438,821.3565059999416,806.9489655690165,821.0154788050834,6513773
2020-08-24,807.6737060546875,811.595258971633,800.683064215679,807.3326788299753,5798574
2020-08-25,799.7452392578125,808.7393246898694,795.9089172555522,807.7589104759129,6233918
2020-08-26,810.5721435546875,813.5133339478789,800.0009771421063,802.4306267523615,5153601
2020-08-27,807.3753051757812,819.2252989437004,805.7981713153556,818.4153982991103,6154280
2020-08-28,797.3155517578125,812.0214520709077,795.4400062387288,811.1263207194082,7593610
2020-08-31,791.6463623046875,810.3164841198824,779.7111379199654,797.3156147008101,12808355
2020-09-01,779.327392578125,797.1023274080193,777.5796934420838,789.6428136488533,6907773
2020-09-02,787.7247314453125,789.7707905221844,778.7733140425248,780.0520879572088,5678118
2020-09-03,797.5712280273438,809.378604287557,787.7246799348462,789.8559696532847,8827948
2020-09-04,783.590087890625,792.4136075159664,779.5832523571739,780.0521257419142,8650342
2020-09-07,788.6198120117188,790.7511017323242,778.3896213528129,783.3768705190938,6700385
2020-09-08,800.7682495117188,811.5952128631155,789.0461547881181,792.7972459130488,12891964
2020-09-09,790.9216918945312,806.4801083613328,789.4297889456599,797.1024326827127,5528947
2020-09-10,801.4075927734375,803.0700092502301,788.406724789291,797.358142089851,5171884
2020-09-11,806.2244262695312,813.4281971859399,793.6924301240407,797.0172634803677,6671903
2020-09-14,834.1016235351562,844.885919046928,808.4408623049452,815.8577614521076,21871587
2020-09-15,837.5543823242188,847.4009320433852,828.3472196262118,835.0394496343016,11608203
2020-09-16,854.0079345703125,857.3327679066014,837.1707429478881,840.5808070739487,10059251
2020-09-17,861.8936767578125,870.4188367653081,848.2534207458194,848.2534207458194,15628241
2020-09-18,854.3488159179688,868.5431741989687,851.7486008390696,861.8935606952483,12897633
2020-09-21,860.9558715820312,878.943937164553,852.9422009050778,853.3684588765447,14140637
2020-09-22,858.9098510742188,871.6975907924453,845.0138509871017,860.1886250460414,12625762
2020-09-23,869.3530883789062,884.058987642977,859.421257337911,869.6941155520293,13486204
2020-09-24,831.5440673828125,860.1885821084272,826.9404605006685,855.0734864764644,14427432
2020-09-25,862.2772827148438,865.2184731991076,831.2030654016025,831.885067766525,13311078
2020-09-28,861.3821411132812,866.2841078509341,851.2371804428481,865.133180092462,8554526
2020-09-29,860.1886596679688,876.3864639630048,856.0113103785012,867.8613038077226,8708463
2020-09-30,859.5492553710938,872.9337669524186,856.7785783763444,860.188642369882,8048817
2020-10-01,867.5629272460938,875.1076730243029,862.5330620383229,870.0778078165321,5563358
2020-10-05,894.033447265625,899.3191086674569,867.903864263749,867.903864263749,14212509
2020-10-06,900.043701171875,903.666893906879,879.2422914798864,899.404314218639,9090819
2020-10-07,909.2510375976562,913.8972084579254,882.7803725356173,890.7940442440577,9284008
2020-10-08,932.396728515625,958.2280055225741,927.8784560542776,929.2424608715354,21482613
2020-10-09,943.5647583007812,949.1061123470237,927.9210063167188,933.5902585774076,10567867
2020-10-12,965.1333618164062,971.8682591625789,948.0830414802206,957.3754868768211,14633537
2020-10-13,987.0432739257812,994.0765324043327,968.0747889381729,968.0747889381729,17523825
2020-10-14,969.310546875,993.095760527261,964.2806824146915,990.6234436840368,16649573
2020-10-15,944.8009643554688,1011.0840908870615,931.3738358297763,1005.9689943058454,44288251
2020-10-16,961.2117309570312,968.4154490877811,935.1247637728168,949.5748674584532,18365685
2020-10-19,959.8478393554688,971.0157787720392,950.8111900591178,967.605714579688,12902123
2020-10-20,969.7369384765625,975.8750119768656,946.2927487551511,953.8801618783683,10448776
2020-10-21,978.986572265625,984.1016674530453,967.6055062869906,972.848499667472,19811433
2020-10-22,962.5332641601562,987.2135615727149,958.0575550079483,973.5733051088432,11271335
2020-10-23,967.229248046875,978.0001750852589,965.2043348006257,976.2768267591174,9069862
2020-10-26,958.5693359375,973.3470681820671,950.5558297055002,967.0137844157754,6309368
2020-10-27,939.957275390625,956.1998129434361,928.1523809828644,952.7531161604592,10172479
2020-10-28,927.6353759765625,951.934545658751,922.0344938341937,943.9640595330724,7608392
2020-10-29,926.1705322265625,932.3315240555805,913.4608372359711,921.9914332157773,6935616
2020-10-30,913.8916015625,933.7101074269049,906.7827896763548,923.7147081148677,8800386
2020-11-02,923.9732666015625,930.564989940065,905.7057108486894,917.683003004685,7183119
2020-11-03,915.5718994140625,930.0910876342429,911.2204029336852,923.7146779620905,7204782
2020-11-04,942.62841796875,961.6283755268847,919.2340483571605,920.2680152891693,15702690
2020-11-05,951.2883911132812,967.6602021922236,946.9800197767174,956.372290327396,9568890
2020-11-06,958.8279418945312,966.0229002463029,940.6896583675481,954.7349895476437,8807127
2020-11-09,979.3359375,987.4787173096352,966.0661326527613,973.0887990178928,10160320
2020-11-10,940.1296997070312,959.7758088100804,928.8848090632657,959.7758088100804,15622869
2020-11-11,967.229248046875,970.5466725377303,936.6398152578646,944.394882725501,12514800
2020-11-12,963.1363525390625,984.0319522251034,959.6896556836331,972.0546596155181,9180976
2020-11-13,968.6941528320312,976.2769283298909,962.4901402863973,965.0751630445524,6363212
2020-11-14,976.66455078125,982.0069937727832,974.6396375086227,979.7235361739331,1136144
2020-11-17,968.2633056640625,986.61700913056,958.7418683811762,986.4015905696144,12813968
2020-11-18,956.932373046875,976.018373389613,949.0910532843459,972.3993836414027,9839468
2020-11-19,945.041259765625,960.5082709059944,942.4993627319201,947.8417011554023,10092343
2020-11-20,950.7280883789062,955.5965680357107,940.172580751821,953.0115457596897,8063554
2020-11-23,982.1792602539062,986.4446104134439,949.5217888849451,952.1499371201602,10546363
2020-11-24,982.3516235351562,995.1474631926329,976.5783438146449,986.6168683593721,8515426
2020-11-25,961.326904296875,985.3245112783601,957.5355165352668,979.7236286169614,8958701
2020-11-26,959.2156982421875,965.031999218772,946.376836530637,965.031999218772,10962256
2020-11-27,947.8416137695312,965.936771850586,940.0865460205079,963.3517492675782,25306145
2020-12-01,980.4561767578125,982.5242163163012,952.1933200746713,952.1933200746713,8933802
2020-12-02,983.083984375,988.727886519486,965.9366490506944,977.1384121529771,6741637
2020-12-03,970.6326904296875,988.3401342107037,967.4014127459124,988.3401342107037,16212632
2020-12-04,977.6986083984375,979.7235216410278,960.7666900877274,969.383431702864,10564055
2020-12-07,985.3242797851562,993.5101832901488,978.8617243864779,988.5986832610816,7792141
2020-12-08,993.8118286132812,1005.573701427874,986.6168707240066,986.6168707240066,12308330
2020-12-09,1012.6396484375,1016.3448901959212,996.9572174283009,1006.4787610170082,10039346
2020-12-10,1006.219970703125,1009.5805208651112,990.9252548136105,997.3016644467687,9488782
2020-12-11,1002.29931640625,1009.8389651224653,995.4490490751641,999.2834569197639,10574009
2020-12-14,1003.4628295898438,1010.3992444657129,989.3743708973892,1007.6419288306225,6728187
2020-12-15,994.888916015625,1002.730129455689,992.648584344868,996.0952808182877,6905926
2020-12-16,1004.453369140625,1007.2107891322623,994.0271344722645,999.5418692707217,7788404
2020-12-17,998.8529052734375,1007.2112099209915,996.2678821177766,1004.6261867653304,6658153
2020-12-18,1025.219970703125,1029.7006343182745,1012.9841343643415,1019.2312721039293,15995676
2020-12-21,1014.448974609375,1042.4102574830144,992.6917032711265,1023.6688455381866,10858352
2020-12-22,1051.673583984375,1054.5601721291705,1013.415220359196,1018.4991202536102,10901851
2020-12-23,1079.7210693359375,1084.7187173763107,1060.3333967662916,1066.7528284987432,15878346
2020-12-24,1065.0726318359375,1077.006800652292,1056.4127624677035,1077.006800652292,7313885
2020-12-28,1068.7344970703125,1075.3693459932929,1065.0292561279728,1067.1403157348757,4607051
2020-12-29,1077.3511962890625,1080.9270597457682,1064.167540154912,1064.167540154912,6878105
2020-12-30,1074.3355712890625,1079.9364543014929,1066.8820674740116,1079.6779099346707,5194690
2020-12-31,1082.0904541015625,1084.3307858845285,1067.6142861142157,1071.0609827602664,7430470
2021-01-01,1086.0972900390625,1090.4487871704575,1082.0905888370053,1083.9000837645226,4253550
2021-01-04,1110.0517578125,1111.5596876212885,1086.7004086676557,1093.4645299158258,7208454
2021-01-05,1114.834228515625,1119.3148927096533,1098.6778357224719,1104.6664299105278,8145280
2021-01-06,1104.7523193359375,1121.89965460223,1092.6458615964777,1120.1763064384784,7161715
2021-01-07,1087.5621337890625,1118.151568485968,1081.8319792102795,1116.7297849912563,10954918
2021-01-08,1130.6025390625,1134.6524703484326,1101.4348924983926,1101.4348924983926,13186251
2021-01-11,1185.8358154296875,1191.9968060794633,1154.6432561072857,1156.452750620937,20528626
2021-01-12,1182.00146484375,1187.386928051531,1171.876794013122,1187.386928051531,8309868
2021-01-13,1195.2713623046875,1200.139842468759,1171.8768872321662,1183.8110536129677,14442997
2021-01-14,1180.9244384765625,1192.5570396581995,1136.074256291206,1171.8768597797336,27521697
2021-01-15,1158.9085693359375,1175.7112147298128,1154.6433245021933,1171.8768069574498,15018441
2021-01-18,1130.5595703125,1154.643319873238,1125.3463998167526,1152.919971634621,8861765
2021-01-19,1134.523193359375,1146.8881953147215,1130.5163878684557,1137.4097804774099,5585744
2021-01-20,1154.1695556640625,1161.8816034699987,1137.8839961542835,1137.8839961542835,8225838
2021-01-21,1154.3851318359375,1172.7819641087622,1150.3353042992405,1163.2604200778837,6142421
2021-01-22,1155.375732421875,1168.4301164859517,1143.053855513784,1143.441566797093,9646591
2021-01-25,1141.804443359375,1161.4506568831903,1131.3782067409234,1158.951780705668,6542611
2021-01-27,1121.0382080078125,1143.915701597975,1107.3375662888109,1137.0653281460511,8133665
2021-01-28,1099.6685791015625,1117.1174817647845,1096.5235523990264,1113.1107808566571,4660690
2021-01-29,1067.6573486328125,1112.550548750536,1060.720829969721,1108.3283245723426,12183519
2021-02-01,1086.485107421875,1101.1765906055678,1069.3377684222917,1077.5667997697462,8880279
2021-02-02,1095.4033203125,1115.351098962238,1088.8114916842712,1102.9429695181907,6892490
2021-02-03,1106.9495849609375,1123.6229567250703,1096.9110612814527,1100.9178666349594,8182968
2021-02-04,1102.3829345703125,1114.489499899249,1096.0927756341387,1107.2514151368716,5032240
2021-02-05,1096.1358642578125,1110.4827624979573,1087.4329747991637,1108.4578489146597,5477481
2021-02-08,1123.2353515625,1128.7931076138423,1099.0653501995846,1107.6820914790796,6921922
2021-02-09,1124.958740234375,1147.7499796635198,1118.3237860998943,1126.1219793119321,7965949
2021-02-10,1117.16064453125,1123.924766232091,1106.0450258741864,1116.5575146413062,5951207
2021-02-11,1113.8431396484375,1116.7297270881256,1105.5710886329,1110.6980078831743,4673317
2021-02-12,1128.6209716796875,1140.641285360827,1121.5121591363622,1124.484893216906,5797875
2021-02-15,1128.49169921875,1144.648091358565,1126.2943878137974,1137.410006642959,4363513
2021-02-16,1111.9044189453125,1137.194535910987,1108.113031393468,1132.2399092154096,6896421
2021-02-17,1104.0631103515625,1115.4371668503802,1098.6345212315448,1111.9043239367195,4575741
2021-02-18,1113.6707763671875,1125.3465038369814,1098.6346036693349,1099.4962778682911,6437551
2021-02-19,1112.679931640625,1119.7456179756161,1100.1856557955718,1116.8159046715325,5389696
2021-02-22,1090.190185546875,1127.543847285139,1085.7095216584119,1115.8681194822566,7371303
2021-02-23,1091.18115234375,1112.42144338809,1083.5984821457366,1095.3172307680072,6612942
2021-02-24,1098.0313720703125,1100.0131594333943,1078.8159971399741,1085.7525158728329,4537258
2021-02-25,1098.246826171875,1119.960972603115,1096.0495150230138,1110.2240126677355,8788221
2021-02-26,1079.9361572265625,1098.0313127505435,1072.5688018321553,1093.4643980919905,15132388
2021-03-01,1091.7412109375,1106.820509431112,1084.8478173404203,1088.5530584727862,5756286
2021-03-02,1124.053955078125,1128.793163014445,1102.2535564971179,1104.8817047902842,10461434
2021-03-03,1157.7025146484375,1160.675248824271,1127.0699520877108,1136.7206618970913,9056399
2021-03-04,1146.328369140625,1175.194457817251,1142.4939606291623,1150.3351756207683,12041941
2021-03-05,1134.5662841796875,1154.643333469925,1124.527864719399,1144.7340809811906,6486176
2021-03-08,1150.981201171875,1159.899507241126,1134.997104236077,1141.5459116696643,5119392
2021-03-09,1159.425537109375,1163.6476557229737,1136.3326309523961,1145.5956268066052,6518173
2021-03-10,1178.8995361328125,1183.9403089878242,1167.568499766013,1169.2057017251611,7925984
2021-03-12,1184.672607421875,1199.1917948727676,1180.536634880443,1183.0785313845056,9462061
2021-03-15,1183.595458984375,1189.0240475959667,1170.584201812019,1180.4934534283886,6658635
2021-03-16,1192.55712890625,1211.5139618801932,1189.5412691149409,1194.323603143668,9352771
2021-03-17,1195.1422119140625,1206.3439774186643,1190.8338405661386,1199.6660018293824,7626744
2021-03-18,1152.1446533203125,1200.9585220891945,1131.809161445135,1200.9585220891945,10961755
2021-03-19,1158.4776611328125,1167.7406573836752,1135.68642405927,1146.0265128974424,12767112
2021-03-22,1181.1829833984375,1185.663646967112,1151.2828268647472,1163.346265133308,4862758
2021-03-23,1181.8292236328125,1191.9107691234879,1171.5321544195988,1182.6046462206853,7165335
2021-03-24,1166.491455078125,1180.8813722284217,1160.028898540296,1170.0242982818368,6134303
2021-03-25,1149.3009033203125,1165.4141661686415,1143.958461037334,1160.4595403235624,8749994
2021-03-26,1151.3690185546875,1169.0333395716661,1147.750029005632,1158.6932492202639,4922071
2021-03-30,1193.6771240234375,1206.3436907018781,1151.3258227021893,1160.58881889865,10546381
2021-03-31,1178.8135986328125,1196.003959287828,1174.7206456021086,1190.833913354307,8220987
2021-04-01,1193.5911865234375,1199.105923026061,1181.3554536579588,1189.110522281534,5675155
2021-04-05,1214.8746337890625,1227.8858948661118,1195.1422710030156,1198.5889682517625,9479572
2021-04-06,1215.8653564453125,1228.747342967001,1211.9015711911009,1226.162320506341,5793571
2021-04-07,1232.3663330078125,1236.4592852394153,1212.0308440098686,1215.1759757090142,5879234
2021-04-08,1240.6815185546875,1250.8923363163185,1224.4389816715218,1232.1940491134949,5654434
2021-04-09,1241.7156982421875,1253.7360117447722,1232.23728165855,1253.7360117447722,6052712
2021-04-12,1228.5321044921875,1273.1668742622135,1219.2691059838298,1270.1078884948163,20384532
2021-04-13,1203.88818359375,1236.7179510500807,1184.8020781702567,1234.7791840130749,14855206
2021-04-15,1172.523193359375,1177.3916737330917,1137.4099689394636,1148.0086039057906,25342491
2021-04-16,1166.491455078125,1181.226062947407,1160.3304634750934,1176.1852898848683,10879878
2021-04-19,1174.07421875,1188.851847075062,1148.0515948995885,1154.6434235411007,12508028
2021-04-20,1164.4234619140625,1188.2487756609848,1156.7115195484307,1188.2487756609848,8560766
2021-04-22,1164.207763671875,1176.0127610219126,1159.080845255078,1168.0422762254086,6622446
2021-04-23,1149.3009033203125,1161.8813235595494,1146.8881738783452,1157.2282625985106,7316262
2021-04-26,1157.7025146484375,1164.3804902819847,1138.2717176665642,1147.9655532636489,7088606
2021-04-27,1161.9676513671875,1165.8451852427174,1154.7726928795603,1159.813465880782,3636115
2021-04-28,1168.43017578125,1171.4460353795055,1158.6070691956795,1170.1535241231102,4879234
2021-04-29,1168.731689453125,1179.6318882743649,1164.4664445679937,1178.7702141412208,5412357
2021-04-30,1167.0084228515625,1183.8541954072941,1159.7273179909107,1160.0720087052553,8354677
2021-05-03,1165.0267333984375,1172.738676005061,1152.920167887415,1155.3328979061107,4560337
2021-05-04,1145.509765625,1167.5254795369788,1140.9428500394654,1166.7069310758193,4887060
2021-05-05,1155.9356689453125,1158.0037075785995,1144.1307772402217,1155.5909783089623,3939788
2021-05-06,1173.2554931640625,1175.9266619728828,1152.403020957983,1158.951723413913,4810090
2021-05-07,1165.45751953125,1183.1218412109477,1161.9676968327874,1176.4438659417935,4991435
2021-05-10,1154.255615234375,1165.7589437563593,1150.3780816751782,1163.1307956034163,7195348
2021-05-11,1146.5869140625,1155.50522191954,1141.8045796830766,1151.9723783704771,6420988
2021-05-12,1143.4417724609375,1146.0267953074956,1132.6708439336114,1146.0267953074956,5241898
2021-05-14,1134.307861328125,1143.3123140362059,1129.913344241812,1143.3123140362059,4824609
2021-05-17,1145.509765625,1150.2919945875576,1137.6685510099821,1137.6685510099821,5017129
2021-05-18,1154.6434326171875,1158.6071129160698,1145.5958534810081,1152.9200842102962,5620150
2021-05-19,1152.058349609375,1169.6795440720994,1148.8270715158558,1156.3667204007338,4435878
2021-05-20,1154.0404052734375,1162.4847501064953,1150.3351637955125,1161.8816201844372,4490092
2021-05-21,1167.1376953125,1169.7227178934802,1160.1150295972031,1161.10597595688,4969733
2021-05-24,1161.579833984375,1174.4618199428319,1159.0378322316353,1168.990210343967,4225371
2021-05-25,1173.2554931640625,1178.7702287213629,1167.0945019989106,1170.153487283341,4099340
2021-05-26,1203.974365234375,1206.3439694601002,1173.6434732190312,1178.6842466258772,6850024
2021-05-27,1208.2825927734375,1220.346031032541,1199.1918882971079,1209.9628153141646,15365391
2021-05-28,1210.6954345703125,1218.4073769544673,1202.983387001314,1214.7452614296749,4261312
2021-05-31,1213.91796875,1220.6680058856502,1204.5550140134528,1220.6680058856502,4429904
2021-06-01,1208.2130126953125,1220.232475755332,1200.7662615923773,1219.3615032530086,4791325
2021-06-02,1200.76611328125,1212.3499823394552,1188.8773188289856,1202.5951340462432,9272276
2021-06-03,1210.346923828125,1218.490495223433,1199.3726918827983,1208.9968739609324,5115645
2021-06-04,1206.863037109375,1216.6614775007154,1199.895257275533,1214.0920448950565,4194328
2021-06-07,1210.346923828125,1212.3936878849313,1199.5904350020305,1211.5227154080026,5154576
2021-06-08,1230.640625,1238.305225986675,1215.485787648902,1215.8776827694026,7360630
2021-06-09,1232.6876220703125,1241.1360141650894,1223.368151014114,1231.0327527874454,5394317
2021-06-10,1240.5262451171875,1244.619773572991,1235.9100480756292,1240.2649108243102,3496575
2021-06-11,1260.210205078125,1264.3037335391286,1245.011670273987,1245.577823696013,6140828
2021-06-14,1273.1876220703125,1286.4263613244386,1265.9149167591186,1281.2005264104598,7132294
2021-06-15,1283.7265625,1285.5555837332015,1274.232939703031,1275.1039123207363,5403104
2021-06-16,1289.561767578125,1297.2698523733502,1278.1520499296114,1282.6810640692133,7661710
2021-06-17,1302.3651123046875,1308.7667383776072,1284.7714054916353,1284.7714054916353,7677951
2021-06-18,1309.3331298828125,1320.2202871980096,1295.4846445139028,1314.297631090584,13533974
2021-06-21,1306.719970703125,1311.5103190367672,1292.6972296160168,1300.3618294777948,5454052
2021-06-22,1316.7796630859375,1325.1409772519048,1308.2876817899016,1314.907051074631,6427862
2021-06-23,1309.2025146484375,1328.2332451261002,1305.2831378595408,1328.2332451261002,5529809
2021-06-24,1358.020263671875,1366.3380934780537,1316.2135841582835,1321.2652671274627,10785137
2021-06-25,1371.0849609375,1374.3946991922826,1343.9106596031002,1369.168863834137,9780240
2021-06-28,1368.9945068359375,1376.2671053562678,1359.23955183632,1369.9525552441462,5019178
2021-06-29,1361.3736572265625,1370.605944791992,1358.020327926008,1359.5881210099008,5913567
2021-06-30,1376.8333740234375,1385.7172510180376,1369.2123646290893,1369.2123646290893,6058722
2021-07-01,1359.0655517578125,1373.3930072922922,1357.8897601108913,1373.3930072922922,4814317
2021-07-02,1365.5107421875,1366.9477617714929,1343.562171167975,1357.8025504266625,5166064
2021-07-05,1375.2218017578125,1380.4912272034776,1359.6314811563325,1366.686336195417,4058338
2021-07-06,1360.6331787109375,1382.0155958269174,1356.1912402845298,1370.6493623265098,4089574
2021-07-07,1362.7236328125,1367.9059832858584,1345.347772938037,1363.9866068041097,4797120
2021-07-08,1359.370361328125,1372.6526922653372,1349.1364342125682,1365.684912101554,3326813
2021-07-09,1361.242919921875,1367.3397273251671,1350.8783260723017,1355.2331885032247,3436594
2021-07-12,1348.1348876953125,1374.3947322658926,1335.8541955721248,1367.9060290680072,4588982
2021-07-13,1345.6090087890625,1355.581708354052,1338.0751812303984,1355.581708354052,4456160
2021-07-14,1373.4365234375,1378.5752823277203,1339.6427487234016,1353.4912324038655,5657716
2021-07-15,1376.8333740234375,1390.812418891996,1355.2332134406452,1356.8880824588236,10021355
2021-07-16,1354.754150390625,1371.4768864021955,1349.6589824626813,1370.6929898779226,6265593
2021-07-19,1342.7783203125,1352.5332765373414,1339.1638693330044,1345.3912379284575,5669162
2021-07-20,1350.051025390625,1356.7138802520703,1339.5557637771587,1339.8170980665798,5069939
2021-07-22,1385.0205078125,1387.3286063361954,1359.936562140339,1359.936562140339,7854575
2021-07-23,1385.2379150390625,1392.2492849010428,1380.5347494609446,1383.583152649655,4179719
2021-07-26,1396.9527587890625,1403.7027953972172,1388.4171860985402,1388.4171860985402,4586710
2021-07-27,1395.777099609375,1401.6561643095713,1391.7270559963727,1397.9109398244527,5892859
2021-07-28,1398.4334716796875,1400.1754167381625,1380.9269451059924,1397.9979854150688,4686788
2021-07-29,1408.362548828125,1410.9754663584183,1393.643092143495,1393.643092143495,4660873
2021-07-30,1402.701171875,1413.9367380735853,1398.9124628703291,1402.2656856372244,6234257
2021-08-02,1421.03515625,1423.8222255873973,1410.2785613387637,1417.4640841166172,5553389
2021-08-03,1441.6336669921875,1444.638585966481,1424.562626930286,1434.4917348838053,5513668
2021-08-04,1436.451416015625,1463.146744783546,1427.5675389174712,1453.7401991220645,6740391
2021-08-05,1440.1966552734375,1451.0402206367958,1434.5353338843984,1436.6691740338504,5420536
2021-08-06,1437.2789306640625,1446.3806580542653,1431.8789431145817,1443.2015868253418,3754855
2021-08-09,1448.6885986328125,1452.3030494440573,1433.9691421507919,1446.6853193592076,5018477
2021-08-10,1460.8385009765625,1463.2336751471903,1446.7287902084508,1452.782006038996,6846517
2021-08-11,1461.099853515625,1466.7175832036262,1452.7820242183186,1458.7046793150253,4899639
2021-08-12,1471.59521484375,1477.6049467665491,1458.0080641834384,1462.493594127551,5659579
2021-08-13,1491.2791748046875,1500.25023470125,1473.075933355373,1478.0404344197511,5612790
2021-08-16,1484.4857177734375,1498.0292778847625,1472.030767090066,1487.359863555825,4564109
2021-08-17,1516.9293212890625,1523.2438721030503,1468.9387563667328,1484.0501084300226,9510390
2021-08-18,1509.7872314453125,1528.9922175200145,1504.1695013711565,1505.9114463640587,6686090
2021-08-20,1509.3516845703125,1519.8469452589354,1494.6758198585792,1494.6758198585792,6206972
2021-08-23,1514.403564453125,1526.9455907943864,1508.524499573149,1511.7906467286912,6189051
2021-08-24,1498.813232421875,1530.2989143307364,1491.7147842075274,1524.202105907108,7602939
2021-08-25,1511.6163330078125,1521.5018494102508,1496.3307234273852,1496.3307234273852,6153253
2021-08-26,1504.7791748046875,1520.7180143906892,1498.0727289530273,1510.2663441886914,5302248
2021-08-27,1488.31787109375,1504.7791665153063,1485.1822849945138,1502.427583260766,6698514
2021-08-30,1478.954833984375,1496.896845466197,1472.2918733754789,1483.3096963013163,6559667
2021-08-31,1486.2711181640625,1493.7179762587919,1468.3291042613178,1480.7840546962734,12255438
2021-09-01,1461.2742919921875,1488.927672275753,1457.2678392623277,1488.927672275753,7801974
2021-09-02,1471.1595458984375,1475.688666436114,1448.122367094647,1460.9256195979472,6830050
2021-09-03,1481.2193603515625,1485.835450675509,1467.0660576377923,1477.2129082319484,5339139
2021-09-06,1507.1309814453125,1508.5245163164989,1480.0872401693016,1485.1389236872342,4876026
2021-09-07,1486.4451904296875,1511.0501627608223,1484.13709211518,1506.7823763845429,3520341
2021-09-08,1474.7742919921875,1481.3936622056285,1465.8032320672012,1481.3936622056285,4584896
2021-09-09,1473.3370361328125,1476.2112878647204,1465.1063886676236,1468.372535490299,3331674
2021-09-13,1473.5985107421875,1481.9598261405356,1459.0532050480786,1465.8468336141766,4662374
2021-09-14,1468.590087890625,1477.1255533534795,1462.0142039470077,1477.1255533534795,4945167
2021-09-15,1490.6259765625,1493.8050477371864,1472.1178092741352,1474.7743181658348,4062344
2021-09-16,1482.6129150390625,1497.4194473085083,1473.2063696575788,1493.891966210481,3246568
2021-09-17,1473.075927734375,1496.3308524712506,1467.1096806648243,1478.0404287798092,7454864
2021-09-20,1470.0706787109375,1487.3594588182361,1461.4480310703595,1467.5884287452827,5660743
2021-09-21,1496.72265625,1503.9517705576725,1467.2838494209095,1480.6532560868934,4672222
2021-09-22,1495.37255859375,1514.533951698331,1492.0193360644232,1495.4596345711595,4553892
2021-09-23,1517.7132568359375,1519.8470970516926,1499.030831879671,1508.5244539217945,3826090
2021-09-24,1536.2647705078125,1557.2987769299875,1526.335663082202,1531.169602820424,8280446
2021-09-27,1499.0743408203125,1540.750353714178,1496.4178321652648,1540.5326105890063,5045337
2021-09-28,1469.417724609375,1489.3630166815442,1458.878978328413,1489.3630166815442,6557197
2021-09-29,1473.9033203125,1481.8727405310417,1441.4595923280765,1445.1612257222725,7792548
2021-09-30,1459.052978515625,1483.2660547022504,1454.6110403673977,1483.2660547022504,6914031
2021-10-01,1450.2998046875,1462.3191607744086,1446.9029908490702,1450.2562135367987,5733906
2021-10-04,1462.14501953125,1470.2015147989575,1450.517558435886,1456.7014416476638,2947154
2021-10-05,1474.3824462890625,1483.2227330420862,1448.4274205190902,1455.3952012552013,4373310
2021-10-06,1457.6160888671875,1488.492021865943,1454.524093924005,1482.4822902737767,4271698
2021-10-07,1472.814453125,1484.3112472506546,1460.3160193905471,1469.3305632299673,5476108
2021-10-08,1501.4259033203125,1508.0888641225727,1479.2596960117546,1485.2258362951297,4738376
2021-10-11,1472.7708740234375,1506.7823919299244,1449.0368739193389,1464.9757128474757,8840633
2021-10-12,1467.71923828125,1471.0724609335527,1447.5562048973147,1460.6207915841135,7439300
2021-10-13,1488.666015625,1492.5419066804288,1463.2772546739036,1477.1256310763652,7104171
2021-10-14,1494.3709716796875,1553.4664307761761,1479.0853627504664,1527.6856676824548,19655776
2021-10-18,1560.91357421875,1566.8797152948314,1515.4923316359125,1515.4923316359125,13438109
2021-10-19,1587.0426025390625,1597.799091923905,1552.3343687944996,1579.944155219386,10324260
2021-10-20,1569.7972412109375,1609.5571565198998,1562.5682333583247,1593.3570895202022,5876115
2021-10-21,1527.3809814453125,1579.9441517799685,1521.4583257794832,1579.9441517799685,8779629
2021-10-22,1497.898681640625,1535.6988064564907,1486.7501901182247,1524.1149349651396,7369809
2021-10-25,1487.229248046875,1506.564796489911,1469.5048712675496,1499.858350257659,5905209
2021-10-26,1497.0264892578125,1517.1485436893581,1490.1727607226414,1502.6062654350915,5871709
2021-10-27,1519.21337890625,1523.782638320306,1494.785823536902,1501.7713769207796,5090259
2021-10-28,1497.2022705078125,1515.522964410046,1486.7897990608278,1510.7780094844702,5329972
2021-10-29,1465.4375,1504.8467856229756,1459.5503108556832,1492.8966047069405,5875091
2021-11-01,1493.8193359375,1500.1018935472132,1472.6867651673283,1474.0048022483252,3636806
2021-11-02,1491.93017578125,1499.4429230262488,1481.7812470277015,1489.3819492239559,3471772
2021-11-03,1495.9720458984375,1509.1084388738689,1492.896626127134,1501.6835397594302,3530713
2021-11-04,1501.419921875,1508.713103252184,1498.1688066656807,1506.955720487767,483407
2021-11-08,1526.7261962890625,1529.8016159650406,1496.4113451972798,1520.1360112691098,5245903
2021-11-09,1531.119873046875,1537.710059014078,1516.621463919028,1524.3100142140984,4016134
2021-11-10,1529.054931640625,1538.544734840755,1513.0626830662195,1516.6214263051052,4780368
2021-11-11,1523.035888671875,1528.703405453859,1501.6836441561402,1522.7282608636551,4731349
2021-11-12,1564.2464599609375,1566.5750137314162,1527.2097015420263,1531.5591812690018,5069009
2021-11-15,1570.353271484375,1581.6444339073435,1560.1164957791602,1565.9158372510615,4354074
2021-11-16,1574.878662109375,1589.508788323187,1561.4346405883132,1572.8576289550256,6034233
2021-11-17,1570.616943359375,1583.401946486974,1564.6857762457305,1575.0983554327267,4732492
2021-11-18,1563.54345703125,1572.3742410091222,1545.618131495533,1565.476535154988,4326924
2021-11-22,1545.9698486328125,1568.815827663556,1538.7206437480575,1567.5856381094713,6621839
2021-11-23,1526.198974609375,1535.2934083156665,1502.5621566574846,1524.6172873290966,8436160
2021-11-24,1490.2606201171875,1529.3623875671963,1483.2310888902196,1528.9230418655106,7333061
2021-11-25,1513.4581298828125,1516.7970929361409,1491.0953687886788,1493.7754205362603,4476260
2021-11-26,1486.4384765625,1509.8994963783227,1479.7164652294268,1496.0162352304876,4494181
2021-11-29,1490.568115234375,1504.319656915026,1466.6677523751573,1485.867137758942,3942776
2021-11-30,1504.890869140625,1520.0482960069558,1493.8193787950365,1497.7734901514705,14808963
2021-12-01,1506.8681640625,1530.5928359678426,1505.198628661175,1506.9560117652745,5193264
2021-12-02,1536.1722412109375,1538.1492968624316,1503.748507074007,1506.9557521388576,5559574
2021-12-03,1525.0128173828125,1569.913923973845,1522.3767433293804,1556.2502305587047,6754012
2021-12-06,1489.6456298828125,1523.6069679725288,1486.3065595311832,1520.1361797156055,3991449
2021-12-07,1504.01220703125,1515.654868474255,1488.5032818453103,1494.7419695434742,4202122
2021-12-08,1540.653564453125,1546.3211884129332,1522.4207176698017,1522.7722156867264,3029169
2021-12-09,1549.5284423828125,1554.7567210288287,1530.6805531039272,1545.6183082145856,2082171
2021-12-10,1545.8377685546875,1549.7918796579963,1534.1951080838337,1546.4967870719056,1823469
2021-12-13,1533.0087890625,1556.4698037309122,1527.8684664398838,1552.6914955202064,4040584
2021-12-14,1539.59912109375,1549.1329011030184,1502.8697785484514,1520.9269292908916,4768144
2021-12-15,1523.8265380859375,1535.9085444800232,1512.4035502224383,1533.3164478312353,3053149
2021-12-16,1556.6898193359375,1561.9619682661307,1544.7396365465954,1548.825573419924,4481031
2021-12-17,1599.965087890625,1618.5494309854728,1587.5755615814348,1599.2182217120308,18887243
2021-12-20,1580.6778564453125,1607.697614867699,1570.4850584603494,1583.1381278143033,5773891
2021-12-21,1591.8372802734375,1615.0347541246067,1582.523173111217,1582.523173111217,5353584
2021-12-22,1603.34814453125,1607.2583855937914,1592.496327262333,1603.6117948544356,4156428
2021-12-23,1632.2572021484375,1635.7719679184652,1605.3692654601534,1609.103704090808,4112933
2021-12-24,1637.44140625,1648.2053757839751,1629.0938380399784,1645.744996985642,3780347
2021-12-27,1639.7698974609375,1647.1069488401015,1621.2295312790468,1634.3659241624905,2647733
2021-12-28,1658.96923828125,1665.910921270975,1650.5338229288552,1652.5547486394014,3340933
2021-12-29,1656.816650390625,1664.0658546078334,1648.7766024427483,1655.0152900742216,3236635
2021-12-30,1663.23095703125,1678.1248402781916,1646.9751665027095,1655.893905461335,4584738
2021-12-31,1658.7496337890625,1668.0637408590383,1644.602724183878,1660.7266893716478,4619420
2022-01-03,1668.151611328125,1681.8592826976471,1658.7496564451544,1658.7496564451544,3329616
2022-01-04,1668.766845703125,1675.3570314082458,1650.1825005622568,1668.151697346698,3921999
2022-01-05,1620.878173828125,1672.061949815919,1616.7922372110065,1669.5137232070176,6995719
2022-01-06,1597.2852783203125,1606.2478877431283,1581.6445284122708,1606.2478877431283,6449205
2022-01-07,1594.2098388671875,1613.2773992100788,1587.619653412898,1595.2202481604722,4834389
2022-01-10,1626.2381591796875,1643.065121465988,1593.0675577969869,1594.8249406516995,7857560
2022-01-11,1630.4998779296875,1643.1530566094832,1625.7110523005758,1629.9726844976424,5142287
2022-01-12,1649.69921875,1659.8481478952956,1634.3660958630228,1642.1864712150102,5362535
2022-01-13,1666.7017822265625,1680.4971934061439,1639.9455664762318,1673.907008333963,14277630
2022-01-14,1695.30322265625,1698.5104677026313,1652.8185151312207,1653.6972065268249,7688506
2022-01-17,1704.22216796875,1716.8753470487895,1696.3139444514936,1703.387453946787,5262464
2022-01-18,1687.74658203125,1709.0548494342218,1679.574708740925,1688.9327940218743,3690315
2022-01-19,1640.560791015625,1683.5726913474412,1636.8702228464153,1683.5726913474412,5747770
2022-01-20,1602.4696044921875,1623.8218502987,1595.2643772820832,1620.3070843889625,5533463
2022-01-21,1569.079345703125,1588.6742087714806,1560.5560811826049,1577.2512194384997,8252758
2022-01-24,1526.111083984375,1554.0973802762983,1518.378557683914,1550.8901355972848,7116712
2022-01-25,1513.23828125,1528.9228998912874,1494.2145926811118,1517.1484147270562,9137653
2022-01-27,1474.971435546875,1502.2987179861893,1463.0212533681874,1495.5328367763693,11231734
2022-01-28,1481.6492919921875,1517.983264646861,1475.7621029294125,1477.0801399370898,10998502
2022-01-31,1525.5841064453125,1537.270746047761,1507.2634105184352,1509.591964395572,8788872
2022-02-01,1557.085205078125,1564.0707591029711,1524.265994070383,1551.856926666537,5119935
2022-02-02,1570.3095703125,1575.318176258429,1557.041350012565,1571.9791056278098,4253717
2022-02-03,1527.6490478515625,1563.1920737397209,1523.6509588896436,1563.1920737397209,3832922
2022-02-04,1529.8897705078125,1541.180934987661,1502.694311108858,1521.8936991988624,4700077
2022-02-07,1506.9559326171875,1521.8936882174746,1489.733600553992,1513.2824685548035,4310209
2022-02-08,1508.976806640625,1515.7426876167267,1490.2606366365032,1502.5623164200595,6053401
2022-02-09,1526.5504150390625,1531.5589124675853,1515.7424693095722,1524.529382175135,3867244
2022-02-10,1554.932373046875,1558.7107891978585,1536.6116777128484,1542.6746701881318,4334630
2022-02-11,1512.5352783203125,1534.1510632840202,1505.1982272697005,1528.9228928483824,7551371
2022-02-14,1478.134521484375,1510.0750373354194,1474.663733614444,1484.9883568052496,7459637
2022-02-15,1527.3853759765625,1534.8542531207022,1485.3838827787808,1492.8967373992116,4669915
2022-02-16,1523.035888671875,1542.4988179107663,1517.3682646277543,1527.3853683173847,5350642
2022-02-17,1515.567138671875,1536.83143001885,1511.6130269308317,1532.4379725288018,3937950
2022-02-18,1499.88232421875,1513.5460191396417,1496.8508816280867,1502.5623760399344,5602215
2022-02-21,1520.751220703125,1526.5506699725988,1486.3065594227182,1494.6541280390445,5120890
2022-02-22,1523.9583740234375,1538.5886069583632,1485.911101612414,1493.687498875911,8878515
2022-02-23,1531.42724609375,1544.9591147620647,1523.123655479762,1537.7099108964103,5478811
2022-02-24,1474.575927734375,1506.9117054360172,1467.8539173756792,1485.0762465850694,13592379
2022-02-25,1489.030517578125,1518.5106587861058,1473.565569428914,1506.9558447051804,9737281
2022-02-28,1507.4830322265625,1518.4228051512885,1463.0212662482625,1478.1347163040493,15076542
2022-03-02,1496.23583984375,1506.428639183248,1485.8672378574524,1502.5623753614689,6771489
2022-03-03,1512.09619140625,1523.563157969651,1498.6522763017938,1511.5250204995646,7344147
2022-03-04,1514.2490234375,1525.4083619826322,1477.0803320811085,1489.601685282867,9074499
2022-03-07,1528.7911376953125,1538.5885677889987,1490.2605431011661,1491.1392344591268,9742588
2022-03-08,1562.489013671875,1581.644529208251,1509.9872022162124,1509.9872022162124,10984500
2022-03-09,1593.3748779296875,1609.41099446192,1573.7361484508579,1573.7361484508579,10193515
2022-03-10,1604.402587890625,1620.9658987002945,1590.6070690763233,1620.9658987002945,6547182
2022-03-11,1600.975830078125,1609.2355512027455,1591.310224078751,1593.9462984422166,4758657
2022-03-14,1661.3416748046875,1665.1200904742025,1609.3671678167375,1609.3671678167375,10289724
2022-03-15,1616.1771240234375,1659.2768725454414,1608.0052511537049,1659.2768725454414,7140443
2022-03-16,1660.199462890625,1664.1974441872826,1624.7003107966714,1638.7593724368805,5233979
2022-03-17,1629.6209716796875,1689.9871323532464,1610.6852372652634,1689.9871323532464,17731459
2022-03-21,1628.259033203125,1658.002713659227,1617.7586073153645,1635.2445864629065,8362085
2022-03-22,1658.4422607421875,1660.7268370550205,1615.9135731979802,1625.57917912793,5709382
2022-03-23,1645.2618408203125,1669.5137026271,1631.7299714623814,1666.877628359794,6192824
2022-03-24,1657.8270263671875,1664.7687099000984,1630.9830683752546,1630.9830683752546,3784303
2022-03-25,1648.9083251953125,1664.2414466217965,1632.6085574568626,1662.4840638904113,3438588
2022-03-28,1646.579833984375,1652.7306737771728,1627.9076417562392,1639.6381504800765,4008555
2022-03-29,1657.2120361328125,1660.1996084457126,1634.8493821555994,1646.5798912876753,3917785
2022-03-30,1672.984375,1686.208722896825,1665.1201302185948,1678.3005006424887,7795839
2022-03-31,1675.5325927734375,1680.9365660718338,1664.4171256540967,1669.5135784299448,5399145
2022-04-01,1672.633056640625,1678.5642235880214,1650.4460988003643,1657.9588459097863,6171518
2022-04-04,1654.53173828125,1663.3626287396291,1645.7888027624538,1660.506882018338,7364074
2022-04-05,1635.33251953125,1660.3752240705198,1631.8617314560988,1655.278878381211,5472024
2022-04-06,1606.9947509765625,1632.169281125761,1601.107561481124,1629.9725526181892,5407453
2022-04-07,1591.3101806640625,1606.3797601498356,1588.2787381336382,1600.1410724456011,5797544
2022-04-08,1594.473388671875,1615.0347888286492,1588.6740468999988,1601.854417864324,5131446
2022-04-11,1552.2523193359375,1593.946182924903,1548.7375537727073,1593.946182924903,8248407
2022-04-12,1531.075927734375,1544.3002774245751,1518.1592058721535,1544.3002774245751,6456184
2022-04-13,1536.4359130859375,1544.3001583273306,1521.8935272961232,1542.0594523193558,6257693
2022-04-18,1424.710205078125,1449.8407567425704,1397.1192746792042,1410.738990878907,30523965
2022-04-19,1372.5159912109375,1438.110326839995,1361.9716942234015,1438.110326839995,17044923
2022-04-20,1395.098388671875,1402.6552210404843,1373.3947525064125,1383.9390500304542,10678747
2022-04-21,1422.42578125,1429.8067037193202,1396.4604056492583,1401.5128815545488,7766514
2022-04-22,1393.121337890625,1415.3082973438313,1390.4413932842554,1409.7286280030771,8134245
2022-04-25,1371.725341796875,1382.0060971733296,1365.5745010161786,1382.0060971733296,7000570
2022-04-26,1389.211181640625,1398.8767875849937,1376.5141331003783,1385.8721112277144,5345435
2022-04-27,1364.43212890625,1381.9619804602605,1362.279270492614,1381.9619804602605,8819356
2022-04-28,1390.6170654296875,1407.4880056040677,1368.517954039761,1379.545574627146,9245177
2022-04-29,1377.3927001953125,1403.5337684574995,1371.4615334467492,1397.1192785504973,9831395
2022-05-02,1354.0634765625,1364.3881007348616,1345.276562373256,1362.7625430622788,7072627
2022-05-04,1349.274658203125,1379.545534836563,1344.5297030639988,1359.5553049527848,6220959
2022-05-05,1392.8577880859375,1396.592226787759,1368.5179703073688,1370.8026539111372,6144870
2022-05-06,1355.6888427734375,1372.3839773751754,1348.835115031049,1361.9715069838842,6171472
2022-05-09,1379.85302734375,1394.3075653232786,1337.5001444983088,1353.1847646359806,6832202
2022-05-10,1364.6077880859375,1378.7986761047448,1358.5009255643938,1369.0012452272317,6212545
2022-05-11,1341.5419921875,1361.927588201104,1328.2297970447912,1361.927588201104,7846080
2022-05-12,1325.7696533203125,1342.201139918884,1321.8155419424827,1330.3388057853947,7034979
2022-05-13,1321.9031982421875,1343.7386553481426,1316.3674002098628,1334.9957199167382,6723761
2022-05-16,1308.459228515625,1328.449456127453,1299.276947088888,1326.8238986312238,6145331
2022-05-17,1334.2490234375,1340.0044954869074,1301.254223004272,1313.555903618578,6516378
2022-05-18,1326.12109375,1361.7080974834491,1322.6942829038983,1337.3683872175263,6594126
2022-05-19,1254.0244140625,1304.5930382065774,1245.676846021442,1301.3419230322806,16561140
2022-05-20,1278.6278076171875,1288.8206063685275,1271.2028009563014,1276.7385996614764,10488908
2022-05-23,1290.2706298828125,1307.4929619615978,1274.1466621873956,1278.5839899389152,5887569
2022-05-24,1266.1943359375,1291.2810188777573,1261.1418602736273,1290.446197671662,5693167
2022-05-25,1239.3502197265625,1267.5123214901744,1229.5089191300704,1260.9221361098096,9630092
2022-05-26,1251.2125244140625,1256.528650069207,1236.3627261774936,1245.9843537049899,13040065
2022-05-27,1284.075439453125,1289.0400664785568,1263.0308268759254,1268.7861902183386,8284860
2022-05-30,1341.586181640625,1344.397951444672,1304.856835225711,1306.614218168776,10904213
2022-05-31,1335.1923828125,1347.9795623962705,1321.4728713370666,1341.4971403772934,16033857
2022-06-01,1312.9482421875,1345.0936959690998,1307.220595475762,1343.539700941573,8738508
2022-06-02,1339.099853515625,1344.294615750505,1310.3287209249263,1317.7879195074188,7205840
2022-06-03,1351.2650146484375,1380.8353586133414,1347.9794690514807,1354.1066701358748,9395707
2022-06-06,1358.6800537109375,1364.496369880414,1325.779716646575,1346.2036506605543,6624883
2022-06-07,1337.945068359375,1349.6222508666924,1334.3043022524057,1349.6222508666924,4904592
2022-06-08,1331.9957275390625,1349.9332266440192,1324.891750325521,1349.9332266440192,4697608
2022-06-09,1345.3155517578125,1347.0471026731207,1315.5676501182832,1318.675639841816,4361061
2022-06-10,1311.3941650390625,1326.6232286366903,1308.5525092706785,1319.6524730579197,6516436
2022-06-13,1264.9517822265625,1281.912503994141,1253.585376766595,1281.912503994141,6987685
2022-06-14,1279.2044677734375,1286.619223049743,1245.9933493091928,1252.0761087251524,6090247
2022-06-15,1262.9093017578125,1284.3988943960317,1259.9345334598274,1278.8932479061086,4651958
2022-06-16,1240.7095947265625,1282.0459060881565,1236.0920528309707,1276.9399223929138,6641772
2022-06-17,1231.9185791015625,1240.4876655034718,1214.0254135488024,1235.2485686561172,9692047
2022-06-20,1255.7611083984375,1263.0426411881947,1227.2119802322318,1234.360400176754,4595194
2022-06-21,1287.5069580078125,1292.9237183901334,1263.397816167282,1264.5078124914492,6270787
2022-06-22,1276.2738037109375,1296.1205167768,1274.2758102801847,1275.2082505737685,6253366
2022-06-23,1289.771484375,1294.699912173582,1272.4999822666275,1278.5384065605574,6254281
2022-06-24,1279.692626953125,1303.1357725824364,1268.8591054568187,1294.6997999490238,6114340
2022-06-27,1309.4404296875,1317.7876236462766,1301.0489009150212,1303.6241140424631,4511097
2022-06-28,1314.3690185546875,1321.5617738738115,1290.2598739718783,1304.4678285372947,4412178
2022-06-29,1299.361572265625,1311.5715306586899,1293.8115911778682,1300.6491245187574,5060038
2022-06-30,1298.1629638671875,1316.0116836459267,1292.0357622839565,1300.960176372367,9165177
2022-07-01,1313.703125,1318.6758878131434,1280.8027842377455,1291.1479736567749,4651635
2022-07-04,1321.33984375,1325.1138318789901,1298.2519163726479,1314.4578653971353,4800224
2022-07-05,1310.6392822265625,1340.831183761111,1307.1317370251647,1330.9301027704544,7379669
2022-07-06,1324.580810546875,1331.9955641744978,1305.3556528910078,1316.1891734537298,5209162
2022-07-07,1330.84130859375,1344.3832653678094,1328.1773170972135,1334.7041829822008,3323472
2022-07-08,1344.8272705078125,1347.0472634324174,1331.9513115451052,1345.3157123104625,3652582
2022-07-11,1308.1529541015625,1331.9068766093092,1302.1589736556825,1327.555669124535,4702638
2022-07-12,1277.47265625,1304.1125702899615,1275.1638853794875,1298.0742548130895,4710356
2022-07-13,1282.6673583984375,1296.475756562151,1277.4725970808702,1287.5957856267937,5264025
2022-07-14,1268.8148193359375,1290.2155308812712,1255.6280821611772,1288.4839796434712,6157606
2022-07-15,1270.146728515625,1284.0439058847987,1252.6532276522264,1284.0439058847987,5620018
2022-07-18,1323.0269775390625,1326.3125236399783,1285.8643184329112,1287.5958695188904,5835171
2022-07-19,1317.9208984375,1320.3184472133253,1305.4444960050953,1306.7321568201792,3418540
2022-07-20,1345.5821533203125,1354.9061235932559,1331.9957532776436,1333.1057497387085,5079392
2022-07-21,1361.2108154296875,1363.475143060979,1334.7484577291702,1347.0916394538826,5008061
2022-07-22,1337.5899658203125,1367.515422286442,1325.0247862021565,1362.1874401216894,7020642
2022-07-25,1335.1923828125,1347.2247865607108,1314.3244515105814,1314.3244515105814,7859626
2022-07-26,1288.6170654296875,1329.0209351127858,1283.1558613643324,1329.0209351127858,7268273
2022-07-27,1306.2882080078125,1308.019759034265,1283.1558396500427,1288.483822375233,4517285
2022-07-28,1347.4468994140625,1353.7072142935083,1322.9825345301238,1328.7989592318934,6636841
2022-07-29,1376.129150390625,1381.457133330871,1356.859655449305,1361.122085160738,7009465
2022-08-01,1377.327880859375,1388.8273994069982,1365.6506978612158,1388.8273994069982,2983249
2022-08-02,1370.7125244140625,1373.731736723845,1357.1705664405404,1373.332181323211,4374635
2022-08-03,1390.6922607421875,1394.1554711718493,1367.4267796780443,1375.5075317485316,6011955
2022-08-04,1420.70654296875,1424.2140880582285,1398.5509508931095,1409.6953575514096,7402209
2022-08-05,1435.5804443359375,1443.6167525535413,1422.8377084210715,1428.254468715417,5361971
2022-08-08,1438.0224609375,1440.331231614356,1417.2433080496378,1435.8912463134488,3763409
2022-08-10,1422.970947265625,1439.6208933320956,1410.2282102223699,1439.6208933320956,4423829
2022-08-11,1438.5108642578125,1448.6340529159374,1435.0033190587033,1447.4352785059941,3462090
2022-08-12,1415.5562744140625,1433.2274398690179,1412.0487289334715,1432.6058852060069,3562286
2022-08-16,1417.642822265625,1428.7872284070231,1412.8920598110092,1428.7872284070231,3004430
2022-08-17,1426.345458984375,1431.4514427285992,1407.475519060068,1417.643043330634,4067324
2022-08-18,1405.655029296875,1419.1969856808453,1397.7074982537147,1415.5562190867397,4635706
2022-08-19,1418.22021484375,1425.1466359156411,1407.5642491319722,1407.741913599355,4739884
2022-08-22,1399.1728515625,1419.9075651208868,1397.7076344592094,1408.3636011768147,3950555
2022-08-23,1369.64697265625,1380.391717643394,1361.2997768718708,1374.6197355496777,5551574
2022-08-24,1365.2955322265625,1372.8435075266768,1359.5235511147102,1363.0755394912346,2888426
2022-08-25,1348.1126708984375,1375.240914283423,1344.20546240819,1374.61935974096,4331088
2022-08-26,1351.1322021484375,1371.9112502041487,1347.491326858414,1363.2089425597997,3079136
2022-08-29,1298.0296630859375,1304.0680862700244,1287.595697947398,1304.0680862700244,8079050
2022-08-30,1325.7354736328125,1328.532686697627,1301.8039906965078,1308.108749599387,6725875
2022-09-01,1300.2054443359375,1303.6686550621423,1288.5283679870784,1296.520342709969,8140604
2022-09-02,1290.260009765625,1312.4599411105257,1285.8200234966448,1312.4599411105257,5175653
2022-09-05,1297.6302490234375,1302.6917893036236,1284.3546268952266,1288.4838352280558,3669352
2022-09-06,1292.1246337890625,1305.3558130293177,1283.5554395953404,1297.6302811685841,3428442
2022-09-07,1294.3890380859375,1301.5817931585523,1276.984316019413,1278.7158670634933,3600574
2022-09-08,1310.5948486328125,1315.2123898661405,1299.672441718108,1309.79562961987,4061475
2022-09-09,1342.3409423828125,1349.7556970653623,1314.2358103004844,1321.33978765346,4816910
2022-09-12,1364.1412353515625,1372.7548731045804,1350.7769427256635,1354.9061513249576,5494819
2022-09-13,1371.9111328125,1379.0595531212691,1368.6700299824238,1378.0827779506399,4947158
2022-09-14,1310.151123046875,1331.0633925865702,1307.1319108123898,1329.331841362872,14332197
2022-09-15,1272.3223876953125,1309.9733809599834,1268.9923983100107,1309.7958248853374,12784100
2022-09-16,1222.816650390625,1265.3960749571352,1215.0910093151838,1265.3960749571352,20464045
2022-09-19,1234.58251953125,1248.5240318620802,1225.9688818685945,1236.092071374122,6595241
2022-09-20,1233.0286865234375,1255.2286188838889,1229.9650308188309,1250.2557473166619,7219797
2022-09-21,1222.994140625,1233.2505516184503,1215.1353871043787,1225.3473548787024,7917054
2022-09-22,1214.7357177734375,1228.9436728727633,1207.676183442698,1213.3149439431238,9168498
2022-09-23,1212.5155029296875,1238.5783025146602,1209.4519565311844,1214.3359402029328,10426200
2022-09-26,1225.658203125,1242.7077069492407,1203.2362725842238,1207.676258829922,9414587
2022-09-27,1237.46826171875,1248.9677795003172,1223.6598650205738,1237.379375300364,8561254
2022-09-28,1238.4893798828125,1248.390568171123,1222.7718762488641,1224.5478702593925,7022098
2022-09-29,1241.997314453125,1251.942839805904,1236.9801085571755,1247.5472969933132,6119965
2022-09-30,1255.1395263671875,1260.3343964051253,1221.884076510353,1233.3835962258331,8120130
2022-10-03,1237.64599609375,1253.8519436659194,1230.7640183576234,1253.8519436659194,4943169
2022-10-04,1269.30322265625,1271.8339930032037,1255.6280440611135,1260.689584755021,6631341
2022-10-06,1292.1690673828125,1296.2982757871803,1282.3566555701389,1283.1558746803535,6180672
2022-10-07,1288.661376953125,1294.5665794796807,1278.8490738177404,1284.3546126015165,3994466
2022-10-10,1298.8291015625,1300.915873263201,1266.5947604561948,1266.5947604561948,5274677
2022-10-11,1264.330322265625,1313.9249389319289,1261.0446679361762,1298.8289881372887,12824774
2022-10-12,1268.6815185546875,1279.6927051868731,1255.2284480932105,1276.0519384547556,5481467
2022-10-13,1260.8671875,1276.8954711779975,1256.515979742123,1270.7239342833766,4821514
2022-10-14,1309.129638671875,1326.6675802447219,1302.913659380233,1318.6756068697537,14990688
2022-10-17,1323.0714111328125,1327.5558404413687,1310.239894696481,1311.4831124808618,4286396
2022-10-18,1335.281005859375,1341.7189839180535,1329.5534687388124,1340.8754301523504,4692004
2022-10-19,1319.075439453125,1336.391385405423,1315.390337674064,1335.547831397756,3553171
2022-10-20,1332.794921875,1335.5476913144482,1309.085333326775,1309.7957743941563,4583939
2022-10-21,1332.43994140625,1337.3239265296984,1324.3147444758008,1332.2623853064586,3594485
2022-10-24,1347.846435546875,1351.3540892842454,1341.7636768252662,1348.423655366755,982837
2022-10-25,1355.35009765625,1361.2108571850185,1350.6881126041244,1356.9484274924105,3914341
2022-10-27,1368.052490234375,1377.8823898027329,1357.7738493894442,1374.201834673,6760137
2022-10-28,1358.447021484375,1371.6431919026134,1352.8363861734367,1369.892717518689,3053981
2022-10-31,1380.3509521484375,1388.205841518274,1373.7079380791174,1373.7079380791174,4542336
2022-11-01,1412.0845947265625,1413.879997898497,1388.834101733467,1394.1754919196,4542692
2022-11-02,1394.400146484375,1411.8604013679294,1386.949178263202,1411.1871250678016,2938906
2022-11-03,1374.156982421875,1385.9617825966927,1365.9879182433451,1381.3385965713933,3174027
2022-11-04,1359.120361328125,1364.9104934069014,1347.5849165055247,1364.9104934069014,4509682
2022-11-07,1353.240478515625,1371.598545314741,1338.56307661022,1365.7634838564727,4898592
2022-11-09,1356.606689453125,1372.5858226539308,1347.5399247059643,1372.5858226539308,3334755
2022-11-10,1348.3028564453125,1357.3248012390143,1333.0868583597462,1333.0868583597462,3435763
2022-11-11,1409.4814453125,1412.5336530698069,1388.4303838615199,1388.4303838615199,7214098
2022-11-14,1423.12646484375,1428.602422973989,1408.0001044253945,1414.014771210018,4908813
2022-11-15,1430.936279296875,1434.3924083685972,1411.860121244768,1416.4383772607318,3497614
2022-11-16,1438.8363037109375,1444.4020103215976,1430.4876342122222,1433.7642672771042,4497697
2022-11-17,1425.0115966796875,1438.8362237690626,1421.0167586560885,1433.8090069491304,3469515
2022-11-18,1430.3978271484375,1434.5272328106976,1414.3289457404594,1428.8716685979427,3126064
2022-11-21,1407.775634765625,1425.4154934915452,1404.0502607137878,1420.2537091834579,3071764
2022-11-22,1422.9019775390625,1425.550153449475,1402.2099116423676,1408.4938228981273,3399329
2022-11-23,1421.196533203125,1429.141171694554,1417.7404034167669,1426.3583182139566,3245067
2022-11-24,1463.07421875,1468.639925244856,1422.6327148727294,1426.4479469523692,5282215
2022-11-25,1468.32568359375,1475.8214702395546,1448.710925020796,1464.5104516907584,4563255
2022-11-28,1457.328857421875,1484.34965474194,1454.276649943721,1461.4582630298628,3825766
2022-11-29,1462.4010009765625,1471.1086636498967,1449.8331771528563,1455.3539549520883,3131710
2022-11-30,1467.697265625,1477.3924872568878,1448.1274354474258,1454.2317409044451,11868134
2022-12-01,1487.581298828125,1501.4956736223694,1483.2723968995363,1486.7733454719162,5407928
2022-12-02,1470.3455810546875,1491.8006727944214,1466.799593723397,1486.5939592971272,4283343
2022-12-05,1472.00634765625,1476.5846043633042,1457.2391986740056,1470.4353696971718,3824966
2022-12-06,1447.903076171875,1459.6629463817758,1443.100394052047,1458.765244692734,4822398
2022-12-07,1441.260009765625,1457.6879939155688,1433.3601913539392,1443.5042639072717,4898087
2022-12-08,1454.4114990234375,1457.7778805554876,1434.976234395189,1441.260146588349,4206837
2022-12-09,1408.7633056640625,1461.4583510232733,1401.4020860579217,1461.4583510232733,8880658
2022-12-12,1388.9239501953125,1405.7558561467295,1373.5284545512598,1391.437558650479,8037679
2022-12-13,1411.3216552734375,1416.1243371309986,1383.4929044328283,1388.9239336053154,6135067
2022-12-14,1417.8299560546875,1425.999018854275,1412.0846437883376,1420.163958342753,4976020
2022-12-15,1382.9093017578125,1409.3914987080593,1378.19636840226,1408.7631514270713,6443866
2022-12-16,1366.4815673828125,1390.9888691230103,1357.3699822373837,1368.995176129455,9630453
2022-12-19,1353.150390625,1361.7234841411505,1342.1087274634485,1353.688989630955,6222740
2022-12-20,1353.1058349609375,1360.9157960258838,1330.797859741164,1347.4502703396117,7396259
2022-12-21,1355.1256103515625,1365.4042507201466,1348.662092527513,1360.0180406581342,6236361
2022-12-22,1366.3470458984375,1373.4388023348172,1357.1006736784477,1365.853266083518,6302640
2022-12-23,1343.9490966796875,1355.4397214479377,1340.268541890437,1354.3624137356346,6283822
2022-12-26,1348.70703125,1355.4397938764648,1343.2758922315616,1347.0013761347504,4115459
2022-12-27,1359.8831787109375,1365.8079870575514,1344.3080786478201,1355.48441917478,4860076
2022-12-28,1355.664306640625,1368.9502266632046,1345.206059437163,1351.1308690136332,5029860
2022-12-29,1362.3072509765625,1365.673632332556,1347.4502440923538,1350.1433491771486,4624745
2022-12-30,1353.9136962890625,1373.8427403112848,1350.1883218006867,1371.688234257162,5060544
2023-01-02,1368.097412109375,1370.3416663943312,1350.188306748515,1359.1203949695496,3801140
2023-01-03,1366.7957763671875,1375.862541681665,1360.1078329075388,1364.3719160112378,4551130
2023-01-04,1341.88427734375,1365.4040133594633,1338.5627159666253,1365.4040133594633,7059590
2023-01-05,1324.2894287109375,1351.8489350836053,1318.948147732721,1351.8489350836053,9868404
2023-01-06,1300.3209228515625,1324.1100180918568,1298.5255194372007,1319.6215095559523,6443714
2023-01-09,1332.5933837890625,1336.992144494622,1300.051693768312,1300.051693768312,11498717
2023-01-10,1319.3970947265625,1332.0995959017448,1305.3032216437111,1330.3939407278556,7158624
2023-01-11,1320.74365234375,1341.1663664241717,1314.2353148895497,1319.621525196474,6173092
2023-01-12,1329.136962890625,1333.0868718348268,1306.1558239189717,1330.3488381302957,6591385
2023-01-13,1349.8291015625,1363.9679024832087,1317.8260159746374,1331.7403914839063,11610426
2023-01-16,1369.44384765625,1371.6881017494266,1348.6172135046606,1355.5294722785563,6073063
2023-01-17,1382.01171875,1384.435469422026,1368.097342887301,1370.7904478929847,5922644
2023-01-18,1387.308349609375,1393.098482244262,1382.1016354639867,1386.7248215371396,5843098
2023-01-19,1381.4730224609375,1391.0335664749514,1370.0273269921345,1382.3707240663339,6165284
2023-01-20,1369.48876953125,1386.9490224533192,1368.097288167546,1380.665111024728,6496429
2023-01-23,1389.6422119140625,1394.4000746897525,1371.777926420586,1377.9720899793838,4855020
2023-01-24,1393.143310546875,1408.3144914155778,1391.2132299470666,1400.414672506807,5200802
2023-01-25,1385.15380859375,1396.8239314140474,1381.3385761332681,1388.7446156153799,4158617
2023-01-27,1363.7435302734375,1392.2903779726057,1353.1955355242728,1387.8467984858346,6209955
2023-01-30,1381.38330078125,1386.0513053859913,1364.5064664421677,1372.4062845546568,6964719
2023-01-31,1376.8499755859375,1390.450178190422,1358.2226654027863,1390.450178190422,9448126
2023-02-01,1392.4251708984375,1395.9711585819437,1371.733211185899,1384.43560335875,6194199
2023-02-02,1421.735107421875,1424.6077091096986,1393.233077644041,1393.233077644041,6916834
2023-02-03,1435.7840576171875,1440.4969913344742,1412.084711865144,1434.0784025458154,7040194
2023-02-06,1409.2568359375,1434.527157913661,1401.8507977317506,1434.527157913661,4570612
2023-02-07,1402.5692138671875,1414.822864476851,1396.0159473630506,1408.494023406654,4336238
2023-02-08,1427.79443359375,1439.0157038986365,1405.3518929839772,1405.3518929839772,7983338
2023-02-09,1451.5836181640625,1454.0522977867906,1423.79979497045,1432.9113793663391,6904911
2023-02-10,1443.9979248046875,1450.9551120711883,1433.1356479869482,1447.9477241027244,4786762
2023-02-13,1407.102294921875,1433.6294203908712,1405.8006714665648,1433.6294203908712,4001199
2023-02-14,1430.2633056640625,1432.7319854635768,1416.7080312269122,1422.5879119088431,5043736
2023-02-15,1433.6744384765625,1435.424912829853,1414.7777752469344,1421.9593883192538,3465747
2023-02-16,1437.9385986328125,1449.2944372484508,1434.3926112378667,1436.3226917714796,4290289
2023-02-17,1421.780029296875,1431.8342447371726,1414.3290611808247,1430.9365430163343,2857734
2023-02-20,1429.5450439453125,1439.0158408168427,1420.6129557658476,1422.8122811217777,2417716
2023-02-21,1417.9197998046875,1437.80391388057,1414.7778439330089,1435.1556281819492,2723288
2023-02-22,1402.0303955078125,1413.8800127338295,1396.1953351378,1403.1075935891906,3656244
2023-02-23,1392.0660400390625,1409.257050222941,1389.7769663588479,1409.257050222941,4766854
2023-02-24,1392.0211181640625,1408.4939219116857,1386.9490818059621,1400.4146068720393,2790986
2023-02-27,1354.901123046875,1382.4605194389667,1348.3478572709923,1382.4605194389667,4920268
2023-02-28,1335.376220703125,1368.0974041544362,1329.7655850233577,1360.5566878842833,9679811
2023-03-01,1343.0068359375,1347.315738873462,1329.94523077616,1339.7302024162723,5125043
2023-03-02,1321.5513916015625,1336.3185386330763,1317.1975608923722,1333.086834889281,4644499
2023-03-03,1327.9700927734375,1337.3959600849184,1322.3145285534606,1334.6579262232572,4615015
2023-03-06,1353.240478515625,1364.8657820936621,1340.4034090570754,1341.660213441557,6561742
2023-03-08,1339.999267578125,1342.961726985448,1329.585949900398,1338.0692966126087,4137080
2023-03-09,1328.95751953125,1345.0712200119858,1323.7508062262864,1342.0639414577045,5104656
2023-03-10,1321.012939453125,1323.481619051477,1308.5348642940003,1310.6444413069564,3699580
2023-03-13,1288.2916259765625,1327.0724033065608,1281.9179661287412,1314.4147222773474,8798403
2023-03-14,1274.7364501953125,1300.1862721963982,1266.6571346659055,1293.5881864305952,7402784
2023-03-15,1274.422119140625,1295.2487527671929,1271.9085107865455,1290.894921852731,7556182
2023-03-16,1260.4627685546875,1272.7613459697632,1255.6151580984792,1272.7613459697632,7323117
2023-03-17,1275.36474609375,1295.2937893448818,1267.016186133299,1283.7134156369266,9090018
2023-03-20,1260.058837890625,1274.4668824223245,1243.1820044445224,1274.4668824223245,8221829
2023-03-21,1248.43359375,1261.2707706940655,1247.80524645178,1255.8845609971513,8536755
2023-03-22,1247.1322021484375,1263.2908342439364,1240.7585414050936,1259.4756016658325,8356487
2023-03-23,1233.9356689453125,1242.3739755725935,1229.8510831935948,1242.3739755725935,7607718
2023-03-24,1239.4117431640625,1255.8396167899662,1236.583961191075,1246.0098280458892,7559127
2023-03-27,1246.86279296875,1252.967208658463,1233.5319439925304,1244.4390420940674,4170193
2023-03-28,1236.6737060546875,1254.9868406676687,1235.102728249846,1249.6903792948028,6633366
2023-03-29,1242.01513671875,1247.7155201650944,1224.958805711683,1237.930550460286,8813966
2023-03-31,1281.873046875,1283.6684502024389,1251.3063709749888,1260.37313586201,8711975
2023-04-03,1266.5223388671875,1288.2018554237902,1261.4054833442367,1288.2018554237902,5242764
2023-04-05,1277.92333984375,1281.469217839355,1256.7824202977913,1256.7824202977913,7506334
2023-04-06,1276.44189453125,1282.2769547830226,1266.0733974815537,1271.1454333092524,6948465
2023-04-10,1281.5589599609375,1287.3042729141996,1270.2479401489488,1278.2823267500144,4993788
2023-04-11,1262.303466796875,1286.7209130613805,1246.9078582930506,1282.7261836983632,6942255
2023-04-12,1282.1875,1285.0601018714028,1256.7824957177534,1268.497547814503,5831169
2023-04-13,1247.0870361328125,1266.7019040302373,1241.5213299689306,1265.5348481010121,11267238
2023-04-17,1129.5780029296875,1132.136430654267,1064.0457840517952,1122.3963899019734,53171705
2023-04-18,1130.5205078125,1140.0361230223534,1124.9098727143887,1140.0361230223534,12430884
2023-04-19,1106.14794921875,1126.0320630409092,1103.6344503031144,1126.0320630409092,11307230
2023-04-20,1098.2481689453125,1111.2199133454824,1096.452765729637,1104.801324932899,8621249
2023-04-21,1101.7940673828125,1107.0905288861618,1095.1959823564707,1102.467343601474,8691352
2023-04-24,1100.8516845703125,1104.1731371660935,1093.4007163156925,1102.3777336910266,8313774
2023-04-25,1099.5947265625,1109.110341734084,1090.7074586862907,1100.537247505562,6808576
2023-04-26,1101.9737548828125,1106.8661852668383,1095.6898430443146,1102.3776768107684,5680192
2023-04-27,1118.7606201171875,1120.152101431663,1100.0435636550399,1104.1729691026203,8020704
2023-04-28,1124.595703125,1130.2063382433646,1117.5935866641942,1127.2438790677813,10118277
2023-05-02,1146.7689208984375,1148.833678512012,1126.2116409241175,1126.2116409241175,8886401
2023-05-03,1139.318115234375,1142.3253939620522,1132.9892745231455,1136.4903330105763,5549783
2023-05-04,1143.2679443359375,1145.2877729850925,1133.3482975814445,1139.1384292092687,4505401
2023-05-05,1130.2962646484375,1148.160551597661,1125.9424330268698,1148.160551597661,5373791
2023-05-08,1136.1312255859375,1140.3504892363796,1126.7951061867552,1133.3034433741707,5260842
2023-05-09,1140.70947265625,1141.8765286648618,1131.7324559214633,1136.4903186239899,4969897
2023-05-10,1134.0216064453125,1145.8264050289897,1130.3410516063245,1145.8264050289897,6515734
2023-05-11,1127.60302734375,1145.3775639523772,1124.8651030446258,1140.305527683217,6888461
2023-05-12,1117.8179931640625,1127.513214317715,1112.2972159671344,1125.1342831512181,8292212
2023-05-15,1129.622802734375,1139.0935985840445,1118.222036083044,1122.0372679380657,5534710
2023-05-16,1134.9642333984375,1143.6269666049225,1133.5727520158546,1135.5925807167341,5236469
2023-05-17,1119.34423828125,1131.9568810406574,1115.3494000856915,1131.6427073715677,10465667
2023-05-18,1118.5362548828125,1130.7899043107132,1115.3493701951222,1129.8472737459822,6948732
2023-05-19,1139.093505859375,1143.0434145513507,1124.6405329839868,1127.558062988569,11094136
2023-05-22,1160.548828125,1163.0623271928262,1140.3056104941186,1142.7293613064382,7625947
2023-05-23,1167.0570068359375,1179.7145774568664,1164.3639020407309,1166.293872811124,7436031
2023-05-24,1165.800537109375,1171.500921977929,1159.202450384899,1163.690959664508,4824077
2023-05-25,1170.9171142578125,1173.2960455245018,1157.361841386736,1162.0747750049484,4334121
2023-05-26,1182.677001953125,1188.063211884976,1172.398361832931,1172.398361832931,5521606
2023-05-29,1179.93896484375,1196.3668378156449,1175.8543788695222,1196.3668378156449,4419365
2023-05-30,1188.42236328125,1190.7115464294097,1175.2261922392356,1180.477725221967,6274719
2023-05-31,1183.4403076171875,1194.930824721551,1179.7148232909426,1184.8316796350223,17800782
2023-06-01,1184.5174560546875,1193.4944735314186,1183.2606516913986,1187.2554902181837,4277841
2023-06-02,1181.7879638671875,1194.4337541289267,1179.1041942067427,1190.885638723748,10909311
2023-06-05,1186.791748046875,1191.2950529177192,1180.2414662246276,1186.3368642798964,5002553
2023-06-06,1163.5926513671875,1172.326397297681,1158.1340462786784,1172.326397297681,10008100
2023-06-07,1172.6448974609375,1177.2392682391398,1166.7769408938925,1174.0550816558036,5397578
2023-06-08,1167.0499267578125,1175.4197442918237,1165.5032551977433,1170.1430477667195,5034942
2023-06-09,1151.72021484375,1166.7769126021076,1149.9462124982956,1166.7769126021076,5339073
2023-06-12,1175.3741455078125,1178.785773831074,1158.1340948031748,1158.5889785796096,4785588
2023-06-13,1187.1102294921875,1188.611368241848,1180.0141088524708,1182.6069242988215,4846587
2023-06-14,1183.0616455078125,1188.7931139611715,1176.5112530610595,1188.4747175563625,3457981
2023-06-15,1170.68896484375,1177.1937141878004,1166.9134071805377,1177.1937141878004,6161155
2023-06-16,1175.101318359375,1184.0625068222432,1165.4578042106698,1170.8708768960637,8536287
2023-06-19,1177.2392578125,1182.2429795419966,1170.9164175038359,1177.2392578125,4451787
2023-06-20,1185.7911376953125,1187.2467436756685,1174.6009515510648,1177.2392998592454,4009180
2023-06-21,1182.1065673828125,1186.1551000366512,1178.1491003379751,1182.6524057587176,4041529
2023-06-22,1165.9127197265625,1173.0543732215287,1158.5890460770524,1173.0543732215287,6676607
2023-06-23,1150.85595703125,1163.9110992338817,1149.354818354435,1161.27275111336,7239467
2023-06-26,1155.7232666015625,1159.0439406048426,1148.3541711369407,1155.6323120512568,3403244
2023-06-27,1163.729248046875,1166.322063496411,1159.2258317923613,1164.5025282959484,3240024
2023-06-28,1176.6478271484375,1179.6955262002027,1165.7761494538163,1173.6001280966725,5662358
2023-06-30,1214.99462890625,1218.0878609550978,1186.7463005247835,1190.1579290222737,12821692
2023-07-03,1213.35693359375,1224.5471188494619,1208.5806539697087,1209.9908380904787,7732412
2023-07-04,1223.7740478515625,1224.5473281879554,1211.2647419358238,1223.0007675151696,5797775
2023-07-05,1225.72998046875,1235.4189169481579,1219.9983999394044,1235.327962395677,5414936
2023-07-06,1222.63671875,1225.8663271465525,1216.4957873550766,1221.4085546821386,5963897
2023-07-07,1210.1727294921875,1224.3651918692738,1205.7603791627248,1213.6298905441663,6295647
2023-07-10,1209.2176513671875,1220.817188493727,1200.2564625432983,1215.9499539497926,3940315
2023-07-11,1226.91259765625,1229.0051076173486,1207.2616391546826,1213.129595917475,6126128
2023-07-12,1212.9932861328125,1229.914942685519,1207.2617053550714,1229.0961295664667,8102770
2023-07-13,1241.9237060546875,1252.5680534152623,1210.7641663190607,1214.4487694545699,9977644
2023-07-14,1297.2830810546875,1300.9676843031073,1256.0706748916025,1256.0706748916025,12833381
2023-07-17,1294.5537109375,1327.3053432456984,1286.68431035238,1297.2830136298498,11569884
2023-07-18,1342.089111328125,1344.5909722136412,1300.0578928736984,1304.6067308473641,16743977
2023-07-19,1341.8616943359375,1363.559740717556,1328.8975058703597,1351.9146708665796,13687062
2023-07-20,1318.7081298828125,1338.2681331891117,1310.7021306189188,1338.2681331891117,8347221
2023-07-21,1211.4464111328125,1228.186155763225,1187.2466172377842,1201.075039161913,45548305
2023-07-24,1215.995361328125,1228.0953149237007,1213.8574296627578,1219.998361010124,8859789
2023-07-25,1214.17578125,1221.681363730559,1204.759709076421,1216.359245637285,6801982
2023-07-26,1227.139892578125,1228.186147433356,1218.5426339683336,1221.817774817035,5528885
2023-07-27,1231.0521240234375,1240.7411717559758,1225.5025635415454,1236.0103133187197,9191861
2023-07-28,1219.5433349609375,1240.7863838959101,1215.4493812068724,1231.6887088868766,6122735
2023-07-31,1233.371826171875,1235.0094521881804,1212.9475890459607,1227.0489861059361,7902180
2023-08-01,1242.0146484375,1245.471809643269,1234.55459874793,1239.1034366209878,6064652
2023-08-02,1234.418212890625,1248.1556821855895,1226.776142424458,1245.7448867591504,7419145
2023-08-03,1241.196044921875,1243.2430221271263,1227.2765555039189,1228.186323150697,6503741
2023-08-04,1253.978271484375,1260.847061956178,1239.1035919855417,1245.381011248576,5712345
2023-08-07,1267.3062744140625,1269.1258096249944,1252.7499927266074,1262.6664818373094,3729093
2023-08-08,1264.7589111328125,1267.8067215289614,1259.482325527499,1267.1698175564386,4161877
2023-08-09,1268.579833984375,1270.0354397844685,1257.7535784398478,1259.1182297003613,4090828
2023-08-10,1263.7579345703125,1269.8534430800187,1260.5737485155037,1266.0323531808904,3873025
2023-08-11,1248.0645751953125,1270.8087636526227,1243.6977576448737,1266.396413303026,5783517
2023-08-14,1267.806640625,1269.1257591782453,1242.378570429603,1248.0646177377491,4304135
2023-08-16,1290.5052490234375,1291.8243675275844,1278.5873165202784,1283.5000834227826,7735313
2023-08-17,1284.1824951171875,1291.8699868845008,1279.1332405349353,1291.8699868845008,5618346
2023-08-18,1263.485107421875,1281.5893912399047,1261.0742014139887,1277.0405538875152,5134103
2023-08-21,1278.58740234375,1280.04300828704,1261.9841437074754,1264.3495172472738,3032722
2023-08-22,1277.0863037109375,1279.178813670877,1270.6269757839684,1277.9505385325194,2890714
2023-08-23,1280.906982421875,1288.7764927413791,1278.81458400907,1288.230654505673,2559125
2023-08-24,1295.14501953125,1296.4642490688886,1286.820624510391,1293.2345299499723,5171963
2023-08-25,1291.9610595703125,1294.1445242124462,1284.046125180156,1285.50173125637,4307172
2023-08-28,1287.91259765625,1296.2369938760085,1284.0460851385783,1291.9610192819164,3133464
2023-08-29,1289.732177734375,1295.8731095932837,1287.5942458909171,1295.5091803090381,3074444
2023-08-30,1305.653076171875,1307.0177276584382,1295.5091445772975,1298.2384475504239,3070887
2023-08-31,1305.92578125,1314.523151204695,1299.739428562197,1305.6529176191962,9792735
2023-09-01,1313.56787109375,1315.5238935615507,1299.32998654913,1301.831847342556,3582133
2023-09-04,1332.9005126953125,1337.3583962271932,1305.243554943164,1312.794670582204,4609014
2023-09-05,1345.4552001953125,1346.5014550487228,1325.0763856474239,1332.8094095252152,5496840
2023-09-06,1344.135986328125,1349.0942859762029,1331.2628646848657,1348.1845184505673,5075786
2023-09-07,1333.901123046875,1340.4515159698167,1330.1256765994524,1337.90412243496,4411743
2023-09-08,1336.9945068359375,1341.6798324116455,1328.4426687748935,1331.4449464210497,3125838
2023-09-11,1343.226318359375,1344.6820353527714,1332.3546400444875,1336.994432557999,4182226
2023-09-12,1365.6522216796875,1368.2905701230975,1343.8177976883615,1348.7305652975347,6793161
2023-09-13,1363.1502685546875,1369.2002453382354,1354.3255672096375,1369.2002453382354,4804686
2023-09-14,1370.97412109375,1376.068908054887,1363.878001064633,1369.200118850372,6444213
2023-09-15,1375.2047119140625,1381.3911761511094,1372.839338313645,1381.0272468920564,8657816
2023-09-18,1357.1912841796875,1369.1092169496771,1353.7341230453653,1369.1092169496771,3991916
2023-09-20,1355.7811279296875,1360.193478454991,1342.9988490854248,1342.9988490854248,4169337
2023-09-21,1366.2435302734375,1368.7909240446215,1342.8170139394665,1352.4151068014573,6779195
2023-09-22,1361.148681640625,1370.9741041105199,1351.186660777571,1357.2821697249913,5455613
2023-09-25,1341.1337890625,1355.4170944618959,1338.768415761757,1355.4170944618959,4217863
2023-09-26,1328.8521728515625,1346.3652005445954,1327.3510339810348,1345.6828747903214,3996528
2023-09-27,1334.6290283203125,1336.994401796738,1319.2085123948889,1324.6215850268404,3863586
2023-09-28,1309.56494140625,1339.7237598799838,1305.51651996519,1335.4478965364908,5814602
2023-09-29,1305.92578125,1316.251731755555,1288.2308468786073,1302.8780821778992,6068968
2023-10-03,1304.606689453125,1307.3359921507258,1292.142918222993,1306.4717573853966,4181867
2023-10-04,1314.022705078125,1319.1173810169118,1290.2322620419864,1296.41872564626,4510406
2023-10-05,1331.3992919921875,1342.4985228636597,1319.3448718155562,1320.982497846701,7384621
2023-10-06,1345.2733154296875,1350.5500119701062,1331.2629831328265,1336.9034978713848,3598672
2023-10-09,1342.3165283203125,1356.4634585781648,1330.2621079137662,1332.7185470073355,3567552
2023-10-10,1360.2388916015625,1361.9219392552532,1336.5394039477924,1350.004007288522,5688951
2023-10-11,1359.556640625,1381.254574348816,1347.7750842911132,1361.9220140294271,7220129
2023-10-12,1333.2642822265625,1368.6542604790434,1320.9824208754478,1357.2821666354187,11081662
2023-10-13,1302.0137939453125,1308.2456791767233,1273.6745138020951,1278.2233513513881,17973439
2023-10-16,1304.7430419921875,1313.3403001791105,1300.9674847728108,1302.877974252616,4850745
2023-10-17,1312.2943115234375,1322.2108011891066,1308.291422679862,1310.2928671016498,3923764
2023-10-18,1310.5657958984375,1322.8021260257406,1308.5642404911625,1311.8849145317179,4264837
2023-10-19,1304.2884521484375,1309.7470582096269,1297.419661765858,1297.419661765858,6795691
2023-10-20,1298.4656982421875,1308.7005828841384,1296.6461631947295,1300.9675589324422,3928622
2023-10-23,1281.544189453125,1303.1056377818345,1278.4509573114844,1296.9647063021316,2636516
2023-10-25,1262.560302734375,1292.5104566531788,1254.4967997562355,1289.2389333048216,6940777
2023-10-26,1252.7918701171875,1266.2003688015045,1246.9400932403355,1248.7371699932087,6357656
2023-10-27,1272.05224609375,1276.337444851252,1256.662518290247,1256.662518290247,4634358
2023-10-30,1269.01123046875,1272.0522558250557,1256.155634097897,1272.0522558250557,2667696
2023-10-31,1261.0396728515625,1272.7893480503349,1256.0633173275878,1271.6834287710847,3451595
2023-11-01,1247.9075927734375,1269.3794791877367,1245.603735057758,1265.324779602583,3090672
2023-11-02,1262.6524658203125,1268.3199791238953,1254.819348447591,1262.5142118386507,3758060
2023-11-03,1280.069580078125,1282.7880874213406,1269.6560973022642,1271.7756915818663,3349045
2023-11-06,1293.20166015625,1296.8417109189295,1281.6823697767961,1284.5391312922866,2736381
2023-11-07,1294.1231689453125,1295.5976155760281,1285.4145181543718,1290.1604881630135,2272209
2023-11-08,1281.8665771484375,1294.7681818070128,1277.6735106371746,1294.7681818070128,3550635
2023-11-09,1266.9376220703125,1287.8566074771882,1262.5602919196745,1286.3821608724284,5498051
2023-11-10,1261.454345703125,1265.4170263311844,1254.2202543175401,1262.46802069147,2943649
2023-11-13,1265.7857666015625,1273.9874114709824,1263.2975323492624,1271.5914215374528,3462092
2023-11-15,1299.8367919921875,1303.0621934611509,1283.7097846473714,1289.2390443084512,8551860
2023-11-16,1331.537841796875,1339.3709592887674,1299.9288638617754,1304.9973516506468,6673907
2023-11-17,1324.764404296875,1337.1591147047359,1322.4605464148888,1327.9898053316556,4901251
2023-11-20,1323.8890380859375,1338.0808269307881,1321.170530438921,1328.8653942384274,3584210
2023-11-21,1326.1007080078125,1336.2376835381015,1324.0272357402534,1328.8653376978914,3793135
2023-11-22,1343.4256591796875,1344.4853438157159,1323.5202369954038,1323.5202369954038,3108786
2023-11-23,1335.5465087890625,1352.733312304696,1334.1180718038254,1352.733312304696,3186928
2023-11-24,1324.6263427734375,1338.679877895318,1321.3548191084903,1332.1369430585005,2973195
2023-11-28,1329.5103759765625,1331.6299704076575,1315.088314388403,1330.7084271755414,3755373
2023-11-29,1345.08447265625,1346.0981477081089,1336.0534165206054,1337.251355220777,3875778
2023-11-30,1340.983642578125,1346.0521303013406,1335.8230230312827,1339.2326879569457,10120867
2023-12-01,1338.3572998046875,1345.3610059685648,1332.6897863489253,1345.3610059685648,3489187
2023-12-04,1349.4617919921875,1356.4194883018783,1335.592634024112,1345.8677509348179,5511948
2023-12-05,1339.877685546875,1351.8117374373267,1328.8652893459846,1350.798062419795,5123039
2023-12-06,1358.63134765625,1361.1194695973477,1337.2054656873006,1342.4582175598755,5269178
2023-12-07,1350.89013671875,1357.2948166644478,1347.1118322726165,1357.2948166644478,4424453
2023-12-08,1374.1591796875,1377.4305905862009,1351.2127312666094,1355.0371580856024,6323433
2023-12-11,1371.717041015625,1380.471701337861,1365.727010268832,1373.0993558033465,3862018
2023-12-12,1360.243896484375,1373.0993792323097,1352.5029110424384,1361.5800891380788,6103494
2023-12-13,1335.3160400390625,1360.2438275366712,1320.7096034385588,1360.1977053814053,8549258
2023-12-14,1383.6510009765625,1392.4517835867966,1346.697140932601,1348.5863495012065,12489858
2023-12-15,1454.5638427734375,1463.917528966799,1401.6672393803897,1403.5564479809898,18395389
2023-12-18,1441.6160888671875,1468.0183241638513,1437.88390638634,1444.9336219034078,6467243
2023-12-19,1436.0408935546875,1450.4629554436433,1422.1716226248461,1446.915036424613,4221721
2023-12-20,1415.8590087890625,1459.2636714338232,1409.9611097529205,1442.2612442252062,6592367
2023-12-21,1415.490478515625,1425.3049369492605,1401.8977151314416,1401.8977151314416,5319038
2023-12-22,1440.280029296875,1443.136790994993,1403.510429556433,1414.5228268659648,6741060
2023-12-26,1422.816650390625,1426.5489455360587,1403.5103643743007,1414.5688833319446,6878067
2023-12-27,1444.150390625,1446.8228885227966,1422.8627642542663,1422.8627642542663,4225849
2023-12-28,1440.049560546875,1445.8552154390939,1432.9997322913293,1445.8552154390939,5702253
2023-12-29,1421.8489990234375,1437.1004712006081,1419.1765012951132,1420.144166634131,4388990
2024-01-01,1429.6358642578125,1434.8426052662205,1414.7990428612493,1418.254829482796,2808451
2024-01-02,1414.015869140625,1427.6086309615123,1403.5102544550214,1424.7057474638627,5396313
2024-01-03,1373.0994873046875,1400.6996635455614,1371.2564007445471,1400.6996635455614,7550363
2024-01-04,1394.018310546875,1400.5152349032498,1375.7718232468026,1386.8763509676678,7056038
2024-01-05,1412.3111572265625,1418.9001014903272,1388.0745246781073,1388.5352963045564,8895403
2024-01-08,1403.3260498046875,1415.4903752195028,1394.52526712299,1408.9934505703893,4440136
2024-01-09,1409.3160400390625,1431.1565685607613,1406.1366485499625,1420.9274616897512,4412074
2024-01-10,1400.6534423828125,1414.983370728282,1386.9224270844938,1405.3071677486228,4096845
2024-01-11,1376.9698486328125,1405.3534251009314,1369.9661425866611,1405.261293276588,11296088
2024-01-12,1486.21875,1491.056851650907,1433.368271607278,1439.450434041234,26754401
2024-01-15,1522.481689453125,1534.3234985619054,1507.6448645681546,1515.8926322468913,13228305
2024-01-16,1503.5438232421875,1519.1639351762556,1497.5076704042556,1515.7542704008683,6500917
2024-01-17,1511.51513671875,1518.2424471875822,1493.1303945709744,1493.1303945709744,9209876
2024-01-18,1513.7269287109375,1519.6248280436816,1500.5028054955274,1513.7730508709333,6375464
2024-01-19,1529.0244140625,1534.830181149936,1515.1552565650597,1522.0207083253042,4522736
2024-01-23,1513.312255859375,1543.3084208611072,1509.2113209406687,1520.6384796288353,9401255
2024-01-24,1543.9534912109375,1548.1925674088009,1515.938555587784,1529.6695716902016,8999681
2024-01-25,1538.147705078125,1548.6994420250173,1527.9185982399085,1541.6956238359799,8865304
2024-01-29,1526.62841796875,1547.5935254301967,1518.3345293026832,1534.5076571987393,4253785
2024-01-30,1521.8824462890625,1557.4079810311105,1518.9335530973535,1532.0194213135253,4995943
2024-01-31,1530.59130859375,1536.4430861232538,1509.5800760939778,1518.9337632044703,6763779
2024-02-01,1527.0433349609375,1545.4280783736983,1520.8689274978267,1529.3471931576782,5760011
2024-02-02,1560.4952392578125,1583.6720744845543,1534.3695106294924,1535.3371760388302,7858483
2024-02-05,1554.82763671875,1567.3145920332188,1549.8974031142452,1561.7853328521521,3634135
2024-02-06,1593.762939453125,1597.0344630098957,1542.6172887335351,1554.4130874102375,7694265
2024-02-07,1560.8638916015625,1593.3482914120157,1554.5052206294124,1593.3482914120157,4613877
2024-02-08,1559.34326171875,1572.4752526176906,1550.7729772594932,1564.7803892211357,5919715
2024-02-09,1538.3780517578125,1560.0804381745947,1529.5773820750176,1552.5237167662156,4600004
2024-02-12,1548.284912109375,1560.1267212932257,1539.2998647238455,1539.2998647238455,3555808
2024-02-13,1552.3857421875,1556.578696520759,1532.9872115852988,1550.957305138598,2696481
2024-02-14,1535.4752197265625,1538.4702350970776,1507.1838887623073,1529.9459605809961,3768579
2024-02-15,1544.828857421875,1555.3344719693396,1531.2360957797196,1545.4278829759044,4834391
2024-02-16,1568.14404296875,1574.917363137815,1555.5188333576436,1556.486498735968,4880654
2024-02-19,1566.39306640625,1577.2211990906292,1555.2884257624896,1571.2311682439513,3690993
2024-02-20,1553.0306396484375,1561.3245282446908,1537.825177221973,1552.800253854097,3706389
2024-02-21,1525.6610107421875,1542.663439133254,1516.2151921931338,1542.663439133254,4300508
2024-02-22,1549.4366455078125,1552.4316609246032,1515.3856690741432,1534.3694366019563,5841277
2024-02-23,1545.2896728515625,1565.194983220865,1540.728079066558,1563.8587905950133,5373072
2024-02-26,1529.89990234375,1543.5386736406174,1515.9385009458492,1543.5386736406174,2782438
2024-02-27,1533.079345703125,1539.9909201570279,1523.1267459853489,1530.6833557243867,5159088
2024-02-28,1540.129150390625,1555.380736114235,1531.6509975218291,1538.9772213327412,3188916
2024-02-29,1542.5711669921875,1550.2660301238518,1523.5873997921522,1534.369410109207,7814722
2024-03-01,1524.8773193359375,1540.7739377771939,1521.4676548703967,1538.055430635186,6387291
2024-03-04,1508.75048828125,1533.8625405850848,1505.479077403563,1527.7803779385492,4445156
2024-03-05,1480.459228515625,1508.888815229402,1476.312283897934,1505.8016678459578,4596579
2024-03-06,1490.642333984375,1493.0383239437163,1452.3521668225044,1477.0495710017406,6420684
2024-03-07,1489.6285400390625,1500.6870590284748,1478.3396352373709,1489.7667940250446,6348359
2024-03-11,1475.02197265625,1487.186409973432,1463.4105512344881,1481.9796685740168,6752895
2024-03-12,1486.403076171875,1497.5077168540815,1472.303532549028,1474.4691365947879,4614222
2024-03-13,1484.9747314453125,1497.046924837975,1473.1329238521018,1486.3570462420234,5688997
2024-03-14,1523.58740234375,1527.6882245455754,1481.8414508033693,1487.7393497230903,8803799
2024-03-15,1505.801513671875,1516.6757678865583,1491.3793408128192,1512.3444475668186,11809997
2024-03-18,1476.911376953125,1504.5576756669025,1473.4094674521489,1502.11556344857,4958904
2024-03-19,1438.9434814453125,1473.5474711208267,1435.764202630549,1467.4191867817187,6870411
2024-03-20,1432.9534912109375,1451.3843544053573,1430.5575014942751,1440.371958643916,4759059
2024-03-21,1432.7232666015625,1453.2276042120811,1422.309895221054,1441.2936639483573,11062497
2024-03-22,1390.470458984375,1408.9474454626866,1380.6560012352104,1401.6672315575609,14673890
2024-03-26,1375.54150390625,1389.1802760076575,1371.164173630106,1374.9424783172167,8351081
2024-03-27,1367.431884765625,1381.3932870499673,1365.3124028550521,1378.628657389427,6857402
2024-03-28,1380.5177001953125,1393.188917951044,1370.472857803067,1370.472857803067,12499530
2024-04-01,1378.121826171875,1409.9150687111335,1375.6798265220143,1405.353474561426,6580002
2024-04-02,1366.5103759765625,1376.0023163808078,1364.6672894897633,1368.353462463362,7279400
2024-04-03,1364.48291015625,1377.7991638971826,1359.2761687738598,1362.9623414349414,8736248
2024-04-04,1370.0582275390625,1378.3061066574217,1352.8254147328123,1373.6062588459959,11186915
2024-04-05,1363.054443359375,1370.0581487632178,1360.2438042627782,1363.9299768430176,5072482
2024-04-08,1360.8428955078125,1373.97488704448,1358.4469055155266,1366.6486630791478,6610887
2024-04-09,1377.5687255859375,1395.0320353978589,1370.6111424492417,1373.099263903387,9423230
2024-04-10,1388.5814208984375,1391.3920603288602,1368.0770834855082,1382.6373994109804,6744595
2024-04-12,1368.26123046875,1388.581302495331,1363.4231287950938,1386.0009366054892,12275616
2024-04-15,1352.9637451171875,1374.8964069734686,1346.420810540168,1363.884010132131,8531224
2024-04-16,1303.476806640625,1340.983684459676,1302.1867360834249,1337.159257468646,16173541
2024-04-18,1307.900146484375,1331.3533752077963,1297.072014216493,1309.6049788534715,22107945
2024-04-19,1300.52783203125,1314.903883353496,1270.5776782377934,1276.3373231980736,20603621
2024-04-22,1320.341064453125,1324.1193692022916,1302.1867077963823,1308.4992564312556,5859087
2024-04-23,1329.2340087890625,1333.334831262017,1320.571479724218,1329.786912241484,4856174
2024-04-24,1318.4979248046875,1330.9848800805114,1315.0882599841418,1330.9848800805114,4268213
2024-04-25,1325.59375,1331.5377710414832,1308.5913232271268,1308.5913232271268,9089398
2024-04-26,1318.0372314453125,1331.9986341616486,1315.0422158870554,1326.7457701482465,8062444
2024-04-29,1322.18408203125,1326.8379201034072,1316.1940513407444,1317.7606297548816,5055957
2024-04-30,1309.0982666015625,1323.8429581264434,1306.3336369406475,1322.1380131744238,6936588
2024-05-02,1303.476806640625,1312.2775896866656,1301.08081668616,1302.1406139236367,10076354
2024-05-03,1305.1817626953125,1313.0148803966708,1293.109456008172,1310.5266461015717,8842345
2024-05-06,1314.0284423828125,1332.2749298443393,1305.9188174045357,1308.5913151241766,6445422
2024-05-07,1327.897705078125,1330.1094313833817,1304.536606119083,1313.1530130338447,6080661
2024-05-08,1315.3187255859375,1326.7918940500197,1313.7520345652563,1322.6449494254493,6234983
2024-05-09,1326.607421875,1336.1913801730982,1313.060670734901,1315.5489046143746,6088406
2024-05-10,1313.10693359375,1323.289918499904,1302.1405469699123,1322.460619610937,8777481
2024-05-13,1311.770751953125,1313.199189050727,1300.4818466437416,1313.199189050727,3735954
2024-05-14,1312.922607421875,1321.2626187308836,1306.7944348778417,1314.489298423798,3463230
2024-05-15,1308.545166015625,1319.4655424641765,1307.255095585117,1314.120547134986,4327544
2024-05-16,1339.32470703125,1341.5364330774394,1315.0420676637514,1321.4467475230538,9249145
2024-05-17,1330.98486328125,1342.6884167000094,1326.3310252131012,1342.6884167000094,7542860
2024-05-21,1321.631103515625,1331.3533160495845,1316.3322305136044,1317.8066770242508,6752663
2024-05-22,1340.6612548828125,1345.40711294369,1315.9638491315707,1316.6550066153582,7173285
2024-05-23,1356.88037109375,1362.17924504405,1336.237778771356,1340.5689872639355,8641428
2024-05-24,1350.1529541015625,1359.737026123514,1345.4531061608475,1353.0558377538796,5277938
2024-05-27,1355.91259765625,1363.5153292403581,1345.6834903871545,1356.373369267408,5821844
2024-05-28,1351.9501953125,1360.197963167809,1345.7297777980132,1359.737191500069,6186922
2024-05-29,1337.11328125,1350.5217820154528,1336.2378600630548,1350.429650178893,7401634
2024-05-30,1315.456787109375,1336.0993771509409,1310.0197722599248,1329.6025651299135,9663150
2024-05-31,1322.4598388671875,1350.5182603744363,1315.9739443356261,1325.1858078435043,37113815
2024-06-03,1321.519775390625,1353.5731158092904,1319.7337879140582,1353.5731158092904,10589244
2024-06-04,1310.0050048828125,1330.0735833506835,1276.8236180013437,1324.4336953647442,13736134
2024-06-05,1344.2672119140625,1351.6930870098186,1316.1148183429186,1316.1148183429186,9233424
2024-06-06,1383.8875732421875,1385.8145809499692,1351.2232206049546,1358.2260359203012,12660930
2024-06-07,1441.5552978515625,1447.2891608293014,1388.5873745776473,1392.1123044504961,24075302
2024-06-10,1409.737060546875,1437.983546630723,1407.4341520864498,1433.7536304630544,6810606
2024-06-11,1405.97705078125,1416.0348049461413,1404.2850385180848,1410.0190163300265,4853054
2024-06-12,1396.0601806640625,1418.1967861734406,1393.7572723769142,1416.5518188986746,9564320
2024-06-13,1404.28515625,1414.6719965407349,1399.961264790733,1405.2721826102318,7307565
2024-06-14,1399.5382080078125,1413.4498626747718,1396.8592841989566,1413.4498626747718,4237727
2024-06-18,1408.280029296875,1416.5519111720494,1405.6481503320965,1407.152097561087,5420939
2024-06-19,1420.6407470703125,1424.6827126496337,1406.8699977638037,1414.6718886285164,5493456
2024-06-20,1424.4476318359375,1426.4215695435462,1409.125891319924,1425.2936379231433,7927010
2024-06-21,1440.7093505859375,1464.2559289959652,1432.249518545518,1452.271166938704,17301941
2024-06-24,1435.4925537109375,1437.325471461373,1424.4477727552649,1433.0486251290843,5564989
2024-06-25,1449.4041748046875,1451.237207255743,1429.1006009006553,1434.4115183965616,4551525
2024-06-26,1448.2291259765625,1455.889996430208,1442.8712785271127,1448.5111662607692,4851004
2024-06-27,1478.919677734375,1483.6666295895413,1440.0985156795878,1446.114304702132,14757754
2024-06-28,1472.7158203125,1493.160415233066,1470.3658668733547,1478.1677581888457,8197544
2024-07-01,1495.3223876953125,1503.8761950899986,1465.900925341744,1465.900925341744,6801771
2024-07-02,1523.7568359375,1535.7415983279318,1491.2804339153117,1500.3982072481522,10493173
2024-07-03,1529.7255859375,1537.809402144264,1509.609963229638,1527.4696078755678,7269965
2024-07-04,1551.580078125,1560.3688798912892,1530.2894797969993,1530.4774301500665,8008311
2024-07-05,1548.5721435546875,1565.8678223873435,1535.3184302011182,1552.3320687468383,7065022
2024-07-08,1561.9200439453125,1566.008939897241,1541.5694246287367,1544.483343885064,5880533
2024-07-09,1557.68994140625,1566.7137383996742,1551.9090338070268,1560.2748898271884,5191182
2024-07-10,1549.32421875,1573.5287378659184,1539.2664644712022,1557.5490553427878,9852770
2024-07-11,1553.5072021484375,1565.0690191786375,1543.4964921091096,1556.6091866425368,8857679
2024-07-12,1609.012939453125,1616.532789615605,1566.6198071109059,1579.1685341207829,17078316
2024-07-15,1604.59521484375,1624.2877782953476,1600.4592739409936,1622.5957659620963,6942230
2024-07-16,1622.454833984375,1633.593589888385,1597.9682742375035,1615.4519041715741,6886281
2024-07-18,1652.5343017578125,1659.4431419133819,1615.827983176718,1615.827983176718,11248896
2024-07-19,1685.3394775390625,1733.3255702708213,1679.2295989019908,1733.3255702708213,29819116
2024-07-22,1702.165283203125,1713.586080081119,1685.3395933133556,1692.1075281917851,8462126
2024-07-23,1726.6517333984375,1729.5186076175692,1676.2217119382558,1701.3662125939957,7113056
2024-07-24,1723.878662109375,1731.7745279912915,1710.3899533806657,1727.2156416274588,6002845
2024-07-25,1715.324951171875,1721.0118842620095,1703.246213719811,1710.7660645530111,5815599
2024-07-26,1766.1309814453125,1769.9848820315087,1715.7949342558115,1715.7949342558115,11369047
2024-07-29,1758.799072265625,1788.78450012986,1752.1252276626687,1779.9486525351583,4635931
2024-07-30,1764.486083984375,1767.1179630223214,1748.3653802446454,1758.799150694115,2721265
2024-07-31,1756.1201171875,1772.0058245898792,1753.1122228334534,1764.344953812893,5004209
2024-08-01,1741.409423828125,1755.7911843622094,1734.3595637121655,1744.699358548906,7475014
2024-08-02,1711.893798828125,1747.8951264371512,1707.146962383465,1732.3854358825868,7400938
2024-08-05,1646.75341796875,1689.616546348778,1615.405061601391,1677.8197340219435,10736703
2024-08-06,1646.0013427734375,1689.0994653436978,1640.126459251215,1654.5551502330297,7690163
2024-08-07,1684.11767578125,1689.9925594528395,1656.341179884447,1688.2065718679119,5094329
2024-08-08,1638.5284423828125,1673.1196857214622,1623.4416964698462,1673.1196857214622,6227910
2024-08-09,1664.471923828125,1673.8717370362467,1650.6071993461458,1664.9419144885312,4258524
2024-08-12,1689.5224609375,1695.2563240862842,1661.9809621451984,1666.6339385624474,4315329
2024-08-13,1689.5693359375,1701.366147109179,1681.673584839887,1701.366147109179,4176918
2024-08-14,1713.821044921875,1715.4660123309595,1689.5694795075585,1693.8464406687062,7450718
2024-08-16,1747.378173828125,1750.1041425189478,1719.6957707243737,1738.9653871768742,7335657
2024-08-19,1752.877197265625,1755.4621458747317,1738.2133969970967,1748.3652410685681,2585989
2024-08-20,1759.8328857421875,1772.5226328723743,1756.0729606665764,1767.1647855371516,3870333
2024-08-21,1760.3028564453125,1766.2247842698705,1755.0389843478197,1762.5588344138969,1966902
2024-08-22,1767.39990234375,1779.9956751616294,1757.4830533776285,1770.9248323444356,4300287
2024-08-23,1750.339111328125,1769.6087274887373,1745.5452297686368,1765.4727869250148,5015935
2024-08-26,1763.546142578125,1775.3898853769442,1752.1253455156184,1757.7652339668489,3728589
2024-08-27,1786.0584716796875,1788.5494451104064,1761.431007151832,1763.54596510821,3830679
2024-08-28,1822.7177734375,1833.903574209478,1783.5205978872887,1792.450420519267,6514531
2024-08-29,1817.31298828125,1833.4336919875568,1805.6102659320495,1816.9840177451665,7228284
2024-08-30,1827.041748046875,1832.9636765918535,1812.284086394407,1821.6839001205192,13466759
2024-09-02,1846.5933837890625,1857.1681741009113,1826.195834151735,1826.712755054023,5573739
2024-09-03,1824.7388916015625,1848.943412636329,1820.226934986873,1848.943412636329,4694322
2024-09-04,1807.067138671875,1811.5320501789129,1786.0116477811107,1805.7981867712704,4778310
2024-09-05,1817.1248779296875,1823.5637269032381,1794.9882723576418,1810.638983993486,4081810
2024-09-06,1787.7034912109375,1820.2738676395406,1783.00358450389,1806.6441381891027,5848106
2024-09-09,1780.935791015625,1805.5632579164233,1775.624873131343,1776.5648545358595,4772612
2024-09-10,1797.5262451171875,1818.8637742456988,1782.204504377181,1790.5703607061942,6909600
2024-09-11,1795.5054931640625,1810.404175397044,1790.6645660079796,1799.7823396853992,5312946
2024-09-12,1833.3865966796875,1838.9795546148218,1796.1164275717779,1809.464116978717,8555092
2024-09-13,1827.417724609375,1841.0474542218399,1819.4749280775688,1833.3865832495185,3843127
2024-09-16,1833.19873046875,1834.8436979233431,1817.0310962411352,1828.9688141569388,1570181
2024-09-17,1835.3604736328125,1840.906271327735,1825.5846454813945,1830.8485176417557,2793127
2024-09-18,1778.585693359375,1822.388800311061,1768.3869188956942,1822.388800311061,6385468
2024-09-19,1780.5125732421875,1809.370068657787,1766.036952686509,1795.9282898631557,7976570
2024-09-20,1791.3695068359375,1800.0643345616268,1755.3212440246816,1790.664520804125,15242974
2024-09-23,1782.6275634765625,1803.73021337189,1765.7078993837924,1794.4243751721033,3636672
2024-09-24,1784.6484375,1796.2102531560402,1759.0809925494216,1774.6846588682515,7277616
2024-09-25,1781.546630859375,1787.4684442930745,1764.156976545127,1773.1337292502485,4268341
2024-09-26,1786.1995849609375,1802.8372091877666,1779.384720079492,1783.8966765192179,8952803
2024-09-27,1792.3094482421875,1856.0871602157958,1789.0665584656958,1816.137952637302,14908931
2024-09-30,1763.0289306640625,1787.1394743316184,1758.2350489085036,1767.1648713969455,6986955
2024-10-01,1790.0533447265625,1794.3772357071236,1762.464916843665,1762.464916843665,4029072
2024-10-03,1779.7606201171875,1797.1032292411892,1768.1048290238766,1776.0946700907043,7503887
2024-10-04,1803.0252685546875,1836.8175525476968,1772.8048448832324,1776.1418246086153,10001483
2024-10-07,1818.2059326171875,1825.4437429610623,1801.0512733437376,1807.772048058558,6112575
2024-10-08,1831.6007080078125,1840.436440915146,1791.9334261359113,1821.5898836675146,5637391
2024-10-09,1835.548583984375,1858.3431317562972,1828.3577036972526,1835.3606336116181,4857163
2024-10-10,1803.8240966796875,1846.1232547571165,1799.2181654069389,1840.3893918331603,4782119
2024-10-11,1818.9578857421875,1830.1436867455332,1795.4583520140732,1802.8842276209207,4709431
2024-10-14,1841.3294677734375,1851.2932470173037,1815.1979406537325,1816.1849669571325,3751378
2024-10-15,1841.70556640625,1871.9258760220825,1834.6086610794148,1842.3635074756771,5353705
2024-10-16,1804.858154296875,1841.9404871358424,1801.3332242595482,1837.6635261263593,3111512
2024-10-17,1849.9771728515625,1859.2830106666543,1814.304928428157,1819.0517651449982,8162822
2024-10-18,1766.788818359375,1820.6027474745542,1757.0600349091483,1780.1366215888147,10526196
2024-10-21,1741.5504150390625,1784.8366013292746,1727.6856903747387,1777.5986762175419,4654601
2024-10-22,1740.4693603515625,1765.0969393741664,1736.098424337156,1746.6732140121014,4125240
2024-10-23,1760.9610595703125,1772.804801466981,1733.3255853155424,1734.500561986716,4311910
2024-10-24,1751.5142822265625,1770.9249206806642,1748.3653675509743,1749.6813644323036,2906475
2024-10-25,1750.2923583984375,1763.7340231622866,1735.5816269882255,1751.6082405232555,4689120
2024-10-28,1753.394287109375,1768.951025226307,1745.5454653432146,1748.0833692337449,7018940
2024-10-29,1748.5933837890625,1760.2867290719619,1738.8012907344037,1754.9629211020826,4621252
2024-10-30,1713.2276611328125,1748.3079249245552,1707.76122797984,1741.653136738328,5919715
2024-10-31,1670.589599609375,1699.728089871948,1660.3697457491953,1699.728089871948,7395236
2024-11-01,1674.0120849609375,1678.9081313172524,1665.646134457717,1677.4821051581494,371966
2024-11-04,1676.6739501953125,1679.8587185569368,1633.275200045737,1639.4546463788554,7336722
2024-11-05,1667.68994140625,1681.2371893406507,1658.9436944231081,1673.2039554066878,3160880
2024-11-06,1733.762451171875,1737.0898453384439,1675.723259696614,1677.0066599508023,10421494
2024-11-07,1714.131103515625,1735.6640066783782,1698.8725764841015,1723.5427837627808,4550965
2024-11-08,1739.704345703125,1749.829154713953,1723.7329222391422,1728.3437169759088,4210960
2024-11-11,1768.367431640625,1775.8778590726738,1732.669314114394,1738.8011800020988,3804234
2024-11-12,1776.6385498046875,1788.2368497786626,1769.223167165386,1778.825053675029,5012450
2024-11-13,1776.2581787109375,1780.8213927172376,1764.7549244206982,1769.3181384269985,4257495
2024-11-14,1772.5980224609375,1783.4833086013102,1764.469627272938,1773.5961711004963,4311431
2024-11-18,1722.1165771484375,1758.0049000608628,1706.4778709351956,1758.0049000608628,4839244
2024-11-19,1734.7607421875,1767.987103735295,1730.7679155470983,1735.4737552340218,4669769
2024-11-21,1743.602294921875,1774.9272909423237,1730.8155235974339,1751.1601874214036,5436504
2024-11-22,1808.4388427734375,1819.6569616576032,1743.554652462339,1762.6633798054363,6301486
2024-11-25,1796.507568359375,1824.647908539123,1789.187347735094,1821.5106048142616,12764638
2024-11-26,1829.2589111328125,1842.996250535251,1803.7330651846873,1811.0057060152076,6850495
2024-11-27,1829.591552734375,1845.6581372544963,1817.4703304442407,1834.9153604909611,4447143
2024-11-28,1765.0875244140625,1820.4648690644453,1760.3341042723987,1820.4648690644453,8468790
2024-11-29,1766.2283935546875,1784.4340168837268,1754.0121263454853,1759.811276019277,5244346
2024-12-02,1787.095947265625,1789.9479994533772,1744.6953452341356,1767.3216723437565,2868263
2024-12-03,1798.789306640625,1806.0620629902432,1778.8725217831325,1793.9408410909798,4715792
2024-12-04,1796.0799560546875,1819.56180716774,1782.5327074778559,1791.0888644737497,4705573
2024-12-05,1839.4310302734375,1853.7388717964993,1795.7946087095554,1806.2997139926326,9050038
2024-12-06,1827.594970703125,1842.3780374823932,1818.0881305684336,1837.4821076532628,3573331
2024-12-09,1828.783447265625,1835.0103583375276,1803.6377838079438,1829.3062538776032,4274645
2024-12-10,1852.45556640625,1868.664660829215,1836.721697987323,1843.3764867481466,6174921
2024-12-11,1876.79296875,1880.4530791874988,1855.7352935156714,1858.5873457085745,5025612
2024-12-12,1889.0091552734375,1900.227273174294,1873.370449502188,1877.791037372581,6462130
2024-12-13,1901.0828857421875,1907.500003205855,1857.4465798294907,1872.6099443049989,5362693
2024-12-16,1882.4019775390625,1900.9877808683423,1880.072732013709,1897.0424188970678,3119221
2024-12-17,1879.1220703125,1884.255787393359,1861.4393701898068,1870.9462106912868,5811050
2024-12-18,1881.5465087890625,1887.060407082662,1864.861955978867,1869.8055830579622,3064095
2024-12-19,1850.2213134765625,1863.1031292043601,1825.3134369549032,1838.623014099366,5323592
2024-12-20,1827.357421875,1882.3068918972044,1816.9949422253026,1877.7436779576376,11056720
2024-12-23,1829.4014892578125,1844.3271834459897,1814.855975875461,1834.867922920088,2781793
2024-12-24,1814.903564453125,1846.2285597653754,1749.2587795923225,1832.0158786013108,2360544
2024-12-26,1813.3348388671875,1825.0757640546135,1808.4863732653307,1814.9034908105154,3623321
2024-12-27,1822.2237548828125,1829.25884045684,1810.007487366256,1815.236249934069,3937500
2024-12-30,1812.00390625,1821.510747311123,1793.4655661808106,1821.2254956591669,7789055
2024-12-31,1787.2860107421875,1803.4476395627287,1754.0596496753712,1798.9794709559926,3613063
2025-01-01,1789.6627197265625,1799.5973216045268,1781.5819053214227,1781.5819053214227,1838368
2025-01-02,1861.2967529296875,1865.8600828114977,1792.324694404524,1793.9408108770863,7083645
2025-01-03,1843.1387939453125,1856.6384617090841,1827.214835312903,1856.6384617090841,6218003
2025-01-06,1842.2830810546875,1875.69964894824,1832.9188662808956,1855.7352837034794,7164403
2025-01-07,1835.6282958984375,1861.9623140172655,1828.7834170796311,1849.08049857111,4294832
2025-01-08,1837.81494140625,1842.9961231909604,1795.6045452981161,1834.8202633622047,5482050
2025-01-09,1822.74658203125,1855.5926464465324,1816.3294646707038,1838.6705399259386,6833503
2025-01-10,1869.947998046875,1880.2630131182193,1836.9593070090002,1841.475056372847,8036913
2025-01-13,1865.4322509765625,1885.0164358188285,1852.8832675701437,1859.538056114521,5804152
2025-01-14,1844.374755859375,1874.5589763818855,1835.8660634362316,1871.7543886244132,5792162
2025-01-15,1853.501220703125,1861.4869901029845,1841.5700892018165,1850.981884706997,2985439
2025-01-16,1833.3466796875,1869.948017007702,1822.3187674971882,1868.9973329214629,7533579
2025-01-17,1725.9193115234375,1766.3709642563163,1722.6394979722525,1759.7161759087412,16409953
2025-01-20,1723.87548828125,1737.8029172097529,1704.7191808636662,1733.0494968108637,4333011
2025-01-21,1711.896728515625,1741.3204695981628,1704.6240883474466,1729.3418737355341,7169109
2025-01-22,1764.8974609375,1773.7864501626696,1716.1274359637641,1718.2664752007781,8373913
2025-01-23,1773.4534912109375,1786.8582289789933,1761.3322697336553,1766.370941552174,5907471
2025-01-24,1782.96044921875,1801.4513245969808,1772.312833717117,1773.501188842313,4887027
2025-01-27,1732.1463623046875,1771.1244088768565,1722.6395216773292,1757.577160982871,7652371
2025-01-28,1739.5142822265625,1771.5998715284597,1734.9034874184256,1739.7519532584283,6999495
2025-01-29,1788.474365234375,1795.5094503993766,1749.7339902797964,1754.0120684956396,5145155
2025-01-30,1768.224853515625,1794.1309953598945,1753.0614884709362,1780.7739533235829,7336056
2025-01-31,1787.095947265625,1803.875428129993,1778.729881094765,1778.729881094765,5820470
2025-02-01,1760.0489501953125,1797.3633003755383,1754.9628135718901,1787.571323971164,1701402
2025-02-03,1771.40966796875,1784.0062318529979,1742.0335070965566,1745.4559465267448,4823228
2025-02-04,1805.158935546875,1816.947325024505,1782.5326085489075,1795.8421853594061,7334787
2025-02-05,1803.495361328125,1825.0282638663168,1800.880979990787,1812.0039378058837,4996744
2025-02-06,1821.177978515625,1829.116167362465,1806.2997494743677,1822.46137881177,4765255
2025-02-07,1809.769775390625,1828.8309215990796,1796.2699917999128,1824.648004479721,4126260
2025-02-10,1787.5712890625,1811.0531389851265,1785.9550565261386,1811.0531389851265,3828734
2025-02-11,1783.1505126953125,1809.1516975397526,1777.779124750046,1790.2330622534764,4411601
2025-02-12,1771.2669677734375,1801.1659339967016,1755.91339753029,1792.0393905493213,5633947
2025-02-13,1752.348388671875,1781.1065814060805,1745.1232130462338,1776.353161119435,5237744
2025-02-14,1764.849853515625,1767.606860408019,1738.1831200991312,1762.5681886374266,5292961
2025-02-17,1751.4453125,1761.3799146336082,1732.2890052365772,1747.880247229523,4428956
2025-02-18,1760.619384765625,1769.8410902296603,1746.977091046225,1751.445375977347,4365260
2025-02-19,1721.498779296875,1758.004955145868,1716.840404092615,1756.2937934312417,4611411
2025-02-20,1735.14111328125,1740.7025920720746,1716.5077280780874,1716.5077280780874,2218020
2025-02-21,1725.4915771484375,1739.6092122968646,1717.1255109603246,1731.956275207461,3379879
2025-02-24,1677.101806640625,1718.8368620656656,1663.9348549947076,1711.2789698500455,7594720
2025-02-25,1680.524169921875,1690.744023588038,1659.0863139546623,1659.0863139546623,5092963
2025-02-27,1677.2919921875,1688.2723238346587,1664.7428925260701,1668.640674098442,5757079
2025-02-28,1604.4696044921875,1668.5457398498413,1599.4785126706022,1668.4982752722037,12182167
2025-03-03,1624.3388671875,1643.3525496222132,1608.8427856333933,1608.8427856333933,7504969
2025-03-04,1605.0399169921875,1615.212189837081,1587.642352576766,1611.4094536632444,6759673
2025-03-05,1627.0958251953125,1647.4879525703643,1608.9852468032536,1608.9852468032536,8180782
2025-03-06,1631.231201171875,1637.3631829139892,1607.7017709749155,1630.4231429408271,10610547
2025-03-07,1602.853271484375,1620.9162680194895,1592.8710891886537,1619.109945155919,8019331
2025-03-10,1617.5413818359375,1634.225933863566,1593.5366088108908,1602.8533592169706,7558981
2025-03-11,1579.6566162109375,1597.1492261839649,1556.3173920894415,1597.1492261839649,12671234
2025-03-12,1512.3956298828125,1556.1746748414012,1486.6796971141694,1556.1746748414012,14870008
2025-03-13,1501.938232421875,1526.8462251444753,1492.8592690164621,1520.381526929375,7822888
2025-03-17,1511.63525390625,1515.3904095675546,1468.949515897204,1468.949515897204,7526032
2025-03-18,1511.63525390625,1511.63525390625,1511.63525390625,1511.63525390625,0
2025-03-19,1508.307861328125,1523.9465678973438,1495.2359553339961,1523.9465678973438,7387068
2025-03-20,1535.8778076171875,1551.4214700841842,1513.4891497172634,1513.4891497172634,7186750
2025-03-21,1514.011962890625,1524.8022038807094,1486.5371700431922,1500.131882621123,10074677
2025-03-24,1514.2021484375,1527.844442496362,1495.140885206093,1519.1456594946171,8857726
2025-03-25,1548.1414794921875,1555.46181670782,1525.84798372026,1525.84798372026,9890140
2025-03-26,1520.571533203125,1556.9827781599724,1516.3410356679321,1545.8122407498795,6651302
2025-03-27,1524.469482421875,1540.0606082841557,1507.7849306219216,1516.8640098840594,9426573
2025-03-28,1493.19189453125,1519.620840928022,1483.0670864043914,1511.5876072967835,6799047
2025-04-01,1451.21923828125,1471.0885586286036,1442.9957978349414,1463.3404602190724,12680733
2025-04-02,1473.7030029296875,1478.9317655581158,1459.4902057913214,1459.4902057913214,6193478
2025-04-03,1422.69873046875,1458.9673514518697,1411.8134441365378,1458.9673514518697,10459504
2025-04-04,1380.0606689453125,1399.4070681791675,1376.5906485892897,1388.4742004590178,9590254
2025-04-07,1327.8680419921875,1336.5668248830998,1242.5441423903983,1285.3249277060586,21715252
2025-04-08,1358.3375244140625,1384.671428260199,1345.218037067066,1360.4289830692378,12805001
2025-04-09,1334.4752197265625,1339.9416532809853,1313.7503760547593,1335.758736096975,8546854
2025-04-11,1339.941650390625,1367.844321400648,1328.1532604606723,1341.652928180614,12567440
2025-04-15,1355.675537109375,1376.3053358191778,1339.513907284088,1374.3089224037624,10178530
2025-04-16,1343.4117431640625,1357.1016180730755,1327.9156612183533,1354.7249077086744,12022740
2025-04-17,1349.49609375,1359.2881865002564,1310.327954849587,1329.0563853909828,14264227
2025-04-21,1379.442626953125,1399.2169026224717,1340.4645789137878,1340.4645789137878,15648970
2025-04-22,1352.6334228515625,1368.985143422317,1349.3060284057444,1368.985143422317,9399738
2025-04-23,1402.1640625,1414.427911126592,1368.6048659090611,1374.6892676203474,11136642
2025-04-24,1398.836669921875,1409.7695375562273,1389.4248737048488,1397.4106437086987,7114292
2025-04-25,1407.2025146484375,1427.642222162945,1391.3261370921732,1402.7343459374797,8329979
2025-04-28,1409.0087890625,1416.1389193452367,1393.0373668593481,1407.2024661808139,5886253
2025-04-29,1423.6494140625,1435.3428747016321,1401.4033833138335,1408.9138107783806,8056743
2025-04-30,1426.1212158203125,1434.3922372400868,1409.4842438297574,1422.9840278751349,7704183
2025-05-02,1432.5858154296875,1448.081895785028,1422.4134264838601,1425.7408206525301,7402310
2025-05-05,1434.2020263671875,1447.8919007730015,1428.6881281546378,1440.2864278864722,4282493
2025-05-06,1436.958984375,1440.856765886036,1425.170478593818,1431.7302219442606,4270530
2025-05-07,1433.9168701171875,1443.8990531370239,1422.7937965506155,1426.026145690909,5691799
2025-05-08,1436.8638916015625,1441.7123570303784,1427.166844693632,1433.6315426322524,8424409
2025-05-09,1433.2513427734375,1436.8639888159648,1420.4171072727893,1426.6915991963783,4478653
2025-05-12,1546.6678466796875,1551.5163119444549,1456.4479104772702,1461.2013305506293,11372857
2025-05-13,1491.242919921875,1532.6927196880702,1487.4401838690076,1529.6505772658943,12846210
2025-05-14,1513.869384765625,1516.3411402167324,1492.0986956552736,1496.3767741072957,4870057
2025-05-15,1533.4534912109375,1538.7772990924948,1493.524758023796,1511.3976659657826,11151167
2025-05-16,1511.49267578125,1533.0731584594146,1503.5069061207216,1533.0731584594146,4576751
2025-05-19,1482.8770751953125,1506.8342676039738,1478.9791776249906,1498.7534529196623,8855798
2025-05-20,1483.6375732421875,1505.4082621953962,1481.1658178089215,1492.5740269319685,7143998
2025-05-21,1491.1480712890625,1493.5247816353951,1475.5568282070587,1490.5776840160047,4157309
2025-05-22,1471.18359375,1483.8277382618005,1464.0534632471729,1478.789066286349,6158990
2025-05-23,1487.6304931640625,1508.9257236923431,1473.5603223754533,1473.5603223754533,5038421
2025-05-26,1502.55615234375,1505.693456152503,1485.6339297061554,1489.3416207391451,3170102
2025-05-27,1492.6690673828125,1504.8378701621398,1479.6447417622219,1501.985817890451,7775714
2025-05-28,1494.2852783203125,1509.4010623010483,1492.5740005619675,1503.0315254066693,3623370
2025-05-29,1507.404541015625,1529.5555248389078,1498.8483849371494,1510.6368898553303,8609500
2025-05-30,1506.5369873046875,1515.5027951891782,1499.2101525439637,1514.5387348868949,13148092
2025-06-02,1497.9569091796875,1503.9340358386107,1483.6887699715526,1503.9340358386107,4374509
2025-06-03,1487.5450439453125,1510.9717563250315,1480.410974183671,1502.9700087561519,6853403
2025-06-04,1495.4503173828125,1501.3311794658816,1486.0025968815146,1487.545069852834,4548307
2025-06-05,1498.43896484375,1511.3572786610305,1486.195328477135,1492.2689554139665,6948539
2025-06-06,1507.5975341796875,1512.5142181403369,1487.641415492617,1498.8244913615613,3960020
2025-06-09,1516.3704833984375,1530.9277705261318,1514.5387452749073,1521.2871674371763,2903202
2025-06-10,1538.6402587890625,1549.726952383094,1520.8051430073597,1527.0715350387688,8591925
2025-06-11,1572.4786376953125,1575.8528485433976,1532.9521677606,1532.9521677606,10597410
2025-06-12,1550.7874755859375,1569.4902701551284,1540.6648417796544,1558.8856061675938,10483574
2025-06-13,1544.4246826171875,1551.1731050755648,1513.7675163758718,1519.3591134860721,6968315
2025-06-16,1565.441162109375,1576.0458254086714,1539.7006814911979,1542.4964798976407,5591842
2025-06-17,1580.962646484375,1588.193099360836,1557.535932091381,1562.452616510744,7622083
2025-06-18,1574.214111328125,1585.589952431105,1562.7417700471647,1562.7417700471647,5629707
2025-06-19,1560.2352294921875,1571.4183055533617,1553.5831898154863,1565.5375611980423,5147760
2025-06-20,1564.573486328125,1572.0930860674746,1551.076642111549,1560.8136276168789,9202821
2025-06-23,1527.071533203125,1543.4605584963404,1518.7806380620095,1543.4605584963404,7943676
2025-06-24,1524.7576904296875,1551.172965207259,1519.9373891083474,1543.4604830931148,8083992
2025-06-25,1556.8609619140625,1561.6812632899293,1528.1319186406413,1532.8558375256184,7813533
2025-06-26,1557.9215087890625,1565.6339915058402,1548.8593180602195,1550.9803214172216,6519233
2025-06-27,1550.208984375,1571.0326636135578,1544.8102701550988,1560.8136478253264,8912268
