Date,Close,High,Low,Open,Volume
2012-01-02,403.604248046875,416.28579071862646,393.3119612087685,414.9532973893645,480029
2012-01-03,401.0312805175781,412.5181986582296,398.0446818010088,412.5181986582296,894928
2012-01-04,409.9910888671875,411.0019433024911,402.317821712056,406.17743753985707,442914
2012-01-05,412.4722900390625,414.9994122005487,395.1500107051189,395.1500107051189,643648
2012-01-06,407.00439453125,422.7185009357507,399.74466936315554,422.7185009357507,530445
2012-01-09,404.2935485839844,408.934251910444,399.7447181596475,399.7447181596475,702332
2012-01-10,404.24755859375,408.9342261199254,398.50410036172855,405.2584128514317,1084878
2012-01-11,399.2851867675781,405.16648195346795,394.3687812756335,404.3394296380538,1252230
2012-01-12,401.76641845703125,407.0044357596424,393.31203636422015,396.06889643219364,697844
2012-01-13,393.9553527832031,402.5016085973717,389.9119351929569,402.5016085973717,1718254
2012-01-16,387.155029296875,391.38222025195176,385.31712262460076,389.6362145221373,927212
2012-01-17,398.1365051269531,399.5608714809797,385.7765723998388,385.7765723998388,713036
2012-01-18,397.9527282714844,403.4205118017514,393.77150183838376,395.6094084980728,680766
2012-01-19,407.2341613769531,408.4747539776322,397.7689533236224,401.3069292425109,531381
2012-01-20,405.12066650390625,411.00196344633133,401.5826898290593,410.0370734642076,436697
2012-01-23,402.1799621582031,407.92342108324385,395.7932526600977,401.62858449255265,461164
2012-01-24,410.6802978515625,418.12382652603765,403.78814686486953,403.78814686486953,1068121
2012-01-25,421.9374084472656,426.2105357478413,410.81806774078507,411.1397070094799,1407662
2012-01-27,429.1512451171875,430.9432154954342,423.13211146225194,425.8889717092574,557470
2012-01-30,433.2864685058594,435.5838516898777,422.718505859375,429.1511787746263,352436
2012-01-31,436.5027770996094,441.0516067312854,421.52385091367125,436.3649397262127,852088
2012-02-01,439.6732482910156,441.0976147877419,427.4511517214,427.4511517214,432683
2012-02-02,437.5137023925781,445.69238172675904,434.3892665625151,440.08676059516387,613707
2012-02-03,440.04083251953125,442.4760533726528,432.82704286296877,438.1569612601492,423655
2012-02-06,446.1977844238281,449.73576040281085,441.0057036453308,441.0057036453308,708959
2012-02-07,444.8653259277344,459.1091029674839,441.7408901214097,459.1091029674839,638756
2012-02-08,441.4652099609375,450.10336635532997,439.44352929735714,444.86534877565003,429157
2012-02-09,433.2864685058594,449.36815079398775,430.989085321841,449.36815079398775,401216
2012-02-10,421.7077331542969,445.5086219319514,420.0995646146684,445.5086219319514,661450
2012-02-13,426.1646423339844,430.8972467693859,421.7996136523964,430.8972467693859,257074
2012-02-14,436.4109802246094,438.20295063871293,425.5673409204354,426.7619691670156,468885
2012-02-15,449.5520324707031,468.2067760188236,436.7785572646361,436.7785572646361,1245423
2012-02-16,451.48187255859375,457.409134234984,442.01666211356564,451.6656744881861,775409
2012-02-17,449.13848876953125,456.58201715900844,443.1193550226405,452.1250874160806,619170
2012-02-21,435.2163391113281,453.8710820534755,432.27567699159135,450.10336747638536,615413
2012-02-22,423.8672180175781,444.4977312287543,420.05356735591363,437.4217794609587,441634
2012-02-23,439.581298828125,441.8327174952377,423.68339055663466,423.68339055663466,571667
2012-02-24,432.7351379394531,443.67067747442667,429.5647656276576,443.48690362627946,228868
2012-02-27,437.8353576660156,440.77599171288307,428.7836610874641,432.82705042955195,565569
2012-02-28,445.83026123046875,450.2871910775319,437.6975175786911,437.8353830317548,857318
2012-02-29,441.8787536621094,451.2061251828056,436.96234730025265,443.3950211826959,410165
2012-03-01,443.4409484863281,445.78429646455163,437.973192625604,445.78429646455163,275588
2012-03-02,448.63311767578125,476.47739798959054,441.64906534616097,446.51950776269007,2334661
2012-03-05,454.74407958984375,460.3956371920375,443.119325097933,452.99807380015733,742918
2012-03-06,457.6846923828125,469.4932482200823,450.24119288432615,450.24119288432615,918823
2012-03-07,461.0388488769531,464.9903365668461,454.1466996195394,463.1064936541772,859981
2012-03-09,461.2226867675781,473.5366562092282,458.55772762669005,464.07144779855406,1212274
2012-03-12,458.0982666015625,468.1148529805938,452.12506954457126,463.1525102651705,976609
2012-03-13,461.31463623046875,463.7958217864537,455.3414387493969,463.7958217864537,612551
2012-03-14,465.7255859375,470.04467826535387,460.39566727456946,463.38226591457413,782277
2012-03-15,463.3362731933594,466.7363836363773,454.10077554005557,465.7255293798256,908152
2012-03-16,462.73895263671875,470.1824804523383,450.6087851262933,454.4224359567199,647314
2012-03-19,465.08233642578125,469.3095278116638,459.47671489521304,461.4524591604158,180616
2012-03-20,468.8959045410156,471.88250265911125,458.32794196929257,459.47663355317553,351235
2012-03-21,480.7963562011719,482.90993747862984,468.6202255225956,468.6202255225956,996403
2012-03-22,467.793212890625,493.3860985060187,464.0714628714281,493.3860985060187,541017
2012-03-23,469.4932556152344,479.6477068448379,467.747249878757,479.50984140850704,426391
2012-03-26,468.2067565917969,482.4505342702519,465.2201580463144,473.1691273796766,350107
2012-03-27,471.1014709472656,480.84235430379687,469.2635361498424,469.86085023578346,589413
2012-03-28,474.5015563964844,476.9368052943553,469.5851782377949,470.41223067281163,290496
2012-03-29,477.4422302246094,479.69367728396077,467.7472830220996,470.13656748331834,379867
2012-03-30,486.5858154296875,489.710279361694,479.6936650694936,481.02615869015705,567777
2012-04-02,494.8105163574219,505.9757675728473,483.4614071384089,488.8832551478044,740142
2012-04-03,491.0887451171875,505.1946581106285,487.0453275100193,496.28079844605355,610830
2012-04-04,491.1346740722656,497.9808883740015,486.99938361881703,491.0887376182539,516027
2012-04-09,495.72930908203125,501.05922636116765,485.4370221463307,489.71017691106374,569334
2012-04-10,500.8755187988281,504.5053957968439,488.8831886410218,497.52137268021414,756588
2012-04-11,510.75421142578125,513.6948730797069,497.98079474646136,497.98079474646136,1838375
2012-04-12,505.33245849609375,513.6949113619509,502.4377330718186,512.7759580321441,614661
2012-04-13,517.3707885742188,521.0466023473926,504.5054403681103,512.6381559058707,2016082
2012-04-16,520.2655029296875,527.1116610610919,511.9029931262978,517.3248407580392,612625
2012-04-17,509.8353271484375,528.3981967565337,506.4351884037897,519.4843376979046,793646
2012-04-18,508.5947570800781,513.0516585175498,506.52711198442296,510.01912359494804,269031
2012-04-19,507.1702880859375,514.6597229326891,504.6891032548091,510.2487588376005,399940
2012-04-20,506.8946838378906,511.8570547393314,497.2456729316734,510.93810131969167,375292
2012-04-23,504.36737060546875,510.8919710629263,502.16191688803696,507.9513100179063,175747
2012-04-24,495.6835021972656,509.00832692204733,493.1563802667036,509.00832692204733,485631
2012-04-25,508.77850341796875,513.6948810065305,490.44537435397996,498.07267532296873,979737
2012-04-26,498.3023986816406,510.93800584046505,495.7752772498757,503.95398359169684,520565
2012-04-27,494.1212158203125,504.0459005477726,489.0669725149109,498.2565057974592,347489
2012-04-30,507.6298828125,512.7759994395904,468.71217249944516,468.71217249944516,630823
2012-05-02,502.71343994140625,512.5003159639307,500.3701200185164,507.675810674496,248772
2012-05-03,495.637451171875,505.0107862623657,492.37517810050457,500.82955987013264,383773
2012-05-04,507.4921569824219,514.0626980641232,488.10225725877524,488.10225725877524,1272745
2012-05-07,506.8487243652344,510.0191247366956,498.0727308239442,507.4920029474597,335648
2012-05-08,502.62158203125,516.9112964304338,499.95659468982257,509.97320935826065,165186
2012-05-09,501.1512451171875,512.3165520501703,497.1538200163984,497.1538200163984,392314
2012-05-10,479.8315124511719,508.08932786433945,473.26097358638424,501.702590886598,1538323
2012-05-11,473.2609558105469,479.28008878811545,466.3688059686457,477.85572237181435,1025553
2012-05-14,496.83209228515625,505.24048078897874,473.2609192132319,505.24048078897874,982807
2012-05-15,493.79962158203125,495.3159172334393,488.33189334048865,488.33189334048865,310332
2012-05-16,497.3374938964844,509.191956781765,483.4612666209996,483.50725915276365,698458
2012-05-17,500.599853515625,509.05423582527493,490.537302791744,503.2188482119874,492235
2012-05-18,492.32916259765625,499.3591768088126,485.71268853217686,498.0266834898316,347018
2012-05-21,499.63494873046875,504.91893050479,489.11292163173675,493.7076883920161,705406
2012-05-22,500.8755187988281,509.10016260737984,497.9808493612677,497.9808493612677,1258151
2012-05-23,494.9024658203125,502.575762277721,479.6937944737541,496.23495980043526,1171812
2012-05-24,490.7669677734375,498.0726572665324,484.79377169920787,491.04264252840335,529373
2012-05-25,487.5965881347656,492.3292199641105,482.58833762745496,491.088655470979,507264
2012-05-28,490.491455078125,496.05111281260395,488.28594413278256,489.6643744515033,529454
2012-05-29,488.83721923828125,492.5130324389248,485.20734248495404,491.6400155860803,239797
2012-05-30,486.1722412109375,492.46710508636653,480.1531082014154,486.310106643891,581754
2012-05-31,497.79705810546875,500.8755294989076,482.4505254127422,486.12633893969644,568484
2012-06-01,494.7185974121094,504.045997931369,489.9400840527254,497.7971253096223,299663
2012-06-04,489.710205078125,494.25897875508423,485.43705006760945,485.43705006760945,370490
2012-06-05,496.6484069824219,500.82963399348125,484.28847176984334,494.3969597953998,529894
2012-06-06,507.3540954589844,514.5679125307712,489.3426331801319,489.3426331801319,783505
2012-06-07,503.8621826171875,514.0625999134702,499.4512171243079,511.62735075245337,564767
2012-06-08,501.05938720703125,504.2757244013909,494.8564511893376,503.908120572362,507396
2012-06-11,481.9449768066406,511.4892860722198,478.86645019004277,511.4892860722198,962027
2012-06-12,469.1256408691406,483.69102765565026,466.00120538306936,480.33688189800426,832306
2012-06-13,473.8123779296875,481.71541127853925,469.5852144812899,470.41226698014015,889120
2012-06-14,473.9961853027344,477.8558010675118,472.38801674144946,472.38801674144946,387345
2012-06-15,471.5149841308594,476.0178783888431,464.1633847096278,473.996169618147,1614165
2012-06-18,472.4339599609375,477.67200599609686,465.90941271141185,471.7907373979889,557038
2012-06-19,478.36114501953125,480.6125918971622,472.4338848195511,473.2150288036264,628371
2012-06-20,483.92083740234375,486.3101498924487,478.7747208041342,480.6126276018468,485268
2012-06-21,485.1154479980469,488.7912610350816,481.6233807420992,484.28836762933173,295293
2012-06-22,484.61004638671875,491.18058554169846,480.84235993394526,485.11551562053535,308919
2012-06-25,479.739501953125,487.96414422699536,478.0394609858315,486.44784902706755,271205
2012-06-26,482.4045715332031,485.5749718033547,476.0637709929,479.83151337498634,310702
2012-06-27,480.8883361816406,485.8047708639332,479.693707896909,485.6669054090353,265773
2012-06-28,490.26165771484375,491.5482149596039,480.88832145742896,483.3235704962726,1151688
2012-06-29,493.61578369140625,500.73767171101747,490.5831929542249,491.54813878248683,589492
2012-07-02,499.9107360839844,501.7486432019402,497.5674157262855,500.4161493237274,285848
2012-07-03,493.52392578125,503.081063838625,491.6400824773012,494.48881566000756,468443
2012-07-04,493.9833984375,503.54053641639655,492.55903185784297,498.9917057813596,568441
2012-07-05,496.6024169921875,499.91062664489397,494.3969064980753,497.5213703499906,493825
2012-07-06,502.2539978027344,503.172951254423,496.69434063771155,497.1997538184468,626557
2012-07-09,501.4729309082031,505.2406177832991,499.91069875689385,505.2406177832991,385827
2012-07-10,503.3108215332031,505.79200709424504,501.24317624707953,503.35675798853447,345853
2012-07-11,502.4837341308594,505.1487215653516,501.4729077734822,503.44862403353164,409226
2012-07-12,507.2623596191406,509.10026671920997,488.9751615380612,488.9751615380612,1061844
2012-07-13,512.7618408203125,513.9172302768702,507.6319229162964,509.29567245063936,398436
2012-07-16,527.9207153320312,531.0171373438963,513.4552128712522,517.6146160358257,804308
2012-07-17,526.7653198242188,534.2522228726641,523.7150457376891,531.2944138158715,1306277
2012-07-18,526.2106323242188,531.8951717676134,522.4209769722945,525.0090384137678,265790
2012-07-19,528.706298828125,530.3700486252513,522.3747861723486,527.781987116887,479687
2012-07-20,526.2568969726562,532.4035929645817,523.6226309278395,532.4035929645817,371127
2012-07-23,527.18115234375,530.6935819149363,514.055971415455,514.055971415455,360908
2012-07-24,537.7183227539062,543.1717842616617,520.2026050398866,531.4792188800964,1978984
2012-07-25,541.369384765625,548.3479269566446,536.1007966874907,542.5247744136584,683907
2012-07-26,522.7444458007812,546.1757801311679,520.9882875035739,542.108786278308,592934
2012-07-27,523.4838256835938,530.6472402221934,520.387404546012,524.1308550540512,1005594
2012-07-30,545.7598266601562,550.9359493494565,524.7779408592141,524.7779408592141,1089201
2012-07-31,555.4190063476562,558.2843504809375,543.1718744869403,545.3439847413131,1395206
2012-08-01,550.704833984375,560.132823484542,542.8019811737579,560.132823484542,806151
2012-08-02,546.8690795898438,557.0827133335496,545.3439426078708,545.5750205496537,511774
2012-08-03,536.8864135742188,547.423589229861,534.529430087314,543.4952646131841,556256
2012-08-06,545.7598266601562,548.7638395316533,538.873693563931,540.7223168694677,792225
2012-08-07,543.6802368164062,552.5536079345237,541.9702260591789,545.7599384611699,362070
2012-08-08,537.7645874023438,553.6627614516716,536.0084288530578,553.6627614516716,357974
2012-08-09,538.7813720703125,545.0666810421895,534.0211437227612,545.0666810421895,425082
2012-08-10,536.7941284179688,544.1424192033077,534.2522707285165,537.4411580220243,359858
2012-08-13,537.9493408203125,546.3143493558098,534.2520944916505,542.524694435132,274480
2012-08-14,532.3573608398438,538.8275430551354,529.723038517168,538.7813387509856,392300
2012-08-16,513.9635009765625,534.7605138815934,506.7538811192534,532.8194819099938,1643408
2012-08-17,527.31982421875,528.5214181442097,519.139688249746,519.139688249746,1818319
2012-08-21,528.3365478515625,534.0210874017922,524.8241746567296,527.7357790928003,963373
2012-08-22,533.9286499023438,537.7645094200356,526.3030787510875,527.7819548324014,471019
2012-08-23,534.6680908203125,539.7056006486257,532.6807981858153,536.8864049542211,673815
2012-08-24,537.7183227539062,542.8482413226038,529.3995175888265,533.3278422501141,580072
2012-08-27,529.6767578125,539.7517769464391,528.0592124919917,537.9493580204862,291553
2012-08-28,527.643310546875,532.9581028134953,524.0847330736893,529.168447415674,358928
2012-08-29,533.6513671875,536.1008158952955,528.7987304918961,530.2776631436732,247019
2012-08-30,544.8356323242188,549.0412399667866,533.7900944121536,534.2522503380516,1011520
2012-08-31,548.2093505859375,556.389544530337,537.2562774316043,549.0412538397815,935869
2012-09-03,543.9113159179688,555.5576225868696,538.5965228146456,545.3439879931523,502509
2012-09-04,549.82666015625,554.3558089649295,541.276778984219,549.9653294441569,371496
2012-09-05,541.6004028320312,552.6459379294672,539.520701695441,551.8140349086295,267023
2012-09-06,561.0572509765625,564.7082937940268,541.6467035786914,542.6634239714218,784264
2012-09-07,562.9983520507812,568.8677664268018,561.1035239512474,565.4940054476039,1082357
2012-09-10,579.4971923828125,584.118750570066,569.3759686696264,572.2413121795215,1193641
2012-09-11,569.5148315429688,577.7873783773463,565.7251186921046,577.7873783773463,1040582
2012-09-12,573.1195678710938,575.7538905690299,567.6661616478151,569.8382719918762,727485
2012-09-13,554.3558349609375,570.3002087051245,551.30561822341,562.9057165339074,1177478
2012-09-14,531.9876098632812,563.4604132792223,527.9668763666125,560.1329135864971,2176934
2012-09-17,528.7986450195312,535.9620599361358,512.161036180966,533.3739987332373,2921730
2012-09-18,524.4083251953125,536.1008931024622,514.9803891042027,534.1135999842364,1429096
2012-09-20,535.361328125,537.0250778403714,519.6942341062802,524.0847145189166,987618
2012-09-21,539.1048583984375,545.1128851101217,533.558987587652,536.1008450425953,1624815
2012-09-24,533.1428833007812,545.205137576488,531.2942602266346,540.8146577753898,1304522
2012-09-25,539.0123291015625,542.2936239801709,533.697537431189,537.4409881072211,1436463
2012-09-26,540.8609008789062,547.1924121355597,536.377956220727,539.0122778649347,1221605
2012-09-27,551.1209106445312,554.5870798938679,540.7686072034094,540.8610722327007,2796396
2012-09-28,550.8435668945312,557.3599530727275,546.129543392372,557.3599530727275,2131952
2012-10-01,554.1710205078125,558.0069362971519,550.0578225155639,554.5407677220275,1172761
2012-10-03,552.3685913085938,556.4355849274207,548.1167805015955,556.4355849274207,731301
2012-10-04,535.361328125,554.586999490917,530.9246434121741,550.4275969947352,1493161
2012-10-05,525.147705078125,539.6593533637194,458.82831363842456,537.9493993169735,1665476
2012-10-08,522.7444458007812,531.386793634232,521.4041826163951,531.386793634232,434681
2012-10-09,531.8950805664062,534.2520636819032,523.3914032177814,523.3914032177814,613010
2012-10-10,524.0384521484375,532.5883341098175,522.4209069125008,531.9413047323427,651526
2012-10-11,507.7705993652344,526.7652495412214,498.2039960335757,520.9420408188122,3234313
2012-10-12,523.437744140625,524.8242117958176,511.83764270861593,514.8416559615333,1116296
2012-10-15,518.954833984375,528.7063114883391,516.2281030878277,528.7063114883391,499515
2012-10-16,513.5014038085938,522.0512878687111,511.6989845344391,515.0727451351777,827439
2012-10-17,528.4751586914062,530.9708113010776,514.5180760608603,514.8415625555108,1785696
2012-10-18,529.4458618164062,534.1598865051186,526.9040040108482,528.8450929116791,443759
2012-10-19,530.00048828125,536.6554891082806,527.8745256895626,530.555052878328,956299
2012-10-22,526.6729125976562,532.264988344174,524.1772591691008,528.6140014489868,438337
2012-10-23,520.34130859375,535.823530336273,516.8289352427278,530.5549421019837,1564649
2012-10-25,529.4458618164062,534.6682467831256,514.2409192964179,517.753349760153,2087500
2012-10-29,522.5134887695312,531.4331208802427,520.5724564089559,525.8872496608622,544461
2012-10-30,523.1603393554688,526.7651769808319,518.631190176474,521.6352027257766,263866
2012-10-31,523.576416015625,529.1684909689628,520.3875291100892,520.3875291100892,395855
2012-11-01,523.4838256835938,526.8113811250175,520.988229621901,526.8113811250175,686288
2012-11-02,535.77734375,536.6553948051584,526.4879652648812,530.2776773973836,1460288
2012-11-05,539.6593017578125,543.0330616431582,531.4791667145804,531.4791667145804,857860
2012-11-06,543.5414428710938,545.066579627168,539.150962627522,541.9701018166091,770614
2012-11-07,544.0961303710938,545.2515200504552,536.3318891595802,544.4196169151103,549884
2012-11-08,539.70556640625,546.8689813142144,530.8321411870827,543.4952214042622,631986
2012-11-09,540.445068359375,544.1423152010119,535.7310447869821,537.9494154581681,295122
2012-11-12,540.999755859375,543.7264873083266,535.6849623157747,540.7224735662917,575202
2012-11-15,532.3573608398438,540.7223708493684,528.7063181638268,540.7223708493684,893742
2012-11-16,531.479248046875,535.1764949898097,527.8282054076246,527.8282054076246,697863
2012-11-19,519.3707275390625,537.0250571084392,514.9339865820107,537.0250571084392,712500
2012-11-20,525.147705078125,527.3198149662086,515.8583275348327,524.0847240768453,726075
2012-11-21,520.387451171875,530.5548791699046,517.7993898736594,530.5548791699046,738357
2012-11-22,522.0513305664062,527.5972017616914,518.585161069353,524.2234973005378,683508
2012-11-23,517.79931640625,523.6224676048997,516.0431019804761,522.2360003473403,358848
2012-11-26,522.3748779296875,524.9167355820799,517.614649214454,524.9167355820799,229038
2012-11-27,531.2018432617188,532.2185633702653,523.3451953205002,523.3451953205002,396647
2012-11-29,534.3908081054688,536.100762108059,528.613860237925,534.2521387904451,851127
2012-11-30,546.2682495117188,549.7806229124479,529.676842156306,535.1765084048818,773364
2012-12-03,541.5542602539062,553.0156917524879,538.0418305794033,549.0411626326934,607865
2012-12-04,549.3182983398438,550.8896391305299,540.8146214862735,540.8146214862735,1424112
2012-12-05,551.2133178710938,557.3600138906544,544.5583180615278,551.6292694630704,562841
2012-12-06,549.688232421875,553.6627618330662,541.739117183978,552.7384500436955,644209
2012-12-07,553.5703125,556.4356562700702,547.0538697318708,552.1838449179317,524044
2012-12-10,558.607666015625,563.5989709816627,551.8139986487128,556.3431478369878,775075
2012-12-11,555.3264770507812,567.4811988872763,550.6125097859224,557.5448477727801,743710
2012-12-12,560.733642578125,563.6451902058495,554.6331523007703,558.8850194181088,800601
2012-12-13,563.2291259765625,571.2244421095018,559.6705496720118,561.1494253378144,838783
2012-12-14,559.4395751953125,566.5105812398178,553.6626279091155,563.922463723201,668708
2012-12-17,554.3096923828125,566.1408698909011,552.9694292444597,562.8595749076956,566966
2012-12-18,563.73779296875,566.3720590492846,548.4866481718292,556.4357071361393,526434
2012-12-19,570.1616821289062,576.2159692419483,561.0572339303436,564.0612471268405,832294
2012-12-20,567.8046875,574.9218991422588,564.8468786650404,572.7959934349636,886556
2012-12-21,553.246826171875,565.540162041309,550.8898423242285,564.7545195639323,781407
2012-12-24,560.733642578125,563.2754994231473,554.5869480048704,555.5112595848784,441708
2012-12-26,566.6954345703125,570.8548368817043,560.1328446007628,561.9814678502703,528302
2012-12-27,567.4811401367188,576.3083049763509,562.4898347367199,570.1154057327983,749768
2012-12-28,567.0653076171875,574.1825199901888,562.6286221169779,571.4557888090076,352876
2012-12-31,567.388671875,571.2245877081743,565.6787179245998,568.4516528163871,234409
2013-01-01,568.1744384765625,574.2286690970183,565.6787854927569,568.5903900431153,245907
2013-01-02,568.3591918945312,572.9807496220343,567.5272889373808,569.8842720953074,381107
2013-01-03,562.7673950195312,571.8719029810619,560.4104104664817,571.8719029810619,475306
2013-01-04,558.7464599609375,564.7082821071468,557.128914377924,561.9815511269644,522833
2013-01-07,553.4778442382812,563.460399487629,552.2762502906254,563.460399487629,687589
2013-01-08,552.6922607421875,559.2086477510595,550.0579382216539,550.0579382216539,633775
2013-01-09,547.4699096679688,556.4357460958057,545.575081616361,553.4317325163848,546608
2013-01-10,540.7685546875,552.6459940110767,537.2099771699728,552.6459940110767,1225001
2013-01-11,543.2178955078125,546.4991901443959,540.2600873393648,544.742975677521,612721
2013-01-14,535.2689208984375,545.0666594632094,532.4035769912523,543.4953181785701,1300998
2013-01-15,539.0123291015625,542.6633147688083,527.5970470558934,533.7899460244727,1026273
2013-01-16,536.0084228515625,546.1758524137955,534.2984122122423,541.184546244312,840202
2013-01-17,542.1549682617188,543.9111829021427,534.390784519722,534.390784519722,870551
2013-01-18,543.8186645507812,548.7637650714083,538.9198247389204,543.7724602575133,596941
2013-01-21,549.6417846679688,550.8895824647384,541.5540600931928,541.5540600931928,556483
2013-01-22,540.8609008789062,550.0577552410166,538.3190442346954,550.0577552410166,312789
2013-01-23,540.814697265625,543.495223485069,536.9326336588484,542.6171161776302,681635
2013-01-24,545.574951171875,548.4865554342932,537.3948156391853,538.8736917123306,580505
2013-01-25,554.0786743164062,556.2045799988168,542.5709820678113,549.8268065360745,814402
2013-01-28,550.1502685546875,560.1328224236925,547.6546159835607,556.4355760710608,367089
2013-01-29,552.0451049804688,555.2801955914887,547.5159555588397,547.5159555588397,456066
2013-01-30,553.9397583007812,555.3262252695379,545.5747522057137,553.662476190127,687845
2013-01-31,558.5615234375,572.0565074885593,554.2635080787105,557.3599295656505,2318625
2013-02-01,563.73779296875,578.6191904771149,561.0572661655092,561.0572661655092,1313166
2013-02-04,551.8603515625,569.098789281659,549.9655236464849,564.7545125176509,671708
2013-02-05,549.9192504882812,554.032448786196,543.5876815712303,551.8602824683942,478821
2013-02-06,553.9397583007812,555.5110988151358,548.4400947082831,551.8138535651183,353395
2013-02-07,549.96533203125,558.4228046614583,545.7135217783832,553.6625779608719,339429
2013-02-08,552.22998046875,555.2339931892343,547.1000623368698,549.5032499470559,450772
2013-02-11,549.410888671875,551.906485091429,545.8060505306178,551.906485091429,214695
2013-02-12,559.2085571289062,561.288258374427,543.4952588294163,549.0411288174716,395035
2013-02-13,549.2722778320312,560.4564278560949,547.1925763173117,555.7886646283829,753897
2013-02-14,545.5287475585938,552.1838027271297,539.9828776540649,545.9446990845346,569771
2013-02-15,542.8019409179688,545.1589240143342,533.5126214114122,541.3692693429622,713480
2013-02-18,547.700927734375,548.5790351985031,537.5797025752427,540.7223851577494,274516
2013-02-19,553.246826171875,554.8643718498404,545.4363800437386,549.9655305082483,462595
2013-02-20,550.65869140625,557.267542581022,545.34389916859,557.267542581022,453225
2013-02-21,548.9486694335938,553.477762322212,545.8059874982247,547.654610656559,416881
2013-02-22,555.1416015625,556.4356605485848,540.7223611643224,547.1925432637245,525405
2013-02-25,564.3385620117188,566.1409813169739,554.5870837390764,556.9440675618645,835769
2013-02-26,552.5535888671875,564.7545160452117,549.965527081671,564.7545160452117,676271
2013-02-27,552.5535888671875,556.2508361080727,541.1845648845687,553.6627743225562,908078
2013-02-28,540.6761474609375,557.3599625869473,536.5629490575836,555.0953876084258,854183
2013-03-01,550.057861328125,552.7383877815632,524.6855507003244,538.8737125027616,864125
2013-03-04,548.2554931640625,554.771879196505,539.7980187627918,545.7136360551624,662147
2013-03-05,551.6754150390625,554.0324550041637,543.0331232187214,548.2555068848156,918082
2013-03-06,552.64599609375,556.0659043014523,547.0538650944051,553.6627164124437,552390
2013-03-07,551.3056640625,553.0156179530712,544.650609271961,549.0410893636738,408102
2013-03-08,558.4691772460938,560.0867228277476,548.3017478756983,551.9989949194785,625114
2013-03-11,555.4190063476562,562.5824230963769,554.0325385898393,559.4397402791183,618318
2013-03-12,554.5870361328125,558.5153609720866,551.3057407854621,556.5280681930731,348085
2013-03-13,554.9105224609375,557.3599711024676,550.9821976231506,552.7384124697772,629021
2013-03-14,554.679443359375,557.2675613206313,549.9654761301776,554.9105212905222,621782
2013-03-15,563.5989990234375,568.0356834276063,552.830746299593,555.6036811041363,886104
2013-03-18,567.666015625,573.6740412781502,558.2842299234941,562.4436322987519,877389
2013-03-19,572.7035522460938,575.8000305363656,564.8931628930883,569.3760524279797,2405094
2013-03-20,578.6652221679688,583.2405755253162,573.5353044587301,574.1361295195278,1472272
2013-03-21,577.4637451171875,584.1188007617841,573.0270601592931,580.606427520764,1053906
2013-03-22,580.005615234375,585.6438942664648,572.3338390968473,578.6191476282371,726480
2013-03-25,582.870849609375,590.9123714981325,579.0349904686205,581.6230515643526,739467
2013-03-26,573.7665405273438,583.2407363234054,568.9139036561902,583.2407363234054,664778
2013-03-28,580.9761962890625,588.9715162787032,572.1490294919589,576.7705886962558,922475
2013-04-01,583.3330688476562,591.3745916111895,576.9091479123604,581.3920369185823,327668
2013-04-02,588.5555419921875,596.1811143854903,583.3794184490002,584.3037302542491,387302
2013-04-03,586.4295043945312,593.8702014722898,584.1187254004757,591.467013884673,475188
2013-04-04,581.5307006835938,592.0678197080692,578.619096402268,584.3960442497347,1079640
2013-04-05,571.4095458984375,586.429612118915,567.8509117445857,582.270209165552,409353
2013-04-08,572.5648803710938,576.7704872240006,567.0190103016322,572.1489288327826,479466
2013-04-09,564.1536865234375,577.6486726996228,559.6707968440718,572.3338798311613,523408
2013-04-10,576.955322265625,578.9425583916709,565.4476313578327,566.8340987824944,896625
2013-04-11,597.1053466796875,599.8782817261875,576.7704896720201,578.5729087353468,1520252
2013-04-12,609.8607788085938,612.6799178889058,593.0382965044735,599.8782248704298,1199496
2013-04-15,607.6887817382812,619.2888831165408,604.0839432852782,608.1971419263937,1361637
2013-04-16,607.9197387695312,610.9699557070561,599.2311873324586,608.1970209610331,411034
2013-04-17,621.4609375,628.5319444411663,605.4241523661234,610.9700224641338,895638
2013-04-18,620.9987182617188,633.9853412145154,617.8098884133118,626.0824319992398,707277
2013-04-22,631.6746215820312,634.0778093720488,620.3055428413509,622.0617575909458,845672
2013-04-23,628.6243896484375,633.1535397250842,623.9566266605739,633.1535397250842,387500
2013-04-25,639.0228881835938,646.093895442408,627.1917093927863,630.3805961254968,1064826
2013-04-26,633.33837890625,640.0858429349537,627.8849173894096,639.5312784892278,353904
2013-04-29,634.6324462890625,645.1696231590112,632.3679275579499,639.6237524728306,510632
2013-04-30,649.4213256835938,651.4548225433379,630.7040152622184,635.0482911863298,588630
2013-05-02,644.3839111328125,654.3664660069502,641.6571803900946,647.1105854600224,613966
2013-05-03,652.1943359375,658.9880610212202,645.1695893361475,645.215793639674,521803
2013-05-06,645.6316528320312,657.1855478361836,642.5814358340357,648.866743433194,291779
2013-05-07,660.51318359375,665.4582855272398,646.4174287743555,646.4174287743555,810892
2013-05-08,675.4868774414062,682.8813699288119,665.5043238665087,665.5505281614548,3109642
2013-05-09,670.8192138671875,682.5579836981547,663.2860509730231,680.108535135743,871371
2013-05-10,686.2091064453125,690.460918181159,666.4288112565135,671.0503702804838,1237764
2013-05-13,695.7755737304688,713.4299031513171,691.9396579314787,709.8713259714381,1058773
2013-05-14,694.3890991210938,708.8545984277213,693.2337096050852,696.2377223467073,1195423
2013-05-15,722.811767578125,725.3998291201108,697.9015553535517,697.9015553535517,1593268
2013-05-16,745.8270874023438,749.6167425729468,706.7286597658263,721.1941595469073,1775866
2013-05-17,742.7767333984375,746.7513181657897,731.5001777060877,744.9026950797652,1729683
2013-05-20,710.1948852539062,747.5833054929834,704.3255284166383,747.5833054929834,3615344
2013-05-21,710.2872924804688,726.416541914255,705.5732692576128,706.4051723015007,936235
2013-05-22,710.240966796875,719.9924416689472,700.6281047980907,715.4170885405307,1238096
2013-05-23,691.2003173828125,709.87142607037,686.8560408620398,709.87142607037,692504
2013-05-24,711.3965454101562,717.2659023282099,690.6919400963335,691.2003002646237,1161692
2013-05-27,701.6912841796875,714.2619013525901,690.7381561459376,711.720044052403,1353058
2013-05-28,697.3470458984375,712.6443948418357,693.8808766628255,704.3255886763668,1133668
2013-05-29,705.1112060546875,715.8794606631466,691.2003253003719,691.2003253003719,974942
2013-05-30,707.514404296875,713.1064788165471,699.8426284455927,704.3255176386376,983487
2013-05-31,681.8648071289062,709.1782087741532,674.7475951842708,709.1320044685446,4605740
2013-06-03,696.2377319335938,703.8170985460746,686.3013819591017,688.5659567247612,835591
2013-06-04,711.1192016601562,715.3248651330208,696.0991361585271,702.4769096146539,1428986
2013-06-05,708.0689697265625,715.2323854341859,699.7039600865687,714.4929473539202,866228
2013-06-06,696.2840576171875,708.0690328972602,692.2633239113685,708.0228285910295,799872
2013-06-07,704.3256225585938,714.4930528055027,690.4609449491726,690.4609449491726,857998
2013-06-10,703.6785278320312,711.720051384018,699.6115899591442,707.1909012180967,562121
2013-06-11,699.24169921875,707.7453769034529,694.1579856090962,698.040105466841,551951
2013-06-12,712.6905517578125,717.2659061276828,697.4394081352523,697.9477683062354,668182
2013-06-13,703.5399169921875,721.7950742081281,699.0107668129137,709.917634271487,753197
2013-06-14,724.1519775390625,727.5719419463543,701.4601376873321,702.4768579418349,1436131
2013-06-17,729.2356567382812,738.1552299345998,722.8578840565582,722.8578840565582,798983
2013-06-18,730.52978515625,738.432695925438,723.7823205155544,728.3576750620546,645194
2013-06-19,735.0588989257812,743.9322689149841,727.4333271984783,728.3576389229999,988103
2013-06-20,721.055419921875,730.2061268626834,710.980457843576,730.2061268626834,1023383
2013-06-21,727.8493041992188,733.7186612888869,716.3416115435775,720.9631703277296,709797
2013-06-24,736.4454345703125,739.44944795262,719.1145881339229,719.1145881339229,1294727
2013-06-25,715.3248901367188,738.8948399016084,711.6276431147753,738.5250926332092,728688
2013-06-26,702.52294921875,725.3996590041861,698.8719074850455,717.2657290302416,903162
2013-06-27,713.5223999023438,720.9168932101408,697.0234028600174,710.7956692119922,1475132
2013-06-28,722.3033447265625,727.4332630622613,716.8036791674506,717.7279908104776,908418
2013-07-01,718.328857421875,727.9878695168265,714.5391456173381,722.3033864332845,510105
2013-07-02,740.55859375,751.0957139697421,717.7280819839564,717.7280819839564,1390857
2013-07-03,767.5946655273438,770.6910871681582,737.0461750068786,741.6677335248162,1636869
2013-07-04,786.2656860351562,789.3621073326135,767.4559111036313,767.4559111036313,1475216
2013-07-05,771.8002319335938,789.916717805593,769.9516086235732,785.7573153580466,1291274
2013-07-08,765.3763427734375,782.4761103599915,761.7715607531474,773.3254577710892,1247631
2013-07-09,772.2623901367188,782.4298183731088,766.9013938042689,769.0735036340224,1175253
2013-07-10,795.6937255859375,800.4077492308829,774.0186607756524,774.1572736850413,1283512
2013-07-11,802.6260375976562,808.7727329341593,797.8658662188346,802.302551070686,798874
2013-07-12,803.4118041992188,809.8357823032684,792.1813935935164,808.7728011983452,580640
2013-07-15,809.0499877929688,825.1330333043602,803.0881662801854,803.2268355959156,802677
2013-07-16,808.264404296875,818.7091155720159,803.2268940808149,803.2268940808149,593860
2013-07-17,808.7263793945312,814.9654821829788,805.0291332976735,811.268236086121,689569
2013-07-18,823.0071411132812,836.5020690533532,810.2053905165856,814.7807446083215,1551165
2013-07-19,831.1410522460938,839.2287792350019,823.7003546993996,823.9314326133683,1014527
2013-07-22,822.9608764648438,837.4263767306434,820.1417371419535,832.1115846045935,519599
2013-07-23,814.5496826171875,834.7458706214072,809.327298965268,830.9562152316046,695102
2013-07-24,804.289794921875,827.7210723949952,798.4203821672584,816.6293327314107,686761
2013-07-25,799.298583984375,812.7473086330132,791.8116813927036,808.772779400206,1473595
2013-07-26,790.1477661132812,810.5288824750028,778.8712094770823,810.5288824750028,903163
2013-07-29,794.837646484375,805.0528747375972,778.2146614727478,793.8625111701637,662964
2013-07-30,780.0718994140625,804.4955677857622,773.014128710702,796.8805688600987,727208
2013-07-31,808.9996337890625,814.2465122558698,780.0719432222778,781.0006002975425,977389
2013-08-01,811.5069580078125,825.576135291655,797.2520946545397,816.9396358761559,1319250
2013-08-02,827.3870239257812,830.6837451724888,807.0029899998801,818.7969460690507,910884
2013-08-05,831.5658569335938,839.0415338626341,820.0040668519158,833.7945995508064,917608
2013-08-06,824.2296142578125,832.587528325015,816.8003573091879,830.2194640087874,736072
2013-08-07,769.2067260742188,830.5445210956168,761.4988828643004,830.1266707118042,2674199
2013-08-08,744.1793823242188,766.5136320616008,726.0241464304638,732.7104892272393,4774315
2013-08-12,761.545166015625,768.8351575171539,747.5688894191512,748.4975464246409,1150229
2013-08-13,778.95751953125,787.5011756980823,757.9698929455499,766.8849779226709,755514
2013-08-14,786.9440307617188,797.7164301968581,775.428660319414,780.1183672283136,1021857
2013-08-16,759.2236328125,787.501254037126,750.3549684693371,783.5080396747355,1152273
2013-08-19,737.1680297851562,769.0674366992614,712.6979367059428,765.58497240825,1734728
2013-08-20,721.7986450195312,732.6639431317823,706.1043192261992,728.9957366874648,1474865
2013-08-21,713.20849609375,738.9787249565125,707.9151404506605,733.6389478047689,1087227
2013-08-22,721.6593627929688,734.6141398313924,700.2074078507346,705.7793500882736,1746941
2013-08-23,732.8497314453125,742.9256377347995,714.9730832873189,725.281153838598,1232937
2013-08-26,718.7806396484375,744.9687828167368,712.419360794127,741.9042255342276,860378
2013-08-27,702.947021484375,724.3061353405204,699.2788145077166,713.9051642135553,855928
2013-08-28,714.4158935546875,717.89835766926,689.5743162040703,700.578936814558,1422374
2013-08-29,751.144287109375,755.7411511789321,715.2517235124964,719.7092663420815,1338959
2013-08-30,739.396728515625,771.7139813817479,728.9957585856463,756.855469104843,3381746
2013-09-02,761.3595581054688,768.8817151904483,741.48632867713,744.7830502942805,1321343
2013-09-03,780.4434204101562,785.6438773039428,758.8056654424266,766.1420789311499,2171235
2013-09-04,815.4074096679688,818.1469596317135,775.8930587653764,781.0006731558127,1707483
2013-09-05,793.63037109375,832.0767994551544,789.4049924326636,819.9114135639853,1091745
2013-09-06,779.421875,804.8206801168541,776.4501610113155,802.8240447248877,1118687
2013-09-10,775.0571899414062,791.2158460901884,767.256504340505,785.6439035120885,1396368
2013-09-11,797.7628173828125,799.9916169469323,777.5181052848467,781.836383185056,944786
2013-09-12,804.44921875,813.13214002612,797.5771334875197,807.9316829004329,814251
2013-09-13,799.8988647460938,817.2183443759009,795.0698926011901,805.6565507812534,766561
2013-09-16,776.5895385742188,815.7324599620919,775.4287171413724,810.9962745076383,1218752
2013-09-17,779.9791259765625,787.5012258626275,775.4286834850166,781.9292832268071,892526
2013-09-18,776.7752075195312,786.6653711790397,773.2927435519448,786.6653711790397,780287
2013-09-19,789.265625,793.0730961146769,778.3539050007641,784.5294401833852,1005261
2013-09-20,806.44580078125,811.5534145302128,792.1908811279808,796.7877448381929,1141032
2013-09-23,792.8873291015625,816.2894966558267,786.7582156214878,807.9315837207841,674989
2013-09-24,793.351806640625,807.0030783352627,791.6802350757324,796.6950064511454,748805
2013-09-25,797.4378662109375,801.8954089721465,784.9009953121257,793.0731664877975,541064
2013-09-26,795.441162109375,810.3460959997788,791.6336909854755,797.7163831529997,1056398
2013-09-27,792.6088256835938,803.0562179377712,788.4298687819228,801.4310680315658,709669
2013-09-30,794.7911376953125,807.8388149884444,789.590680729749,794.0018018511443,653184
2013-10-01,790.7979125976562,802.3597043964594,785.6438772215332,798.6450761353647,579247
2013-10-03,799.759521484375,805.1457214334814,789.2192291849667,789.8228789840553,774253
2013-10-04,816.1502075195312,823.5330422385349,795.3019025565445,800.5487807635989,961941
2013-10-07,831.3803100585938,834.3984457834644,817.2182885803546,817.2182885803546,874645
2013-10-08,826.6905517578125,834.8627228028287,821.8615235600705,834.8627228028287,570058
2013-10-09,849.2568969726562,853.4358538194326,823.393820048788,825.5761415075904,1127539
2013-10-10,870.6624145507812,873.819871224476,851.5785233196225,851.5785233196225,1192520
2013-10-11,855.9896850585938,878.184612502137,852.2286351259716,874.7949914024359,656989
2013-10-14,842.942138671875,867.1800685427803,837.8809456744082,860.8652110170977,922900
2013-10-15,835.7450561523438,859.5186577339459,833.6091559344301,850.6499928347529,905093
2013-10-17,832.2625122070312,849.7212545155766,829.1050553649538,840.5275264665579,651712
2013-10-18,839.9702758789062,848.2353460418792,834.3054907205043,838.0665403211302,690362
2013-10-21,847.9102172851562,853.8072229290369,838.5772262691358,844.8920821961477,631947
2013-10-22,851.1141967773438,859.0077817992831,845.1707689120625,848.7925541238321,579494
2013-10-23,845.0779418945312,858.7756338098548,840.6203992514534,858.079141000601,360349
2013-10-24,841.0382690429688,851.4856607193008,838.4379839922775,846.0529830391716,526762
2013-10-25,826.0403442382812,839.5058698048412,819.4469026676335,836.3019920407913,623772
2013-10-28,813.9214477539062,832.5410094683357,809.8817557519546,826.5047389033115,547382
2013-10-29,825.9476928710938,830.7302431908787,805.6100785894524,806.4458926977468,739114
2013-10-30,837.7413940429688,845.9136203731282,831.1479525109801,831.1479525109801,1452805
2013-10-31,824.5546875,843.0813518787076,821.861559153644,836.8593944590799,983638
2013-11-01,819.2149658203125,832.9590809463208,818.1469873756205,818.1469873756205,482420
2013-11-05,811.9712524414062,824.415279329999,806.0743029664197,820.0041584324292,400982
2013-11-06,811.7391357421875,820.932863560691,806.0743501930766,812.5749497914079,629697
2013-11-07,813.9214477539062,824.6474248833041,810.4854054807473,815.3608547832669,419460
2013-11-08,821.0722045898438,829.9408686337943,814.4322835963268,815.3609407041903,623749
2013-11-11,821.0255737304688,827.4333292555782,818.2860811162309,825.2974296407821,481072
2013-11-12,811.1820068359375,826.5048495523577,808.3960354329521,821.8615638807152,591526
2013-11-13,812.2962646484375,822.3257486087061,806.1206731130787,812.5748504038598,424595
2013-11-14,805.1920776367188,817.171776161325,802.6382707689771,810.7175983776143,334217
2013-11-18,802.2669067382812,811.6463209557517,797.2057141101338,808.0710137245209,522271
2013-11-19,806.0279541015625,813.4572110197298,796.7878044734455,796.7878044734455,347908
2013-11-20,797.1128540039062,812.5750184559623,794.9305323409186,807.931732636214,358765
2013-11-21,785.5509643554688,796.6948481481135,780.4433509505066,796.6948481481135,554605
2013-11-22,790.1478271484375,795.8590906697591,784.8545273158699,785.9224489133493,606827
2013-11-25,789.9155883789062,797.437743771674,784.9008747977837,792.655137750086,424859
2013-11-26,803.5205078125,807.0029717296301,787.547595309784,788.4298308382693,469263
2013-11-27,794.4197998046875,809.1389935064959,791.2159211820635,807.9317505028114,310575
2013-11-28,793.63037109375,800.966785189811,790.7515566250714,794.0018566229431,468642
2013-11-29,794.7911376953125,806.0743438675944,791.2158306165788,791.2158306165788,435992
2013-12-02,814.060791015625,816.2895907274464,793.3053275073049,793.3053275073049,589448
2013-12-03,808.3031616210938,824.6475038907807,805.4242906058291,814.9894473891368,660005
2013-12-04,804.4027709960938,813.6893417610435,802.3597140916588,809.7889707036187,314951
2013-12-05,793.11962890625,814.4323218694246,791.8195429025843,811.6463504149111,465295
2013-12-06,796.6483764648438,804.402696342364,794.0945697414921,795.0232267318019,313447
2013-12-09,792.0515747070312,807.9315866692754,790.8907534618168,807.0029296731037,418169
2013-12-10,810.067626953125,812.1106840352726,792.9803692677418,792.9803692677418,572411
2013-12-11,813.0392456054688,820.2363377281899,806.0278962285117,811.9248458116115,661771
2013-12-12,815.639404296875,818.9826033927266,806.6314203640774,809.7888767300389,532592
2013-12-13,807.6530151367188,820.8863775653242,805.1456298667325,814.1536142244548,587606
2013-12-16,812.528564453125,816.6611000036502,801.8025859744238,809.1389432679146,598762
2013-12-17,818.100341796875,824.6473618810703,812.0176501822074,816.7537778991007,491757
2013-12-18,828.0835571289062,834.8627427023563,818.1469147060911,826.5048287042237,990921
2013-12-19,844.7530517578125,853.9003025824583,823.8117863770782,832.5411868027992,1162970
2013-12-20,854.828857421875,859.0078143565827,841.0847437283159,842.3384081364358,628570
2013-12-23,845.9601440429688,858.1255286251476,843.2205944319617,848.9318579145573,464652
2013-12-24,853.3895263671875,863.4654340916359,843.8243687552747,843.8243687552747,499342
2013-12-26,842.2919311523438,862.2580574144996,837.9272317495875,855.2467081330043,853428
2013-12-27,841.4561157226562,848.606786219646,836.5806662948078,844.0564007620904,331279
2013-12-30,841.31689453125,849.7212297847786,836.5342878880382,845.8672802232987,417163
2013-12-31,843.3598022460938,848.5138368017458,838.71651765889,843.2204810361895,217813
2014-01-01,851.1141967773438,859.8435958268387,846.0065829396183,851.1141967773438,520076
2014-01-02,841.3633422851562,856.0825348173003,836.8128997704823,852.9715561687814,278407
2014-01-03,866.3441772460938,873.6341123542769,832.1695527522824,840.4346230992512,745502
2014-01-06,871.0803833007812,883.1065044063789,867.5050760416159,868.8515835283582,718304
2014-01-07,866.3441772460938,881.9456042172051,860.8650780254209,875.7235906989988,476144
2014-01-08,871.4053344726562,879.9025692916696,864.951213213992,869.4087557908805,346294
2014-01-09,867.3656616210938,877.5808888992865,864.1153620325779,872.9376037728352,676550
2014-01-10,869.9195556640625,881.8527769632489,866.9478415490263,869.1766413054866,488575
2014-01-13,854.318115234375,879.949028664687,828.0835520134119,869.9195432650315,914950
2014-01-14,867.6907348632812,872.0090130314161,849.9998285229115,860.3079562956192,251163
2014-01-15,859.239990234375,870.0123900281387,857.1505117388036,868.6658825644671,269325
2014-01-16,850.6498413085938,868.0157391430696,847.2137989540621,868.0157391430696,310138
2014-01-17,844.4743041992188,858.4970603011964,840.5739897561964,850.649896535222,251215
2014-01-20,844.938720703125,851.9965493476644,837.4166201448422,846.3317064865653,257266
2014-01-21,842.7562866210938,850.5570286406219,840.7596512587355,845.3100935502486,321629
2014-01-22,860.8186645507812,865.5083713210425,838.0201452904338,845.1243377204153,562966
2014-01-23,856.1289672851562,870.7553159972211,849.9533751566596,860.9579386582074,317591
2014-01-24,848.5604248046875,861.608045718616,843.3134895193756,854.3645316774965,252879
2014-01-27,832.4483032226562,852.4144322184536,828.3621890349432,843.2207036364669,445043
2014-01-28,813.7357788085938,836.766463409056,809.5568218846124,835.7913847962732,527276
2014-01-29,804.44921875,825.1118393759019,800.5024260461761,816.5681826573601,697874
2014-01-30,807.7923583984375,820.8400360405955,794.3733086042376,808.8603367392146,1528982
2014-01-31,818.9827880859375,827.8050312783965,803.7992092146849,811.6463737062298,498201
2014-02-03,856.0360717773438,859.0077857235602,819.0755319007353,819.0755319007353,2556001
2014-02-04,846.9816284179688,865.6476686311717,841.8740147798484,859.0077482293246,1509197
2014-02-05,850.13916015625,857.1505099797429,843.4992391672129,849.721253121847,437272
2014-02-06,844.1028442382812,856.871878786281,838.252316108798,850.6498651612917,367874
2014-02-07,853.7144165039062,857.6612089746125,846.1458955391065,847.8174668964365,457267
2014-02-10,858.5897827148438,864.4867884308366,852.3213482225566,857.2432187840598,330829
2014-02-11,848.0497436523438,860.1687084514642,845.2637721269949,860.1222869288556,244057
2014-02-12,845.0779418945312,855.2003267279775,842.9884634667701,849.9998130771116,193919
2014-02-13,833.0121459960938,846.4756389132664,828.3535018633845,842.748723607099,832679
2014-02-14,839.8135986328125,845.0778882695349,831.7076048462897,834.7822980275436,293287
2014-02-17,851.879638671875,855.000964302868,837.8571314704493,838.5559280771803,286071
2014-02-18,859.7526245117188,867.4393859879817,852.9510166396966,857.1903706862978,378643
2014-02-19,877.8282470703125,879.9712117789751,857.2835830475677,857.8426544073549,459407
2014-02-20,873.4491577148438,883.6515992473599,871.3527679561711,879.551969860893,392575
2014-02-21,871.9116821289062,885.8410371848117,869.53578538283,878.6201399582199,472259
2014-02-24,890.9190063476562,892.9688208889853,867.7189386570005,873.029803692378,551076
2014-02-25,888.4498901367188,902.2860954468084,886.2603504399248,894.2731945092631,462199
2014-02-26,894.5994262695312,901.0748959074713,883.278898650304,893.1552011410919,651964
2014-02-28,927.4893188476562,933.9648444982016,886.0739679620157,886.5398322984836,1048807
2014-03-03,915.6563720703125,933.5921493914558,909.8796428062252,929.865234623426,382069
2014-03-04,921.4332275390625,935.1762276284907,913.0942432298006,915.0974829392741,572393
2014-03-05,921.3399658203125,931.4026819692068,915.8893752965037,926.6974062149767,346674
2014-03-06,915.7029418945312,926.091739498285,908.1093872190206,922.4113998122616,423931
2014-03-07,900.3295288085938,925.486206429333,887.3785325988446,920.5480551589046,682576
2014-03-10,892.8290405273438,912.8612078859014,888.8691934913498,907.5037677783802,520690
2014-03-11,897.5807495117188,906.2924462896409,888.0771630168252,895.2980598715585,371977
2014-03-12,895.4378662109375,908.3423429774542,893.6209838510936,897.2547485707815,272280
2014-03-13,883.9309692382812,903.7767778314551,881.4152905449037,899.118134646757,423351
2014-03-14,880.0643920898438,893.0620197128276,877.874852243153,883.9776642697393,259043
2014-03-18,866.5542602539062,886.4000700572627,863.7124991115925,883.2788016804635,483624
2014-03-19,880.157470703125,884.8161138405613,868.3710808181302,871.0731165851242,389030
2014-03-20,876.5703125,893.2948533310514,873.2626871285819,880.4835842480768,442705
2014-03-21,880.157470703125,887.3783675661513,875.8249098380282,880.2040457608589,402387
2014-03-24,888.4033203125,893.85391049005,882.9060982051293,887.0988773780776,312312
2014-03-25,897.9535522460938,900.9816705805164,887.7511114072437,891.3848761558339,458888
2014-03-26,872.796875,903.7768548171871,865.6691275729731,901.9133973845743,742483
2014-03-27,870.1880493164062,881.4153690174585,859.9856084599517,877.6884541378921,1469119
2014-03-28,882.5799560546875,889.8008530295344,866.787144200575,874.8931947588826,457335
2014-03-31,869.442626953125,890.9189613191236,857.1903722545953,890.9189613191236,491008
2014-04-01,880.5767822265625,884.3969040634883,869.4892446839713,875.638631430739,352819
2014-04-02,893.3414916992188,903.497357566542,878.6201891924358,884.9093580970475,584853
2014-04-03,911.5568237304688,916.5416067946735,888.8692508200303,899.1182673389195,526534
2014-04-04,910.39208984375,924.9270916818167,904.2892782335911,913.9327043976193,587034
2014-04-07,895.1583862304688,919.4299085141818,892.5961321975426,911.23070698246,415541
2014-04-09,906.9447631835938,915.8893361915895,895.1583720712813,901.8202551987985,473382
2014-04-10,888.869140625,917.7527290520178,885.1422259892557,917.7527290520178,506174
2014-04-11,883.5117797851562,898.6057967823358,880.763168622043,888.86922005277,441236
2014-04-15,877.9213256835938,889.8008660417427,874.6137003300637,885.1422227640372,427727
2014-04-16,887.657958984375,891.6643810889807,875.9181430434701,880.5302115606753,496943
2014-04-17,890.4066772460938,898.0002330735408,882.0676928616579,882.0676928616579,469473
2014-04-21,891.5712280273438,898.1864791409537,885.2354272857253,894.2732071735445,262571
2014-04-22,915.5166625976562,917.7528343830312,889.8009714068983,894.4596152362537,601636
2014-04-23,919.3367919921875,933.3127235917398,909.413857809221,914.957655384019,1468425
2014-04-24,919.3367919921875,919.3367919921875,919.3367919921875,919.3367919921875,0
2014-04-25,924.5543823242188,927.8154327907536,911.2306732203035,922.4114176769943,339271
2014-04-28,931.1232299804688,944.7730807684438,922.6445199516287,922.6445199516287,749021
2014-04-29,923.5296020507812,939.0894844537905,914.1657389426792,937.3191769786132,305959
2014-04-30,922.0387573242188,941.0460467585065,915.2371487559429,929.119930014813,321901
2014-05-02,941.1392211914062,950.270208761611,920.6411879603883,926.1384105287187,598129
2014-05-05,929.7721557617188,950.3633386859636,925.4395942645426,942.1175618770021,362209
2014-05-06,933.9182739257812,940.1142927551477,923.3431755404871,932.2877486410225,482621
2014-05-07,922.4114990234375,953.1585489908855,918.2187194824219,939.1826171875,1665717
2014-05-08,912.44189453125,930.7969610936243,898.7454714177926,927.0700463344907,909150
2014-05-09,900.0499267578125,919.6162295134171,898.2330444140078,913.0941285948822,578999
2014-05-12,893.574462890625,910.4387876994023,886.3069898794475,908.249190975357,557974
2014-05-13,899.2113037109375,903.6836467570492,889.8008670268358,901.9133395622797,509209
2014-05-14,899.956787109375,916.3086146575212,898.885276341576,900.0499372334411,476141
2014-05-15,888.2636108398438,907.2243256588335,874.6138183157282,901.2146636462475,612557
2014-05-16,893.2015991210938,914.8642879550699,880.4834816390287,886.260210035062,877158
2014-05-19,851.879638671875,901.0749084120936,843.2145721220535,894.4596566156589,1005532
2014-05-20,866.3213500976562,882.9061098943622,852.531776453256,852.531776453256,549852
2014-05-21,865.2965087890625,874.8933036212768,861.849101011375,870.2346598320262,438104
2014-05-22,864.1782836914062,873.9614340728184,853.696336854179,865.5758766030366,380200
2014-05-23,860.777587890625,868.3711999940805,857.842676432172,864.0386385343796,456261
2014-05-26,847.3141479492188,861.8956687649656,840.9783469550102,860.9173649511631,721571
2014-05-27,856.6780395507812,865.9953273660745,843.2145472840401,843.2145472840401,647189
2014-05-28,866.2282104492188,871.1663613377052,858.1221591358573,858.9607377389738,611134
2014-05-29,858.029052734375,875.6852675484771,852.6249803379434,870.1415268247563,726439
2014-05-30,872.0515747070312,874.9399112164732,853.9760133853911,855.7928959043941,428295
2014-06-02,859.0072631835938,877.6418366812878,856.2586522190428,873.4956327044098,327804
2014-06-03,853.18408203125,866.5077926303098,851.3206244126901,866.5077926303098,305188
2014-06-04,861.52294921875,863.9919961070185,850.7148623783445,854.5349840983952,266076
2014-06-05,863.57275390625,870.2346370981285,857.3302168863016,861.8490784965404,366156
2014-06-06,882.9991455078125,887.1919239225047,864.1316426416977,865.1099462314866,636357
2014-06-09,892.223388671875,903.2644079904989,888.869188067958,889.8009167766247,632464
2014-06-10,909.5536499023438,914.4452260161274,894.4596322347401,897.8138331083356,801246
2014-06-11,913.4669189453125,925.0203217000031,904.1029992088111,916.1688982872315,677391
2014-06-12,921.1536254882812,926.0452012879983,901.9134045954444,916.8210641755344,445715
2014-06-13,916.2620239257812,926.6041897213919,908.109397822149,922.4114105823811,289493
2014-06-16,905.5005493164062,922.4114486217553,901.6804842461654,917.7528049418474,472113
2014-06-17,909.693359375,916.821107193453,905.7335121132397,905.7335121132397,305720
2014-06-18,930.9368286132812,937.3191479769731,907.5038271665724,912.1624710431975,696408
2014-06-19,942.25732421875,949.4316473535529,929.8653425503884,938.2509017517447,756707
2014-06-20,931.21630859375,946.2171186897737,923.3431892992417,943.8412217559352,331860
2014-06-23,942.0243530273438,947.7079325939415,932.2877760951335,935.4556766318084,399255
2014-06-24,940.3007202148438,946.6830397739024,935.4557190612029,944.7730070996611,342175
2014-06-25,953.9039306640625,962.0099825687932,936.3874406601813,936.8533050585197,704156
2014-06-26,958.3760986328125,966.6218747132707,945.9375434874015,959.6805415336356,692943
2014-06-27,976.7778930664062,981.8558834155605,958.7489630107208,958.7489630107208,540528
2014-06-30,976.498291015625,986.607524471676,970.4885727727183,978.3151164516134,377580
2014-07-01,977.8958740234375,990.334429057929,967.1343623581255,979.2468351044218,347061
2014-07-02,1000.8629760742188,1005.5216198163934,974.1224064887045,979.4798467922053,457145
2014-07-03,1008.1768798828125,1017.354382960334,997.4620020162953,1001.6081483918263,395486
2014-07-04,1014.14013671875,1028.6285646226324,1008.177163565148,1008.177163565148,486465
2014-07-07,1004.4967041015625,1020.4292423682069,999.5586101578084,1020.2429421199201,306694
2014-07-08,986.421142578125,1019.5907757372654,969.7898078047718,1001.6083660887341,357539
2014-07-09,967.5072021484375,995.9714485547963,951.3882485224731,986.4212284191435,415780
2014-07-10,968.4852905273438,982.8805662746361,944.7728421051643,958.1431253580892,490532
2014-07-11,981.3433227539062,997.8815083498064,955.021985115361,959.0284643035843,516788
2014-07-14,985.6760864257812,993.1764362882832,971.2808057972684,973.6567601323608,305994
2014-07-15,984.138427734375,989.8219499898662,975.0540730168269,987.6324103180474,481715
2014-07-16,991.7785034179688,999.2323325234225,978.7809344098962,980.3183094101772,456972
2014-07-17,1017.1216430664062,1020.2429114179826,987.6324074000562,987.6324074000562,441512
2014-07-18,1013.7210083007812,1020.1499602367403,1005.2422983499641,1017.4479237724753,264738
2014-07-21,1011.1047973632812,1021.8493045655654,1005.4055598313802,1016.523811833489,270451
2014-07-22,1025.2127685546875,1032.4068703567284,1009.9835537154962,1011.3850110055732,599752
2014-07-23,1019.467041015625,1037.5458220383475,1014.1881943472547,1031.5662465392445,402682
2014-07-24,1022.5035400390625,1034.275761670659,1006.5269453925448,1021.6626426258948,343726
2014-07-25,1055.67138671875,1060.062575199073,1023.905012373329,1023.905012373329,676670
2014-07-28,1045.160400390625,1064.1734859555033,1037.1720463374945,1055.6713325390003,334086
2014-07-30,1096.40673828125,1114.1117695168225,1039.507550271816,1054.2696124791692,2127298
2014-07-31,1104.1148681640625,1130.9761353184665,1081.1776361562042,1106.9645438651492,1779924
2014-08-01,1088.839111328125,1121.1660427505853,1081.0376870908337,1096.1733830476037,755393
2014-08-04,1100.2374267578125,1107.057898144003,1091.268122533469,1091.268122533469,280532
2014-08-05,1099.2098388671875,1111.7295487498886,1091.3150071918178,1105.7032130344392,297603
2014-08-06,1089.58642578125,1106.6374917245525,1087.5310004385822,1091.5017966171595,370998
2014-08-07,1085.3353271484375,1099.0695637764102,1074.9645654037547,1093.1367503772763,431903
2014-08-08,1084.2139892578125,1094.8184402691822,1034.5557790173905,1077.253463927377,482120
2014-08-11,1082.71923828125,1094.7250337435178,1079.1221871343143,1090.3338462214242,330990
2014-08-12,1088.184814453125,1094.0709806353946,1076.3659493274474,1079.2622715556731,543600
2014-08-13,1088.23193359375,1097.8085614704069,1080.8976609081535,1087.5312047247264,312261
2014-08-14,1105.656494140625,1113.5046784846693,1088.9324128237572,1092.9032088379151,525027
2014-08-18,1122.3804931640625,1126.3045280229244,1104.6753473332521,1106.7308864909942,401204
2014-08-19,1137.9833984375,1140.22575306726,1116.1206403864037,1121.6330622530531,394599
2014-08-20,1164.190673828125,1169.375997626275,1132.3775461561054,1137.9833755925217,625778
2014-08-21,1156.38916015625,1165.3585786777728,1149.241818720072,1154.006751027822,293502
2014-08-22,1168.3951416015625,1174.2811945613553,1150.2228412595953,1164.9849056049193,343719
2014-08-25,1180.3543701171875,1183.7646066719274,1163.86386166552,1168.4419796396285,294421
2014-08-26,1203.3848876953125,1207.1221078434346,1175.7294814093907,1183.5776665306287,397132
2014-08-27,1204.9263916015625,1222.0708644819363,1201.7964928551557,1206.0942727793931,484774
2014-08-28,1200.9556884765625,1214.5965188784003,1195.9104185879635,1209.4110804274421,588523
2014-09-01,1205.1131591796875,1213.662071872571,1196.0970940341972,1205.253327725648,450416
2014-09-02,1222.6314697265625,1235.898668826537,1199.6475901094127,1200.5818950861335,512749
2014-09-03,1226.36865234375,1233.282531771436,1210.9059738797296,1222.0708723916955,454741
2014-09-04,1238.6082763671875,1245.3353417942776,1222.5850344842254,1228.6112570065893,426180
2014-09-05,1240.990478515625,1243.980208563441,1228.6109386395985,1236.0853778100295,285747
2014-09-08,1250.5203857421875,1257.948178353181,1242.1116413869536,1247.3438402264815,418635
2014-09-09,1259.536376953125,1265.0487985160685,1242.4853130144852,1250.0999205424664,226047
2014-09-10,1255.0517578125,1270.6546032764968,1249.4459286803979,1265.0487741443947,249973
2014-09-11,1232.3948974609375,1263.0400290913353,1229.171477194727,1261.3115878736862,341216
2014-09-12,1269.7203369140625,1275.3261662161112,1220.9496676065933,1228.7043297105606,434514
2014-09-15,1322.8824462890625,1330.450293830022,1262.9935197772593,1269.7204700245786,800761
2014-09-16,1271.49560546875,1347.4078812355285,1261.3116588941662,1333.2531386977594,1175412
2014-09-17,1275.046142578125,1302.7950728753824,1252.4827653312839,1289.3410564328562,588363
2014-09-18,1287.0050048828125,1299.0575609510586,1270.6546690676043,1285.1363950753603,437574
2014-09-19,1308.821044921875,1319.1451600703333,1275.8401491585716,1289.3408098441907,615969
2014-09-22,1298.964111328125,1321.1070912110958,1285.6969136930677,1307.9800621172499,423206
2014-09-23,1267.9920654296875,1306.1584022267768,1262.2460668157191,1306.1584022267768,577525
2014-09-24,1277.4285888671875,1284.669453057146,1254.7716912405433,1265.516199393385,571982
2014-09-25,1272.2430419921875,1300.3657130501495,1262.1526166677043,1268.786159196475,884330
2014-09-26,1288.9202880859375,1298.5903203730886,1266.0298194980596,1266.0298194980596,355127
2014-09-29,1304.24267578125,1309.5682813097997,1284.1084767622203,1285.6967492237384,270522
2014-09-30,1303.962646484375,1312.6983744221307,1293.0779716727607,1306.1582401723406,275329
2014-10-01,1295.6942138671875,1309.895604183769,1289.2474865856318,1297.7496392376997,336948
2014-10-07,1278.176025390625,1301.3467214045847,1275.2329417739847,1290.4153983152419,290648
2014-10-08,1243.79345703125,1285.4167879178938,1233.3292872760217,1278.1291637323943,602530
2014-10-09,1250.3802490234375,1267.1977366280519,1239.8225584068525,1242.6254730076216,612969
2014-10-10,1240.8037109375,1251.9686092579122,1233.2825106122718,1244.5875774827052,460552
2014-10-13,1240.0565185546875,1276.2608433570942,1231.2273804490503,1247.2973835151688,824107
2014-10-14,1243.046142578125,1259.349834582699,1234.8709731642148,1245.5220738393775,626935
2014-10-15,1243.046142578125,1243.046142578125,1243.046142578125,1243.046142578125,0
2014-10-16,1232.2548828125,1256.640220413314,1221.7439516008646,1233.2825954985683,366995
2014-10-17,1258.6488037109375,1263.6473118570898,1221.323256456975,1231.4137944751528,441684
2014-10-20,1295.6942138671875,1300.8328913443706,1257.9482692246074,1269.7204893621554,503806
2014-10-21,1277.8956298828125,1307.2794757337113,1261.4051242596684,1296.7218979440536,501834
2014-10-22,1297.6561279296875,1298.7306013993,1272.1963188257155,1284.5290981658143,380637
2014-10-27,1301.7203369140625,1306.1582853083505,1289.4342043386441,1303.3553705330107,312500
2014-10-28,1268.3656005859375,1316.2487243692133,1233.2824076863246,1308.0267960309502,2807638
2014-10-29,1267.291259765625,1284.6693090635047,1258.2751941681997,1275.3262595430426,817502
2014-10-30,1256.9205322265625,1279.1102754488156,1253.3701276906418,1271.589074757334,691683
2014-10-31,1279.1102294921875,1284.6692982898833,1262.2459796288235,1262.2459796288235,556462
2014-11-03,1270.0472412109375,1287.331880475579,1266.9641037185847,1280.9319152337125,474333
2014-11-05,1290.5557861328125,1298.6841955493342,1269.720735073054,1274.392260956325,553093
2014-11-07,1326.1058349609375,1332.5993234157959,1286.865023303216,1297.048971043616,750476
2014-11-10,1336.9439697265625,1349.9775955938492,1316.996576674798,1333.1601021271,786465
2014-11-11,1336.429931640625,1347.0810317443375,1327.8810178448464,1344.4649320518795,396272
2014-11-12,1329.422607421875,1343.9043349230917,1324.6576747316553,1342.923269052648,320608
2014-11-13,1343.717529296875,1362.9175444378561,1331.3847477799109,1331.3847477799109,762149
2014-11-14,1349.0894775390625,1359.4135920197741,1337.2238512565648,1344.4647140319278,406294
2014-11-17,1351.42529296875,1360.34795048964,1335.1217178912743,1347.3610894158585,441497
2014-11-18,1352.5467529296875,1372.2138061577016,1344.1846541502514,1352.8737368929255,372850
2014-11-19,1354.134765625,1366.7946424685226,1346.3333426260679,1354.742086611935,260270
2014-11-20,1372.120361328125,1375.2970212798498,1355.676615405613,1356.5175127532618,409909
2014-11-21,1367.1217041015625,1382.304159383743,1356.750942072837,1378.0997871517545,348256
2014-11-24,1376.51171875,1396.786093347454,1362.9175342278252,1392.2547365237,734419
2014-11-25,1360.44140625,1377.6326400310654,1336.3364071235346,1373.428267782751,387006
2014-11-26,1345.773193359375,1370.625688139171,1342.129380376223,1365.4402488111173,469285
2014-11-27,1353.71435546875,1360.721642027477,1336.9902754050777,1349.1362387735376,713124
2014-11-28,1383.191650390625,1386.9756308746005,1354.7421116659957,1364.0851607119682,435077
2014-12-01,1364.87939453125,1399.1216945400222,1360.8619515851474,1383.1917491587892,494358
2014-12-02,1380.8094482421875,1383.5656025034293,1359.0400950823655,1365.1130778723432,281374
2014-12-03,1373.521728515625,1385.5742855698043,1368.756795927015,1382.7713706293393,354695
2014-12-04,1384.5465087890625,1394.9172707783744,1372.0267998245429,1378.099781914335,450303
2014-12-05,1377.3990478515625,1396.5522989832953,1374.128980585169,1392.0209428671862,173494
2014-12-08,1360.6285400390625,1381.6036435635847,1356.6109825557564,1378.1934071953244,164032
2014-12-09,1338.3919677734375,1370.5787307323378,1326.6197470974444,1361.375848912454,507221
2014-12-10,1337.1307373046875,1354.7423652426594,1328.581823017284,1328.581823017284,458687
2014-12-11,1342.6429443359375,1351.472080297892,1324.704221261972,1337.1305224426217,409155
2014-12-12,1354.6021728515625,1368.663509670816,1349.1365110429074,1364.0853920516931,456844
2014-12-15,1350.9117431640625,1362.8241329797565,1343.0635576517755,1356.610981363741,279748
2014-12-16,1331.6181640625,1351.939297245001,1324.8444530016664,1341.7087034010674,376895
2014-12-17,1301.06640625,1331.337795447615,1254.2109901070307,1323.7233013311597,853528
2014-12-18,1331.8985595703125,1335.8225950124104,1301.4868857158858,1308.0270208199856,332980
2014-12-19,1324.89111328125,1345.2122449209132,1320.3596432611178,1336.3829951572834,282663
2014-12-22,1346.5201416015625,1349.9771380731174,1319.0049086251333,1326.8063315291545,395409
2014-12-23,1343.34375,1366.5144451447932,1337.177245872295,1350.0707002563493,390376
2014-12-24,1309.0546875,1350.0706990209196,1302.7014820527952,1347.6415288778442,1224810
2014-12-26,1314.5203857421875,1322.9758916872454,1300.599332359931,1314.567146612962,229737
2014-12-29,1338.3919677734375,1342.5495795747788,1321.667884772579,1331.291272290371,292338
2014-12-30,1334.0008544921875,1346.2402283735728,1315.8285520424786,1339.8402613106837,251311
2014-12-31,1334.1409912109375,1346.5672953066423,1328.5819211976032,1345.3994138709904,271892
2015-01-01,1335.30859375,1341.4750976830246,1330.5436612979427,1334.5612182178347,119605
2015-01-02,1338.2049560546875,1347.734820429744,1334.2341602232652,1340.7275336684108,247162
2015-01-05,1336.3365478515625,1346.940887273307,1331.6182617667737,1339.9335994548535,211101
2015-01-06,1304.1494140625,1335.0748820718848,1295.22687109343,1331.384423500781,405597
2015-01-07,1287.0985107421875,1309.5218301420546,1275.6532747985054,1304.1495765358363,483850
2015-01-08,1315.45458984375,1320.0327068431932,1289.3408124865723,1294.0123371694947,340287
2015-01-09,1327.366943359375,1331.851652559026,1313.1655543119684,1318.3042313299093,317299
2015-01-12,1336.9903564453125,1340.7275761698277,1322.6954453786839,1329.188933080566,218007
2015-01-13,1338.90576171875,1355.676490044845,1327.6473413878186,1338.1115112660825,340354
2015-01-14,1329.8427734375,1343.5303621766673,1317.3698266127265,1336.990228285682,184846
2015-01-15,1342.7364501953125,1363.618144082803,1304.1029613523078,1343.5305866331419,433511
2015-01-16,1334.234375,1352.8737151652347,1332.3190040232214,1338.8591393865893,236647
2015-01-19,1367.3553466796875,1371.092566622782,1336.0561296562714,1336.9904346420449,390371
2015-01-20,1378.753662109375,1382.584403347844,1358.4792918879366,1376.7916446767983,370117
2015-01-21,1387.2559814453125,1390.6194563243646,1365.486631336323,1381.836967325639,388480
2015-01-22,1404.6807861328125,1419.910003030952,1385.574294781972,1396.7859546183736,800501
2015-01-23,1391.600341796875,1424.3010122185763,1373.428157711456,1424.3010122185763,617287
2015-01-27,1424.114013671875,1428.9257059394288,1378.6134180156484,1391.1797712694256,641940
2015-01-28,1415.93896484375,1432.7564517241112,1403.1390343384946,1421.9185385447215,643871
2015-01-29,1452.4239501953125,1460.2720213156738,1421.0779703827457,1434.8122088942866,1189408
2015-01-30,1481.1539306640625,1486.6195927258314,1443.5013892591373,1452.8444403223032,648933
2015-02-02,1452.563720703125,1500.4936056573667,1443.641177717699,1482.7418133114825,541843
2015-02-03,1444.762451171875,1473.3989209879394,1422.9464531798553,1460.0850753163618,808855
2015-02-04,1475.874755859375,1494.887837735394,1448.2193536714485,1456.487929213744,450821
2015-02-05,1474.613525390625,1504.2309462270352,1456.721563064764,1476.201798160693,497609
2015-02-06,1464.709716796875,1483.6761515076623,1450.7886653061855,1474.4265103725943,234610
2015-02-09,1444.5755615234375,1468.9608968999912,1439.0631397361815,1457.5156617357202,283211
2015-02-10,1460.2718505859375,1467.5594746895542,1440.7449687112555,1445.3229716459198,318035
2015-02-11,1486.011962890625,1494.841098690775,1454.1521881940005,1464.9901023656084,400919
2015-02-12,1511.425048828125,1526.5140963495257,1481.9010356708368,1494.887897086959,348159
2015-02-13,1569.118408203125,1580.9841495406022,1536.1375117820937,1572.435236407707,1764074
2015-02-16,1553.0484619140625,1578.7886098810814,1548.8908503495727,1577.1068152870732,830177
2015-02-18,1571.360595703125,1576.3591038612544,1554.6832768713825,1574.256917940004,664131
2015-02-19,1575.7054443359375,1593.4572400325771,1564.4003762024697,1576.1725968542703,905398
2015-02-20,1580.2366943359375,1587.010405394742,1565.9418966699654,1577.1067954844627,611265
2015-02-23,1540.575439453125,1591.1213139322801,1496.0090253534331,1574.3038250005238,2661139
2015-02-24,1552.6279296875,1558.4205744517965,1517.3111588187753,1541.6964939181846,713170
2015-02-25,1554.9638671875,1560.289360101617,1540.1550416009022,1557.4864450834705,1030353
2015-02-26,1586.0291748046875,1603.2670529176282,1539.7343258789342,1555.6175076386078,4295665
2015-02-27,1623.3548583984375,1630.5023141103425,1588.3184226056653,1588.3184226056653,1319802
2015-03-02,1678.899169921875,1689.9707743956649,1628.4934654220265,1634.099294907128,727102
2015-03-03,1683.9444580078125,1706.0407922843244,1667.7342903765164,1677.0773396223233,764844
2015-03-04,1669.836669921875,1713.4220225134836,1653.065940202975,1696.6511787436762,812954
2015-03-05,1717.392578125,1722.2976788596532,1659.3722665309945,1664.090437854745,990561
2015-03-09,1746.6832275390625,1756.3066148249245,1709.7781794043779,1716.0379773916711,1055203
2015-03-10,1773.6846923828125,1791.3430802661728,1747.1504067113465,1760.6044219582357,1443134
2015-03-11,1749.018798828125,1779.850860986954,1737.7137321800662,1779.2903008487904,939918
2015-03-12,1759.623291015625,1765.6962734882763,1737.8072921740506,1751.8218671109382,980143
2015-03-13,1754.017578125,1780.7386799781711,1742.9460859959956,1763.9679498045778,927786
2015-03-16,1742.0584716796875,1769.5737089144093,1738.7416432363864,1756.4934386267632,817248
2015-03-17,1753.3634033203125,1769.5735713565086,1742.6188964192565,1751.6349619768437,631130
2015-03-18,1750.3270263671875,1773.31090677442,1743.6934836146188,1761.0715339688238,694160
2015-03-19,1795.4071044921875,1830.6303549868408,1758.922451092222,1775.2727874851319,1675344
2015-03-20,1781.0654296875,1827.3601678354319,1761.0712825427283,1806.9456291170634,2981480
2015-03-23,1795.26708984375,1809.6554099131524,1770.5080068976874,1786.3911921838408,790809
2015-03-24,1875.990966796875,1891.9675589287601,1796.9954361851933,1804.1428919957707,1531299
2015-03-25,1876.92529296875,1903.1324791690763,1856.4639911419574,1897.8537472845064,1903474
2015-03-26,1843.3369140625,1881.223025581711,1824.9311520821836,1859.2668591545096,1844899
2015-03-27,1826.3792724609375,1857.8653021140244,1820.0259534916368,1845.2521859065619,1491483
2015-03-30,1867.6756591796875,1880.3821841258073,1831.237764878533,1848.98955953807,1045647
2015-03-31,1876.4580078125,1895.517850824853,1863.4243858613597,1878.653601545219,872470
2015-04-01,1903.646484375,1910.5603643554266,1872.3940269758073,1876.084486196319,765868
2015-04-06,1951.062255859375,1957.3688140909328,1905.047738392082,1905.6550594023367,876067
2015-04-07,1954.192138671875,1971.0096261712827,1924.4344376058252,1962.0402082642229,907918
2015-04-08,1945.3162841796875,1976.054823527177,1931.1146675055404,1975.9613017983559,1004484
2015-04-09,1883.325439453125,1952.6975907017393,1872.7677465720285,1952.6975907017393,1552419
2015-04-10,1835.1619873046875,1892.7152713099952,1829.6496785890702,1892.0611893253047,2428315
2015-04-13,1851.325439453125,1861.8831320408465,1835.9094062706993,1844.2247439489772,1082692
2015-04-15,1823.2491455078125,1866.741081695189,1802.274047342352,1863.4710147352623,1848462
2015-04-16,1775.6466064453125,1816.2888728911798,1740.4700012975022,1816.2888728911798,1899659
2015-04-17,1653.7664794921875,1773.4975644898127,1625.2701792559847,1773.4975644898127,4494033
2015-04-20,1669.55615234375,1699.9678234957298,1635.0336307323591,1659.886119109312,2341241
2015-04-21,1644.0496826171875,1683.617473345398,1607.93877448803,1657.456935468777,1529639
2015-04-22,1635.5008544921875,1660.2599362654196,1620.0848224447034,1651.8511915122465,1854083
2015-04-23,1612.47021484375,1663.016091072929,1608.4527718903853,1644.6570895941775,1467466
2015-04-24,1641.714111328125,1660.2600434205308,1599.6703848487082,1621.0192320397416,1336141
2015-04-27,1609.947509765625,1652.7853665810785,1572.4819061202345,1652.6919589013426,1130545
2015-04-28,1608.639404296875,1625.690468114745,1576.7796311514703,1603.7343037465287,1110899
2015-04-29,1629.521240234375,1651.8511513461224,1594.9987179575396,1594.9987179575396,977628
2015-04-30,1656.1024169921875,1667.734468928215,1616.3476925746845,1634.846977682318,1877832
2015-05-04,1695.623291015625,1704.0787963104046,1660.2598719830587,1664.3708365133984,1013954
2015-05-05,1692.72705078125,1709.49777958425,1677.3577794509542,1691.092017063095,742863
2015-05-06,1639.56494140625,1698.5663190275334,1624.1022636432176,1689.223269967976,1454710
2015-05-07,1626.6248779296875,1644.376671542935,1580.0030392615583,1644.376671542935,1339758
2015-05-08,1654.0467529296875,1669.5095455427288,1626.6249253329051,1632.2307550583487,879493
2015-05-11,1653.626220703125,1671.3780133241578,1616.3474333887784,1649.0013431423756,1358706
2015-05-12,1633.3985595703125,1655.4948935109574,1621.9533244181682,1653.7196913710586,986165
2015-05-13,1578.5081787109375,1686.3736372232684,1568.2308244843496,1653.7197255509673,5146183
2015-05-14,1524.7388916015625,1545.3403610190612,1483.909811601284,1545.3403610190612,4569440
2015-05-15,1573.6031494140625,1584.394417463238,1528.5229345058074,1536.464526769438,2643591
2015-05-18,1618.730224609375,1631.296581636787,1584.5813301580704,1587.7579900688045,1973158
2015-05-19,1610.087890625,1626.6250439001183,1584.6747255867117,1624.7564338554312,1741536
2015-05-20,1608.0789794921875,1632.137331834843,1594.0176444443737,1620.0847752297022,1702941
2015-05-21,1596.8206787109375,1617.422149917012,1587.3842208673457,1613.9185061099179,1313406
2015-05-22,1621.205810546875,1629.380978390042,1589.6730202946596,1605.6497252631611,1284351
2015-05-25,1637.8367919921875,1663.0630289481426,1621.1127083852793,1634.6601319356996,2194758
2015-05-26,1636.7154541015625,1679.693481724656,1627.6526276722414,1653.6729976730003,3313608
2015-05-27,1636.9957275390625,1656.5227243703025,1616.3476103556816,1633.9125895452248,1980405
2015-05-28,1630.1285400390625,1650.5430801174653,1599.5300533296318,1643.8161301864372,2680677
2015-05-29,1712.8145751953125,1733.0423004754111,1613.8250098832061,1634.9402792587152,24029112
2015-06-01,1674.3214111328125,1696.4643952061767,1654.7476518970518,1661.1943795547747,1574696
2015-06-02,1682.44970703125,1706.414652782067,1676.1431483626613,1681.7022174205379,1714073
2015-06-03,1676.98388671875,1699.8743567537156,1651.0101648954528,1682.4495475699819,906416
2015-06-04,1634.753173828125,1694.5954459476939,1614.4788039132268,1685.4859735297807,1238375
2015-06-05,1659.8861083984375,1667.2203792559314,1635.220435546658,1643.9095169771251,886478
2015-06-08,1662.3154296875,1675.3022921485235,1648.2074468338158,1672.4059694250634,602880
2015-06-09,1653.7664794921875,1665.3051225153563,1626.6248757780038,1653.719718625541,1242611
2015-06-10,1640.6392822265625,1672.031901718671,1636.71524755913,1657.2231929666088,589749
2015-06-11,1593.5972900390625,1654.6540968324985,1586.730171340649,1646.2453521280984,1078216
2015-06-12,1608.499267578125,1614.945994096295,1580.9372734642454,1601.3985732606593,676602
2015-06-15,1599.389892578125,1620.45851464619,1589.2527067649066,1618.216159974614,582427
2015-06-16,1580.51708984375,1614.385646389115,1564.9608886479048,1602.333088973825,872551
2015-06-17,1617.935791015625,1629.4277871993727,1583.6468459305831,1595.7460490741198,1108511
2015-06-18,1676.937255859375,1692.026303964434,1613.6848548875803,1616.4410089340868,1016241
2015-06-19,1697.4453125,1702.7708052004316,1660.353336817632,1689.9241118827329,898473
2015-06-22,1687.54150390625,1729.1648337871602,1683.1503163947423,1710.665550717668,905124
2015-06-23,1654.8878173828125,1696.6512074361322,1649.1418185235668,1691.839627676424,742138
2015-06-24,1686.607177734375,1696.6977163816714,1654.8875716635657,1658.3912150756973,1146311
2015-06-25,1711.646728515625,1723.7926932922098,1686.5139016677426,1691.9329161884255,1148288
2015-06-26,1720.6158447265625,1730.3326382917262,1700.4348821225385,1705.106406523974,585292
2015-06-29,1711.880126953125,1723.6523457036565,1682.0291314731112,1701.7429417526923,600991
2015-06-30,1762.14599609375,1773.310895256484,1709.871562758255,1716.3182900875452,1120131
2015-07-01,1751.4481201171875,1792.510893061576,1747.1503399520848,1768.6393548285007,871195
2015-07-02,1747.2904052734375,1774.2450799656324,1739.0218293697167,1769.5735552685137,872219
2015-07-03,1776.0670166015625,1791.0626572394995,1768.0320165362812,1773.3108625146426,877924
2015-07-06,1792.4639892578125,1796.9486984947648,1681.7488562231235,1681.7488562231235,790815
2015-07-07,1783.0277099609375,1799.4714553827064,1762.566407362137,1797.6028453563486,807610
2015-07-08,1754.297607421875,1783.3544668215995,1740.236273143672,1751.8684375071093,964138
2015-07-09,1762.2391357421875,1780.1777434464861,1756.4931380389573,1756.4931380389573,379705
2015-07-10,1748.224609375,1770.4609972201486,1730.986615806385,1764.0610315644262,803852
2015-07-13,1765.182373046875,1770.5078655974428,1742.6188858809287,1765.836340886104,696911
2015-07-14,1797.54443359375,1801.531055546531,1763.5408934082654,1768.1840896452043,795631
2015-07-15,1822.542724609375,1827.2798151067757,1801.015012836247,1808.519242056398,639158
2015-07-16,1833.658447265625,1838.5361504339842,1817.5242858136485,1830.0938926003587,598434
2015-07-17,1850.7305908203125,1860.1108776465685,1838.5362179461797,1845.102418724559,630710
2015-07-20,1855.6552734375,1860.5799241062966,1842.1945845105472,1851.1996371181126,467407
2015-07-21,1768.4654541015625,1847.9164347052372,1759.5541819545067,1847.9164347052372,993409
2015-07-22,1710.9173583984375,1793.0418148137192,1704.398104900093,1768.1840548908506,1701329
2015-07-23,1621.14794921875,1721.9390778089075,1605.1076828493976,1721.9390778089075,4976913
2015-07-24,1568.4779052734375,1642.253891963136,1554.313693550145,1627.4799386297536,3491061
2015-07-27,1517.30810546875,1585.221279927187,1503.425237322249,1580.484304519716,3030464
2015-07-28,1509.616455078125,1540.2431148239182,1498.2193835502917,1534.614942662564,2565568
2015-07-29,1538.4609375,1542.8697413498453,1491.5126670361085,1513.0403811517363,1992583
2015-07-30,1526.0318603515625,1555.1107480061294,1520.5444157436452,1547.7002988962952,1562925
2015-07-31,1591.5531005859375,1601.8714153205808,1527.8610494191778,1535.5058910045796,1663420
2015-08-03,1560.879638671875,1604.9669842353235,1555.8612084077636,1594.6486693162185,738391
2015-08-04,1538.835693359375,1571.525962389758,1532.8322882958391,1566.5075330144202,1327419
2015-08-05,1576.2633056640625,1580.5782143868187,1543.197797024813,1548.6852415149185,1020643
2015-08-06,1599.901611328125,1610.5013806685256,1579.1242542348584,1585.268387574679,1080101
2015-08-07,1589.395751953125,1604.0289758492563,1578.2331882259496,1604.0289758492563,630482
2015-08-10,1590.849609375,1618.0993868808835,1580.5782416778484,1599.291867045683,678486
2015-08-11,1592.91357421875,1604.0291922110493,1576.3103963329359,1594.5551245616562,586987
2015-08-12,1615.426025390625,1627.4327231315488,1578.3269473331482,1592.7726111124066,1272336
2015-08-13,1649.148193359375,1663.8753122846422,1610.0324433489966,1622.7896104491244,1226673
2015-08-14,1682.3077392578125,1686.575816185498,1659.3260331974427,1666.8772109908955,1634036
2015-08-17,1685.543701171875,1695.7682363402873,1651.8684497940076,1693.0947630880494,797037
2015-08-18,1642.53515625,1698.7699294828815,1638.314027214841,1694.5488004477224,1178580
2015-08-19,1684.13671875,1695.158555764718,1644.5050069311203,1649.5234374792842,770194
2015-08-20,1773.39013671875,1822.2144599819476,1700.6459680155192,1700.6459680155192,3332613
2015-08-21,1761.43017578125,1800.405195958923,1737.8387332566792,1771.8422704873435,1366891
2015-08-24,1691.87548828125,1747.54746874573,1672.5989526869446,1697.8319476273598,1468467
2015-08-25,1715.2325439453125,1742.482210863733,1608.8131118588408,1690.6092888654641,1993449
2015-08-26,1698.20703125,1777.5642293532842,1688.4515107313518,1724.0965981801248,1920778
2015-08-27,1782.1138916015625,1792.995002162707,1721.2827502762702,1744.7334689448842,1631204
2015-08-28,1745.5306396484375,1815.3199960765105,1724.0967072929213,1805.7052021430216,1513446
2015-08-31,1815.6015625,1824.4658882370652,1746.6095032891594,1758.8038768352171,1830506
2015-09-01,1745.2022705078125,1805.6581700613056,1736.290998500382,1791.6346878096865,1202890
2015-09-02,1763.869140625,1790.509177854616,1754.1136195190973,1768.0902696559283,1207023
2015-09-03,1746.9376220703125,1777.0952658728606,1735.3529912192093,1775.6882229070072,1015991
2015-09-04,1744.358154296875,1777.0484317159328,1726.2542690208415,1759.74184793686,1962214
2015-09-07,1693.0479736328125,1760.6798180084447,1687.0915144644553,1759.7417893360907,718432
2015-09-08,1707.868896484375,1725.4101027834995,1646.9439750753158,1697.9258146519926,905108
2015-09-09,1722.314453125,1758.8037920314366,1704.3981280645976,1730.7098785955698,744403
2015-09-10,1705.523681640625,1716.4986857806368,1674.474955571109,1704.585652970818,712219
2015-09-11,1697.831787109375,1725.8319182664154,1689.014295258657,1711.9022162843144,514651
2015-09-14,1726.207275390625,1731.5071603245685,1674.381190910075,1707.2121946534098,552865
2015-09-15,1722.220703125,1742.5290474981264,1711.2458130739353,1725.972817946623,490311
2015-09-16,1731.3663330078125,1747.9225611249865,1719.5471952447285,1731.6008401638478,465186
2015-09-18,1781.175537109375,1791.6345786238958,1750.3613213152826,1758.8035784920444,1522927
2015-09-21,1763.869140625,1785.0685657459048,1754.4419066537455,1760.2108058971048,637352
2015-09-22,1755.614501953125,1781.3165113796522,1747.4067507816812,1773.8122817371893,650048
2015-09-23,1802.93798828125,1813.4908104517917,1714.1066076179548,1741.0749309426722,1124486
2015-09-24,1867.005126953125,1878.683651262531,1820.854167468378,1824.4655545338478,2633607
2015-09-28,1908.091064453125,1939.608805235218,1863.534702103386,1876.0573620942744,1832418
2015-09-29,1890.3623046875,1911.983911647378,1841.631760375048,1876.7139415384863,1770861
2015-09-30,1907.9503173828125,1927.6489194796852,1894.8179159848974,1920.0977428737028,1267574
2015-10-01,1978.162109375,1996.1252691352595,1907.9505626978937,1932.2923640451709,2749646
2015-10-05,1953.5853271484375,1992.1853445068111,1948.5670111469067,1982.5236033582423,897220
2015-10-06,1944.9088134765625,1997.06330612391,1935.6693672451156,1962.3562406816438,887118
2015-10-07,1937.638916015625,1971.7363512779134,1929.337499326642,1949.2236622052826,734381
2015-10-08,1917.7056884765625,1951.7091106455025,1901.4777479304719,1951.0994836612138,891794
2015-10-09,1928.2119140625,1941.7194359254408,1923.802995902632,1923.802995902632,783715
2015-10-12,1885.2498779296875,1943.595209557271,1877.651754859401,1936.7006079190153,670625
2015-10-13,1902.5565185546875,1915.4544118765791,1880.7473534831252,1881.6853820883534,974159
2015-10-14,1938.7645263671875,1949.1295593106524,1900.3052388084113,1902.5565303760368,968369
2015-10-15,1969.0159912109375,1981.1164689481657,1940.4528361842888,1941.719266440674,1115230
2015-10-16,1925.7259521484375,1967.6557887634565,1909.0759429111822,1965.17010434085,850628
2015-10-19,1944.53369140625,1968.9224400683643,1928.6810963802504,1932.339317075193,669471
2015-10-20,1946.972412109375,1973.6123349116137,1930.4630158023294,1969.8602202064587,1709316
2015-10-21,1935.5281982421875,1955.273746855877,1932.3389924803168,1951.0526179888084,495424
2015-10-23,1950.44287109375,1967.4679982067735,1943.2200968340092,1956.7276167740208,700151
2015-10-26,1924.459716796875,1966.905514242752,1905.88670327252,1953.2571512507914,1418942
2015-10-27,1825.075439453125,1899.5079888561004,1812.2713256641905,1866.6769865795752,3070580
2015-10-28,1792.010009765625,1827.2798651654693,1768.1840584378388,1813.9129565008861,2460613
2015-10-29,1801.24951171875,1815.7889557659526,1788.2578378421783,1800.3584303051337,1290089
2015-10-30,1809.3636474609375,1823.949925567711,1792.6666901977312,1804.7672837643954,692739
2015-11-02,1781.87939453125,1815.2731952038528,1752.2377088669277,1809.3636827690889,777056
2015-11-03,1758.381591796875,1792.5257418901022,1749.4233726921707,1791.6346605051185,1430773
2015-11-04,1742.06005859375,1776.6263939918126,1736.29115907014,1776.6263939918126,1364087
2015-11-05,1724.3310546875,1741.3562964884,1719.875418887274,1741.3562964884,660862
2015-11-06,1742.716552734375,1754.1136240484004,1699.7549080786007,1720.3445917137788,815336
2015-11-09,1752.89404296875,1766.9644723215429,1698.863617155115,1715.6543524172039,732452
2015-11-10,1679.446533203125,1754.9578402179338,1664.9539217249624,1744.7333049384408,782457
2015-11-13,1667.62744140625,1685.0747520399975,1650.930485016965,1664.8601880832045,1358843
2015-11-16,1696.9876708984375,1713.6846272913172,1651.868514057249,1677.1952885487572,765419
2015-11-17,1687.9827880859375,1720.11027377193,1679.8688162451704,1711.9025219543407,712453
2015-11-18,1672.5521240234375,1702.7566024458836,1662.655875408527,1681.8854638124058,647838
2015-11-19,1695.53369140625,1707.2121020162147,1650.5551500152465,1679.1650231534302,633380
2015-11-20,1702.05322265625,1714.2475968058952,1679.5405319184435,1695.0180068006855,430279
2015-11-23,1728.4114990234375,1730.6627905952196,1697.9255691078035,1704.397989437135,477851
2015-11-24,1745.57763671875,1752.2376176105035,1715.0447566268338,1728.4116656476847,834864
2015-11-26,1722.361328125,1748.8606374802137,1718.2809263997121,1747.641154433369,858019
2015-11-27,1700.364501953125,1738.0733226946609,1693.4231814907407,1735.4937438860732,699849
2015-11-30,1683.7615966796875,1707.1653680569782,1672.5052517436675,1695.0179416157077,1461767
2015-12-01,1699.285888671875,1705.2423478453738,1681.6978510500558,1688.451611694653,477542
2015-12-02,1754.8641357421875,1762.555925271151,1700.505303936485,1707.1652847977275,878243
2015-12-03,1708.760009765625,1754.113674655767,1704.6326605712259,1754.113674655767,860554
2015-12-04,1692.9072265625,1722.2206222295333,1685.1684901064034,1702.5220203412869,953977
2015-12-07,1718.140380859375,1722.2207830160821,1695.9559780463378,1709.0883805312099,511541
2015-12-08,1692.53173828125,1714.6223557440462,1688.451337117636,1711.9020501331588,584132
2015-12-09,1650.883544921875,1702.5220700384461,1639.4396407215947,1692.5320416024188,916636
2015-12-10,1626.354248046875,1654.213655357315,1583.8615010325072,1654.213655357315,1715942
2015-12-11,1632.310546875,1660.310678639095,1619.0843660648968,1619.975447463117,1067350
2015-12-14,1639.5333251953125,1649.4764058155902,1615.7543222221889,1622.7895369778732,565502
2015-12-15,1681.7918701171875,1686.2943396852188,1634.1399609436028,1634.1399609436028,665220
2015-12-16,1715.4669189453125,1721.2826510376442,1682.823474638438,1689.389675487083,987172
2015-12-17,1709.55712890625,1732.1635953366513,1684.6993709276408,1721.2824864433298,1319749
2015-12-18,1673.8184814453125,1721.282712076129,1669.6911321501416,1693.704644632782,1127533
2015-12-21,1690.046142578125,1700.6459119351123,1671.6608042691055,1673.443081573216,423456
2015-12-22,1674.5687255859375,1695.9088776972303,1670.6290509983412,1688.4515956187615,393457
2015-12-23,1692.9542236328125,1700.6460130800826,1680.9474106119735,1689.4834487803964,472162
2015-12-24,1692.109619140625,1709.1348591666892,1688.6388450179495,1709.1348591666892,295092
2015-12-28,1726.86376953125,1733.476917209146,1693.1416859104484,1693.1416859104484,680000
2015-12-29,1732.304443359375,1749.4234665575927,1721.7985680755264,1744.7333232156152,636219
2015-12-30,1722.6895751953125,1735.3529616723813,1717.530417741692,1734.0396986921883,335431
2015-12-31,1723.3931884765625,1730.8504706637066,1705.3361364269374,1723.158681307087,446622
2016-01-01,1730.8973388671875,1743.7952325994318,1718.6560193773144,1722.314353955186,238463
2016-01-04,1683.9022216796875,1723.9560008435785,1675.6944706620495,1716.5924985459887,649115
2016-01-05,1672.5521240234375,1700.9274922779414,1663.1248897598412,1700.9274922779414,873308
2016-01-06,1644.5517578125,1675.8351044080462,1633.57686858029,1665.00082786679,628135
2016-01-07,1611.064208984375,1660.2169332250758,1602.5281711566395,1641.5031929239956,780329
2016-01-08,1606.7021484375,1638.1261042654141,1597.2280831636042,1615.6603667219604,752161
2016-01-11,1595.5399169921875,1608.7192664054483,1585.315495474795,1601.9655053749095,597256
2016-01-12,1594.742431640625,1612.0021811246022,1587.144422730769,1598.4007661543917,1323629
2016-01-13,1562.8963623046875,1614.3941549343467,1544.18262318093,1608.719036147509,979010
2016-01-14,1611.064208984375,1618.0994238707697,1534.6148738855532,1547.747275006823,1433275
2016-01-15,1595.680419921875,1618.0993262416157,1589.9584683939354,1611.533126077157,732532
2016-01-18,1597.0408935546875,1627.1046462783681,1575.8882994474195,1590.0056779321544,955512
2016-01-19,1594.4141845703125,1618.0056278225973,1589.9585485198882,1600.276863584029,505883
2016-01-20,1586.2535400390625,1613.4094261479142,1575.888276702614,1582.4544778555414,783776
2016-01-21,1581.4227294921875,1599.3390561348929,1574.9503080648005,1597.4629985910396,960734
2016-01-22,1614.581787109375,1620.9134803921568,1586.6284879995067,1589.9585354541123,420067
2016-01-25,1593.757568359375,1629.7309429392712,1591.8345638913288,1623.7275368862051,473393
2016-01-27,1584.47119140625,1618.0994971858029,1557.1276320744537,1608.672263008712,845275
2016-01-28,1600.605224609375,1613.4093390676012,1575.8881916474245,1576.873167569386,1004150
2016-01-29,1604.732421875,1614.4879421821972,1586.5815914291468,1591.1310072222527,1027807
2016-02-01,1597.0408935546875,1647.600551557589,1592.772816941499,1641.5503119243954,1223746
2016-02-02,1600.0894775390625,1627.104636666728,1594.648865020924,1597.4629512533138,958341
2016-02-03,1593.5699462890625,1607.546596050048,1577.90491366438,1594.648702135715,557219
2016-02-04,1550.373779296875,1613.3154780302805,1516.8860882038666,1594.648685225667,1417537
2016-02-05,1691.1248779296875,1704.3980058293932,1503.6598807619798,1549.6232832306866,4292391
2016-02-08,1708.0565185546875,1734.415102676423,1670.676096976788,1702.5221262075218,1698987
2016-02-09,1787.5543212890625,1793.4170003565328,1680.0093135742968,1680.0093135742968,2477694
2016-02-10,1738.1201171875,1786.9445535472298,1728.3177637326883,1769.4034638368985,1958089
2016-02-11,1680.150146484375,1758.6162709614048,1673.4432183081135,1730.6629696067655,1234514
2016-02-12,1647.4598388671875,1697.831933865319,1618.2402221871434,1697.831933865319,970447
2016-02-15,1686.9976806640625,1723.4401874999965,1665.704474838019,1669.6910968388984,1038639
2016-02-16,1641.9722900390625,1700.6460309521422,1638.1733425121345,1683.855294342257,1086368
2016-02-17,1623.164794921875,1657.5904004911483,1588.2700605232899,1652.8064772888483,1581559
2016-02-18,1666.6424560546875,1674.099738253426,1624.665672653282,1636.8600454849752,827772
2016-02-19,1678.0863037109375,1691.2656520149535,1633.670670137869,1663.593806904337,869657
2016-02-22,1698.347900390625,1704.9141012589353,1670.6291066372187,1674.3812214191103,699778
2016-02-23,1668.0025634765625,1707.3059883171313,1654.6826019388736,1707.2122083496315,589204
2016-02-24,1652.24365234375,1669.690961966581,1630.19997953127,1663.7813357933962,622081
2016-02-25,1651.024169921875,1686.7630378488946,1633.5768602927067,1656.558561743853,963494
2016-02-26,1619.740966796875,1675.3191641518567,1611.5801633671842,1665.0946289947449,858284
2016-02-29,1645.8182373046875,1665.000877670599,1589.9585845924876,1634.79640050884,837151
2016-03-01,1652.337646484375,1671.5672358984707,1627.5736645329348,1650.9306033565144,728941
2016-03-02,1671.4736328125,1706.2744802900531,1650.9307780706397,1665.9392396894636,947824
2016-03-03,1673.443115234375,1699.7079174914168,1656.1365324064689,1684.6994590588215,781299
2016-03-04,1669.8787841796875,1683.7616558911716,1660.3109364497905,1682.5891199191026,563192
2016-03-08,1711.620849609375,1721.2825906067872,1651.3994554568114,1671.6608516059155,1428776
2016-03-09,1710.4952392578125,1730.6628551854478,1703.9290387232336,1715.607449586126,1022875
2016-03-10,1708.103271484375,1718.4685341546838,1686.106544837906,1716.5924768029865,787040
2016-03-11,1741.1219482421875,1747.547421765732,1699.7079593341418,1716.5924754864677,1157688
2016-03-14,1753.363037109375,1758.4284145191964,1736.4316893528985,1744.733219674454,516821
2016-03-15,1616.1295166015625,1687.513470989118,1609.65709628534,1687.513470989118,3200644
2016-03-16,1641.73779296875,1645.2085678790022,1591.1781373957913,1624.6657163474208,2061285
2016-03-17,1570.54150390625,1656.8401446191297,1561.9115711316879,1653.463149682521,3308895
2016-03-18,1458.07177734375,1565.3822793417526,1439.8739983720293,1564.631810608824,7863541
2016-03-21,1440.0615234375,1474.5810232183276,1408.074769689897,1474.5810232183276,6606156
2016-03-22,1453.0533447265625,1467.8272961536043,1440.812024884833,1445.3146082647788,3118852
2016-03-23,1429.6964111328125,1462.3397399366527,1423.9275119481376,1462.3397399366527,1764210
2016-03-28,1402.446533203125,1452.0682689113255,1397.6626102570253,1452.0682689113255,3046721
2016-03-29,1314.694091796875,1399.491789609889,1200.6766643167991,1397.662679556274,18885690
2016-03-30,1383.873779296875,1397.6627553088133,1330.8282108015965,1355.4514640410973,6901864
2016-03-31,1387.5787353515625,1409.3409519527377,1379.8399997986469,1399.5385993878865,3507744
2016-04-01,1374.0712890625,1392.0345611864482,1361.3141219149818,1384.4365517791764,2301141
2016-04-04,1370.6004638671875,1383.5921366218365,1346.070993933787,1383.5921366218365,1786402
2016-04-05,1372.99267578125,1387.2976146376736,1356.5303394399239,1374.212158994148,2776014
2016-04-06,1393.06640625,1400.4768559171634,1373.274023484747,1375.7128752155274,1248298
2016-04-07,1416.1888427734375,1427.961148868256,1395.1769768002314,1403.29094803051,3338512
2016-04-08,1444.6580810546875,1458.4471726319032,1407.043150401708,1407.043150401708,2848397
2016-04-11,1424.631103515625,1453.0064719971708,1407.981093910751,1452.3029504645706,977906
2016-04-12,1440.76513671875,1448.6915479411828,1428.6177108495592,1428.6177108495592,937807
2016-04-13,1452.91259765625,1471.4854962072584,1441.6093066311375,1445.549095661073,1661309
2016-04-18,1477.3951416015625,1499.6263750730052,1448.0347986996173,1448.0347986996173,2312824
2016-04-20,1475.143798828125,1491.4655198712012,1459.0097522140873,1490.5274912423515,1762008
2016-04-21,1464.2626953125,1482.694980841963,1456.1487247403961,1482.0852393297566,616382
2016-04-22,1461.4486083984375,1471.766923348619,1444.8455474171428,1453.94437934376,614108
2016-04-25,1447.096923828125,1460.5107809129406,1440.3431625509445,1459.8542065824101,500655
2016-04-26,1481.2879638671875,1486.7754085623687,1431.9007325996567,1443.6260907113474,933431
2016-04-27,1472.611328125,1482.0853954097552,1456.7586196654113,1469.1405531160174,717219
2016-04-28,1478.6148681640625,1486.7756730594244,1463.5125126251392,1469.0000728020061,1791123
2016-04-29,1507.646728515625,1517.58981049695,1471.3918939442078,1482.929693525048,1849743
2016-05-02,1518.7154541015625,1525.7037223056357,1503.7069944908094,1515.8544206860788,748702
2016-05-03,1477.9580078125,1530.8628497871168,1468.3432135659816,1519.7002852729943,1270045
2016-05-04,1479.974609375,1492.403488205118,1463.3246018855966,1467.311223397144,577618
2016-05-05,1504.2227783203125,1513.5092852149753,1487.948003515497,1495.921247348362,693119
2016-05-06,1488.5108642578125,1509.5696779065574,1480.6783472794093,1509.5696779065574,399928
2016-05-09,1505.9111328125,1510.2260414584352,1493.9043209664292,1499.9077268894646,345726
2016-05-10,1514.6348876953125,1519.6064855799477,1498.9698542942942,1509.2412227001985,466392
2016-05-11,1494.795654296875,1511.6332233624287,1492.403635351923,1500.8458935028766,752825
2016-05-12,1516.2763671875,1523.2178021063596,1497.1406743104417,1501.7838703309587,333710
2016-05-13,1490.2459716796875,1516.7452792858198,1486.7753117069021,1506.4739120512838,633055
2016-05-16,1504.4571533203125,1511.3516406572305,1473.924390969549,1496.155623077679,809752
2016-05-17,1513.0401611328125,1524.1557773572183,1503.1439134087796,1513.9781897509977,539135
2016-05-18,1536.631591796875,1543.995093491111,1502.768781845577,1509.7570491943761,892492
2016-05-19,1552.859375,1584.3302798241427,1534.9430519303123,1551.4992793541337,3518163
2016-05-20,1411.5457763671875,1517.7305901476411,1404.6981203622329,1517.7305901476411,4490960
2016-05-23,1374.2587890625,1431.9005983324014,1361.079441978588,1427.2104555275132,2351450
2016-05-24,1374.352783203125,1411.0296827521647,1353.8568788526727,1369.5219124601365,2421523
2016-05-25,1381.1065673828125,1402.3529408594675,1377.2606725196742,1389.2205387377066,862728
2016-05-26,1378.855224609375,1395.5991283004403,1371.397942339329,1395.5991283004403,1573541
2016-05-27,1388.3763427734375,1440.2962116634976,1383.6393662455446,1396.7248216264952,3122857
2016-05-30,1376.8853759765625,1401.1333944700198,1363.9874816177603,1397.615786917619,1365114
2016-05-31,1383.3575439453125,1402.3526212566485,1372.7577759891592,1379.7461570859723,2522011
2016-06-01,1397.8970947265625,1407.0428734036866,1386.4062445937657,1387.9540146555983,1880118
2016-06-02,1383.92041015625,1402.2589142674851,1374.2118374819534,1388.2822658520759,1736436
2016-06-03,1360.2354736328125,1390.9559153344092,1356.3895786414914,1383.920699677555,1691266
2016-06-06,1331.390869140625,1374.211897587706,1326.700726145445,1374.211897587706,1899200
2016-06-07,1345.930419921875,1354.4664579537662,1308.5500001658968,1318.8683155793913,2157157
2016-06-08,1342.1314697265625,1352.637345050991,1331.672427132463,1347.2436801868832,1084830
2016-06-09,1338.754638671875,1350.7614529446812,1310.8014495294944,1323.6523981060175,2025083
2016-06-10,1348.369140625,1364.8315880563096,1335.2367404650079,1335.2367404650079,1096107
2016-06-13,1362.533447265625,1373.0393214637177,1341.568417089307,1347.9470571773609,1073088
2016-06-14,1360.9859619140625,1371.6325655260284,1355.5453492593883,1369.52200079877,498431
2016-06-15,1372.3360595703125,1374.8686913900276,1355.8267764916118,1374.8686913900276,560727
2016-06-16,1375.3375244140625,1381.7161648673602,1361.0325878803033,1376.087993116373,747330
2016-06-17,1373.27392578125,1385.4682980730233,1365.7696966786202,1385.4682980730233,549107
2016-06-20,1371.3978271484375,1384.3895004894864,1355.967302323672,1370.4597985388968,646439
2016-06-21,1359.8133544921875,1383.5923596018806,1355.451498050656,1383.5923596018806,546544
2016-06-22,1371.3038330078125,1376.087755268191,1356.3891575445155,1362.298782663789,999040
2016-06-23,1393.629150390625,1402.165302899177,1376.3225672167293,1378.7145861294252,1524774
2016-06-24,1372.241943359375,1379.5116643816948,1346.0709247779366,1369.8030921110385,969412
2016-06-27,1387.485107421875,1396.5371068403067,1370.4598644389457,1378.9021223307668,857039
2016-06-28,1448.9727783203125,1452.5842801485794,1383.5922286403024,1383.5922286403024,1927170
2016-06-29,1437.9041748046875,1462.1052458490265,1429.8839838535887,1458.6345855633722,910521
2016-06-30,1444.2825927734375,1457.6964475849231,1437.0598183398342,1452.0682759726262,1024791
2016-07-01,1456.6181640625,1462.3401174891094,1446.4875205790313,1449.2546600500732,514431
2016-07-04,1471.7200927734375,1477.3952122480653,1458.728418093808,1467.2644564190384,757648
2016-07-05,1466.045166015625,1474.065243178128,1452.5375290247957,1472.798927258308,412780
2016-07-07,1553.14111328125,1592.7728282358826,1454.5073666528292,1460.510773594387,1941050
2016-07-08,1537.56982421875,1606.1866491003727,1522.186130060232,1595.5868785903278,3341870
2016-07-11,1565.663818359375,1570.1664023186825,1547.7474915102587,1552.2500754695661,800532
2016-07-12,1570.0255126953125,1579.6403067237677,1558.8629484343564,1565.100862095372,717944
2016-07-13,1546.2933349609375,1580.5783290884503,1541.1811244464832,1575.8881856786925,848201
2016-07-14,1558.112548828125,1560.8796875682078,1538.6484541664422,1547.7472863506869,482010
2016-07-15,1566.6485595703125,1583.3454006971253,1548.2162738511822,1555.7674502225848,822563
2016-07-18,1562.00537109375,1584.7995146803264,1557.5497346955663,1566.6486819382903,627514
2016-07-19,1588.9267578125,1596.3372070704,1559.0036208883423,1561.7239268824385,810759
2016-07-20,1608.85986328125,1617.1613939395363,1588.598467325557,1599.3388495747733,1228199
2016-07-21,1582.0322265625,1629.0742705990242,1577.6703705461541,1622.601964677518,1531978
2016-07-22,1595.8212890625,1599.2451166396104,1574.2466294601857,1586.9100166180658,520314
2016-07-25,1622.6263427734375,1624.7934081107935,1601.2388501503588,1609.9068814748027,730291
2016-07-26,1601.568359375,1615.9837927673327,1596.1037717258441,1613.2042863224199,1442774
2016-07-27,1619.9884033203125,1639.3973372996363,1572.3139980082362,1598.2240133965925,1857306
2016-07-28,1606.3736572265625,1642.2237395422765,1598.6949635353074,1634.6862811852266,840430
2016-07-29,1639.255859375,1648.8190327675495,1605.2902563074815,1607.363011372251,689102
2016-08-01,1624.65185546875,1646.8402923097062,1607.127289530737,1642.2235765218084,987009
2016-08-02,1603.547119140625,1644.1081131520357,1598.8833627616073,1640.3393839528333,620695
2016-08-03,1582.7252197265625,1619.0464004205003,1576.8365792127925,1614.85361936719,820971
2016-08-04,1561.8084716796875,1581.5942994613188,1547.0632960684989,1573.4443997773403,947868
2016-08-05,1577.8255615234375,1596.0567654461968,1565.4829967884223,1569.2045707500831,589782
2016-08-08,1595.3974609375,1613.0162253377678,1576.6480086801982,1589.4616659724381,648977
2016-08-09,1514.3226318359375,1628.3266999349564,1505.6074448118388,1610.1425339769735,7455908
2016-08-10,1455.1064453125,1514.0398823367898,1450.9608199672377,1507.4917610049222,3599720
2016-08-11,1489.119140625,1494.0184426309186,1461.3719176066445,1470.1812992006946,2287754
2016-08-12,1490.4852294921875,1502.7807543967924,1481.1105617001615,1498.540934086582,996548
2016-08-16,1499.0592041015625,1507.3974945079171,1485.8686518163722,1504.665142817773,890909
2016-08-17,1502.309814453125,1512.202729505968,1481.1578658927606,1499.9543584881624,783772
2016-08-18,1496.5623779296875,1514.9819727592808,1493.5473255831328,1507.491669531292,605628
2016-08-19,1484.9263916015625,1509.375975156692,1478.283960687172,1507.397415420219,445050
2016-08-22,1455.153564453125,1477.2948508953964,1450.9608987701206,1473.5732764132913,920241
2016-08-23,1465.9415283203125,1468.485374637674,1441.5389826700016,1446.2498943780733,1191811
2016-08-24,1433.71875,1461.466087550797,1418.9265339971887,1455.671643443331,1483246
2016-08-25,1434.1429443359375,1445.778873820688,1419.9160132852,1440.5968706887143,1912866
2016-08-26,1424.674072265625,1451.008140983958,1422.6955121055955,1446.2500735642973,927460
2016-08-29,1394.2884521484375,1424.579636063259,1385.6674611102399,1424.579636063259,1262694
2016-08-30,1421.4705810546875,1424.5798290675743,1394.4299914153505,1394.4299914153505,835375
2016-08-31,1396.5025634765625,1442.4811058671332,1393.0636900806646,1421.4703945056149,1489112
2016-09-01,1414.9222412109375,1423.9201280040552,1395.560349321552,1396.5025316030308,849359
2016-09-02,1430.27978515625,1436.8279056721904,1417.5131698910232,1422.6009769529485,1028961
2016-09-06,1446.6737060546875,1450.0184990848602,1427.4061248301257,1436.827947436265,894622
2016-09-07,1454.1641845703125,1462.2669293464096,1448.9821819212111,1460.3825647467365,595016
2016-09-08,1490.5794677734375,1496.5623020309708,1449.2176441858558,1455.6715695662258,1029854
2016-09-09,1478.80224609375,1496.0912679586536,1473.7614788771898,1492.1811884875071,874115
2016-09-12,1444.7423095703125,1471.50030892505,1439.1834111988644,1465.0934235117736,492173
2016-09-14,1443.611572265625,1459.8642157946474,1434.9435417218049,1453.7871863931352,560365
2016-09-15,1457.226318359375,1465.5646089468346,1441.5389596198374,1443.4233242729351,558667
2016-09-16,1448.4642333984375,1465.2821679051276,1439.654850086601,1454.6826148531156,935307
2016-09-19,1457.9329833984375,1467.8258980191931,1441.5389875958294,1442.8580658810954,652749
2016-09-20,1458.733642578125,1471.5002578432063,1446.3439232088263,1447.003519779566,668059
2016-09-21,1456.37841796875,1469.6161264498683,1449.7359861661255,1463.2092402429041,623879
2016-09-22,1440.266845703125,1469.992625160759,1428.112672298093,1469.8042347254,1230280
2016-09-23,1403.333251953125,1441.3503962794719,1398.1984048943193,1440.5494493879805,1883166
2016-09-26,1408.0916748046875,1416.0060304056226,1380.3914877076677,1410.4471309351736,1632257
2016-09-27,1424.7679443359375,1431.1748296044655,1408.8451564115474,1416.0999136902642,1096606
2016-09-28,1429.903076171875,1440.3612773252619,1421.8003309094534,1424.7681133220738,976298
2016-09-29,1383.40625,1443.2348231483231,1370.87518001276,1443.2348231483231,1473552
2016-09-30,1400.3182373046875,1403.3803293290712,1374.4553829806505,1383.7828943680272,860417
2016-10-03,1407.196533203125,1419.4919441982618,1398.7168918219973,1400.318555855656,573882
2016-10-04,1402.3912353515625,1420.810945806504,1395.4662182667412,1417.0422165072823,516358
2016-10-05,1406.1129150390625,1416.0058293826594,1398.669651720906,1403.003667383222,393733
2016-10-06,1400.9310302734375,1417.042326273112,1393.4877663284126,1417.042326273112,551910
2016-10-07,1413.4149169921875,1417.9844785218015,1399.1408309666945,1401.3549365519202,1410496
2016-10-10,1432.3055419921875,1436.733867981387,1412.8495687527786,1418.0315716037092,509938
2016-10-13,1393.7230224609375,1428.819309489276,1389.341852218663,1421.9413334089334,1120826
2016-10-14,1380.014404296875,1403.8045079837202,1366.3527605955182,1403.8045079837202,1162063
2016-10-17,1362.44287109375,1389.7190048794357,1358.7211817003033,1383.7832099044433,497091
2016-10-18,1395.5135498046875,1401.9674765429925,1366.164543674287,1366.164543674287,1488996
2016-10-19,1425.239013671875,1430.7037166122313,1400.2711845706408,1401.967158590056,762863
2016-10-20,1418.78515625,1433.4831767421,1414.2155952173177,1430.2326938973274,460284
2016-10-21,1413.367431640625,1430.6564512304255,1405.971324705816,1420.339602609494,345777
2016-10-24,1440.031494140625,1450.5838902167243,1412.4726610270486,1425.1921224640837,905293
2016-10-25,1438.005859375,1454.7295966420968,1432.6354658069033,1443.423408067158,574243
2016-10-26,1420.1514892578125,1449.9244282448244,1413.2735121603018,1437.2991618670271,483604
2016-10-27,1394.7596435546875,1420.8110089966815,1386.8924437951691,1420.8110089966815,591055
2016-10-28,1402.296875,1417.9370767476248,1397.209068042646,1401.0249520137809,531996
2016-11-01,1421.1407470703125,1454.729571380927,1416.6183407263666,1443.4233830023188,800647
2016-11-02,1406.25439453125,1436.3099212395418,1402.1087689469164,1422.6954314928391,633638
2016-11-03,1385.384765625,1414.2155186863295,1380.0142579389571,1402.5324361024145,829710
2016-11-04,1338.7469482421875,1386.8924441922875,1312.4600372009895,1369.1323295772427,2119494
2016-11-07,1430.798095703125,1446.2499092671753,1402.815325874093,1434.9437210514059,4220594
2016-11-08,1420.43408203125,1457.7444799357138,1408.5626074724426,1441.538989587182,1318755
2016-11-09,1441.2091064453125,1474.5152260896332,1302.6611601230798,1349.2049864283415,3320746
2016-11-10,1407.5262451171875,1460.38265230455,1403.851710925019,1457.46191000244,2567989
2016-11-11,1374.45556640625,1410.305533422386,1368.3784216470528,1410.305533422386,834760
2016-11-15,1357.6373291015625,1381.3803883950955,1346.0485576122815,1375.58594514422,1037950
2016-11-16,1325.6976318359375,1370.733876109935,1310.245819339373,1366.8237966196095,1493431
2016-11-17,1331.774658203125,1354.8581241571233,1321.5520034259944,1325.2735774421549,907967
2016-11-18,1335.7789306640625,1343.0808433515226,1326.6868486378248,1332.245747105614,649572
2016-11-21,1317.4066162109375,1352.031821392952,1310.4344430493366,1351.3251845525028,921267
2016-11-22,1331.162353515625,1335.0724333978712,1321.4579440023065,1326.5927919719145,949507
2016-11-23,1400.9310302734375,1409.5048670908081,1333.2352479948715,1341.667734450074,2141284
2016-11-24,1374.1729736328125,1407.8559930413644,1368.4256842327334,1385.0080707852137,1575834
2016-11-25,1421.42333984375,1430.986513123607,1362.0187002439247,1385.007971203819,1241157
2016-11-28,1421.9415283203125,1430.1385836096986,1398.1985795777623,1427.4062318465699,811169
2016-11-29,1430.374267578125,1434.9438293242933,1400.507015780354,1413.179438369216,768031
2016-11-30,1417.8428955078125,1457.650094435985,1410.8236839503213,1441.5388014225814,1689417
2016-12-01,1425.239013671875,1449.0762701018186,1412.3311631226438,1417.9842565040553,1016348
2016-12-02,1403.003662109375,1426.4640247527873,1399.8473743569707,1425.2391417384265,602938
2016-12-05,1447.05078125,1450.9608611185006,1408.7510446082363,1413.2735660245135,1257617
2016-12-06,1438.806640625,1458.4982747006536,1434.9908711231049,1457.4618971203547,656919
2016-12-07,1417.7486572265625,1455.6714905565968,1414.45101954569,1446.2496686112468,777319
2016-12-08,1436.35693359375,1439.4661812260724,1417.984378523184,1428.725279874628,516109
2016-12-09,1424.1556396484375,1439.6073366866153,1414.6866619401485,1437.7701272864913,444998
2016-12-12,1416.571044921875,1436.5924181873154,1411.90728868386,1418.9265006001622,396052
2016-12-13,1407.9031982421875,1421.5648429637556,1390.896760014822,1419.8688686484923,660269
2016-12-14,1400.9779052734375,1416.9950041481363,1396.3141489590344,1411.3419104276543,363044
2016-12-15,1394.8065185546875,1403.8042893422075,1385.007800906325,1393.4874405037108,626694
2016-12-16,1384.4427490234375,1399.1407704784908,1376.5283943899494,1398.1985881414682,625008
2016-12-19,1389.0594482421875,1407.6203940462344,1376.3399868502036,1382.5583671948975,569313
2016-12-20,1365.457763671875,1401.6375887271595,1362.3956710502198,1399.1407825100805,685374
2016-12-21,1380.4384765625,1390.661131934998,1361.4534794350081,1374.644032176939,595663
2016-12-22,1363.71484375,1384.8197527444472,1358.6270357315839,1380.391426408279,542888
2016-12-23,1362.207275390625,1375.586218635369,1356.7425718047475,1364.2328754149225,488669
2016-12-26,1321.8345947265625,1378.7424279148725,1316.5113568102297,1361.4534059354216,877985
2016-12-27,1362.4898681640625,1368.5198581836871,1322.8240143820287,1323.719041606136,841430
2016-12-28,1370.262939453125,1383.6890385454979,1363.6206225938715,1366.1644690484793,582828
2016-12-29,1382.9822998046875,1385.290715503518,1367.1537057858775,1379.3549208636575,487712
2016-12-30,1400.9779052734375,1403.8044521336785,1385.0079615180705,1385.0079615180705,427683
2017-01-02,1418.6907958984375,1422.6950701023682,1390.8492668990616,1401.9670624584926,432507
2017-01-03,1418.4554443359375,1427.3590210137554,1405.830178587441,1427.3590210137554,575773
2017-01-04,1402.909423828125,1423.401888548247,1399.1406946841944,1418.8323274637285,650696
2017-01-05,1424.674072265625,1430.23297177238,1400.7426148210825,1413.1794922787813,663374
2017-01-06,1424.6270751953125,1439.4664493626663,1418.9268251450708,1425.7576481744877,442853
2017-01-09,1403.3807373046875,1432.2114968208327,1400.5541899989378,1423.6376596625598,443260
2017-01-10,1402.4383544921875,1415.063620323167,1397.633247761457,1403.851627943137,633637
2017-01-11,1433.7659912109375,1437.2991750236802,1406.2071574715455,1406.2071574715455,747080
2017-01-12,1404.7939453125,1433.0594170491702,1399.2350462017885,1408.5626748773893,859263
2017-01-13,1409.7401123046875,1420.7635980049372,1401.1191221993768,1413.2732955435465,397553
2017-01-16,1421.8944091796875,1425.5217879508923,1406.7252974921585,1412.2840809275835,372811
2017-01-17,1407.620361328125,1421.8944462276247,1403.898787234562,1416.1000020590172,427552
2017-01-18,1410.3526611328125,1423.4018625528588,1404.3226716101515,1405.8301402376958,451242
2017-01-19,1393.6290283203125,1417.984418756252,1385.5262832156322,1406.6782306997236,444368
2017-01-20,1380.626953125,1402.3913435039758,1371.1109339130885,1397.2564954427833,573900
2017-01-23,1397.491943359375,1409.5047680873924,1366.2115359549455,1375.5862041494606,812744
2017-01-24,1417.70166015625,1422.5068818940413,1392.0743476129724,1392.0743476129724,432795
2017-01-25,1431.4105224609375,1441.3505921697115,1415.4405777759805,1427.4062475091791,846726
2017-01-27,1406.018798828125,1430.8923214227852,1402.1087189843631,1430.232839767812,727852
2017-01-30,1412.99072265625,1421.6117135411573,1401.0250536769156,1407.7145248782558,452570
2017-01-31,1385.66748046875,1422.7424464617034,1381.569010413411,1422.6952913411003,688000
2017-02-01,1388.87109375,1398.952514734472,1352.691265521737,1385.9503512264625,894488
2017-02-02,1395.7960205078125,1406.1129864259822,1366.1644310935744,1396.9737484656519,1006697
2017-02-03,1405.736083984375,1418.8794819281584,1392.5455309174974,1392.5455309174974,472175
2017-02-06,1409.64599609375,1482.61796533851,1398.9522505606144,1414.2155570029554,2848834
2017-02-07,1381.3807373046875,1424.391386510437,1376.5284749824343,1408.562676316728,1101632
2017-02-08,1400.7894287109375,1404.793703183459,1382.1813296915723,1388.7766052933725,955712
2017-02-09,1405.1234130859375,1432.1169563512374,1390.42539364167,1412.2839748651984,3701844
2017-02-10,1381.2864990234375,1421.7531855017394,1376.5284320861772,1421.7531855017394,1510360
2017-02-13,1363.903076171875,1393.4876234311255,1361.4534251913294,1393.4876234311255,863549
2017-02-14,1348.686767578125,1371.7702332477513,1343.1279841819578,1364.562630875182,797448
2017-02-15,1350.0531005859375,1358.6269368939347,1345.9074752794631,1349.2522685978954,1298433
2017-02-16,1357.6373291015625,1365.221941447928,1342.3268690956766,1350.1470269805939,1169195
2017-02-17,1374.3612060546875,1380.2498451342606,1361.500510314886,1372.7123871124072,1093407
2017-02-20,1379.873291015625,1382.1815919091778,1364.8454126073395,1375.5863150561688,2218830
2017-02-21,1385.9503173828125,1387.8346821923064,1373.6547909958642,1383.1237701685716,1196203
2017-02-22,1368.802490234375,1390.6610735700474,1362.631150169838,1385.9501620742137,680057
2017-02-23,1366.164306640625,1380.9094823320363,1361.3120448938525,1366.164306640625,1225360
2017-02-27,1379.4490966796875,1384.065812999884,1366.4470498128455,1368.1429089628743,867741
2017-02-28,1388.87109375,1392.5456282207422,1376.7640725558588,1382.1344663890566,1456387
2017-03-01,1384.8194580078125,1393.8643842196504,1381.5688603764254,1393.8643842196504,1381676
2017-03-02,1376.43408203125,1397.6802229156754,1369.98015657434,1392.5453756208485,1559024
2017-03-03,1390.7552490234375,1393.4876006546694,1373.277836629885,1377.8473977133751,465086
2017-03-06,1391.8389892578125,1396.7382918695928,1385.0081666671074,1389.6719236723118,457610
2017-03-07,1373.042236328125,1394.4297273576037,1356.7895925464231,1394.3825722402005,966032
2017-03-08,1365.834716796875,1378.6955293487783,1358.6269985524018,1375.5862814746924,766037
2017-03-09,1369.414794921875,1374.0786662360078,1359.569036057293,1366.4940528434452,703101
2017-03-10,1363.4320068359375,1373.089375577451,1356.7425353930946,1371.8174524530177,369219
2017-03-14,1363.29052734375,1378.459753208334,1356.7424068711343,1378.4125980919925,683469
2017-03-15,1366.023193359375,1371.582092781185,1360.0875129699891,1365.222361284518,413467
2017-03-16,1371.2523193359375,1374.9268537825087,1366.1645112570313,1368.9439033956223,1092308
2017-03-17,1372.3358154296875,1390.1429707109767,1368.1901898831838,1383.0295626259244,1149979
2017-03-20,1380.014404296875,1384.0658342960667,1373.3249327973294,1382.1814696476038,469478
2017-03-21,1370.31005859375,1380.2971686889318,1364.280068437934,1379.354986321226,481477
2017-03-22,1383.264892578125,1389.718817984574,1359.5689860011798,1366.211416865014,808660
2017-03-23,1404.0870361328125,1408.8921423933787,1381.757363797694,1393.487486287824,927873
2017-03-24,1401.77880859375,1411.389021614436,1389.718829693787,1408.468279618932,423331
2017-03-27,1373.4661865234375,1400.930822345113,1370.875185314081,1400.930822345113,714403
2017-03-28,1371.534912109375,1388.6827012774056,1367.6249470498065,1388.6827012774056,337687
2017-03-29,1370.262939453125,1378.789736109772,1363.8090130673613,1376.340084891909,616204
2017-03-30,1363.29052734375,1372.7595047300297,1361.4533180061035,1372.7595047300297,1258490
2017-03-31,1361.641845703125,1370.8752784634073,1357.7318810769502,1368.9909138194714,538488
2017-04-03,1351.65478515625,1369.9331458684098,1347.367924443182,1366.1644164437375,968565
2017-04-05,1370.8280029296875,1372.8066776420071,1356.7424244585302,1360.5111534153596,614057
2017-04-06,1364.656982421875,1372.7597278887254,1356.1301858764552,1372.7597278887254,468167
2017-04-07,1328.5242919921875,1364.2800667986596,1324.802602636724,1362.0659612397108,1036712
2017-04-10,1333.517822265625,1337.4279021853981,1316.2287984170491,1323.7662575346842,1263154
2017-04-11,1346.802734375,1350.5714643911042,1334.130425700855,1340.2074568468179,728077
2017-04-12,1356.2242431640625,1360.9351545856787,1326.6398114463022,1345.436302013556,782828
2017-04-13,1351.701904296875,1370.7810965013925,1347.3207334548208,1363.8089242488481,747073
2017-04-17,1335.0252685546875,1359.0509190866553,1329.56067979413,1351.8433159370625,539429
2017-04-18,1333.140869140625,1346.3314220308605,1329.9375411629915,1337.8989360096002,387950
2017-04-19,1328.712646484375,1340.5841209792727,1326.639891339033,1340.5841209792727,345971
2017-04-20,1344.918212890625,1347.4621743630223,1328.4771761132306,1329.419358507637,479647
2017-04-21,1326.4512939453125,1348.6397325447738,1324.8966701877891,1344.9180435479773,402801
2017-04-24,1282.7811279296875,1323.7660556307094,1277.5991255766846,1323.7660556307094,1326184
2017-04-25,1297.7147216796875,1301.2479051788405,1282.7811557590983,1287.068131076397,937866
2017-04-26,1291.779296875,1302.09614871984,1287.8220615689265,1297.7149773153508,470446
2017-04-27,1258.9439697265625,1290.6955829116898,1254.986849988352,1289.847595821362,1850221
2017-04-28,1260.9698486328125,1292.6743108182839,1242.4559406393646,1262.5244726650878,2257402
2017-05-02,1228.417236328125,1275.7147382248218,1225.779080081605,1275.7147382248218,1289019
2017-05-03,1191.7664794921875,1236.4729860687662,1188.4688412617236,1232.374515841974,1825156
2017-05-04,1188.7984619140625,1210.185953127575,1186.2074607091774,1196.5714655287175,1359127
2017-05-05,1179.942138671875,1198.9271375658905,1177.6808778460675,1191.8607693680563,779255
2017-05-08,1205.804931640625,1210.7042335066303,1175.9848393848322,1182.2503745685115,1359954
2017-05-09,1177.869384765625,1209.6208865680205,1171.2269526466132,1209.2911457208895,1761286
2017-05-10,1186.1134033203125,1199.350996552441,1179.3296212789853,1182.4388690911555,1092939
2017-05-11,1186.8670654296875,1200.2461238651215,1184.0405183674472,1189.9763132031496,575036
2017-05-12,1181.449462890625,1192.049013889529,1173.016977212048,1189.9762588102944,900384
2017-05-15,1210.2332763671875,1218.194671534086,1179.6123487829652,1181.449558433019,951808
2017-05-16,1218.1474609375,1224.7897768301898,1203.732026425735,1203.732026425735,863382
2017-05-17,1224.1304931640625,1230.5844196540954,1212.588758670116,1223.8949475621453,1423295
2017-05-18,1230.3487548828125,1245.8947631035942,1209.9976398508327,1215.415188170196,1137197
2017-05-19,1241.984619140625,1245.5178026441117,1229.5007040949722,1241.7962286920992,954830
2017-05-22,1192.755615234375,1250.2758896201613,1185.265312089045,1243.7748088645524,2143969
2017-05-23,1178.29296875,1191.8604146544897,1160.2031175523266,1191.8604146544897,2071339
2017-05-24,1157.470947265625,1201.2352687823952,1100.092022603806,1160.9569757456793,4063564
2017-05-25,1074.2762451171875,1111.7751478022954,1042.9958378111364,1104.284844294556,8375080
2017-05-26,1048.22509765625,1095.7581547529574,1036.4006622770878,1065.6083173048964,3585744
2017-05-29,1046.0106201171875,1063.1584049627406,1017.6509592336461,1049.5438033255807,2573360
2017-05-30,1064.5718994140625,1076.2078288619414,1046.0108374290367,1046.0108374290367,1442595
2017-05-31,1093.8736572265625,1116.4860325697473,1071.7323730363607,1078.798740331106,2459672
2017-06-01,1080.0235595703125,1120.1605004323217,1076.443221014026,1083.5095878915797,1498211
2017-06-02,1099.6209716796875,1105.1798704157345,1085.3940415336115,1091.8951225973788,1059875
2017-06-05,1089.3511962890625,1102.3533588341556,1081.6253469586416,1092.9315352543765,1345701
2017-06-06,1084.45166015625,1097.6422103232244,1075.7364752244991,1095.6636508006723,1352183
2017-06-07,1087.702392578125,1098.537489848432,1078.7988151740453,1085.5354421315615,928260
2017-06-08,1100.186279296875,1110.26769940545,1085.1585168848433,1092.6959756520052,1599054
2017-06-09,1093.025634765625,1108.0063559480316,1085.676682024481,1105.1798091216335,769777
2017-06-12,1093.1197509765625,1099.5266359916156,1083.5095384664594,1083.5095384664594,608687
2017-06-13,1111.492431640625,1114.5545241661384,1095.7580329760592,1095.7580329760592,953734
2017-06-14,1112.7174072265625,1124.494687150637,1107.5354040599698,1114.5546168897183,970978
2017-06-15,1113.9891357421875,1124.9655817153566,1106.1690922469636,1110.738653056293,1034068
2017-06-16,1065.6553955078125,1120.6787528687241,1040.6875631734113,1117.4282697584883,3285283
2017-06-19,1066.267822265625,1075.5012561906165,1048.8374471105428,1070.3192527661326,1172788
2017-06-20,1048.50732421875,1064.5715749863916,1045.8221282433205,1064.5715749863916,1777105
2017-06-21,1031.6898193359375,1047.7069215539384,1026.0367244354666,1046.7647390705265,2025842
2017-06-22,1005.2615356445312,1025.9895498872697,1002.4821433760764,1022.362170397292,3041268
2017-06-23,998.7132568359375,1022.2678147801813,996.8760473212825,1004.366350742556,2050708
2017-06-27,1000.927490234375,1006.4392344954272,987.0302992707152,998.7133845070725,2630627
2017-06-28,1003.1416015625,1007.5699280543342,990.3279433337453,1000.5977549701205,1667010
2017-06-29,994.567626953125,1007.9466848099648,992.1179759409539,1006.9573473759681,4352668
2017-06-30,998.5718994140625,1007.7111368392007,990.7047001188972,998.619054534613,1555017
2017-07-03,993.5311889648438,1003.4241026529717,990.6104469737026,1002.4819203969595,1001764
2017-07-04,983.5440673828125,999.6553607505658,979.8695336292068,998.5247880629091,1052402
2017-07-05,1021.3255615234375,1032.631748551372,976.2892038571713,980.3406335471741,5148183
2017-07-06,1018.7818603515625,1044.6918759758394,1014.3064940164602,1035.458442584734,2336293
2017-07-07,1052.7003173828125,1071.2612624689689,1020.2892236424677,1020.2892236424677,4984299
2017-07-10,1082.4261474609375,1102.353326754772,1069.376945185185,1069.376945185185,511108
2017-07-11,1074.040771484375,1099.2913055886029,1070.3663521665014,1090.1050272689208,1914881
2017-07-12,1074.6531982421875,1086.1478922708898,1071.0258190863563,1078.7988237113507,768916
2017-07-13,1076.019287109375,1085.3939545135925,1072.6744941091363,1085.3939545135925,1249863
2017-07-14,1073.2869873046875,1089.256931243881,1069.6596084614548,1076.9143661479202,855906
2017-07-17,1080.4476318359375,1083.9336605968365,1071.261353736613,1078.798812689905,523872
2017-07-18,1089.4925537109375,1097.4069085717779,1080.9658723234363,1081.6253539732998,1073451
2017-07-19,1104.5201416015625,1109.3722874934263,1096.7941792358201,1101.3166994017408,794526
2017-07-20,1098.6318359375,1107.9593497079825,1095.3341975302587,1104.23777522481,406805
2017-07-21,1076.8201904296875,1090.246288413621,1065.8437434613775,1090.246288413621,1439189
2017-07-24,1082.6053466796875,1114.5665795500477,1079.285925993416,1105.604190005997,1549104
2017-07-25,1062.6416015625,1083.032333348153,1056.6667124095784,1081.1829877043938,1757281
2017-07-26,1065.628662109375,1070.4181573863711,1057.946598800091,1063.7318506368513,1114455
2017-07-27,1052.7781982421875,1073.8327665658992,1047.988701307413,1073.7852999537827,1625717
2017-07-28,1009.0090942382812,1053.7264570878099,1000.9001772105645,1053.1099700775505,2321289
2017-07-31,978.7548828125,1033.6676072410141,976.8580710241037,1033.6676072410141,4692583
2017-08-01,965.3825073242188,985.2042162229874,963.6753301856764,984.44544510092,2668911
2017-08-02,981.5526733398438,1000.5682585916296,967.3740509606278,973.1593039933035,7625546
2017-08-03,942.1465454101562,1005.3103619801244,934.1799118400213,978.7549939278192,7852897
2017-08-04,941.5774536132812,946.3194835548128,913.3149667389748,938.447725429092,4195398
2017-08-07,934.2273559570312,952.1996619505511,929.9595287869341,942.5259087877756,1416550
2017-08-08,924.2215576171875,941.2454552480033,920.3331165476877,937.7837505283464,1097894
2017-08-09,903.7835693359375,927.3514368476389,900.9857598727943,923.7475053853701,1347325
2017-08-10,888.3720092773438,921.7084491044016,870.2100092295944,901.7445121905521,2148029
2017-08-11,892.3551635742188,905.5853800019237,872.5334564631681,882.0175157725504,1617852
2017-08-14,916.96630859375,919.7641178424378,894.3942576011758,894.8210518740448,1380569
2017-08-16,911.4181518554688,923.7948383861701,901.4598890100136,923.7474296641276,1973545
2017-08-17,904.7318115234375,918.4836969463844,901.9340025670659,914.2632791531562,1127740
2017-08-18,889.9367065429688,901.9340650527392,886.1905493219288,901.9340650527392,1834424
2017-08-21,875.758056640625,895.2951955934126,872.5334533325631,895.2003781551006,1160593
2017-08-22,895.6746215820312,901.886669110804,886.7595823060095,899.0888599209593,2324978
2017-08-23,906.5338134765625,910.1852111532796,892.4500081286558,899.0888498469349,1452649
2017-08-24,941.2928466796875,948.2161981057535,905.7276257723945,909.0470463904086,2451008
2017-08-28,940.0599975585938,955.9932060827517,935.1282749976123,951.2511762906746,1659832
2017-08-29,938.2579956054688,947.4101361856796,932.3304584126133,936.7405692385399,1024339
2017-08-30,937.025146484375,946.8885922333911,934.9860503897071,943.6639886153371,700248
2017-08-31,928.916259765625,944.3752658467536,924.3164559761077,928.489465492314,1957294
2017-09-01,944.1854858398438,957.3209423375907,931.3345974220854,934.1798151331508,1558803
2017-09-04,946.0823364257812,954.5231724690275,934.2272621437528,943.6639128494685,907385
2017-09-05,941.4352416992188,953.1954414005917,935.1757273499688,953.1480326776801,713041
2017-09-06,921.234130859375,940.2022505693419,917.1085879769003,936.0767076868672,1338780
2017-09-07,928.0152587890625,931.0501695263504,920.2857268363252,925.5494263759515,936915
2017-09-08,919.9064331054688,935.6025412006964,910.6594743860499,928.0152930206604,714426
2017-09-11,926.8771362304688,932.2356530768312,918.1992563991115,924.695814092395,799559
2017-09-12,931.1923828125,937.0251027095171,925.7865150672922,928.4894489398961,1076841
2017-09-13,941.1980590820312,956.9415742149719,923.7473669825398,934.8437278346021,2392504
2017-09-14,952.3892822265625,965.2401714831378,944.1855474697331,946.4143362205425,2388352
2017-09-15,957.4631958007812,962.632019700532,938.9692801513622,940.58158181084,2254311
2017-09-18,957.98486328125,963.5804817529593,948.5008034214768,963.5330730308818,1321720
2017-09-19,953.3377685546875,968.9864683061083,949.8286546089648,957.8901059960605,1593299
2017-09-20,950.539794921875,957.7951230712292,945.5606640430126,957.7951230712292,1900325
2017-09-21,977.237548828125,986.247405673913,952.6264019721457,954.0964196697633,4073455
2017-09-22,962.0630493164062,990.79968104857,954.1912333731117,976.8581594507318,2128564
2017-09-25,940.5343017578125,964.0073517547568,931.5244441832278,962.1579483595933,1824414
2017-09-26,954.0963745117188,960.1661956749826,941.7670973062989,943.6639091840558,1967659
2017-09-27,948.7379150390625,959.5971752715703,944.1381691124456,957.8900560558212,2086318
2017-09-28,953.0057983398438,956.8468891599057,944.612427932837,950.208046794916,2447775
2017-09-29,961.6836547851562,965.2875858984513,954.8551202153776,961.399144571021,1198488
2017-10-03,968.6543579101562,971.9264277794847,962.1578005483274,967.3740330796392,1499941
2017-10-04,974.4871826171875,983.8764253413735,966.093812519892,971.8315994602921,1012019
2017-10-05,976.099365234375,984.919586948771,970.26670332691,977.8065422669071,491692
2017-10-06,985.2988891601562,990.989324424411,972.2108417434896,982.5484889613261,1107877
2017-10-09,986.294677734375,993.7871075621579,980.4620740178292,993.7871075621579,388342
2017-10-10,1007.2069702148438,1015.7426225048001,987.9542859630649,999.9991092133193,2413682
2017-10-11,992.0802001953125,1014.2728092657344,984.9196881707857,1011.9492607397481,1432162
2017-10-12,1006.4959106445312,1009.104027256331,998.1498911778834,1002.4651849717499,851033
2017-10-13,1007.302001953125,1013.4666410296707,1000.5683424239571,1000.5683424239571,625422
2017-10-16,1015.0790405273438,1019.5365026486394,1008.8669345976652,1012.0440717072886,686446
2017-10-17,1011.1904296875,1014.3676824014916,1006.0691299113694,1010.0523887977414,602214
2017-10-18,995.0675659179688,1013.5614836061347,992.5543825422257,1013.5614836061347,599551
2017-10-19,996.9642333984375,1002.465033914228,992.3171371172609,1000.5682221187423,94104
2017-10-23,984.8720703125,1003.6980202319492,974.9612748681024,1003.4134521502455,545519
2017-10-24,973.396484375,989.8513054799571,970.5038576242004,982.5486255181016,370317
2017-10-25,951.3934936523438,983.3547292611958,947.552403077379,981.6950187758533,1086901
2017-10-26,941.7672119140625,959.644642883062,939.2065039902461,957.8901148370626,2312486
2017-10-27,949.4491577148438,968.7492532103562,947.4575284071684,950.3027462101929,1163414
2017-10-30,973.01708984375,1033.7625404808948,941.2929554378791,957.1313472224685,8196443
2017-10-31,975.0088500976562,984.3506261916143,957.8900752168246,972.1161654428171,2036136
2017-11-01,975.1035766601562,985.3937578100838,972.3531763183719,975.0087592219309,591994
2017-11-02,1006.5433349609375,1009.7678227458937,978.4704247194001,978.4704247194001,1711143
2017-11-03,993.6449584960938,1014.4150738574953,987.4329684180763,1010.0524292424416,780125
2017-11-06,981.173583984375,1001.2322805230713,978.0437975234082,990.6101784370424,470881
2017-11-07,815.5343627929688,987.8123401227098,801.8298841756529,983.4970464067336,25028579
2017-11-08,797.8465576171875,836.4941026072622,793.5313218396893,818.000185372748,12540687
2017-11-09,787.603759765625,809.938709076882,784.9482345917747,807.0934911293051,5008246
2017-11-10,790.306640625,802.2565899345428,787.7459330668049,791.9189422643158,2761475
2017-11-13,784.4740600585938,797.6094602386389,781.0123549423533,796.8507470023163,2045817
2017-11-14,791.9189453125,801.4030045377995,786.2285097773204,787.0820982620388,2956627
2017-11-15,781.1546020507812,791.3024996430563,776.2702881401725,782.4349269586345,1762158
2017-11-16,786.228515625,791.6344410008487,777.6928622587454,783.0987876345941,2007600
2017-11-17,786.7501831054688,796.5662199044784,784.4265768359771,790.9706013686503,1582945
2017-11-20,783.5255737304688,789.0737252063847,780.2061530114515,787.1769133669463,2005483
2017-11-21,794.2425537109375,805.6708335334556,786.2285120650203,787.1769179903098,2340880
2017-11-22,784.7112426757812,798.3208472710706,782.6247376456371,795.3333448544873,1577310
2017-11-23,784.6636962890625,792.7251474466981,782.7668842519718,789.0738074297423,1680075
2017-11-24,786.5604858398438,792.3932058415949,785.2801609058534,787.1769728887178,1257977
2017-11-27,788.5521850585938,791.7767307464807,785.2801727615323,786.2285787672829,1052203
2017-11-28,789.3582763671875,796.5661964627557,788.1253601847936,788.5521544480356,1044438
2017-11-29,791.587158203125,796.1394958120686,789.5480619757094,790.1170824695349,788695
2017-11-30,775.5115356445312,790.8757231907999,772.9508280724692,789.8324419427208,3637833
2017-12-01,772.1921997070312,780.7752626846788,769.2521062880618,779.6845725978479,1747415
2017-12-04,772.4291381835938,777.5979615233583,767.3077235580091,777.4082687805408,1037841
2017-12-05,767.2129516601562,776.7444192198832,765.3635486086029,770.8642911601681,1034003
2017-12-06,767.5924072265625,771.433498006994,764.6523716497026,767.0707954804888,833724
2017-12-07,776.6497192382812,781.4865668251092,768.588268002828,769.1572884650043,1536602
2017-12-08,780.3958129882812,786.2285327366078,769.157225632556,772.4766464583439,1754006
2017-12-11,795.8549194335938,798.5578533838344,782.4823600787552,785.2801693608252,1633544
2017-12-12,803.1101684570312,809.4170913483987,796.6610194010065,798.1784458073274,2487565
2017-12-13,801.64013671875,811.8355007763976,797.6568201143549,804.9595575747283,2061866
2017-12-14,808.8005981445312,811.7881000989545,800.0752516594299,802.0195302032231,1607943
2017-12-15,815.91357421875,824.1647170251053,810.8870345874167,814.2064551968389,3114671
2017-12-18,822.4103393554688,829.8553037835391,799.6011272683,820.37124316887,1539705
2017-12-19,822.3153686523438,827.0099896893842,815.723935712346,824.8286675782043,984692
2017-12-20,829.1912841796875,842.943170018044,818.5691262997362,822.2679325417356,2218529
2017-12-21,833.506591796875,839.9083323110941,830.8036578453149,833.1272641276976,1039753
2017-12-22,826.6780395507812,837.4424235392281,823.2163348041337,834.5972057922093,1536820
2017-12-26,827.1997680664062,831.1830850520837,819.7547458451269,827.0100752792575,1383753
2017-12-27,829.9500732421875,839.5290086407548,825.1132257628487,827.9110350596112,3710542
2017-12-28,835.1188354492188,843.1328771864231,829.9974781259808,832.6055944502358,2380146
2017-12-29,839.4341430664062,853.4705984364944,836.0673132809753,848.823385795572,2616172
2018-01-01,837.6796264648438,845.9781792319735,834.786999648952,843.6071641556507,1032734
2018-01-02,829.9974365234375,842.1844290369298,826.2986304036319,842.089611602515,1199522
2018-01-03,833.6015014648438,839.1970623760886,827.8161898820315,833.3643999545509,3960088
2018-01-04,832.8427734375,837.158009271071,825.1606499085981,834.8344029341913,1924978
2018-01-05,853.7076416015625,857.738366901124,830.8036146860827,834.5972384974348,2694063
2018-01-08,875.6632690429688,879.1723829036248,858.3074504075302,859.6352419935437,3798830
2018-01-09,875.6158447265625,884.3886002789272,867.9337792351515,876.7539435105775,1729594
2018-01-10,878.0341796875,884.8627138150619,867.8388161574766,875.615756194808,1583387
2018-01-11,881.2587890625,886.7121230815922,877.891959636629,881.6855833020844,915497
2018-01-12,871.679931640625,888.6564221988674,861.3897496927656,882.965986197594,1291426
2018-01-15,869.261474609375,876.9910063693717,866.8430509787235,872.4386693200089,614597
2018-01-16,859.9671020507812,876.4219222606412,858.3073916249871,872.5334809889371,963028
2018-01-17,871.9171142578125,873.0078044139702,848.3018373871909,861.152728308403,1479797
2018-01-18,873.5293579101562,879.1723853371692,868.1234319894371,876.1848832034241,2318124
2018-01-19,876.4219360351562,878.2239305373538,859.6351966307467,877.2755245648513,1343268
2018-01-22,882.06494140625,884.862750533389,871.1582729913154,877.275502940391,1132432
2018-01-23,888.9884033203125,892.8294941987045,878.3188350716956,882.1124593378705,1507345
2018-01-24,909.5686645507812,912.3664735260285,885.1946214043103,888.6563260851233,1976531
2018-01-25,900.6536865234375,919.9537234432967,896.385859971381,916.1600998414687,2611485
2018-01-29,865.1359252929688,904.7792827064495,861.1526086975431,900.65373994918,1520775
2018-01-30,856.1734619140625,866.4162344838057,851.3366147768825,864.377196445471,941196
2018-01-31,838.1537475585938,855.1776457198903,830.8036015403997,853.5653440483558,1590192
2018-02-01,816.0084228515625,840.5246911106171,808.2314832437563,838.3433692158433,1834018
2018-02-02,803.2998657226562,833.1746541173005,801.4030537610915,816.3878566802313,2532888
2018-02-05,805.29150390625,813.2581373861082,790.9705965947687,799.5062505148561,1407031
2018-02-06,759.5784301757812,791.8242359427003,748.671760578147,781.4865868218022,4675402
2018-02-07,764.4625854492188,771.5282211785976,741.4637417324628,754.9311174654747,5037897
2018-02-08,770.532470703125,773.8993004452423,758.7248043580806,768.1140469664554,2057573
2018-02-09,779.7319946289062,786.5130626109105,757.7763731777612,762.5184030474593,2767071
2018-02-12,797.0878295898438,803.2998772760914,782.9091483960017,786.0388766003751,1781070
2018-02-14,784.9006958007812,803.9162803105476,782.4348636274265,803.9162803105476,1135323
2018-02-15,779.874267578125,789.3583278864717,776.7445392535926,787.177005592774,872676
2018-02-16,782.5297241210938,786.9872436515266,778.8309756575386,781.0122977595488,589728
2018-02-19,772.3817749023438,791.9189129537073,765.3635482079542,783.288442565778,1260233
2018-02-20,773.7095947265625,779.9691089894909,768.2088515641886,770.1056635433595,740252
2018-02-21,771.955078125,785.232762173982,769.6314718392065,774.6580120805279,1184810
2018-02-22,758.772216796875,773.4251012300181,755.1682855357473,771.0540862047881,1669008
2018-02-23,765.8378295898438,772.7611816733107,761.6648201193696,761.6648201193696,1754473
2018-02-26,778.92578125,781.9606918130324,768.3510898279751,771.0540235827718,1034951
2018-02-27,783.6678466796875,788.552160612326,776.8867786804587,782.1504202719724,976292
2018-02-28,777.6455078125,786.1337530519031,773.0457040013289,781.3917230730308,882036
2018-03-01,762.4235229492188,781.7235597783874,760.9060387839568,777.6928347203855,1311644
2018-03-05,749.3829956054688,764.4152069803546,748.2923055924315,762.5183950523636,1944252
2018-03-06,733.4972534179688,753.9828006975717,728.7552232249024,751.1375825817319,2526715
2018-03-07,722.4483032226562,733.4972567775521,716.9949684756523,732.1694651629676,1288034
2018-03-08,731.3633422851562,734.445661920992,711.4468154074476,725.5306219736686,1345222
2018-03-09,725.056396484375,740.7050956890738,722.68538145336,735.0146596146378,813679
2018-03-12,730.0828247070312,733.7816307421009,721.9265574067499,728.3757057239608,1174238
2018-03-13,740.3257446289062,744.4039369811834,728.9448719496849,730.272663583372,881387
2018-03-14,741.2266845703125,746.2058159819619,737.4330606376274,739.6618494297443,698211
2018-03-15,736.5794067382812,751.1374129896388,733.8764154068492,740.7049489203382,834688
2018-03-16,722.5430297851562,743.4554267107198,720.7885019808286,736.4371997212019,1419793
2018-03-19,727.0480346679688,732.7384708105914,720.1246822716665,726.8583997721025,1196025
2018-03-20,731.9323120117188,734.066225457817,718.1804253590852,720.7885417932054,975082
2018-03-21,728.2335205078125,739.756676507859,725.5305865750155,731.8849183222405,758910
2018-03-22,719.365966796875,735.0146661405117,717.9433577656354,729.3242300155529,729009
2018-03-23,696.6041259765625,714.1022262185446,693.7114995902314,712.2528231564308,1701513
2018-03-26,701.9627075195312,705.6140473790797,689.5859632021819,696.6041905913091,1276440
2018-03-27,710.1189575195312,713.9599900531003,702.5791186137221,702.5791186137221,949924
2018-03-28,697.8844604492188,716.7103523522231,695.0392427407035,710.5457139837733,2223129
2018-04-02,737.0062866210938,739.6618697558354,701.8204468329657,704.4759720815983,2124403
2018-04-03,747.8180541992188,757.776316176507,726.8108403022126,733.1177627089361,2357152
2018-04-04,735.2044067382812,755.215751924778,731.3159070683259,751.1376173472115,1480947
2018-04-05,746.1109619140625,749.2406899276788,739.329836312807,742.6018483713575,660905
2018-04-06,767.307861328125,799.3165637699462,744.7832188690656,747.343926641633,5616503
2018-04-09,752.89208984375,775.9858109790257,750.1891558626581,768.0191773198459,1897323
2018-04-10,748.956298828125,763.4669003887252,745.1152657512182,757.7764638640888,1135605
2018-04-11,748.9088745117188,757.68163063792,740.7999563240157,751.1376056163626,1208659
2018-04-12,733.4497680664062,748.0552438423035,732.1694431014369,744.8306402389675,1138426
2018-04-13,739.6144409179688,742.3648416396509,734.0188799093945,734.0662886350556,1070284
2018-04-16,753.4136962890625,756.3537315267624,731.0312815398055,731.2209743036161,1703440
2018-04-17,763.5142211914062,767.2604363826096,754.0775701308635,754.0775701308635,2205548
2018-04-18,749.7623901367188,771.1015262300255,746.8697632657372,768.2088993590439,1273598
2018-04-19,749.5726928710938,753.982804125138,742.6019316100416,751.279870057247,892965
2018-04-20,758.6298828125,760.2421264916412,744.593429549076,749.2406414925205,1414151
2018-04-23,769.96337890625,775.7012814477742,756.2589586760255,757.7763851037677,2168704
2018-04-24,777.4558715820312,789.9748432140055,772.0025367096962,773.757064775046,2164708
2018-04-25,772.6663208007812,782.4348902779395,769.6314102552096,772.1921178369764,739684
2018-04-26,751.8014526367188,777.6455163037697,748.9562346183278,771.0540829839423,2498590
2018-04-27,760.0999755859375,764.2255183974789,746.4903151963722,753.0343395382378,1357939
2018-04-30,769.6788330078125,777.5980573794053,761.5699737561233,763.4667856459268,990926
2018-05-02,759.2463989257812,777.1712951781029,754.9311632757357,772.002470988001,685644
2018-05-03,756.7805786132812,760.0999996103691,744.7358108466267,758.7247993343539,641614
2018-05-04,754.5516967773438,763.7038366956627,747.9128556014733,757.7762999314928,870956
2018-05-07,733.9713745117188,746.3954690763368,723.6337266902731,744.4986572108314,1945747
2018-05-08,734.872314453125,746.2057769362121,732.6435836637353,742.4121532020309,1360778
2018-05-09,722.8275756835938,739.282394799547,719.9348913963432,735.0145682740846,1058888
2018-05-10,716.568115234375,733.5920138822972,712.395163720296,726.0995836048164,1388309
2018-05-11,713.6280517578125,722.2111138248663,705.187215848228,722.2111138248663,1188722
2018-05-14,715.2877197265625,736.9113620154322,711.3044034897995,713.6754181680988,1709787
2018-05-15,712.0631713867188,733.1177949269119,686.3139847312334,716.0464879299075,5816366
2018-05-16,726.953125,732.1693574690149,711.3992450288597,712.7270364481409,3129549
2018-05-17,723.58642578125,731.9797963822352,715.572382878221,728.1387633595151,1404732
2018-05-18,705.32958984375,728.4232539701849,703.527595197163,724.582221050998,1185047
2018-05-21,698.2638549804688,706.8469169347568,697.078347586614,705.9933863428432,984687
2018-05-22,701.9152221679688,706.989228744619,687.7840082098551,697.0783749655075,1078032
2018-05-23,696.9835205078125,711.209609037273,695.2763435753952,706.7520897208216,744439
2018-05-24,704.0491943359375,708.4593055368964,692.2415855525442,699.9236512533193,1013294
2018-05-25,707.1315307617188,708.7912413563449,695.2764550858175,704.7131069010572,1431158
2018-05-28,742.1277465820312,745.3997590866761,708.9335342748478,708.9335342748478,2532534
2018-05-29,740.7525024414062,757.681584449472,729.2768128762731,742.1277027329575,2602320
2018-05-30,738.9979858398438,749.6201448910664,730.2726388375497,730.2726388375497,1236513
2018-05-31,730.6044921875,744.4512536329843,726.1470305816604,744.4512536329843,1994980
2018-06-01,725.009033203125,741.558730734134,722.3060411666842,730.9839798785588,1297715
2018-06-04,734.0188598632812,739.7567047782494,714.5291274876918,727.1429161329706,1801475
2018-06-05,721.025634765625,738.2392261818184,706.6572612439359,735.4414170083345,1363084
2018-06-06,730.3200073242188,736.7691563580354,717.2320164849219,720.7885388807149,1131792
2018-06-07,727.75927734375,735.9630119066879,722.3059431704723,731.7900026022595,957228
2018-06-08,768.2562866210938,781.4865622065454,723.6812035826135,725.3409141212804,4904878
2018-06-11,767.7346801757812,787.0821863142722,762.8029572496846,769.1572892187259,3448600
2018-06-12,810.88720703125,817.4312322073512,769.1573390670686,772.9509634274488,8989742
2018-06-13,826.9152221679688,836.4940997017195,817.5259795270773,820.3711975532736,6576519
2018-06-14,853.1859741210938,857.8331864558941,818.6640320843828,832.6530199232159,6617748
2018-06-15,866.0843505859375,876.8013265588678,854.7508875729362,863.0494398794697,8180351
2018-06-18,855.6519165039062,869.688313919053,841.4258263089381,863.8081850612443,3507092
2018-06-19,851.5262451171875,873.4818656548093,847.9223141433896,855.4621528997155,4731384
2018-06-20,853.4231567382812,865.8473106638077,849.7718166181944,859.2084683464781,2626824
2018-06-21,853.2335815429688,860.7733638220705,845.0298455223406,860.7733638220705,2196762
2018-06-22,856.3157348632812,862.3854980659821,836.1621089093408,851.6685226653427,3661231
2018-06-25,866.3214721679688,872.5335198899637,857.5013079463027,857.9280443373623,3544163
2018-06-26,855.7941284179688,874.0509438640472,853.1386032030335,869.593481986099,2312136
2018-06-27,847.4954833984375,860.583531039492,832.3209891002659,856.031136441159,2802734
2018-06-28,851.431396484375,862.8596759989247,835.9249831781982,847.4954888460463,4162515
2018-06-29,857.1693115234375,866.6533713054762,847.4955589685366,857.1693115234375,2418127
2018-07-02,843.559814453125,859.2559237793776,838.3909896478694,857.8333146340474,1483033
2018-07-03,856.5054321289062,860.2042386690267,835.5456827645121,844.0813367314595,2304392
2018-07-04,886.0009765625,890.5533141952209,860.8208065722221,861.1053168206208,5674097
2018-07-05,875.0467529296875,897.3817009646783,872.5334540651669,891.501572631801,3051351
2018-07-06,868.5501708984375,890.9799951181227,863.950425124067,874.2406066866597,2783374
2018-07-09,864.4719848632812,881.9226767192961,861.6741758583628,874.8570411297535,1890208
2018-07-10,856.2681884765625,873.4817776066376,853.5652549901996,872.4385543383112,1846761
2018-07-11,853.9921264648438,867.222400691498,849.2975055604047,856.410549995584,2598037
2018-07-12,838.8650512695312,859.6351644441005,836.2095262231743,857.2641496016203,1816416
2018-07-13,820.9401245117188,846.5945504351681,818.2845995669137,841.23603394164,1884162
2018-07-16,775.9384155273438,822.2680268744167,772.2870175852204,822.2680268744167,2929578
2018-07-17,784.7112426757812,788.599684592688,768.5408721067503,778.6414203855645,2386757
2018-07-18,769.1572265625,784.3317217844482,758.7247610974106,777.6928801248458,5728347
2018-07-19,753.555908203125,772.6663105452499,746.5377391636277,771.7653133487588,2616898
2018-07-20,759.3412475585938,761.0009579722667,751.6117159061889,757.7289458652332,3233608
2018-07-23,758.8196411132812,764.415259842253,752.5601844724911,761.5700417535102,2280600
2018-07-24,778.5938110351562,783.3832491043977,757.7762905985638,760.6215082103232,2200804
2018-07-25,755.8322143554688,780.5855891463309,749.2407807200134,780.4433629702662,1812670
2018-07-26,770.9117431640625,773.709552256987,752.0859084586011,755.926940928363,3883354
2018-07-27,773.1879272460938,783.0987806996981,768.682999120465,775.7960435293526,1673216
2018-07-30,782.58740234375,797.7601363686633,772.9494144241834,778.1024338176721,2759758
2018-07-31,786.6907348632812,792.034559194253,777.7206816184532,787.2632666689864,2219822
2018-08-01,805.5850830078125,808.9249879471125,787.2156058416628,787.3110083997434,3182314
2018-08-02,825.2904663085938,827.3421454452606,805.6327638894594,806.7301844962009,3951505
2018-08-03,845.4730834960938,854.8248057280863,823.9068633543567,830.2049465480831,4137701
2018-08-06,833.2108764648438,856.3038867867016,824.9565167076877,855.5881928739998,2530276
2018-08-07,826.9603881835938,849.2900602561956,817.417803236895,837.2664265206815,2701941
2018-08-08,787.7880859375,844.3279015537317,781.1082764976076,828.3917730984682,13275336
2018-08-09,785.2116088867188,805.3942001134288,767.6532868634124,774.9533296791128,9891077
2018-08-10,772.4246215820312,790.0307040853137,769.1324178223408,787.5495968237648,4015679
2018-08-13,774.8101806640625,781.537691266226,764.3610387109243,767.7009433744552,1985586
2018-08-14,798.4758911132812,801.5772315926575,770.6115280806813,777.7207663666856,3243237
2018-08-16,810.881103515625,812.7419191088071,788.2174657298102,795.7561306485221,2434628
2018-08-17,840.9403686523438,844.2802736625941,811.5969174908577,814.6505565774652,4311564
2018-08-20,829.4891967773438,851.198577538557,827.3421151635974,841.6559925885731,2288649
2018-08-21,847.9541015625,851.1032012879641,825.433623681916,832.1134333533304,3430538
2018-08-23,861.981689453125,875.8184376718518,849.2900630804734,860.7411650545921,5023344
2018-08-24,865.7033081054688,872.860246733584,844.9958873594593,863.4130644471456,3452744
2018-08-27,869.138671875,876.9636035993051,864.5582425037763,872.9557060582397,1908650
2018-08-28,860.5025634765625,876.6772559690597,856.9240942633247,871.2379711162756,1776205
2018-08-29,846.522705078125,864.033383768552,842.610268465251,855.9698876708155,2692725
2018-08-30,852.773193359375,858.8327119743099,839.747540597103,844.5188334414047,2421826
2018-08-31,888.8441162109375,896.8121516103679,854.77707516416,855.779034968382,6888252
2018-09-03,893.2814331054688,914.0843167363197,888.9395682167623,893.663159834654,4911304
2018-09-04,874.8641967773438,901.3925719025054,866.4667334760194,897.9572645384739,3294233
2018-09-05,861.5521850585938,884.1204198280537,854.2521431436151,873.5281747388792,3295519
2018-09-06,875.9616088867188,880.3034734485605,861.9339971733466,867.9935154005708,3319935
2018-09-07,915.5156860351562,918.664727635434,865.3216508181512,877.9178754625827,8389509
2018-09-10,901.2017822265625,940.9943164740815,897.1938847376798,920.8594847169757,7326442
2018-09-11,897.2891845703125,915.6109579624657,890.5616743287869,910.0285694785706,4039123
2018-09-12,915.4678955078125,919.0941245087417,879.8263627855724,896.0487577610114,4140290
2018-09-14,924.4378662109375,936.6046613533266,918.0443229972547,929.3523204873454,4037498
2018-09-17,906.7364501953125,933.2648251932465,902.2991248150115,914.6090829231697,2575256
2018-09-18,886.840087890625,919.0940708474147,884.0250719921318,909.8854532928513,2383441
2018-09-19,867.7550048828125,896.6213265438332,860.3595009861873,895.0468348537701,3617661
2018-09-21,849.5286254882812,888.8917884216052,814.555028336256,877.7269523773082,4484082
2018-09-24,821.3779907226562,861.6954117020722,812.6465022901428,855.0156023090328,2679422
2018-09-25,842.180908203125,847.1430645271384,818.2767421368868,821.3303812780738,2487594
2018-09-26,850.9600830078125,868.3753019760127,845.3776936495808,850.2443890776125,2762045
2018-09-27,855.3496704101562,862.6497719769808,833.067755460071,851.1986688091447,6167183
2018-09-28,859.7392578125,876.0093545462029,841.6560465247832,857.2581506205165,4432773
2018-10-01,854.9202880859375,864.1288484688986,839.2704240223031,864.1288484688986,2129770
2018-10-03,856.971923828125,872.0969575796497,851.7235015296758,855.9699639470856,2085452
2018-10-04,815.6524658203125,853.9659685007172,803.5810723063994,849.2900784791789,2757822
2018-10-05,800.3843383789062,826.9127137429801,792.0345762795735,812.0740053179723,2351664
2018-10-08,811.1197509765625,815.8910436293659,780.6311792764857,796.8058730181526,2049160
2018-10-09,829.1552124023438,842.1331043677961,807.3026700228392,819.708030200495,2676148
2018-10-10,818.8491821289062,844.5187586554198,815.8910041247276,834.9284725363011,2151667
2018-10-11,798.2849731445312,822.9525914470515,793.5613817041917,801.5771767692115,1733915
2018-10-12,807.5413208007812,813.9825661956471,797.8078716665418,802.5314632714411,1554768
2018-10-15,846.2365112304688,851.6280955948558,810.1655479526208,810.1655479526208,2996361
2018-10-16,855.4451293945312,869.377281588406,848.3358912109717,848.3358912109717,2574095
2018-10-17,855.635986328125,867.7550238024921,844.5188504792891,858.832729300972,1609068
2018-10-19,839.986083984375,864.3673781531503,819.8989532668122,847.3815877059075,2574321
2018-10-22,842.0855712890625,852.5824166129272,836.1214546277757,844.5189192382022,1526383
2018-10-23,812.0740356445312,840.6540912033641,809.2589612401076,840.6540912033641,1655570
2018-10-24,821.5689086914062,826.3402014322318,803.4856975550136,815.9864612386486,1447748
2018-10-25,812.3603515625,834.6900265679716,808.3047524274742,814.5074334575137,2299649
2018-10-26,816.0341796875,823.0479563661632,800.2411549156177,811.2151276671666,1517769
2018-10-29,847.7155151367188,853.918195386419,813.982500460675,813.982500460675,2001176
2018-10-30,836.55078125,848.669818241723,831.9225923359817,848.3358510465129,1182970
2018-10-31,844.9482421875,873.0511680485629,827.8669908968974,839.3657947409129,4917307
2018-11-01,813.0759887695312,839.9860916238675,809.3066558349664,834.9762342185562,2610053
2018-11-02,811.0243530273438,824.4793750873444,806.4438654599811,818.75382387146,1361060
2018-11-05,814.6505126953125,821.2826210785131,804.4399348510309,810.8334786034927,1225002
2018-11-06,812.0263061523438,817.2270267792612,800.6229050926465,801.5294623430242,1369770
2018-11-07,813.0759887695312,815.8910631507035,811.3583350220885,815.8910631507035,97306
2018-11-09,815.795654296875,821.6166081303195,809.6883763049665,811.1197641240088,1443200
2018-11-12,820.5669555664062,836.69389021612,814.0779507912296,818.7538410127563,1952831
2018-11-13,814.6505126953125,826.0061541724857,808.2569689428507,820.4237651105265,1001954
2018-11-14,801.8157348632812,820.9486068611617,793.0842459616705,818.7538238770549,1465487
2018-11-15,814.6982421875,815.8910653825037,801.7680504023243,802.5314455984627,829607
2018-11-16,825.1474609375,830.109617533895,816.3205684824038,818.6585138083647,1154745
2018-11-19,816.3681640625,834.9762052071158,812.7419933342641,828.2963955654587,1287405
2018-11-20,809.78369140625,822.0459473443908,804.4398674229483,815.4615407905787,875924
2018-11-21,810.6902465820312,818.3243141070099,806.8255115461734,813.5053206305297,1226962
2018-11-22,811.7877807617188,816.7499369964743,805.8713659527148,813.0283052595773,961754
2018-11-26,806.2530517578125,815.7001762173829,795.5176433424018,812.0740054679524,1522060
2018-11-27,812.0740356445312,818.4675796537339,803.4857085930614,810.1655185219823,1956636
2018-11-28,826.9603881835938,830.2048903627979,792.0345505760026,793.9430675653424,4459561
2018-11-29,828.5349731445312,853.1071304246599,821.9028646765706,827.342149975593,4806533
2018-11-30,846.1887817382812,850.8169124769616,826.3879165326773,830.2049507891792,2419585
2018-12-03,860.0733032226562,863.6040718501562,830.4435840083961,845.9979882394631,2378359
2018-12-04,847.047607421875,864.5582281494284,838.1252552206994,859.7869354995971,1450362
2018-12-05,820.0420532226562,849.0992374203787,809.2112420887256,847.3815836966843,3255984
2018-12-06,808.2569580078125,829.2506452287947,806.730167689068,813.0282505580358,1720427
2018-12-07,802.817626953125,819.7080132639197,794.1338983055126,813.9824625309936,2335261
2018-12-10,775.5736083984375,801.5771529433251,771.899736411441,795.8516018508728,2738848
2018-12-11,796.8058471679688,803.4856566651853,765.6015825823083,766.2695751806933,2004151
2018-12-12,784.0664672851562,808.9248878958292,775.8121085159213,798.714310981336,2342740
2018-12-13,808.5432739257812,815.8910765562974,769.323270034263,777.7207337934298,4847312
2018-12-14,805.2510375976562,817.7995605700078,792.5117095138756,811.9786068317726,2701885
2018-12-17,808.6864013671875,816.3681708704904,802.0542929475713,809.2112319090309,1213014
2018-12-18,806.3485107421875,809.6884158162676,798.5235786342498,807.6367365448609,892197
2018-12-19,803.4856567382812,811.7400160579192,799.7640252921668,809.2112077364162,1037755
2018-12-20,815.9388427734375,820.3761687700985,801.1001324920825,801.5772618145912,1520946
2018-12-21,819.1832275390625,828.9643772424542,814.0302083004367,816.0341861124876,1800180
2018-12-24,799.9071655273438,836.7415193124579,794.1339134104948,834.0219059599146,3541535
2018-12-26,795.0882568359375,801.9589302288989,779.6769575427203,790.1261005941698,1441827
2018-12-27,800.336669921875,803.3903089778055,792.1300113188544,798.7144187131006,1217908
2018-12-28,801.8634643554688,813.0283012680247,798.5235593619968,802.5314570028273,1133640
2018-12-31,805.680419921875,811.8831000180594,798.3803775238932,807.3026709803094,1149648
2019-01-01,802.9609375,813.6963471093975,800.6229922030662,809.8793125816117,1122895
2019-01-02,794.70654296875,808.2570266101706,788.2652974792356,803.4857336549748,1115202
2019-01-03,783.493896484375,802.2927997842417,780.8696857208821,797.7600721018448,987539
2019-01-04,790.9849243164062,793.943102482656,782.7782659553297,786.3090341895535,1279403
2019-01-07,782.92138671875,796.8058360454902,781.0605710218368,795.8992788348592,948727
2019-01-08,803.1993408203125,805.1555589741946,783.5893415215147,786.118091442231,1404676
2019-01-09,799.811767578125,806.2530123122364,792.0822389512022,805.3941563836953,928337
2019-01-10,799.6686401367188,804.3445301842487,795.3744767946959,798.3326549107622,737445
2019-01-11,800.9568481445312,803.4856564651747,790.2214400266771,800.1457517173978,824260
2019-01-14,796.5673217773438,802.4837364149499,790.6032058610714,799.4777986958209,922667
2019-01-15,810.8334350585938,813.9824763665658,794.9450082073366,798.2372115833907,1071980
2019-01-16,823.7159423828125,825.910725266921,806.4438287224019,811.5014453273549,1681645
2019-01-17,829.0120849609375,834.976200680081,820.757725508316,824.1453898314435,1995674
2019-01-18,822.8571166992188,827.6761106149257,812.8851034371545,821.7119948174374,1824696
2019-01-21,827.008056640625,839.4611169761897,817.7994398837004,817.7994398837004,1712240
2019-01-22,825.863037109375,832.4951453863266,812.0739900249183,826.3878676399287,1258723
2019-01-23,825.0519409179688,833.6402680957824,819.9466808373746,826.3879262207349,837289
2019-01-24,828.6781005859375,831.1114481002013,818.9446522855654,826.3878568999736,701634
2019-01-25,825.4812622070312,839.1749059384414,815.986378961508,830.2048531928256,1345215
2019-01-28,825.6722412109375,830.8252608706345,805.6805121934558,810.3087012797241,2416180
2019-01-29,821.2825927734375,834.9761788085717,815.8910090072329,824.1930695194785,1468995
2019-01-30,827.2467651367188,832.5905897506844,821.6166163614205,821.6166163614205,930968
2019-01-31,835.6441040039062,845.4252527382231,826.3877857481344,828.4394646336327,2347389
2019-02-01,842.7057495117188,847.3816399665209,830.4912510347398,839.4613052055885,1032450
2019-02-04,816.7499389648438,848.0019073467939,809.7361034812225,842.5626218118056,1352120
2019-02-05,799.3823852539062,816.3681755035036,792.3685500858802,816.3681755035036,1344930
2019-02-06,803.5810546875,812.5511078305186,768.1780878491692,799.6686181585139,6429178
2019-02-07,785.1638793945312,805.9190016966575,773.3311089820676,793.9430692123698,3613894
2019-02-08,792.750244140625,798.0463671353327,768.2734904644757,784.4004823154905,2050927
2019-02-11,782.9691162109375,791.7960075271485,771.0408847025442,783.923374731609,1689390
2019-02-12,773.8558959960938,787.0246508607729,769.3708696653509,784.9252706375196,1711425
2019-02-14,773.140380859375,774.8580348051053,754.3414735387139,756.774821482109,1848763
2019-02-15,739.311767578125,772.90167818613,732.0116668081007,771.9951209689618,2939666
2019-02-18,735.6378784179688,749.0928995585739,725.7135670245802,742.5084928128987,2332485
2019-02-19,728.1947631835938,740.504723246229,726.2862458556395,740.504723246229,1382541
2019-02-20,727.7653198242188,733.3000078672296,718.1749746258838,730.9620627281165,1452620
2019-02-21,734.588134765625,736.6875149802936,720.4651215157016,725.7612442040088,1554032
2019-02-22,742.1268920898438,746.8504835998731,731.9640151513962,736.6399053821971,1503832
2019-02-25,741.8882446289062,748.902020948797,735.256136743556,742.4130751284706,1069147
2019-02-26,740.5999755859375,745.2758653882602,729.1488739410474,741.4588315066302,1303086
2019-02-27,732.8705444335938,751.001456340154,730.0077688694,742.4131296475729,1370928
2019-02-28,728.81494140625,738.1189619348404,726.2384317650537,730.0554658280652,2419997
2019-03-01,750.6196899414062,754.3890225502688,733.2999336398958,735.9241444349715,2349879
2019-03-05,748.7112426757812,755.3910525939712,742.5085620374621,755.3433513146481,1220769
2019-03-06,752.9576416015625,758.2537645141297,745.3235737655549,750.0471648877476,1395812
2019-03-07,755.7727661132812,766.746739358613,749.3792222260329,751.955731940992,1852651
2019-03-08,743.510498046875,763.2159001843471,739.8842693254854,761.4028440669662,1971916
2019-03-11,758.9216918945312,760.5439428189678,743.6058562630874,745.0849451305726,1413263
2019-03-12,763.9793701171875,773.7128189539953,758.2061175513151,758.2061175513151,2029769
2019-03-13,728.3854370117188,768.6074525284001,722.3736206418295,765.3152493457691,3638081
2019-03-14,729.2444458007812,746.2302375123726,720.9423841951374,722.9463039908718,3897827
2019-03-15,749.2360229492188,753.4824263303076,731.9162093014108,731.9162093014108,3651344
2019-03-18,717.1729736328125,727.9560831785881,706.1512994588413,727.3358500912701,4242821
2019-03-19,720.5128784179688,730.7711574302411,717.1252723463003,719.4155160742743,1909056
2019-03-20,718.9384155273438,725.141096108038,712.878838783289,723.3279815640457,1204781
2019-03-22,709.2050170898438,723.3280329984037,706.3899425159213,720.4652571422096,1414802
2019-03-25,695.7022094726562,711.8292028501583,693.7459910228381,709.7775235958844,2523406
2019-03-26,701.1890869140625,704.8630168375495,697.7060785696937,699.4714333784397,1444465
2019-03-27,690.5969848632812,706.9624854853818,689.2609994787598,701.8572250923729,1881343
2019-03-28,691.6943969726562,699.4716286926965,686.8754021753492,695.4637304949048,2916948
2019-04-01,731.15283203125,735.7332609174822,706.1512491296197,706.1512491296197,3236300
2019-04-02,742.174560546875,747.8047090865377,724.3299146555544,731.9162815036364,2666766
2019-04-03,738.2144165039062,753.6734171970121,734.6359468176929,740.9817896919066,2585485
2019-04-04,752.9576416015625,756.2498450045039,735.7332876952333,740.4091775421142,1267750
2019-04-05,752.2897338867188,761.6415146355004,746.2779164363035,757.4427535546873,1350218
2019-04-08,756.39306640625,765.3153605921345,749.4269323648078,751.9557408311746,1883664
2019-04-09,773.6651611328125,776.1939697240077,754.0551585214964,758.6355881598347,2248850
2019-04-10,767.9395751953125,780.1063718200286,762.5002897614813,773.4265619084198,1951096
2019-04-11,772.3291625976562,775.5259638039178,765.7925145866751,768.1781610495619,877285
2019-04-12,794.6587524414062,797.7600925139785,773.9036304172687,774.8101876256068,4350085
2019-04-15,793.5613403320312,796.0424473624803,787.5495234683509,792.0345500389212,776744
2019-04-16,794.849609375,805.8712831261079,788.5992280047453,795.9469716766072,1338479
2019-04-18,797.5692749023438,799.2869286231365,783.3985589016546,794.897362642964,1120493
2019-04-22,793.6091918945312,799.5733081738946,789.0287039973217,793.5614323696378,1088049
2019-04-23,827.9146118164062,831.1591138589908,797.7600679519131,797.7600679519131,4467214
2019-04-24,824.7179565429688,827.91469940638,796.8058937962151,800.1457987402711,2961143
2019-04-25,829.4415283203125,834.8808136056863,814.0779309969472,820.6623381702922,2087687
2019-04-26,828.63037109375,841.0357319817375,821.8551588291765,829.4415257901095,1756524
2019-04-30,832.1611328125,835.1193691779388,823.5251048334203,828.6303646309469,884555
2019-05-02,837.0755004882812,843.5644461174454,827.3420529228791,830.2048281925084,936068
2019-05-03,830.96826171875,840.5108463922388,825.2427109146566,839.7474512670227,848496
2019-05-06,827.7716064453125,830.6343821492608,813.0760012010496,813.0760012010496,849572
2019-05-07,815.6047973632812,830.9683367780223,812.5988596222876,829.2506830303058,793964
2019-05-08,812.0263061523438,819.517212300758,805.3941977332464,811.1197489019661,926036
2019-05-09,825.4336547851562,828.2964304664921,796.8058979717982,808.2570006971415,1349553
2019-05-10,797.6647338867188,827.3421510719012,793.4182717510078,827.3421510719012,1590833
2019-05-13,763.6454467773438,796.8059332197214,747.2798884444239,794.8974160144047,1594702
2019-05-14,773.3311157226562,780.3448924368375,758.1583821963527,760.0668992062868,1569711
2019-05-15,746.373291015625,781.9671205558549,733.0613736140115,772.9493663003543,4169535
2019-05-16,746.802734375,752.6714478840391,702.7160349890006,731.0097666734508,10072198
2019-05-17,718.6998291015625,737.6418374648794,712.163123280236,735.7333204209857,2931867
2019-05-20,724.8070068359375,735.5424145878324,711.9245175336637,734.7790194630272,1925792
2019-05-21,713.2128295898438,740.9817287746046,710.9225858816231,721.4194294315531,1976172
2019-05-22,722.5645751953125,726.1430447057456,707.7258666073805,713.7853850143862,1557588
2019-05-23,715.6461181640625,732.8704711031766,712.8310441589491,728.6240094591898,1332580
2019-05-24,728.3854370117188,731.1051084422885,712.8310364853984,712.8310364853984,762430
2019-05-27,709.3003540039062,721.3240464330432,687.066141894054,708.5846601060999,3299637
2019-05-28,709.6821899414062,720.1313341062819,708.1076398265642,714.7397492823219,1658011
2019-05-29,699.0419921875,714.6918535339859,696.6086448712012,707.1054874651509,2456808
2019-05-30,709.9683837890625,711.6860375850491,700.425797985446,701.3800565658076,1478014
2019-05-31,711.4474487304688,714.7396523693519,703.8133803473514,712.3540059996278,1198282
2019-06-03,711.1611938476562,715.3599548208377,707.2964583174099,714.1671316174703,987180
2019-06-04,706.2467041015625,720.4651792813966,704.529050422138,712.5448452505428,811822
2019-06-06,698.803466796875,716.6481118566148,696.6086839618226,713.64217437507,1094898
2019-06-07,696.799560546875,703.2885066255575,680.434004157787,694.7001802217176,1378460
2019-06-10,694.2708129882812,700.9029217178702,688.7838261947105,696.7041607002441,1022190
2019-06-11,695.2727661132812,697.4676074041282,688.9746828911063,696.5133488405671,921515
2019-06-12,693.0779418945312,696.6087100186315,689.1178040369908,694.7001930048818,914347
2019-06-13,687.8294677734375,696.1315278002525,672.7998974336788,691.8373648460357,1483612
2019-06-14,690.1198120117188,692.6963218088623,677.5235871927111,689.9289486483523,1364037
2019-06-17,674.6130981445312,687.0661606577897,672.7522823107524,687.0661606577897,1427590
2019-06-18,676.5693359375,681.3406288566644,672.8477041632232,676.2830700110145,976987
2019-06-19,671.6070556640625,679.4319862555556,665.3089734708158,678.3823253044515,1393451
2019-06-20,681.2928466796875,682.7719356603376,670.7483022290538,672.7522217198295,1044962
2019-06-21,680.1954956054688,693.2688496354202,675.4242027655828,682.2948761036827,1844959
2019-06-24,699.2807006835938,708.5370208879666,691.8374951431323,697.5630468270755,2572927
2019-06-25,719.9404296875,723.3280361500922,697.133625303116,697.563053332081,2389911
2019-06-26,733.5384521484375,738.1665821442364,716.6003653540171,719.5108418587622,2059502
2019-06-27,730.6756591796875,739.3116859405277,719.6539864493716,732.1547480321004,2342429
2019-06-28,720.2265625,753.8641727393177,716.6957945992672,734.7790038092083,3642873
2019-07-01,736.8307495117188,738.5961045003417,723.3279679732028,723.3279679732028,1233570
2019-07-02,726.190673828125,740.5045504476018,720.131156023205,737.6417751237065,981115
2019-07-03,718.2703857421875,729.7691890368309,712.7833993584519,729.0534951606915,1312925
2019-07-04,719.844970703125,724.9979905771133,713.9286138208801,720.1789961679771,1594101
2019-07-05,702.0480346679688,727.6221524428704,699.7577908252466,719.9880839582239,764023
2019-07-08,700.5211181640625,706.7715577250295,691.8373894013166,691.8373894013166,964123
2019-07-09,716.6958618164062,719.4632348681425,696.8949971943435,699.3761043339427,985434
2019-07-10,725.379638671875,727.1449936399466,713.7853743342258,720.7037486175456,1594455
2019-07-11,719.1769409179688,734.1110514781992,713.2128253004686,730.0077515820225,1589107
2019-07-12,726.9064331054688,729.7215074094146,717.6024124651296,722.373705101201,1166462
2019-07-15,730.0078735351562,732.8229482255584,716.1711229910259,730.0078735351562,861865
2019-07-16,743.8922119140625,746.2301569188015,725.8090014500393,729.0058024135208,1130950
2019-07-17,736.6397705078125,746.8503468559924,732.8704382457771,744.2738375728727,783581
2019-07-18,721.5626831054688,739.5504349022121,718.2704791982069,737.0693857727732,687673
2019-07-19,713.1651611328125,728.099331933095,708.2030628702609,723.3280388011611,796473
2019-07-22,721.8966064453125,730.5803361138168,707.391864568005,709.5389463452713,781442
2019-07-23,721.848876953125,730.8666317138611,716.8390196686403,725.2364830873033,1286784
2019-07-24,704.3382568359375,723.1371631040648,699.9963918085334,721.8489372777254,970269
2019-07-25,737.6895141601562,742.1268394366704,702.8590792697586,707.868936343035,2578623
2019-07-26,741.7451171875,744.3216267749998,726.1907153535575,734.779041816346,1097292
2019-07-29,732.0928344726562,744.8666301588567,723.2087954843032,741.457091784704,1032123
2019-07-30,722.8245239257812,763.5470570851471,718.4545493483038,732.909107698604,3265104
2019-07-31,734.5419921875,741.8893565482191,721.2879771673606,724.0732671052502,1314423
2019-08-01,729.0194091796875,742.4175118353365,717.1100301905325,733.7735822020661,1016301
2019-08-02,736.94287109375,745.0105606642431,719.4629161046072,726.618179330044,1160643
2019-08-05,726.7623291015625,740.6406485910761,711.7794841617981,730.3159559628114,1237328
2019-08-06,721.143798828125,740.496619797583,713.1241766533143,726.0900707742836,1258835
2019-08-07,750.9653930664062,755.287357720815,718.4545793271162,720.9036809072016,3018916
2019-08-08,730.84423828125,760.08954430675,720.7116439337373,754.7110642055145,3240635
2019-08-09,728.6831665039062,741.3609397188156,725.17754991624,739.1518889263737,1615690
2019-08-13,718.6466064453125,731.8526082343176,716.4856243343844,728.0108622593343,1188441
2019-08-14,705.2485961914062,720.135363756012,693.4832476322823,717.4461529522921,1745944
2019-08-16,700.4463500976562,705.5366519861583,693.6752842804718,704.9604135159104,1076059
2019-08-19,703.0394897460938,719.7511076226403,698.7175256697858,700.4462995762311,1153038
2019-08-20,707.025390625,712.8840301392529,699.4379184222444,707.409530073249,923789
2019-08-21,706.1129150390625,712.1636531665681,701.9349811597821,709.7625619556222,935198
2019-08-22,708.177978515625,716.4857794330845,701.6470206684659,706.2090950013173,1029795
2019-08-23,709.4264526367188,715.525201036321,683.3985880039675,706.8812724331976,1197914
2019-08-26,717.6382446289062,727.8188492171377,705.9209062969052,715.5252723689719,1501240
2019-08-27,709.6184692382812,725.9939581056349,706.7371598005614,721.239785809319,1040863
2019-08-28,703.135498046875,721.5758895178515,696.5565318457461,712.6438423020251,823769
2019-08-29,705.9689331054688,711.155314355247,699.7260950109281,709.7626695177695,775980
2019-08-30,711.68359375,715.0931323063679,691.5624331877782,706.7853900347001,1509463
2019-09-03,706.401123046875,716.4857074003654,701.3588308701299,705.9209047443278,893057
2019-09-04,712.595947265625,715.3331681281247,699.4859642243098,708.8022109706321,1105451
2019-09-05,735.070068359375,739.4401014289754,711.6834625065413,716.3415561881502,2637041
2019-09-06,742.4174194335938,744.0021631172816,727.0504353314753,738.767772433419,1349319
2019-09-09,736.3667602539062,747.8439894619189,734.2537879888514,741.4570625603575,929898
2019-09-11,729.4995727539062,738.575709911883,726.0900347118121,736.6548368041797,1101660
2019-09-12,729.0194091796875,737.5193084913099,724.889543412316,732.6210465268836,880238
2019-09-13,733.8695068359375,735.6943596356709,723.7849235772239,732.2368116808402,519219
2019-09-16,738.7198486328125,749.1405624963002,730.6041474816894,733.869596812639,1522424
2019-09-17,727.8667602539062,742.4173963207683,724.745341705339,739.5360868913216,1174682
2019-09-18,729.0672607421875,731.8525497998165,723.2086220462754,730.8921133827564,468504
2019-09-19,711.923583984375,732.5729695569404,704.7203099474336,730.1718782112932,2245346
2019-09-20,726.378173828125,728.8272753833768,705.1045387504869,718.1184426871671,2689710
2019-09-23,703.0875854492188,735.0221016790011,694.7798442188216,731.8526726945607,2252984
2019-09-24,710.0027465820312,716.8698916237803,702.1271548485198,705.9208910893378,1203386
2019-09-25,702.4633178710938,710.7230487735472,698.5254928340303,709.6665920140689,610227
2019-09-26,700.3983764648438,706.7853031745606,696.7487291823186,704.0000136424142,959289
2019-09-27,688.8731079101562,705.1525189776679,686.3759963557815,697.3729478360033,1283523
2019-09-30,687.3844604492188,691.5143259495605,674.2744779049334,691.5143259495605,1487570
2019-10-01,675.282958984375,697.5170900179608,672.7858472393549,687.6726147371564,1161131
2019-10-03,673.4581298828125,679.0286502256481,650.0714643951655,665.5825383399917,2504322
2019-10-04,659.3397216796875,680.4693267444408,657.0346504062827,674.2264888844,1105641
2019-10-07,641.1874389648438,663.5175895057399,620.730151483715,661.7888153814919,2576192
2019-10-09,655.11376953125,657.8990590688975,633.8881445043392,638.5943072071514,1500671
2019-10-10,663.6137084960938,671.1531126760692,650.0715166924251,653.0969155582449,1507716
2019-10-11,673.8903198242188,676.1473222386476,655.9781549559606,665.2463909887815,1131255
2019-10-14,688.0567626953125,691.89850886643,669.7123895559895,676.1473261166902,1302216
2019-10-15,692.6188354492188,698.1413455636279,683.3505993742701,689.5934368949064,1438966
2019-10-16,703.8558349609375,705.9207967942738,688.4408415305281,694.3955592955917,1140985
2019-10-17,697.7572021484375,703.0396035411648,690.5539275219911,702.559385232735,744122
2019-10-18,709.858642578125,716.6297672656544,694.2515483785213,697.7571652930521,1813831
2019-10-22,716.3416137695312,718.7427052665404,704.9124534160068,709.6666263041643,712225
2019-10-23,707.025390625,719.8471951355608,701.7909996967999,719.8471951355608,1362052
2019-10-24,701.3587646484375,712.355774462519,695.0199071014838,707.3614928635046,1003393
2019-10-25,705.0564575195312,707.9858359332861,696.3165082435294,701.4068103038512,971238
2019-10-27,705.2965698242188,710.0507425569427,700.0141687035024,705.9208770411891,82202
2019-10-29,705.1044921875,711.5874386752621,699.197784161604,704.4801850034843,1708254
2019-10-30,701.0706787109375,711.5874707672396,697.276942574778,711.5874707672396,647084
2019-10-31,715.621337890625,718.5987267337161,699.1978943157108,701.0227474331022,1070150
2019-11-01,735.9824829101562,744.338292237416,722.0081434702935,724.1691256090473,2369230
2019-11-04,729.8837890625,739.1519668665312,726.0900528559064,737.8073908297768,737810
2019-11-05,725.0816040039062,734.6379596490191,718.7426874368119,732.3328884209127,851794
2019-11-06,740.9288330078125,756.4398490556555,710.9151890061057,727.7708397533845,4844748
2019-11-07,708.2740478515625,724.3133522779674,706.1610754122056,715.5253331276343,6219780
2019-11-08,690.3137817382812,713.6043684612771,686.9522537576427,711.6834953294837,1523794
2019-11-11,706.6412353515625,710.5790020018624,692.5228054695922,694.3956685819635,1502173
2019-11-13,701.454833984375,728.7792664573495,698.2373948838941,724.1691825893482,3036458
2019-11-14,709.1383056640625,710.5309503903935,692.3787347056915,703.9039733450178,932902
2019-11-15,712.884033203125,718.214444361198,702.607350336879,710.5789620221444,1106828
2019-11-18,717.0138549804688,729.163400113459,712.8839897682005,712.9319998689634,1357203
2019-11-19,718.118408203125,724.9854942490579,711.3953524650572,717.2539918743587,888623
2019-11-20,747.0755615234375,750.1009601630345,719.4630101730057,722.4403987082464,2881427
2019-11-21,740.49658203125,756.7759933213856,738.2875896844187,752.9342471111067,1846584
2019-11-22,741.84130859375,751.0134670834711,736.8470261773377,744.5305195501559,1323663
2019-11-25,750.7733154296875,753.3665060203467,741.4570685182667,744.1462793224915,874049
2019-11-26,756.6798706054688,776.9931259622808,751.3494597719566,754.5188884875266,6429321
2019-11-27,761.1939697265625,766.1402413665957,751.2054648608373,757.7844317261448,1435468
2019-11-28,772.527099609375,774.1118433323444,756.8239857889422,756.8239857889422,1589978
2019-11-29,768.9736328125,782.7558753911655,764.7956981826499,771.7108538365662,3319942
2019-12-02,764.555419921875,771.6626730593465,758.7447911567145,770.8943356278224,1387965
2019-12-03,754.951171875,767.0527081137717,752.5980904990946,764.55553780082,628007
2019-12-04,760.56982421875,761.7703700590874,744.3384210092265,751.0614777151163,1552634
2019-12-05,748.8043823242188,760.329620965292,747.2676486665052,758.7448772039863,829792
2019-12-06,731.7085571289062,754.9031230997865,728.9713364284197,752.0218134696346,1137044
2019-12-09,726.0420532226562,734.6859825479916,723.2087535530502,732.236880963226,1084786
2019-12-10,723.0166625976562,729.3555793460421,717.7342612842004,728.155033592984,1178653
2019-12-11,714.7568969726562,725.1296000573445,708.0818511818242,720.7596254499522,1029223
2019-12-12,719.1268920898438,722.2003008819532,711.9236177116484,718.8867829439039,778792
2019-12-13,726.3302001953125,728.4911826091168,718.5506869537771,723.7370095746675,662206
2019-12-16,717.8782958984375,731.7085467548463,716.2935521761644,723.6889251794493,907081
2019-12-17,724.50537109375,726.6183434700371,716.2456392651022,719.9432969583034,1328747
2019-12-18,736.030517578125,737.5192411086033,723.9770507481752,725.6098045871424,1247090
2019-12-19,740.1123657226562,744.29029979561,731.9006451246347,736.6548176667715,1447972
2019-12-20,740.4486083984375,747.2196747034833,736.7508923166763,744.3383649038554,1141306
2019-12-23,737.3271484375,746.5473158353091,726.7623464264962,738.5276941205686,799611
2019-12-24,734.8780517578125,740.400561935922,732.4769603760258,739.5361455903208,425524
2019-12-26,727.5306396484375,740.4965322362315,725.1775585287967,736.6547862842925,549975
2019-12-27,740.4486083984375,742.3694815981894,728.6832600499572,729.6436966498331,543702
2019-12-30,739.4401245117188,744.0982183387371,735.694398512388,739.536144718719,650533
2019-12-31,733.245361328125,743.2819358963498,730.2679725848946,736.1746813432451,842865
2020-01-01,740.6406860351562,742.6575793884407,735.0220969160418,735.0220969160418,465429
2020-01-02,744.91455078125,749.4766243083125,733.9656094885363,742.4174392461733,867603
2020-01-03,746.1631469726562,755.3833140069747,739.5361116152201,745.202710464065,1110452
2020-01-06,731.9966430664062,743.8099993424659,726.0899356181828,740.4964819598134,522118
2020-01-07,727.5786743164062,742.0332322245754,722.7764917143306,733.7735015971625,824059
2020-01-08,727.146484375,730.5560810042073,720.4234285636645,722.2482814463277,641773
2020-01-09,728.875244140625,736.9428751349707,727.14641163719,731.8525736825165,778130
2020-01-10,728.9234008789062,747.6999254984283,727.5307560244822,732.9572464977756,1820102
2020-01-13,718.9827880859375,732.8130980503809,711.2032753686855,726.57026038678,2327854
2020-01-14,723.0166625976562,728.8753610448189,720.7596600300662,722.9206423855709,1213631
2020-01-15,721.3358764648438,726.8583867598791,717.1580008202363,722.2483029333201,1220738
2020-01-16,724.1211547851562,730.5560914492304,721.7680734934671,721.7680734934671,1284812
2020-01-17,736.3187255859375,739.5361646723926,721.7200778839097,723.2087428549502,1336060
2020-01-20,703.7119140625,730.1719308759165,701.2147437106787,729.9318217240336,3214043
2020-01-21,711.8275146484375,714.8048442633873,698.4774242399038,703.999933953729,1619921
2020-01-22,709.1863403320312,717.3980607441353,705.5847034301969,713.8444339435802,904533
2020-01-23,708.6580810546875,714.5167791495608,706.8812968951605,709.1863680505852,718365
2020-01-24,710.8671264648438,715.0450019535538,706.5931721501762,708.1298471615561,507047
2020-01-27,722.1522827148438,729.8357752991415,705.0564648184642,708.8021909014678,1492976
2020-01-28,717.8302612304688,726.7623089275511,715.6212103912877,725.1295551587446,1322275
2020-01-29,715.3811645507812,722.9686369956395,714.1326087184417,720.3274363955226,867074
2020-01-30,699.5339965820312,716.3897063485781,696.8447857399211,716.3897063485781,1153471
2020-01-31,689.8336791992188,705.6328750831707,687.6726965633702,704.9605576501589,1117946
2020-02-03,680.6133422851562,694.6356915950894,671.1530076836624,680.3251644417592,1106940
2020-02-04,693.0509643554688,700.0141290749481,682.8703607654905,689.257287025308,1129876
2020-02-05,693.9154052734375,698.0932808051266,688.1527859908899,692.5707706593519,1189761
2020-02-06,693.339111328125,709.5224424038331,678.068148002851,702.5592779944553,5687405
2020-02-07,679.6048583984375,685.9917847073633,667.503381689349,679.9890564547612,7357814
2020-02-10,674.1784057617188,681.9099077807889,668.7519161460109,678.0201517210471,1841499
2020-02-11,677.1558227539062,685.5596431236422,670.9129847649594,685.5596431236422,1862531
2020-02-12,675.3790283203125,683.8308586696784,670.8649645797336,679.9891122726577,2266491
2020-02-13,675.5711059570312,680.5653292185849,671.8733899948318,678.452415663495,2356429
2020-02-14,689.2573852539062,692.9070327994726,676.6276198594691,676.6276198594691,1845960
2020-02-17,684.359130859375,702.3193081385891,682.4862676469251,690.0737407146343,1402215
2020-02-18,678.1162109375,682.8223734566043,666.542962293231,682.6782845266828,1225756
2020-02-19,680.9974975585938,688.1527613017907,676.5315029470843,677.1077414065072,894396
2020-02-20,671.9214477539062,680.0851591678822,670.384772582965,678.2123546221726,1883153
2020-02-24,646.229736328125,669.4243034317751,642.5320789036695,667.5034302511962,1771815
2020-02-25,642.6761474609375,653.0968606869759,640.9953834812284,653.0968606869759,2838451
2020-02-26,643.3003540039062,649.2550720097306,638.2580623943633,641.667600234833,2122196
2020-02-27,636.5773315429688,644.7410421913844,628.7017401345358,642.6280700641861,1302115
2020-02-28,614.679443359375,633.311937434366,610.0693592582596,630.1905183860566,2408425
2020-03-02,604.8829345703125,626.4927571991213,595.9508862744839,619.4815820258535,2408228
2020-03-03,623.8995971679688,634.4163897506485,610.1653653963424,611.7981193541774,2135990
2020-03-04,638.114013671875,640.8512341613133,617.8487689967506,627.3571134912864,2723269
2020-03-05,649.7833862304688,659.4838313049195,639.6507915715459,641.5716648195084,2089837
2020-03-06,637.249755859375,647.1422422292678,631.1990163220934,638.6904109216042,3466958
2020-03-09,625.3882446289062,638.2580584374317,618.0408820238232,619.4815367604755,1461377
2020-03-11,613.52685546875,633.5039239538302,610.309416479375,626.3006498399507,1987343
2020-03-12,570.30712890625,604.1145022843986,560.5587345106175,604.1145022843986,4991398
2020-03-13,581.8804321289062,591.580875985351,484.78032508462917,528.2400768628946,1820676
2020-03-16,575.301513671875,607.8122685839716,553.211472245409,572.2761149848742,2477918
2020-03-17,591.7249755859375,620.6821630024107,572.7563524226143,581.3042617519676,2067269
2020-03-18,588.6515502929688,612.1341756618793,581.7363958159411,601.2332449092061,2352295
2020-03-19,609.877197265625,628.1254913570374,555.1803250938653,570.9795177549828,2680525
2020-03-20,616.55224609375,638.7863167329598,606.2755634330632,615.3517004235855,2708797
2020-03-23,568.7224731445312,606.9478325222278,562.9117856661661,585.8662405045834,1677165
2020-03-24,568.7705688476562,603.1541875609695,562.3836419802606,563.0559593274178,1545462
2020-03-25,544.0872802734375,575.5415758232258,536.0195901804494,558.0136096008247,3016481
2020-03-26,536.5479125976562,546.5844278451008,520.9408183549652,544.0873162144286,3907851
2020-03-27,526.415283203125,568.1942757944968,520.8927726881735,542.6946954886703,4900000
2020-03-30,538.4207153320312,550.8103704788418,514.0736718374892,529.6807660315279,2777231
2020-03-31,566.3214721679688,570.8835460786261,545.768105206532,550.3301791171893,3151209
2020-04-01,556.1408081054688,567.4259382893858,552.6832597525984,566.5135117844787,1298954
2020-04-03,629.9024047851562,639.5548408005551,555.1324289378031,559.4063841026683,6492775
2020-04-07,672.3535766601562,709.4264616454506,643.732579979335,662.7012013215086,8165523
2020-04-08,677.6839599609375,705.3925877087848,670.9128944698313,673.2659755807466,6927854
2020-04-09,758.8889770507812,766.4283806554364,704.3842018600594,704.3842018600594,13732376
2020-04-13,793.36865234375,815.2185852867234,767.3888536894813,772.191036753871,10064797
2020-04-15,778.3378295898438,820.2128411216671,760.0414658043369,814.4022115239828,7000858
2020-04-16,793.224609375,799.5634674707532,755.9116123874595,773.1514610377853,3963315
2020-04-17,789.7189331054688,811.568864060956,785.2528798136624,807.7271179588923,3328045
2020-04-20,777.7135009765625,789.4788487838646,763.8831911263513,789.4788487838646,2294941
2020-04-21,780.3546142578125,812.0490170522836,760.6656670673077,764.0271946364182,5837165
2020-04-22,774.6881103515625,796.778151359985,771.1345419552199,773.1514352947871,3630813
2020-04-23,789.8150024414062,804.1735411151409,778.9140706468502,778.9140706468502,3411965
2020-04-24,842.6389770507812,855.7489593030771,788.230282094489,792.0720282641997,14719795
2020-04-27,861.3194580078125,870.1554857014868,841.0542709170057,864.3448564890377,6448879
2020-04-28,820.5489501953125,865.3533390914345,814.6903106374132,864.3929025330644,4121427
2020-04-29,820.5970458984375,838.1730237703787,815.1705557170809,825.9754673539788,3285831
2020-04-30,802.2527465820312,843.4555035766214,779.4423754461876,840.2860742586689,7643181
2020-05-04,808.3515014648438,831.5460105736036,782.755842195209,793.3206449733037,5482297
2020-05-05,794.0889892578125,833.6109797964475,788.5184685608776,833.6109797964475,3485068
2020-05-06,794.4732055664062,807.3910901835948,784.7247501580191,801.9165895754463,2243112
2020-05-07,781.1229858398438,803.5011443398396,776.7530115330406,787.5579220489562,2230759
2020-05-08,801.9644775390625,806.4305307124367,784.9647397641561,787.5579300383607,2635460
2020-05-11,815.6987915039062,823.7664823806714,799.1312601773046,810.5604791493223,3945910
2020-05-12,818.1478881835938,826.5517083711594,811.5689209706298,816.3711039349531,2001722
2020-05-13,806.04638671875,828.8567551245532,802.156630356787,826.9358819956435,2253401
2020-05-14,828.90478515625,832.1222828967625,795.9138118222534,806.7667335374274,3474044
2020-05-15,808.4954223632812,828.9046976951373,803.0209226678346,828.9046976951373,1984358
2020-05-18,822.949951171875,828.8086487064614,804.2214403414023,804.845747483907,2661106
2020-05-19,807.1028442382812,835.5798118488754,800.3797882808765,829.3369741741424,3414397
2020-05-20,838.6533203125,843.2634046502889,807.7272475067118,811.1847961049527,3952756
2020-05-21,850.7066040039062,854.7404489053101,829.0007632121658,835.5797295889341,2666556
2020-05-22,857.4297485351562,862.4720405315825,840.7181287559849,846.1446188288688,2372742
2020-05-26,870.1074829101562,882.833266886331,857.6698181678539,857.6698181678539,5437014
2020-05-27,859.1585693359375,873.9493167775288,852.8677211796942,870.1555803927961,2493163
2020-05-28,846.2886962890625,855.5568738988882,833.8990412462296,852.387444982469,3226522
2020-05-29,835.3877563476562,846.9129957324124,807.2469752406232,835.5798553948152,9473461
2020-06-01,816.0829467773438,841.342416272402,812.6253400313847,840.3819797241458,5213799
2020-06-02,836.7803955078125,839.3735860759336,817.8597825883194,820.1168437914835,4740216
2020-06-03,833.1307373046875,850.8027355069179,827.0799984712042,845.1842048659115,3866831
2020-06-04,871.6921997070312,876.8785805869194,834.4752829515623,835.5798084453668,6242195
2020-06-05,866.64990234375,887.3473570095742,862.5680469831742,883.5056107878559,3694033
2020-06-08,864.6810913085938,875.8221914538195,845.9045668066505,869.1951552200042,2880744
2020-06-09,883.0254516601562,893.9743939532384,860.0709929996117,864.2969375747375,4737507
2020-06-10,891.6212768554688,899.8810666273849,881.680781686573,887.8275992554225,3077038
2020-06-11,881.968994140625,894.9348893591522,875.9662648727883,887.4434949569727,1944883
2020-06-12,875.822021484375,884.0817514994408,865.401250838194,868.5226692981322,2105897
2020-06-15,906.6040649414062,918.1773132854125,877.8389794381455,880.7202889986646,6159384
2020-06-16,889.1242065429688,910.5899416864755,881.7288327984936,906.2679768693614,2459099
2020-06-17,892.1975708007812,901.8019365801741,880.9124410099946,892.437679945266,1903488
2020-06-18,882.9774169921875,899.9291474330844,878.8955612007354,895.0309439315024,1745711
2020-06-19,878.271240234375,890.2286873512621,876.2062781440849,883.1694433326678,2295673
2020-06-22,898.248291015625,912.4147302484296,879.9999964106564,885.9547147953042,2542504
2020-06-23,900.7933959960938,906.2198269235458,887.4913156060442,898.248215881713,1869848
2020-06-24,884.9462280273438,907.3243870941216,880.0479666305,902.8103237512865,1642404
2020-06-25,898.248291015625,908.8611032591724,884.9462681333192,888.2597273626419,2393857
2020-06-26,890.0846557617188,906.364068527246,885.522581723555,898.9686946781427,1226064
2020-06-29,888.0196533203125,898.9206438584631,882.6412318302243,890.0846154501202,1254935
2020-06-30,875.7259521484375,898.0080897354703,871.4039880801919,898.0080897354703,1890864
2020-07-01,867.6583862304688,874.9096703210971,856.2771781570033,874.0452539943652,2184216
2020-07-02,859.5906982421875,877.1186649940533,857.2376170089541,869.67528185285,2144667
2020-07-03,864.44091796875,868.4267531587284,854.7885422216742,863.2403722633825,2103089
2020-07-06,840.9102783203125,863.8647371885637,838.4611766418303,860.5512190963116,2750613
2020-07-07,836.0599975585938,849.4100887449067,832.8905687405204,840.9101903005355,2421820
2020-07-08,831.1617431640625,854.4523275217131,827.8962357234938,839.4214733437743,3517313
2020-07-09,832.7465209960938,847.105059522741,828.3765463020002,836.9244552714199,2105983
2020-07-10,827.0319213867188,840.2859931799373,824.0545914160086,835.5798304567919,1826593
2020-07-13,835.3877563476562,842.3029117025897,824.3907453772883,834.47532983895,1910103
2020-07-14,838.4611206054688,848.3536054933442,834.1871661703996,836.5402474769339,2542417
2020-07-15,823.2382202148438,844.127715378672,821.2692783720515,840.478009557181,1623972
2020-07-16,844.751953125,846.1445978421222,822.1816942722305,827.7042044170571,1862973
2020-07-17,861.8958129882812,867.9945618418606,835.5798271672683,849.8422869759302,3563919
2020-07-20,830.0573120117188,865.0652369817652,828.1364388569332,861.8958080004484,2390319
2020-07-21,818.0037841796875,837.9328416863846,812.529284369432,837.5006335344501,2209965
2020-07-22,817.0914306640625,835.3877360180322,812.5293568519505,818.3399865096136,1982870
2020-07-23,828.8567504882812,830.6816033986963,817.6196310229358,818.4360372703933,1590020
2020-07-24,820.0206909179688,838.8452819250421,814.6422698418868,832.698464734897,2150236
2020-07-27,811.953125,819.6846279050809,795.6257028017727,817.3315465112569,1904586
2020-07-28,807.919189453125,820.6449729824996,805.8062174449242,814.450145879971,1232300
2020-07-29,825.3031616210938,828.6166796270783,809.7921456476041,811.5689299158286,2037689
2020-07-30,855.1727905273438,859.062547117135,828.9048137787165,830.1053595546026,4113177
2020-07-31,889.8925170898438,894.1664716699181,843.9356493785983,859.3506450340055,5233499
2020-08-03,896.756103515625,914.9783103963795,882.6422980858378,884.5273682120309,3944365
2020-08-04,909.4680786132812,915.9449571290951,881.6272305031501,901.8795344955757,2870818
2020-08-05,897.0944213867188,922.8085266746147,893.227635087638,909.6614768587309,3672601
2020-08-06,905.0696411132812,914.3015813262783,894.6776532446909,901.7345262293783,3300867
2020-08-07,850.5479125976562,887.814110780436,844.9894075875497,876.4554266293488,12143243
2020-08-10,926.0469360351562,966.1165182824661,856.5414331790159,857.3631606162002,14698270
2020-08-11,925.6118774414062,937.2605581977465,913.5281714695863,932.5721038816686,6022988
2020-08-12,908.8880615234375,921.213441904173,894.1942629161055,921.213441904173,2723715
2020-08-13,899.5111083984375,914.4949044007758,896.0310245408191,908.8880764068471,2432952
2020-08-14,984.2904052734375,989.4622080376813,901.1545048229631,901.1545048229631,26833773
2020-08-17,970.2250366210938,1000.5309505064583,961.3797393996839,994.1507767419004,7593651
2020-08-18,949.0060424804688,988.8339532969719,945.7192505140794,964.763184902326,6244582
2020-08-19,948.281005859375,975.2034815545159,942.7225006187017,952.1961151414412,6124085
2020-08-20,949.5377197265625,966.5999380368166,945.7192564188949,951.2294387487275,4884459
2020-08-21,948.716064453125,970.5633839571452,945.4292724204064,965.4399037905364,4143775
2020-08-24,937.792236328125,959.4462611892021,928.5119736747896,954.1294305226625,4373228
2020-08-25,939.7740478515625,983.2753913595353,936.43893304879,966.6965223993964,7286500
2020-08-26,946.1542358398438,953.3561368428999,931.8954619153097,946.4925560268939,3859285
2020-08-27,950.4560546875,961.3797138437008,942.7708053555245,946.1542432624657,3902056
2020-08-28,943.5924682617188,958.7212927003802,939.6290360522003,951.7127427915547,2531186
2020-08-31,896.659423828125,957.0296385880378,891.0042722920051,949.2960657509627,5062616
2020-09-01,918.2650756835938,923.0985584295807,887.5240782171368,901.154534962305,3982915
2020-09-02,929.9620971679688,937.6956697015901,909.0330928978656,918.7000585648923,3758078
2020-09-03,929.6720581054688,940.1123687549,922.2284830767861,937.5505993675862,2224188
2020-09-04,913.5282592773438,934.4088816026925,904.3929648840751,925.12861812531,2972431
2020-09-07,894.4843139648438,921.5518176084506,891.0525529819529,917.3950342065347,2220516
2020-09-08,888.92578125,906.5196698745053,881.4338831518636,899.3177689345117,1923221
2020-09-09,909.758056640625,915.8482918199932,884.768975604226,888.3457644708069,3719749
2020-09-10,930.4453735351562,933.8288112571023,904.3928912756776,911.1114436954647,3696881
2020-09-11,935.4238891601562,940.5956918194285,920.6817675771692,927.980314330875,2154611
2020-09-14,935.76220703125,940.547366481336,926.0952420825801,940.547366481336,1836317
2020-09-15,967.5182495117188,971.5300639239377,934.7955938452217,940.4507452431911,6025028
2020-09-16,994.392333984375,998.5974399708734,962.6846429962962,972.3999895900503,5342544
2020-09-17,1002.5609741210938,1011.0679510115846,976.4601671222545,984.9187619829894,3069437
2020-09-18,1049.7357177734375,1084.9234927952537,1034.7519225255576,1039.1987026755532,15274487
2020-09-21,1005.8961181640625,1061.2877583467532,995.9874787643591,1049.6874000251491,4118958
2020-09-22,1005.122802734375,1018.4632631873649,983.9038002918792,1005.8962072262715,5220254
2020-09-23,982.6954345703125,1018.6081785035115,968.6300105883133,1018.6081785035115,3211053
2020-09-24,946.975830078125,985.06369426196,938.9039382256415,975.3967296470241,2899900
2020-09-25,965.6332397460938,988.7855756922504,945.4292575732413,954.1295268147129,3803230
2020-09-28,975.3485107421875,981.1003671025748,948.3293299586701,975.0101315430613,4089142
2020-09-29,964.908203125,980.2303201295855,960.8963887660829,980.2303201295855,2642123
2020-09-30,973.85009765625,990.8639328038935,959.2046217801593,966.6965198086765,5227238
2020-10-01,993.6190185546875,997.6308328108761,973.4634192253413,996.6641362674546,4893786
2020-10-05,1003.624267578125,1013.0979405601502,978.9252425973974,994.1023305736584,2928369
2020-10-06,992.1690063476562,1018.7531621654452,987.6739026744979,1010.7779154201086,2631466
2020-10-07,991.7339477539062,1004.349266082626,984.4837241150068,997.2440705174929,1833860
2020-10-08,1008.506103515625,1015.031304760514,979.5535321174381,996.5674255796682,2859013
2020-10-09,994.9239501953125,1020.6864344751166,990.8638722621652,1013.7262671597385,2443002
2020-10-12,1011.6478881835938,1014.064629435824,990.8639134144133,995.6973959188739,2276510
2020-10-13,1020.058349609375,1051.5727576373586,1010.4881463177197,1015.0315737793143,9418725
2020-10-14,1001.6908569335938,1026.099943335276,988.4954852308008,1025.664977116233,3491057
2020-10-15,970.1282958984375,1007.2977894696702,962.9747769409242,1001.6909023646928,2854331
2020-10-16,1005.7511596679688,1011.0679909332209,964.7632004948517,970.1283547892925,4437148
2020-10-19,980.4236450195312,1011.1645832647525,976.3635077413003,1010.1012406691924,2712791
2020-10-20,975.1068115234375,995.4557618862895,969.7899805543921,981.1969879238493,2666057
2020-10-21,969.1615600585938,981.1002971831426,955.0961378452736,978.296853744349,3132940
2020-10-22,960.2678833007812,974.0433075453578,945.0424143988807,974.0433075453578,2891815
2020-10-23,958.4313354492188,976.3635451966419,953.5495295237309,960.8963999262,2799672
2020-10-26,930.8320922851562,964.4247959789716,925.5635845096605,959.8813105853567,2858748
2020-10-27,925.3702392578125,943.3991528688912,918.4100125472567,931.8954407359951,2668443
2020-10-28,910.4830932617188,940.2090112354176,904.0062737832491,926.0952656521466,2746403
2020-10-29,893.9525756835938,915.0265472839131,890.3274638600593,906.2779558836108,2504089
2020-10-30,878.9689331054688,898.061192031873,875.2471745866306,894.1944054138671,3532104
2020-11-02,882.1105346679688,887.3307192412386,870.0751517369364,881.6271864297945,3207153
2020-11-03,906.084716796875,910.5798796147421,885.4940908942617,886.4607875000414,4071127
2020-11-04,913.1898803710938,930.638740549322,908.5013669033053,913.5282005480856,4826211
2020-11-05,904.8279418945312,922.0351281343386,891.1008395225598,907.7280314518855,5867246
2020-11-06,886.3640747070312,912.9965523906366,882.738962708288,908.6947410182999,3841154
2020-11-09,887.3790893554688,896.0793581043056,875.5370568917741,894.0009369688718,4269584
2020-11-10,830.102294921875,889.3607784693958,826.8638262509653,889.3607784693958,7111012
2020-11-11,880.7571411132812,882.9805902237672,836.1924568958876,841.0259393056904,7548412
2020-11-12,865.6766357421875,905.9878878670239,858.958083887637,877.7603408753839,7637696
2020-11-13,871.3319091796875,876.9387963551825,860.9883033270789,870.0268924420144,3823102
2020-11-14,876.0687255859375,881.047236289567,872.4919366437402,874.8603549299569,429333
2020-11-17,858.039794921875,884.8172999322426,856.0097558607436,884.7689769074484,2899346
2020-11-18,854.8497314453125,856.9764756162027,842.9593759022322,855.5264308182058,3051034
2020-11-19,854.9464721679688,861.7616712023867,846.9228434156644,846.9228434156644,2173512
2020-11-20,849.4362182617188,862.0999186901396,844.4577077331379,857.4597873348197,1879772
2020-11-23,854.8497314453125,870.8485472493842,848.276206828221,856.4931273502037,3600764
2020-11-24,865.53173828125,869.0602043135465,849.7262731831006,858.1848680526707,3064711
2020-11-25,864.7583618164062,877.0837424699365,858.7165085548718,872.9269592264955,4855946
2020-11-26,869.5919189453125,876.7454974209845,863.5500651660215,867.1268544038574,2330965
2020-11-27,862.0999755859375,883.8506480642899,859.8765853108677,872.9269887978791,5128752
2020-12-01,879.50048828125,883.8989456776908,862.4383299847315,864.2266949583203,2915660
2020-12-02,883.8506469726562,890.2308796265779,872.5402854973872,881.6272567003325,3054564
2020-12-03,884.96240234375,891.5842503635154,879.6938941442587,891.197607130213,1692094
2020-12-04,902.2177734375,905.3595368597902,883.6571900345533,887.4273297422887,4166124
2020-12-07,935.2305297851562,937.0188946882471,901.9278239492373,907.7280028813867,5629129
2020-12-08,916.6699829101562,942.9641402789676,908.6947365521191,938.6623289277741,4416314
2020-12-09,918.9417724609375,928.753766638437,912.6582445055383,922.2285645309071,2446522
2020-12-10,911.69140625,927.1102265608569,904.3928597901026,922.2284212467844,1931940
2020-12-11,908.11474609375,918.3617057357062,897.6260533162315,913.5282230739393,1775654
2020-12-14,910.0964965820312,918.0717432753742,905.8913311058739,913.5282576010958,1434903
2020-12-15,912.9482421875,933.8288639925548,909.9031244647953,917.8783709740484,6027383
2020-12-16,928.3670043945312,931.7988243349753,910.9181435388913,921.5034825185928,3019484
2020-12-17,938.1790161132812,951.7127680201189,928.51205046554,933.8288815717976,5264719
2020-12-18,939.7256469726562,944.4624834383822,923.7268316483757,940.547374401696,2190840
2020-12-21,900.671142578125,958.7695787385783,845.8594391224931,950.2626613227551,7855180
2020-12-22,922.7601928710938,930.0104170972076,883.4640129670425,913.5282524903374,4802339
2020-12-23,931.2670288085938,937.40558684754,916.4282614670511,925.5152319644426,2054965
2020-12-24,943.6891479492188,948.8126276684827,929.8170175838608,936.728921253958,2227518
2020-12-28,950.9876708984375,957.0295239537007,942.7224277193317,957.0295239537007,2513101
2020-12-29,944.7042236328125,959.7363435053694,938.179021781166,951.229425484459,2122259
2020-12-30,945.04248046875,949.2959686952573,932.3787798437635,949.2959686952573,1911823
2020-12-31,944.3175048828125,961.5730737678784,941.079095028901,943.6891875243914,3463094
2021-01-01,967.566650390625,976.3152428187698,942.6258309125185,945.3809516235772,4697860
2021-01-04,992.7489624023438,996.0357542322197,967.3249142583401,976.1701521787111,3868020
2021-01-05,1005.3159790039062,1012.614584788368,982.2119680316978,990.815531489037,3524333
2021-01-06,967.2765502929688,1005.3160361690196,957.9962869567391,1005.3160361690196,5558602
2021-01-07,988.2055053710938,995.4073471542121,960.0746605873444,981.1969556876109,4840991
2021-01-08,1004.2042846679688,1012.4694682261312,988.5437319176182,989.4137822934599,3927080
2021-01-11,1039.6822509765625,1045.530812932995,1005.3645197727801,1005.3645197727801,4505994
2021-01-12,1024.98828125,1047.898939647326,1020.0580350082267,1042.968811410489,2300671
2021-01-13,1031.851806640625,1052.732426204015,1011.7928554526238,1024.9882854977661,2804177
2021-01-14,1068.9730224609375,1076.2232461129922,1027.2600454484605,1033.3985445395451,4717547
2021-01-15,1056.744384765625,1075.7882600948092,1041.1805935061202,1075.7882600948092,2772449
2021-01-18,1027.598388671875,1053.6991944048389,995.6974038871414,1053.6991944048389,3370552
2021-01-19,1052.9259033203125,1062.302931266205,1034.365375558994,1034.365375558994,2381709
2021-01-20,1052.2490234375,1065.3478067603526,1046.7871652178442,1057.5174715756605,2083820
2021-01-21,1032.6251220703125,1062.7861227378107,1029.9184427572286,1062.7861227378107,2507526
2021-01-22,1043.30712890625,1052.7324191604412,1021.45981304624,1035.3318833065496,2540352
2021-01-25,1045.8690185546875,1066.9429324915186,1014.306352671381,1055.6326300854403,3538003
2021-01-27,1036.5887451171875,1055.6326197178096,1025.9550831969532,1052.7325301032004,2616239
2021-01-28,1014.403076171875,1041.5672276350826,1002.947744808071,1026.5834300018055,2264954
2021-01-29,974.0433959960938,1023.7316210334568,961.9596894211002,1023.7316210334568,6117719
2021-02-01,955.48291015625,976.3635323966129,945.4292422612747,974.4301392631543,3169169
2021-02-02,998.1141967773438,1001.9326009819207,962.3947471357611,966.6965586221247,3466440
2021-02-03,1004.252685546875,1032.7219696957607,992.410652830832,1003.1409609153994,3785742
2021-02-04,1016.2882080078125,1026.3417584933923,997.6309159627275,1005.8478372666841,1934623
2021-02-05,1034.22021484375,1045.868954734664,1008.1194096486217,1024.1182837387237,3230271
2021-02-08,1036.8787841796875,1050.7992392854733,1026.148475162401,1043.935716797296,2040758
2021-02-09,1023.0550537109375,1044.0323226208748,1017.9315145553529,1036.8787442167406,1392375
2021-02-10,1033.4951171875,1037.9418971106243,1013.7744866534994,1023.0548666729825,1281670
2021-02-11,1024.8433837890625,1034.3653213236214,1017.9314797698817,1028.1784397259291,1439978
2021-02-12,1017.931396484375,1032.4318437277423,1013.0979140699193,1032.4318437277423,962147
2021-02-15,1023.2966918945312,1038.135460505558,1016.3847878820803,1019.8648719008464,2120192
2021-02-16,1060.272705078125,1064.7677491307074,1015.0312643781526,1029.4833289880382,3822108
2021-02-17,1027.985107421875,1072.0664453238314,1024.6983156386484,1063.3661766061448,3952229
2021-02-18,1014.2579956054688,1036.7820729231698,1011.3579058909983,1036.2987246374248,2770894
2021-02-19,987.673828125,1020.9765344271868,982.1636462618162,1010.1978448263759,2810229
2021-02-22,962.346435546875,995.214118930696,952.2444445887054,992.797377505415,3455281
2021-02-23,976.8468017578125,981.1002899087607,952.8244176164144,964.5214215278153,2348666
2021-02-24,974.7200927734375,985.595428662019,957.1262042465265,982.1636678043391,947886
2021-02-25,990.4772338867188,1005.847732203748,981.1969708667028,987.9155235021962,3311836
2021-02-26,984.4354248046875,1024.6499783664372,969.8383302528565,977.378551670375,5624216
2021-03-01,989.0756225585938,1000.4343072947046,977.3302355921779,989.3656197300843,1824557
2021-03-02,1019.4783325195312,1022.3784226659011,992.60423463282,992.60423463282,2072406
2021-03-03,1025.6165771484375,1029.2416889268568,1011.2611581068847,1026.6316556483712,1746036
2021-03-04,1013.4846801757812,1032.2386167275065,1006.4277482036796,1015.9980675888075,1614429
2021-03-05,998.8391723632812,1018.3663947298859,995.6490266674256,1013.0979459344,1716704
2021-03-08,1015.4663696289062,1028.8068295609232,998.500915546941,1001.4492692966221,1409325
2021-03-09,997.48583984375,1023.683293491732,979.7469812484806,1019.3331588931941,1655727
2021-03-10,1022.5233154296875,1026.148427632818,1000.6276141217882,1006.3311475890378,1598764
2021-03-12,1014.5479125976562,1028.565010961321,1008.1677397020788,1028.565010961321,1759310
2021-03-15,1027.308349609375,1032.0935682096672,991.8306343544264,1008.747823536885,1473111
2021-03-16,1018.559814453125,1031.4168073983974,1007.1044842633888,1029.580178409749,1459172
2021-03-17,986.9005126953125,1017.8830657296179,981.1969795579761,1015.7079985335533,1559383
2021-03-18,966.551513671875,993.4257247346193,955.0961832530784,991.8306518397352,1717139
2021-03-19,971.626708984375,983.3720960326966,945.7192524401407,960.7513724590688,1723946
2021-03-22,981.8736572265625,985.6437382149202,966.6965102156818,971.6266388167928,1736883
2021-03-23,981.052001953125,985.1121393951706,968.6299744841346,981.197030041314,1438957
2021-03-24,978.68359375,993.2323057707596,971.288341670504,975.2517738553806,1513475
2021-03-25,959.2047119140625,986.9489164401149,950.8911446634934,977.7169756089359,1449925
2021-03-26,946.3475341796875,970.5632692872058,942.5290712699459,970.5632692872058,4302151
2021-03-30,972.4000854492188,976.2184896283904,952.1961039074513,956.9329406141738,1875760
2021-03-31,986.4654541015625,990.0905069699603,971.2883072683602,981.1003003331697,1332484
2021-04-01,992.7974243164062,1000.48261520918,985.1604974514423,998.5976040105625,1089119
2021-04-05,994.682373046875,997.0508504095516,973.7051050057432,992.7973619666401,754402
2021-04-06,1007.2011108398438,1012.2762674844392,994.9723764666393,994.9723764666393,1688797
2021-04-07,999.757568359375,1016.0465003404121,997.6308830587126,1010.1979387561576,1891891
2021-04-08,1014.3546752929688,1021.7498090457821,999.5641717774567,999.7574638736958,1219057
2021-04-09,1043.50048828125,1050.7990940481434,1010.922863478239,1014.0646270988982,3350515
2021-04-12,1010.3428955078125,1063.3177942120865,1001.497598713552,1042.0988527154527,3872497
2021-04-13,1001.4976806640625,1023.4416463492172,988.0605742819607,1015.0314331054688,1528367
2021-04-15,1015.079833984375,1021.556654142462,986.0788763547143,986.2722274793914,1780723
2021-04-16,1020.6864624023438,1033.5435728839952,1008.7477843864916,1018.8980975020241,1745500
2021-04-19,1029.1934814453125,1037.0236997158668,994.440670484073,1010.1978710818745,2241444
2021-04-20,1053.505859375,1062.399419689992,1027.7433748688816,1040.1654008975718,3814733
2021-04-22,1025.42333984375,1070.036408114821,1021.7982278716415,1063.366178485152,5134587
2021-04-23,1040.4071044921875,1047.5123001413895,1002.0775648000348,1011.1645354692945,4659292
2021-04-26,1027.16357421875,1044.9024341721856,1021.4600403740994,1039.1505182929768,2024621
2021-04-27,1031.0302734375,1037.21703707855,1016.0947406352424,1032.4319362613421,1349263
2021-04-28,1019.623046875,1038.7636831531763,1016.0945813483496,1034.3651672493481,1483859
2021-04-29,1020.3482666015625,1029.4352382897682,1014.2580307879363,1024.6984013241652,1468236
2021-04-30,1033.8819580078125,1046.8357153510228,1010.1978925836036,1010.1978925836036,1822879
2021-05-03,1037.1202392578125,1046.8355855619266,1025.0365339068921,1032.4317851826424,1472210
2021-05-04,1022.7166137695312,1041.953899578881,1014.5480747574113,1041.953899578881,1639164
2021-05-05,1160.519287109375,1168.7362083425526,1033.3503001162728,1042.1955977506261,26466899
2021-05-06,1158.3924560546875,1178.5963183769466,1131.5182463173642,1169.6061117849945,9044946
2021-05-07,1156.70068359375,1199.670293562486,1150.3687746489593,1155.1056108514424,6631281
2021-05-10,1181.8348388671875,1200.202072143241,1165.3526165411731,1188.0699840141865,4876282
2021-05-11,1157.47412109375,1205.2773375560153,1153.2690145912436,1179.2731760736294,3814186
2021-05-12,1171.8778076171875,1185.7498785010882,1153.6556025742625,1171.587751471276,3613876
2021-05-14,1139.203369140625,1192.7101113400365,1127.1680457002597,1169.7026889342317,5406128
2021-05-17,1149.5472412109375,1154.2356959393492,1131.0349784330306,1154.2356959393492,2610218
2021-05-18,1147.3720703125,1161.0024670153557,1142.683616007556,1156.1689846381062,1888387
2021-05-19,1166.6578369140625,1178.7415451267138,1146.0188868878467,1150.2723757796925,2944046
2021-05-20,1164.1927490234375,1179.369838264698,1157.570782986594,1177.1463889086106,1837382
2021-05-21,1174.101318359375,1177.339728135667,1165.3526675560831,1170.282796260806,1248152
2021-05-24,1158.8758544921875,1196.3836092838633,1155.7823547741964,1174.1495889571408,3053876
2021-05-25,1170.7178955078125,1177.3397432258391,1151.4322286735467,1169.4127607709083,1714228
2021-05-26,1156.12060546875,1178.7413266511546,1153.5589542064315,1178.0163042927759,1187994
2021-05-27,1163.2742919921875,1166.754376037464,1148.4355232681226,1163.8060223067926,2727038
2021-05-28,1168.639404296875,1171.346083651862,1150.9005473984262,1163.2741916032428,1128334
2021-05-31,1178.886474609375,1184.106659721551,1154.7674422365274,1167.7694639837023,1983470
2021-06-01,1168.929443359375,1184.1066502869025,1160.0358821316797,1180.3365100689841,1062305
2021-06-02,1205.7122802734375,1225.4329136299523,1170.6695300951155,1171.4429345424105,7160455
2021-06-03,1191.3568115234375,1213.0591011348793,1185.653278470369,1213.0591011348793,1723616
2021-06-04,1190.4869384765625,1202.5706467436814,1182.2700168549216,1202.0872984129967,1507257
2021-06-07,1192.4686279296875,1196.4803243814001,1182.4149597747116,1190.9218189789567,1039414
2021-06-08,1195.2235107421875,1201.3136275556838,1177.8229746951624,1193.7734660716021,1034753
2021-06-09,1179.2247314453125,1216.8776318659004,1173.8596365389662,1195.803600436345,2217064
2021-06-10,1187.8768310546875,1201.6038755931904,1180.3365503614525,1180.3365503614525,1049039
2021-06-11,1189.375,1198.6069986591958,1184.2031973919704,1189.036679830305,1161116
2021-06-14,1152.9306640625,1165.3526911301306,1134.031699306315,1150.368894603779,2902671
2021-06-15,1146.93701171875,1159.8907683801608,1143.6986020546333,1152.9306008034039,1221666
2021-06-16,1137.656982421875,1153.4624497912464,1134.2252799560608,1150.369067567841,940258
2021-06-17,1124.026123046875,1142.2000606924303,1114.6008341200145,1132.0013675234493,1287180
2021-06-18,1117.114501953125,1133.8383993559407,1103.0974020738115,1126.2014730620836,1379262
2021-06-21,1118.032958984375,1124.7998349365403,1099.713988282328,1111.701049284297,954168
2021-06-22,1120.35302734375,1127.0716398164216,1114.4562014217008,1123.398145370575,889616
2021-06-23,1116.002685546875,1134.708356527283,1113.150978180347,1122.334594587393,1244350
2021-06-24,1101.7440185546875,1120.0146070787284,1093.6721259066048,1116.0027927671213,1157636
2021-06-25,1113.9727783203125,1121.9964071215882,1096.2339197108151,1110.1543740382924,855782
2021-06-28,1125.476318359375,1130.4064465502133,1116.6794044494577,1119.5311117153042,1302737
2021-06-29,1122.5281982421875,1135.1436377995385,1116.8730459597436,1117.549804475275,833000
2021-06-30,1110.8310546875,1126.2015544392068,1107.447616541116,1121.2714253126105,1016310
2021-07-01,1108.027587890625,1115.5194864877003,1101.5507679183613,1109.767688960315,821431
2021-07-02,1121.851318359375,1128.1348457780186,1110.7826903392815,1113.5860158605649,1226125
2021-07-05,1119.337890625,1127.1681086017768,1111.7009647444625,1125.1863335930811,744320
2021-07-06,1102.56591796875,1117.3563059994328,1100.1007942944882,1116.5346374429998,826502
2021-07-07,1109.7677001953125,1115.5194977809276,1095.2672511509486,1101.744071188782,1093022
2021-07-08,1102.1307373046875,1118.854635189651,1098.1673049634683,1111.7010569612576,772404
2021-07-09,1109.62255859375,1112.1843279305197,1099.9073295308308,1102.130660687221,619863
2021-07-12,1112.4261474609375,1117.4046587086154,1107.8343384664213,1109.7677317272703,461720
2021-07-13,1126.298095703125,1131.034932268315,1112.571052274155,1117.5011809420275,1269535
2021-07-14,1132.7750244140625,1135.771760012047,1119.6278573952532,1128.6181821941527,722071
2021-07-15,1123.108154296875,1138.6719459172884,1120.9813509791754,1136.835198780852,852834
2021-07-16,1140.4600830078125,1142.5867678953646,1122.6728455671619,1123.1079297520696,989827
2021-07-19,1147.13037109375,1151.8672073207981,1131.0348515287,1137.7050806643442,804486
2021-07-20,1134.901611328125,1151.8671809140928,1127.651388087102,1151.3354506744436,941996
2021-07-22,1140.170166015625,1145.0520306551796,1132.001627604234,1137.8018067379876,874999
2021-07-23,1141.862060546875,1146.5022517695131,1136.8836670953551,1140.1703413726789,828212
2021-07-26,1132.7266845703125,1151.81894146834,1129.4882747227764,1138.7685380190553,756766
2021-07-27,1080.57421875,1140.211861242896,1064.6319337932507,1136.8582013165278,2687649
2021-07-28,1072.16552734375,1086.7468625104714,1058.0217034299558,1080.5741210225347,1356732
2021-07-29,1055.591552734375,1079.0188757638107,1047.4746326718582,1072.7002967615902,1395326
2021-07-30,1076.4913330078125,1096.127482442801,1050.730975688152,1059.5769614501874,1455348
2021-08-02,1092.8709716796875,1095.5442162179302,1079.9907934499736,1083.6847788226428,1133501
2021-08-03,1112.26416015625,1117.416279200272,1094.718025317144,1100.4047221006592,1528382
2021-08-04,1120.0408935546875,1126.5053091097407,1108.8133368505285,1122.714138293279,1152007
2021-08-05,1113.3336181640625,1126.9428646407785,1106.0914836624543,1120.0409375684458,775351
2021-08-06,1118.728515625,1123.3459380188383,1110.6602487452649,1115.0346489078486,417014
2021-08-09,1102.05712890625,1124.123617942778,1086.795380773898,1122.2279734063022,1073469
2021-08-10,1088.642578125,1119.3605691426008,1079.0675244750516,1107.16080379391,1482725
2021-08-11,1021.4224853515625,1060.5490663988148,1006.5009433928909,1049.8074358137283,6367364
2021-08-12,948.710205078125,1004.1678667839485,945.939716022888,1001.2515999878674,9765212
2021-08-13,949.5850830078125,962.3194840654418,927.1784442006749,960.4238987148158,5364503
2021-08-16,940.59326171875,957.4104483306925,931.7472758424536,949.5850846728895,2287661
2021-08-17,947.1549072265625,956.8272047839022,942.6347289096221,947.7867888184167,3133363
2021-08-18,945.648193359375,952.6472462183204,938.0659108170197,952.2097942899603,1850713
2021-08-20,900.7376098632812,940.739094444694,895.2939354002203,937.0451682496455,3344255
2021-08-23,899.765625,914.3469611397901,889.4129119397143,909.8753751228979,2703012
2021-08-24,913.5692138671875,916.8743401402563,890.1904857048946,905.9869316701739,3109401
2021-08-25,914.5413208007812,919.5961954752111,907.1534681215712,917.4575878054595,1502010
2021-08-26,911.2848510742188,918.3810889558499,907.9797247192431,918.3810889558499,1356807
2021-08-27,913.86083984375,921.0543221344867,906.5701723862211,911.2848396077186,2000385
2021-08-30,925.914794921875,929.3171065042651,915.7078601747047,915.7078601747047,885514
2021-08-31,931.1154174804688,933.1082473798351,920.9084830619923,927.7617579225379,1286167
2021-09-01,935.3927001953125,938.5033970609845,923.4846091821739,934.1775888674412,1069926
2021-09-02,940.7877197265625,946.7174982090922,936.4133192386848,936.9966082360309,1376857
2021-09-03,942.3916625976562,945.745381406081,937.0937658517796,945.745381406081,497046
2021-09-06,954.5428466796875,967.0341671370257,940.8363555882153,947.7868159713142,1827279
2021-09-07,961.979248046875,963.8262408744853,950.8002245773272,958.4797513890494,679480
2021-09-08,954.7372436523438,962.4167112223121,946.0856277420454,962.3681186381967,1616070
2021-09-09,954.39697265625,956.5355803322568,946.9118754560283,952.647224314646,1039035
2021-09-13,956.6326904296875,959.3545868937016,948.8073864246461,954.1052829492169,694262
2021-09-14,955.2233276367188,962.465343585757,951.7237714617054,957.0216686445456,660129
2021-09-15,961.7362670898438,967.2285938933379,955.5635254242726,959.9865186858052,1189843
2021-09-16,941.079345703125,957.5076736847747,930.7266333581864,952.6472286406895,2960830
2021-09-17,924.4080810546875,940.9821872594126,917.5062132971061,940.9821872594126,2486651
2021-09-20,907.6881103515625,915.6106594918244,886.5451744477912,895.2939755114207,3490753
2021-09-21,904.139892578125,910.7987373661277,888.7808993076746,904.0427074174943,1707370
2021-09-22,913.763671875,917.6520279255319,903.7511669112013,904.1399669172916,1577549
2021-09-23,914.1038208007812,921.5403250041833,904.042723896509,921.5403250041833,1054360
2021-09-24,900.348876953125,920.5683170343373,897.0437504982896,916.6799608905808,1085830
2021-09-27,910.0211791992188,914.5413576395857,889.5100648411407,901.7584223531301,1699656
2021-09-28,922.4152221679688,927.0326446493343,902.09853951732,913.7636068386646,2237837
2021-09-29,921.1028442382812,937.1423114175603,918.6240293587125,928.3449185582756,3389317
2021-09-30,925.0398559570312,934.0803309980955,919.7906110281198,924.3594411316635,1396059
2021-10-01,939.4268188476562,940.9821374910332,916.6799128657483,919.5961798207825,1266634
2021-10-04,934.5177001953125,951.4806644541463,931.8931074623254,942.8291082884443,1600549
2021-10-05,936.8507080078125,940.0099970361138,928.3449298546935,936.9965450802201,723349
2021-10-06,920.714111328125,940.0586466452271,914.9301699668002,938.5519205758744,1112147
2021-10-07,929.3656616210938,935.1010103613975,924.456624116449,933.2054249755952,693444
2021-10-08,920.85986328125,938.7949165246132,919.1587075950806,933.2054049843424,902738
2021-10-11,931.7472534179688,935.1495647241377,918.9156674826688,925.4286752779409,625803
2021-10-12,939.32958984375,948.7588650202102,931.4556926679247,934.1775300045308,1103519
2021-10-13,936.413330078125,952.5500432191595,932.8652407958491,940.1072564443266,1254976
2021-10-14,920.0336303710938,941.1279731809968,918.6240894785891,936.4133060116951,938940
2021-10-18,910.312744140625,920.0336340148767,902.3901951604685,912.7915591922385,1494605
2021-10-19,912.208251953125,919.110059444234,907.2505629399243,915.5133186303273,1702179
2021-10-20,903.7025146484375,912.9859522397045,892.766513978505,912.2082929472739,1305385
2021-10-21,898.5018310546875,911.7222767626242,882.7053851524194,911.7222767626242,1337084
2021-10-22,893.641357421875,913.617773423359,888.4892978673016,898.501802158567,1490587
2021-10-25,902.244384765625,907.9310814036606,874.9286496083744,894.8564731295468,1886771
2021-10-26,903.8483276367188,913.6178100831596,898.2102233822418,904.1399424663015,1053103
2021-10-27,910.7014770507812,918.9642328352281,904.6259213269233,908.6115214807335,833917
2021-10-28,857.1395263671875,903.994230800448,853.4941924019174,877.3589668948978,3498287
2021-10-29,897.1409301757812,928.3449622420623,856.6534010217982,870.991713265851,7118661
2021-11-01,917.9921875,921.3944988668812,894.9050746533063,900.1543787805637,1016327
2021-11-02,904.7718505859375,922.5124751072303,902.7790799717844,921.2001786698041,675353
2021-11-03,909.778076171875,913.3747578379384,896.8492456128428,909.6808316774725,881906
2021-11-04,908.1741333007812,914.7357339427724,905.9869330867842,913.7636449587737,63428
2021-11-08,903.3622436523438,909.8266588615784,886.5451167900801,908.9031624986019,602828
2021-11-09,911.1876220703125,916.2424968567545,900.6404799023177,906.6674437118598,673669
2021-11-10,915.7564086914062,923.0956685996315,908.854600689044,911.7222750368095,864332
2021-11-11,909.5350952148438,917.5548294527833,901.1265016448474,915.7564292065255,436182
2021-11-12,921.7833862304688,923.4845419656687,903.8969250534396,914.7357410417834,731054
2021-11-15,918.381103515625,933.1082759312644,916.67994772716,916.8257848130991,1010685
2021-11-16,905.5008544921875,924.1649741483627,902.8762024679189,924.1649741483627,787318
2021-11-17,884.746826171875,905.5009025678689,882.8998333411347,905.5009025678689,910638
2021-11-18,873.616455078125,881.6847824558871,866.1313574070512,881.6847824558871,1054094
2021-11-22,846.9811401367188,877.2617364447017,844.2107101987435,877.2617364447017,1154119
2021-11-23,858.3546142578125,863.7982890980396,839.0586707276942,844.7453678256387,805986
2021-11-24,869.7279663085938,875.8521146222073,860.541714172374,864.9647068804505,841679
2021-11-25,874.1510620117188,876.824306849675,862.4374010426312,871.7694320170365,697779
2021-11-26,889.8016357421875,905.0148522107016,866.7631740803022,869.0475594805234,2236599
2021-11-29,868.075439453125,904.577367957986,861.2708167474455,904.1399160605863,1471865
2021-11-30,859.7155151367188,873.664968226385,852.6678700522779,868.9503604197794,1886499
2021-12-01,847.0784301757812,870.0197082471984,839.9335399895352,865.0620777764217,1072115
2021-12-02,851.1610717773438,858.9377834768411,843.4816045730512,853.4941090198337,1015336
2021-12-03,848.6336669921875,859.3266456140822,846.7380816428949,853.2996821608757,836962
2021-12-06,834.29541015625,858.2087765661579,832.1568024235219,855.389753977585,789195
2021-12-07,841.9749145507812,851.452782339821,829.6779649174878,839.6904697924091,817829
2021-12-08,864.4301147460938,866.9575223301129,845.1827650470808,847.4671503891134,1787822
2021-12-09,862.777587890625,872.4012928103479,858.306002182805,872.4012928103479,897841
2021-12-10,859.2294921875,869.4850192873505,856.0215510171585,860.2987663565444,656745
2021-12-13,859.32666015625,871.3319353522623,853.2025114354841,870.5056834501378,1374176
2021-12-14,916.728515625,945.2593632507585,857.9657239624327,861.0278280318513,10436546
2021-12-15,893.2039794921875,918.4297016307885,889.996097566658,918.4297016307885,1634938
2021-12-16,878.1852416992188,899.0851555649276,872.4498927662194,898.2102517169768,804247
2021-12-17,850.4319458007812,881.8790571434744,845.9603606177733,879.2544052614489,1280895
2021-12-20,850.7236328125,853.8829217681185,829.7264767700456,847.6615290151842,1025474
2021-12-21,851.3069458007812,860.7848135958798,848.6822936219716,855.4383240704395,691188
2021-12-22,877.1644897460938,882.8512460231198,851.1125162838501,852.522057207127,1276547
2021-12-23,886.9826049804688,888.5865162044981,873.6649740384028,882.65679713699,1038358
2021-12-24,872.69287109375,899.8627696179043,870.6028560797374,888.4407242429652,1353165
2021-12-27,890.8710327148438,892.377758894586,874.8801557790059,878.5740823481957,1580113
2021-12-28,891.0167846679688,898.2102672508888,888.2463546542205,892.377733047961,595298
2021-12-29,903.6539306640625,908.8060499433554,892.377721747176,892.377721747176,1206098
2021-12-30,911.673583984375,914.9787100961138,899.1822649018914,899.1822649018914,1055476
2021-12-31,924.213623046875,930.0947496706236,909.9724953672054,914.7357552323001,1433403
2022-01-03,918.8671264648438,930.2891722050838,915.8050223848186,924.4566382100676,773806
2022-01-04,906.3270874023438,924.6024066961618,904.0427021564163,918.91565087396,382536
2022-01-05,906.0354614257812,913.3747208682489,898.210157525778,907.9310466764898,453467
2022-01-06,897.3839721679688,914.7843294379797,895.5369793598499,905.9869359711046,637963
2022-01-07,890.4821166992188,905.1606962000857,888.489346115281,904.042770117299,666082
2022-01-10,912.1110229492188,915.4647415938756,890.4820444512483,891.4055407927623,982302
2022-01-11,919.6448364257812,925.4287781555751,908.4658123199104,915.6107024561052,1160947
2022-01-12,926.2550048828125,927.8103829236973,910.9446027201495,921.8806042649088,902540
2022-01-13,932.1846923828125,944.3358040220598,926.0118920711151,927.3728403073507,1769485
2022-01-14,925.2343139648438,935.975885729994,922.0750246614698,932.1847741649083,534975
2022-01-17,916.2424926757812,927.0813089665311,909.1462547058524,925.2343160984267,710204
2022-01-18,917.3604125976562,935.1496296530089,910.847404350176,915.7078494107426,1620486
2022-01-19,932.6707153320312,942.2943599293415,907.0561369884565,918.6240187347933,1270932
2022-01-20,913.277587890625,933.0109821277423,907.9796911344654,932.0388931571296,965567
2022-01-21,878.1852416992188,911.7709053705834,872.5470779352784,911.2848608620785,1198180
2022-01-24,896.2660522460938,907.445075674326,873.4219608927498,873.4219608927498,2304612
2022-01-25,890.3849487304688,904.6260172584338,882.6568291638694,886.1077333146538,1482316
2022-01-27,863.3121337890625,888.0518083160367,857.3338226154075,888.0518083160367,1677902
2022-01-28,874.6370849609375,896.2660653892575,864.3815577927068,868.464343492688,1123033
2022-01-31,882.7540283203125,889.3156293018757,865.1592405320229,875.1231531336557,1179252
2022-02-01,878.8170166015625,897.529729170565,875.4147052253802,896.2660253828748,1225551
2022-02-02,888.0518798828125,893.1067544683007,879.2544864398127,888.197716963122,1014602
2022-02-03,874.8800659179688,887.6630595026331,870.9917100694445,880.7125996907553,1420412
2022-02-04,847.8561401367188,874.8316131469269,835.4134112992333,862.2430472091742,7628986
2022-02-07,782.2399291992188,838.8155135630834,779.1778255118162,835.0243432197846,5308221
2022-02-08,765.6172485351562,788.2183170727722,762.5552038806342,782.2885980923181,3627659
2022-02-09,778.5947265625,782.4344901274915,764.2078206717784,773.7828739598705,2378442
2022-02-10,783.8439331054688,789.3362596298696,777.6711917535662,785.8853555827839,1583276
2022-02-11,775.8241577148438,782.9690470083772,769.4083944564384,782.9690470083772,1279333
2022-02-14,740.0999145507812,769.6028504280664,736.8434402296368,767.9502873105713,2849642
2022-02-15,742.8704833984375,746.369980337759,727.1226285082735,744.0855947428697,2476433
2022-02-16,755.7019653320312,760.3679803755093,745.2033573197052,753.8063800336057,1201353
2022-02-17,750.7443237304688,763.3814807455642,745.6408564743724,763.3814807455642,1532083
2022-02-18,746.3212890625,757.0628600605766,743.4536148025173,752.2510079065855,1434385
2022-02-21,739.5167236328125,745.0090503408412,731.837196624851,740.5374052397933,1027437
2022-02-22,731.2053833007812,733.7813836421277,715.7491439262777,729.0667755594856,1144344
2022-02-23,734.8992919921875,741.7039150661892,732.3232323815307,733.6355881447653,995845
2022-02-24,693.2938842773438,721.2900355145528,691.1552766183922,719.3458575212521,1977871
2022-02-25,721.241455078125,723.2342256884995,693.8285330445786,693.8285330445786,1326234
2022-02-28,725.0325317382812,727.7544283090378,708.5556712257762,716.4295681196883,1245957
2022-03-02,707.8265991210938,728.4348375834857,702.8203172503627,720.3179185097079,1187558
2022-03-03,699.4180297851562,718.5196022117217,697.0363998882955,718.5196022117217,866031
2022-03-04,684.6908569335938,698.9319843813772,683.1841308641827,695.0436284181985,1472959
2022-03-07,681.239990234375,683.913235105632,659.8540312643189,677.5460637331412,1348569
2022-03-08,688.6278686523438,691.6413208079731,673.1716298798614,681.2399566821368,1448596
2022-03-09,718.7625732421875,720.5123214368863,692.9049722970635,698.8347503250308,1971153
2022-03-10,718.9083251953125,731.5940733163561,716.4295103974346,723.2341326128783,926663
2022-03-11,727.025390625,733.4411543258248,716.9642338235559,717.4016857421586,1375395
2022-03-14,724.4007568359375,740.6346554990818,716.4296149256672,733.9272174611652,1311545
2022-03-15,717.3530883789062,736.7462757671811,712.7356656355838,726.1990745334718,1167960
2022-03-16,728.6778564453125,730.0388047140377,719.3458262162289,722.7481375564408,931860
2022-03-17,743.98828125,749.5777929161007,730.0388280420246,730.0388280420246,1488416
2022-03-21,734.072998046875,755.2645253979954,731.69136824098,745.4463913542571,1072681
2022-03-22,736.1143798828125,744.2312991307214,729.6986163493901,736.9892836971895,1261865
2022-03-23,725.4700317382812,748.5085536319763,722.7967869038814,739.1765226699862,1304255
2022-03-24,752.9801635742188,756.0422678516807,721.4845135693332,724.206351076184,2161602
2022-03-25,735.239501953125,757.3059344356512,727.7544640111498,756.9657270134178,1026805
2022-03-28,731.3997802734375,744.6201668131976,726.6365204867691,732.9550989257845,856392
2022-03-29,740.2457885742188,745.5922781830935,730.6707354618758,732.955120925753,2037295
2022-03-30,728.1917724609375,745.5921875323365,724.595090990271,742.3357134445934,2245552
2022-03-31,726.1991577148438,732.1289368844482,718.2280151470083,732.0802849636626,1413277
2022-04-01,744.1340942382812,745.4950425064326,715.2630404400512,724.1576781012094,1096987
2022-04-04,768.4849243164062,770.0403022692888,740.9748182977464,747.5364188533512,3218546
2022-04-05,754.535400390625,773.2967039050311,749.0916670646171,772.3246150252008,1219898
2022-04-06,751.2304077148438,764.0619950709056,749.4806592871097,752.8343783837041,919222
2022-04-07,762.7009887695312,765.0340260504838,746.5643354596843,753.3689583089263,1301142
2022-04-08,760.22216796875,769.7000354368043,756.528241744957,769.7000354368043,790354
2022-04-11,763.5758666992188,768.1446966094426,758.2293774989059,762.1177332809516,526049
2022-04-12,752.008056640625,767.3671109180839,744.2313443306637,763.5759399343352,701114
2022-04-13,751.4247436523438,757.889158776042,744.6201211354403,755.3130993762886,970871
2022-04-18,748.6544189453125,758.9585393264838,743.2592771562835,753.3204346022277,675700
2022-04-19,748.0224609375,761.4372768306825,739.7597047088207,753.3689502619396,1627429
2022-04-20,755.507568359375,775.2409628193656,748.5085158255943,748.5085158255943,1613702
2022-04-21,760.6110229492188,764.0619269105478,747.5364144964519,764.0619269105478,936009
2022-04-22,733.1495361328125,762.0691839012136,727.7544540457005,754.3410644799756,1161567
2022-04-25,705.1533813476562,731.448376820026,702.8203440248906,727.1225689220169,950013
2022-04-26,737.4266357421875,739.2736284347563,712.5411829620991,713.5132718883776,1380761
2022-04-27,721.8732299804688,735.3852901076853,719.831866919684,734.8020604707756,559308
2022-04-28,727.7544555664062,733.4411524992659,718.4223655420058,727.7058036509904,756967
2022-04-29,723.8660888671875,746.4185059303699,721.7274812266159,729.0667412219293,919619
2022-05-02,721.1441650390625,738.7876032439094,713.2216756821838,719.345824211175,474601
2022-05-04,706.4656982421875,731.4483980270834,701.9454605476242,722.6023523090917,715797
2022-05-05,706.0767822265625,723.6230351679408,703.3063524629767,711.0830640313304,529753
2022-05-06,703.6466064453125,708.6528885815138,692.2245605731139,700.3901319931148,699658
2022-05-09,712.5897827148438,717.5960644682095,694.1686855101252,703.6465526367418,703947
2022-05-10,694.5089721679688,722.699552122826,691.9329126808325,712.3953735058827,759189
2022-05-11,696.7933959960938,704.4243303837286,681.4829939678668,698.9320037012782,1815949
2022-05-12,674.7755126953125,694.9463567433936,663.4992462068252,694.0714530279469,1338840
2022-05-13,676.9141235351562,688.4334133096372,671.7134713320136,680.462271971649,894546
2022-05-16,665.9295043945312,680.8024530402778,653.7298002852673,678.5180678053779,1174257
2022-05-17,671.6162719726562,673.6576350127822,656.2086266840098,670.741368194545,1027474
2022-05-18,664.2283935546875,683.0383510692012,661.700985918831,671.7134906277136,1432014
2022-05-19,617.1307373046875,636.4753339988858,602.6952379981814,617.5195966747496,7828844
2022-05-20,620.5816650390625,627.9695179886393,608.5277372459569,618.2486276172981,2631657
2022-05-23,601.237060546875,632.2953166888188,599.0012676609604,623.8867229097248,1858512
2022-05-24,584.07958984375,608.576241906666,579.899619454301,600.945367800286,2265789
2022-05-25,573.7755126953125,592.1966104838289,566.7278676855015,585.6836025394762,1315217
2022-05-26,583.739501953125,587.1418137879891,567.9430541483985,574.699085229665,982546
2022-05-27,588.8428955078125,591.0300956974825,579.4136206015816,588.1138287779225,920769
2022-05-30,595.7932739257812,599.8759995895826,592.0506962918375,593.314399917852,964272
2022-05-31,601.334228515625,607.5556218156588,586.8987306739264,592.974286892083,3069486
2022-06-01,590.9815673828125,606.6321778204388,587.3848259245653,604.2019551231919,1686662
2022-06-02,595.598876953125,597.3486250952211,585.1975139256682,589.1344620782838,894347
2022-06-03,594.09228515625,604.5422431212402,589.2804321804672,595.5504188257835,1497965
2022-06-06,588.55126953125,596.2793885879843,582.2812839066693,594.0921884397538,1548501
2022-06-07,592.634033203125,593.9463295111401,581.3577661437249,587.9193663469986,864321
2022-06-08,596.0849609375,597.7375240324913,586.1696416991542,589.2317456496262,908704
2022-06-09,601.1398315429688,610.4232691666043,592.0021716631468,595.59891265123,955120
2022-06-10,601.3829345703125,606.0003577117963,594.9185184395916,596.5710817460234,489515
2022-06-13,595.1614990234375,600.2163737642736,587.1417646552164,594.918476769855,795186
2022-06-14,592.3423461914062,602.6951166864825,589.5719165650833,590.5440054629647,801599
2022-06-15,596.5709838867188,599.2928210046862,591.0300651595282,597.202806087683,524096
2022-06-16,586.1695556640625,601.0425026728022,583.4963114218134,598.3206658561036,1304335
2022-06-17,580.9203491210938,588.6484683572054,576.3515783929145,583.2533863993322,908185
2022-06-20,589.8635864257812,592.9256904725626,578.3929482264348,581.3578077753925,621098
2022-06-21,612.2702026367188,617.179299309216,591.9535791404669,592.9742606736669,1735545
2022-06-22,596.036376953125,618.2485862321257,592.245206229438,612.2702153212967,1283868
2022-06-23,611.2495727539062,614.165839856102,596.5710520721634,598.2722078817776,556155
2022-06-24,611.8329467773438,619.3666378380308,603.9103963163627,616.1101035225072,1133553
2022-06-27,612.4159545898438,623.011746425702,610.9578213646298,612.7561619430899,819634
2022-06-28,615.7697143554688,617.6166476328693,604.1532403457358,607.5555514337649,503079
2022-06-29,603.3270263671875,614.9434417738685,600.7509669349073,611.3953527299284,585868
2022-06-30,593.8978271484375,602.4036064818011,590.5441080021039,597.83477600213,1191662
2022-07-01,610.7635498046875,612.9507502085706,591.7106277968377,595.9877840987998,908035
2022-07-04,610.7635498046875,616.4503064537486,603.861741151744,609.4026607079029,386921
2022-07-05,610.4718627929688,619.4150930314153,608.1388255719475,615.3323075604287,707377
2022-07-06,612.367431640625,616.3043799300094,603.7644090347558,608.5276685113342,528205
2022-07-07,615.3323364257812,632.8299384094528,604.9795648528008,626.9974044148956,1702861
2022-07-08,617.2764892578125,623.3520452544445,612.4646370421597,622.1369340551181,679920
2022-07-11,624.6157836914062,626.6085543025474,613.9713971283969,613.9713971283969,551206
2022-07-12,615.6239624023438,626.025326747229,613.3881695302819,625.3448525692262,440534
2022-07-13,628.9415893554688,632.8299453947607,615.1865061338317,621.6023291976262,908379
2022-07-14,629.18603515625,639.5542537519267,623.1215795037629,635.6417094213788,1202079
2022-07-15,626.8385009765625,632.0715649751526,622.1923544632286,629.1860515162073,566608
2022-07-18,631.2891235351562,634.5658559050235,624.5399599157727,628.0612263341582,708007
2022-07-19,629.72412109375,635.7885779310789,626.5451782040946,630.8978965623782,786644
2022-07-20,643.12451171875,647.3793800452817,629.6262449338409,632.8540822540399,661743
2022-07-21,635.7885131835938,650.7539847076225,632.9029995297756,645.5698749248799,1012272
2022-07-22,625.4691162109375,639.7009839598143,622.0945348600029,638.7228478987137,868452
2022-07-25,618.6222534179688,629.2839022083637,612.3132629695965,629.2839022083637,820286
2022-07-26,614.0249633789062,622.0945865535394,611.3350889873618,621.801157650964,695563
2022-07-27,626.5451049804688,627.7188803119191,609.4766170583387,611.3350996415262,584598
2022-07-28,627.5721435546875,630.8978304170082,623.3172750902922,630.8978304170082,485945
2022-07-29,630.0175170898438,634.4680846631853,617.2039564541956,628.061244644664,1231092
2022-08-01,627.1320190429688,638.1849456434812,621.1653526829094,634.9081537070317,1124106
2022-08-02,624.6867065429688,626.9364078575454,615.5410972740332,625.6158881702296,1140729
2022-08-03,613.8782348632812,629.919691891096,610.9927809296147,625.0290110534322,1186040
2022-08-04,645.52099609375,649.726969806858,589.8161276530454,598.6193534389118,13258447
2022-08-05,653.4927978515625,655.3512805872384,639.6522058804749,644.4939922070427,2986757
2022-08-08,652.074462890625,658.334498186488,643.7113513731709,655.3511949852751,1379795
2022-08-10,655.2044677734375,658.0899813189778,645.6676404335499,652.0255253268083,893159
2022-08-11,675.1585083007812,678.8265190304124,657.5031619289622,658.2856589444777,1089880
2022-08-12,667.9202880859375,678.8265307235176,666.1107599750943,678.2885677473774,751684
2022-08-16,668.6050415039062,674.8162426953597,660.241988259427,672.9088650113591,844454
2022-08-17,672.9088134765625,677.3593212645877,664.4968063018121,670.0232997346463,1022273
2022-08-18,673.7401733398438,676.8702209839544,663.5186385539214,672.9087814862535,890706
2022-08-19,673.886962890625,681.222984564373,670.0233128689783,670.0233128689783,1078615
2022-08-22,667.9692993164062,674.1315460308971,661.220135004863,669.0452253599501,974313
2022-08-23,680.2448120117188,684.2062515638366,660.2419153761111,660.2419153761111,1372908
2022-08-24,662.7850341796875,688.4122133588626,660.3396937942833,682.7390356048634,1473249
2022-08-25,650.36279296875,666.1107621435539,647.4772791955365,666.1107621435539,2373005
2022-08-26,638.4295043945312,657.3075209580995,636.6199166190955,657.3075209580995,1655489
2022-08-29,647.477294921875,649.8737406459941,620.774187554814,626.0071925497555,1442822
2022-08-30,654.4708862304688,657.2586101301192,647.2327144065575,650.3627620847839,1281083
2022-09-01,646.2545776367188,654.373095884686,644.1026661286483,651.4386873829609,608875
2022-09-02,639.4076538085938,650.7540099890067,637.793705178303,647.1838486351553,531472
2022-09-05,638.8696899414062,643.1734534483542,636.766673207983,639.4076529171876,341865
2022-09-06,638.2827758789062,644.5917664129202,634.4191258851538,639.2120172243449,393872
2022-09-07,651.7320556640625,653.1992597784348,633.0007856243217,638.2826846156493,693918
2022-09-08,652.1723022460938,658.2856534107553,649.531322602821,658.2856534107553,477250
2022-09-09,653.9329223632812,658.9703475024962,651.4386870781209,654.3730955784728,584825
2022-09-12,656.9652099609375,660.0463032049937,653.0526651171607,653.9329518865926,315997
2022-09-13,659.2149047851562,660.2908307262734,653.8840505481028,659.2637996550804,528712
2022-09-14,651.8299560546875,656.8184265532961,649.0911270665096,651.4386777133212,417992
2022-09-15,648.4065551757812,656.1337958634839,642.928956260996,655.1067647234304,540944
2022-09-16,618.3287963867188,649.2378751105758,616.2257797659703,648.4064832562482,2005747
2022-09-19,627.2297973632812,631.6803048430305,609.3788128769188,619.1601742393092,1154043
2022-09-20,656.5739135742188,659.214893211416,628.2079642354443,630.4087706496596,1894583
2022-09-21,646.890380859375,666.9911284269949,645.5699208107234,655.3512832472495,1271390
2022-09-22,648.7977905273438,650.9497023098306,639.70113495211,641.461768337526,703087
2022-09-23,634.1744995117188,653.3948972404596,632.854039692481,651.7320539750094,532388
2022-09-26,639.6522216796875,645.961212521609,623.5618681993449,629.4306857823975,1019861
2022-09-27,641.9996948242188,646.5969470750327,630.1153753734261,645.4721262236908,799635
2022-09-28,655.546875,657.6987865204607,632.2182914565491,636.7666485406888,1166934
2022-09-29,640.4835815429688,659.3615985494146,630.702219394479,658.8725304419901,4410562
2022-09-30,664.98583984375,667.8713534357029,645.5698610838538,645.5698610838538,4009424
2022-10-03,706.3121337890625,710.811596178209,664.1055921223843,664.1544869927747,6624301
2022-10-04,726.0216064453125,734.1401250993073,696.5797302191528,709.1487567165397,4221009
2022-10-06,707.3880615234375,728.6625223619839,705.1383603634076,728.6625223619839,2058528
2022-10-07,705.4318237304688,711.985348065221,697.7045240416169,701.9594522376408,1521206
2022-10-10,691.7379150390625,702.9864810538215,688.1187992506968,702.4974129662234,862977
2022-10-11,666.0618896484375,694.4767356970283,664.7413698939465,692.5204632021071,1687438
2022-10-12,664.4479370117188,670.3656493335528,658.5791195618275,669.4364676645454,696667
2022-10-13,672.1262817382812,674.8161561603281,662.1981759002674,664.4478771131135,1220383
2022-10-14,675.5498046875,683.4726841946656,666.6976241298594,678.8265371464729,1099831
2022-10-17,675.5498046875,680.5382755326491,671.099237122884,675.8921284844564,441511
2022-10-18,678.630859375,680.7338760101457,667.3333986087538,678.9732428531854,682092
2022-10-19,674.0825805664062,682.6901671154756,670.4145698465732,679.8046534090678,478399
2022-10-20,664.8392333984375,676.2834396758765,656.6228648657378,657.3075721935794,1593310
2022-10-21,663.9588012695312,673.2999894857752,660.2418958699574,665.6216446511199,435914
2022-10-24,665.8662109375,671.5882837652416,663.9588334280211,667.0888811742564,79098
2022-10-25,669.5341796875,675.843169653912,661.2689174648791,665.8661692071083,931457
2022-10-27,687.923095703125,692.0312791946657,670.1210070402411,671.9794894794846,1025154
2022-10-28,681.174072265625,691.3955477756413,677.8972801814355,691.3955477756413,603938
2022-10-31,683.7171630859375,690.1239428742867,673.251094429033,679.8046185189221,686201
2022-11-01,693.7431030273438,699.1717470220677,684.695343135905,684.695343135905,790993
2022-11-02,691.9824829101562,701.0302429730195,689.2926082968726,693.9876502271919,662770
2022-11-03,696.5797119140625,698.3892399861295,685.9668984271894,689.4392699631719,502147
2022-11-04,695.112548828125,700.6389828113437,687.1407145231287,698.389281380091,790358
2022-11-07,694.3299560546875,708.1217122626276,691.1021185424277,696.4329727600136,1088511
2022-11-09,679.0709838867188,699.7585861742025,673.0065281581795,697.4110356661585,1396214
2022-11-10,703.6222534179688,737.514696716311,692.1291530381058,701.519296402922,11685941
2022-11-11,730.667724609375,732.6239969644203,709.1487287038781,709.1487287038781,3270406
2022-11-14,742.8944091796875,744.1659742401198,721.2776240502595,732.6239795596919,1644409
2022-11-15,737.0745239257812,746.7092013469942,731.9393088593674,744.3616505792123,743769
2022-11-16,723.4784545898438,740.3023492455718,716.2402229258156,736.0474807124291,1832877
2022-11-17,720.0060424804688,730.3743221582756,714.1372252027015,723.8207975912961,647445
2022-11-18,705.2850341796875,723.8207255095638,703.279867082941,720.005970778629,870179
2022-11-21,705.1383666992188,708.7574226540627,697.4110673184986,705.2361564328716,706128
2022-11-22,704.0135498046875,710.9582931402658,698.3892664960707,708.6596968857189,1107748
2022-11-23,703.328857421875,713.403648839539,701.6171189872967,710.1269162879114,1211257
2022-11-24,703.3777465820312,707.5837801762541,695.8461452916098,704.4537322668759,641142
2022-11-25,704.0135498046875,706.8501687449645,692.5693440017973,703.377737376478,851624
2022-11-28,717.609619140625,718.8322893431405,699.5141001433968,704.0135026083761,1247826
2022-11-29,735.0204467773438,742.747686803908,723.8207755399981,727.7333202726467,3703760
2022-11-30,749.3500366210938,752.1866551697599,731.1567291799682,735.9006653485525,1964647
2022-12-01,753.4583129882812,756.9306846045432,745.5354335426866,750.7684384023366,794733
2022-12-02,759.03369140625,761.9681000070474,745.7310629629136,753.1159793347812,956797
2022-12-05,753.2626953125,760.9899954966658,744.704003203765,760.9899954966658,734449
2022-12-06,750.8662109375,752.773528597076,745.3397180194158,748.2741263580749,370587
2022-12-07,753.0670776367188,756.0992759497709,748.8121493837252,752.1867311841835,274616
2022-12-08,738.3460693359375,756.6861226548804,736.5365412887462,755.3656626961942,527266
2022-12-09,735.0693359375,744.1659904301206,730.2764447969511,738.4928125519793,526842
2022-12-12,735.5584106445312,740.351301828211,729.5428492303918,731.2545875530353,594255
2022-12-13,727.635498046875,738.4927853149369,720.8863348041173,738.4927853149369,744159
2022-12-14,742.1608276367188,744.8507021355668,726.8529725175418,727.733318961079,668745
2022-12-15,734.4335327148438,746.9047691090474,730.472093094471,742.1608324785891,306953
2022-12-16,713.354736328125,739.226451396875,711.0072452105976,731.3524667326546,899068
2022-12-19,712.6700439453125,716.0446259293698,708.3173854173401,710.1269135895961,393415
2022-12-20,710.0779418945312,714.0393813164911,702.3017476510146,711.056078033321,386644
2022-12-21,734.922607421875,741.2315978299703,706.312123671841,711.5940830136641,1647711
2022-12-22,749.5457153320312,754.1429671497363,732.477227676247,738.492788843127,2196207
2022-12-23,740.2045288085938,771.6516297964972,735.6072769802486,753.1648327487509,4165329
2022-12-26,725.97265625,750.4749546574257,719.9570950987643,743.9214305684377,1798553
2022-12-27,725.4835815429688,735.5094769028569,723.820738177288,723.820738177288,712581
2022-12-28,716.8760375976562,731.205696962066,709.6867007800735,726.6084449285013,1310549
2022-12-29,720.0549926757812,723.8207931925178,709.3443892688068,716.8270954320684,1528692
2022-12-30,717.6585083007812,728.7114349034739,715.2131679151992,728.7114349034739,589367
2023-01-02,716.8270263671875,720.0059687337076,706.7522363457389,718.8322531589295,518472
2023-01-03,721.8156127929688,723.8696749101038,712.3765746864832,715.9956905268261,631593
2023-01-04,718.538818359375,725.5814108387536,714.0394157840276,721.8156104029105,704874
2023-01-05,726.6084594726562,728.6136864630357,715.9957054780215,719.5169719525529,618678
2023-01-06,721.9623413085938,730.6188829302887,717.7563673791872,725.8748863035206,608556
2023-01-09,733.4553833007812,740.7425097084787,724.7989020753012,725.5813990712761,1247543
2023-01-10,742.2586059570312,747.8828889135635,733.6021247650808,736.4876383959622,1424939
2023-01-11,737.5635986328125,742.4053848217895,730.8633894616692,742.4053848217895,911085
2023-01-12,737.8570556640625,741.3783819814124,731.4502751722868,737.0256637325667,560241
2023-01-13,739.2264404296875,742.209743928927,732.7707653263922,740.4491106917279,434291
2023-01-16,740.4002075195312,743.3835109853201,730.8144847127544,735.3627822161287,443945
2023-01-17,736.7810668945312,742.1119209383212,732.6239881898492,740.400182648158,463650
2023-01-18,750.3771362304688,753.1648002472117,735.9496286932657,739.3731050580258,961394
2023-01-19,742.9922485351562,750.4750144954484,741.9163225738646,750.4750144954484,283476
2023-01-20,738.5416870117188,746.0733472955819,734.87367645471,742.9921945474175,409353
2023-01-23,748.8121337890625,752.1867155192422,735.0693325262815,739.4709452958999,578775
2023-01-24,735.6072998046875,749.2523114108596,733.6021325824344,749.2523114108596,325246
2023-01-25,730.8634033203125,737.5147177471232,723.8208105210492,737.5147177471232,677388
2023-01-27,725.8748168945312,736.5365248665015,722.1090165772839,728.7114356248919,437112
2023-01-30,718.6366577148438,733.4064900360063,714.5773687196008,721.5710662316861,631438
2023-01-31,721.1798706054688,732.9664008932882,711.3985077606891,722.3047512128989,1093687
2023-02-01,721.2777099609375,734.0912712280084,712.2299494561286,723.8208403847118,355127
2023-02-02,725.7770385742188,727.6355211786083,714.5284726124889,718.9300853801224,517666
2023-02-03,723.23388671875,730.9611264141906,717.0226864014124,725.8748065395647,383860
2023-02-06,728.8582153320312,737.22126792509,717.2183706394657,722.7937589350702,549673
2023-02-07,734.922607421875,737.2212633042609,724.4565978790002,726.1683362230194,540725
2023-02-08,758.3489379882812,761.4789855788401,725.7770164412323,734.5802417080397,1479970
2023-02-09,757.4197387695312,768.5705152735685,749.790288388151,750.7684245832176,1334519
2023-02-10,721.0331420898438,733.6021686999575,710.175794172666,727.7333513503578,3057253
2023-02-13,660.3886108398438,704.2579909810988,656.9651344947968,704.2579909810988,4985583
2023-02-14,648.5043334960938,663.4698061750946,642.7333057430737,663.1763772403492,1916906
2023-02-15,654.4708862304688,655.8891956144284,642.4887181706023,648.4064897484792,820913
2023-02-16,666.8443603515625,671.8328311361802,654.373123689322,655.4001547684261,963547
2023-02-17,655.546875,672.419723982069,653.4438583480442,665.1325975540221,821339
2023-02-20,652.5145874023438,660.2418866972998,644.1515354443162,655.546845220924,577221
2023-02-21,655.7913818359375,659.3126480319154,647.7706536109971,652.3679053729122,464576
2023-02-22,649.482421875,661.9047632696759,646.2056895605771,656.2315853801837,685172
2023-02-23,643.9559326171875,652.7591582699212,642.6354726495554,652.3679396168832,555300
2023-02-24,644.93408203125,650.9496435643015,636.8644583507008,647.5750617213871,486352
2023-02-27,640.2879028320312,646.3034640622637,631.1912485356522,640.8259254775411,1267994
2023-02-28,644.8362426757812,650.7050594464368,636.1797618193409,638.7717867392989,1559108
2023-03-01,646.9392700195312,648.0151958984819,637.0600591371164,638.9185416924229,721794
2023-03-02,645.3253784179688,651.9766928487912,642.6355037826532,646.9393270794371,408541
2023-03-03,648.3575439453125,652.3190432404441,644.5917435272897,648.5531831217268,289883
2023-03-06,647.9662475585938,654.8620948698867,646.7435774785529,650.4115877186755,329659
2023-03-08,649.7269897460938,652.0255860026658,642.684396961134,648.5043194605347,256788
2023-03-09,643.6624755859375,651.7809936153552,642.1952713745719,651.3897749794064,480016
2023-03-10,641.7551879882812,644.3961678784977,635.1527681130902,640.6792619629748,443979
2023-03-13,639.9945068359375,650.4116812969361,636.9134136113533,645.5698951432228,471640
2023-03-14,641.85302734375,654.2753698166937,637.940482294048,642.8311636061754,968618
2023-03-15,643.9070434570312,651.8788773046297,640.6792059625499,643.8092537180785,679462
2023-03-16,651.63427734375,653.3949103716795,639.260831882334,646.20563396568,596960
2023-03-17,642.6354370117188,654.3730705644442,639.9944575222172,653.3949344350503,698565
2023-03-20,632.2672729492188,640.6792205138548,626.7896743274608,640.6303256432678,538837
2023-03-21,635.2015991210938,641.1193105105016,631.9737022716995,640.6791373309761,303443
2023-03-22,644.4449462890625,647.5260988876103,634.8103295741073,636.0329997004058,279093
2023-03-23,634.3701782226562,648.504257309279,632.5117553871322,645.9121726720344,1304892
2023-03-24,626.0071411132812,640.532439179148,624.3931925723213,636.7666388511658,721966
2023-03-27,644.34716796875,659.0192097441295,627.7188539566532,629.9196602229601,3965489
2023-03-28,630.3109741210938,647.4283571583599,626.9363923821796,647.4283571583599,998013
2023-03-29,638.1361083984375,644.5917837177593,629.1372430285506,630.311018459527,946826
2023-03-31,634.2235107421875,636.7177460128722,614.2695091753233,630.5555001380355,1991163
2023-04-03,637.5491333007812,640.1901128569838,629.9196832389573,634.9571083128379,809470
2023-04-05,644.4449462890625,647.4772040226962,633.8810883379826,636.619857480753,599687
2023-04-06,649.5802612304688,651.2919996718839,643.6136539721012,644.5917902243384,571100
2023-04-10,649.1890258789062,652.416863488259,646.548046125546,649.4824548069024,353296
2023-04-11,645.8143920898438,652.9058791669379,641.9996372301644,650.3137944929643,398086
2023-04-12,664.6923828125,670.0232365617793,645.472044036653,645.8632626609464,2326481
2023-04-13,656.7206420898438,663.5675952138637,652.4168191030395,657.5520339460545,816473
2023-04-17,643.7603149414062,655.3512041494446,641.0704405960167,655.3512041494446,519751
2023-04-18,683.2770385742188,689.0969609725364,644.1026952454439,644.1026952454439,5365200
2023-04-19,671.832763671875,683.423712402667,670.7079429651218,683.2769681058038,1203963
2023-04-20,669.2896728515625,675.0117455532092,663.7142847546771,671.8328030076957,789119
2023-04-21,679.9513549804688,686.6515635939508,670.0232493758637,670.0232493758637,2210350
2023-04-24,686.7005004882812,690.0261874157164,673.740195966272,679.9513965953502,1234488
2023-04-25,690.0750732421875,694.4766860410392,686.4559574452151,689.5860051534262,640382
2023-04-26,692.2269897460938,694.2810518533705,684.2062610926457,690.075078199945,595732
2023-04-27,678.5819702148438,692.4715158155964,665.1325978322072,691.4933796423137,1608022
2023-04-28,693.9876708984375,694.819062832483,680.7828314944503,684.0595640588638,957872
2023-05-02,693.3029174804688,700.73678832289,688.2165973673794,693.4496617888127,645261
2023-05-03,694.1343994140625,698.389268133758,689.5860420648451,693.3029477982466,311850
2023-05-04,694.37890625,696.6286075503882,689.5860150312071,694.1343722021165,223675
2023-05-05,688.9501953125,697.65563120501,687.0428775198138,691.5422800728245,267403
2023-05-08,716.5336303710938,720.7396039089953,688.7056447448524,691.493368614667,1480353
2023-05-09,729.2494506835938,735.5584412756319,710.126899423017,716.973852998721,1897240
2023-05-10,733.7977905273438,753.9473724040587,718.2454010385122,733.6021513468454,4835108
2023-05-11,748.7144165039062,751.0130128479713,726.217282393296,734.0912673918697,1235913
2023-05-12,756.6861572265625,759.0826029098661,740.4980146975729,743.3835284917262,1453617
2023-05-15,770.0377197265625,782.5089562162591,755.0233530094413,765.636106847846,1910389
2023-05-16,773.4612426757812,779.3300601984555,762.2126757573222,771.7495042316679,1231878
2023-05-17,763.87548828125,774.439347452557,758.5446339746863,770.7713366499714,466127
2023-05-18,762.2615356445312,765.2448391414936,754.7298748959716,762.9462429308905,597261
2023-05-19,757.46875,766.8588342947578,754.3387020015141,763.9244254900585,365585
2023-05-22,757.46875,764.3157038776318,752.7736481519211,755.5124774635337,451001
2023-05-23,759.8650512695312,772.5808213370443,754.0451888838011,755.9036117655601,344619
2023-05-24,760.9410400390625,765.7828259866434,756.441577868296,762.7505680605564,615201
2023-05-25,761.8213500976562,768.4727239711355,759.0336858276653,760.9410633443043,479838
2023-05-26,762.8973388671875,766.46750016618,756.294919536772,761.8213532299617,369378
2023-05-29,788.0843505859375,793.9531678031086,762.9462382322486,770.7224329851394,1895651
2023-05-30,786.0302124023438,795.9583185353202,780.6504633984184,792.2903078508257,1337941
2023-05-31,786.9105224609375,795.2246796280201,783.7315800147,788.5244709677656,1122072
2023-06-01,794.3933715820312,799.4796322719426,787.399673582356,788.3778098228308,905122
2023-06-02,799.08837890625,802.5607504690544,788.4755653373996,797.1810013799869,586226
2023-06-05,802.3650512695312,813.173443508921,800.1153501225278,806.9623029964371,1487359
2023-06-06,803.6856079101562,806.4243772458449,796.5451661090508,804.8593235535271,427490
2023-06-07,799.7731323242188,809.3099608050215,794.9313459245944,805.4952055324209,548880
2023-06-08,794.099853515625,804.3213887898619,790.9209108519104,803.2943577155703,473303
2023-06-09,788.7691040039062,797.3277962795532,787.2040501673682,794.0998988607496,548968
2023-06-12,800.9957885742188,805.4462965136216,795.7627238844476,796.2028971313551,617667
2023-06-13,799.5774536132812,803.9301716705476,797.6700760712549,801.5826208956388,594446
2023-06-14,800.8489990234375,805.4951458880009,792.2414125618589,800.0665020179657,675571
2023-06-15,816.4992065429688,817.6240870719739,805.3973843684255,805.9842422179171,1320203
2023-06-16,812.2931518554688,825.2045605646867,808.9185703052301,820.4116697019489,1245895
2023-06-19,807.1090698242188,815.7655508904409,805.5929110278369,812.2931794904582,403683
2023-06-20,811.7552490234375,813.0268141319623,803.6366708752583,811.8530387622874,389177
2023-06-21,855.9180297851562,865.9439253656194,810.923766692346,813.8092802873497,5768804
2023-06-22,833.71435546875,849.95145200037,816.7437164972586,849.95145200037,3868670
2023-06-23,839.4854125976562,846.8703291341988,827.7966728036956,832.8340982276716,2171748
2023-06-26,854.8910522460938,855.8691884614783,833.7143793027396,839.2897676705709,971992
2023-06-27,862.4227294921875,870.4434585514456,855.8692047839877,859.7817497201431,1365308
2023-06-28,870.14990234375,874.4537253195599,853.961760867738,853.961760867738,1444161
2023-06-30,883.0123901367188,888.5388831438548,870.5411544964604,871.6170803576964,1153481
2023-07-03,872.7908935546875,882.2788263547386,864.9169093172701,881.3984799204485,670830
2023-07-04,871.9107055664062,883.1592728082622,868.3893791311439,880.2737588365155,563185
2023-07-05,877.6815795898438,882.7678996498488,872.839793574063,878.9531446796714,714726
2023-07-06,885.5067138671875,890.5930341848793,872.1062356246506,880.2737089359464,697077
2023-07-07,880.909423828125,900.8634258710183,870.296670107208,879.5400689903232,1494460
2023-07-10,881.1539916992188,888.7835019912968,876.801333271922,883.6971816968105,472539
2023-07-11,894.2120971679688,899.0049285731227,882.3766137088993,884.235096309296,671785
2023-07-12,919.9370727539062,922.3335183232286,895.0434951555145,909.6666429145484,2286940
2023-07-13,910.4002685546875,921.5020905493441,901.7437870611179,919.9370965089267,1070687
2023-07-14,914.526123046875,918.4064488455933,909.0248826871826,915.5084809727091,603409
2023-07-17,917.9153442382812,924.79185027615,915.0173761306474,920.469451068997,694918
2023-07-18,917.4732666015625,923.2691428297592,912.2667811903439,917.915339693483,585709
2023-07-19,916.2943725585938,925.2829717324123,912.8561197534958,918.5046779332996,334525
2023-07-20,929.4088745117188,930.7350937791733,917.1293995818082,919.4379768436556,707123
2023-07-21,920.1747436523438,930.7350920727048,916.7855965862276,927.8371240028846,417874
2023-07-24,920.27294921875,928.1809190137362,917.3258752609881,921.2553072046705,421864
2023-07-25,921.0587768554688,927.4932693032807,915.0664174289226,921.4026381081077,254173
2023-07-26,924.7918090820312,928.9176645542701,921.0588008610584,924.398841914022,363219
2023-07-27,962.4161987304688,972.6818523996172,924.4480359112962,939.1343008291174,3313759
2023-07-28,956.8167114257812,973.5167977648349,949.2034367712126,967.622649645169,1139010
2023-07-31,968.064697265625,974.4991301352262,954.9010761614973,954.9010761614973,912283
2023-08-01,970.7661743164062,977.3479848180745,959.4690574708948,967.4261331787318,781270
2023-08-02,977.0531616210938,981.080865061406,957.7989704045148,969.6363713291224,865195
2023-08-03,1017.0843505859375,1022.4873196883,970.5697223880389,976.4147645904516,3961853
2023-08-04,1045.2288818359375,1059.4239065595868,993.2621211522868,1015.7581426864281,4976674
2023-08-07,1062.0762939453125,1075.3871718708504,1025.0904941084125,1048.2741171408372,2597689
2023-08-08,1064.5811767578125,1075.1906897305262,1052.4982468954393,1067.773839838328,1136969
2023-08-09,1080.053466796875,1089.4350337648864,1067.6757798465571,1074.650497738528,1698236
2023-08-10,1066.2021484375,1085.9966845821598,1061.8307036440049,1082.5584318494257,946674
2023-08-11,1057.9012451171875,1071.9488911188723,1053.8244358541435,1068.7562279480253,975221
2023-08-14,1062.911376953125,1086.4388035502209,1058.9819448756643,1060.9466609143947,2339896
2023-08-16,1093.217041015625,1096.3114925990517,1059.325691110009,1068.7072576737685,1494771
2023-08-17,1072.8331298828125,1123.7683673480124,1068.1669294608143,1105.1527315258968,3221359
2023-08-18,1048.765380859375,1077.5485183370258,1045.3271278461214,1077.5485183370258,1346398
2023-08-21,1067.1845703125,1070.7702009319976,1045.4744828824573,1047.1936093518436,1497826
2023-08-22,1071.8507080078125,1074.6995699737233,1066.7915407106032,1072.0962974890679,886779
2023-08-23,1074.7978515625,1085.2108222604284,1067.2337430154403,1072.7349237693697,778892
2023-08-24,1070.2789306640625,1080.5936886007057,1065.8583201197869,1075.1415542960715,437569
2023-08-25,1058.5889892578125,1073.7664927729859,1053.2842319118952,1071.75261084457,640246
2023-08-28,1088.4525146484375,1091.4978000472304,1056.2802945629355,1059.0309445522053,831240
2023-08-29,1078.3343505859375,1097.2447424709137,1071.1140431222966,1092.3329523709199,1074379
2023-08-30,1081.379638671875,1095.9184638352378,1078.6289885485899,1095.3290730707447,541426
2023-08-31,1078.481689453125,1090.4173629498441,1071.2613822493738,1084.4740491760767,1236209
2023-09-01,1074.55224609375,1080.00438081725,1068.1669192614593,1076.615173856218,384388
2023-09-04,1078.0396728515625,1083.0496745737246,1073.9628632451015,1075.6819897126788,513979
2023-09-05,1099.504150390625,1108.983928719535,1076.566115931605,1078.6290436711247,1225586
2023-09-06,1118.9549560546875,1122.8352222857375,1099.1604178726868,1105.1527778402929,2210022
2023-09-07,1116.155029296875,1128.4836692541162,1108.2471199302738,1124.7016152164601,827172
2023-09-08,1108.689208984375,1123.2772012242851,1098.9147949024928,1122.8351880933096,578212
2023-09-11,1106.626220703125,1114.8780513921156,1102.1564441042055,1109.524128662815,1263543
2023-09-12,1118.365478515625,1153.7795343260511,1112.0784829039571,1117.8742994886663,2799580
2023-09-13,1125.291015625,1132.8551237650804,1113.4045085834136,1122.1965641434251,831001
2023-09-14,1135.2620849609375,1139.9282856182676,1120.9196816607048,1122.8352318585921,633507
2023-09-15,1130.3992919921875,1142.2367537474538,1127.7961392500908,1141.7947406183139,967345
2023-09-18,1119.446044921875,1137.324911565844,1111.046836519948,1125.2910267317422,706005
2023-09-20,1129.2696533203125,1137.5705302070253,1114.337740213835,1114.9762968782156,1089288
2023-09-21,1107.412109375,1129.5642080847272,1102.9914988220528,1121.8527225479331,635556
2023-09-22,1078.0887451171875,1114.2395676845404,1072.2437629514445,1107.3630616463727,1273489
2023-09-25,1090.9576416015625,1095.3290864012217,1074.5521923036265,1079.6113596008454,560175
2023-09-26,1090.9576416015625,1098.8655509479586,1085.849308441397,1093.3643705511745,329870
2023-09-27,1112.373046875,1114.779895902456,1085.6037916262783,1088.452653782886,983157
2023-09-28,1113.0606689453125,1119.888008398239,1105.398229342209,1113.944695123817,451445
2023-09-29,1150.5869140625,1163.7995824195023,1113.1099289081903,1113.1099289081903,1933854
2023-10-03,1153.48486328125,1160.60695969289,1135.753371061639,1150.3413652455763,1043096
2023-10-04,1131.1851806640625,1152.0602871244284,1121.9019459930907,1151.7164858249002,669860
2023-10-05,1128.92578125,1141.8438131120479,1122.0002292042461,1131.5782198367406,328358
2023-10-06,1134.672607421875,1147.344929147432,1132.2657584745866,1138.602039254108,569805
2023-10-09,1129.17138671875,1139.5353118753515,1117.9726011388934,1118.5128261039558,281609
2023-10-10,1135.0654296875,1141.401710327552,1126.2733741231,1129.6624610371057,500300
2023-10-11,1139.387939453125,1147.6397709054295,1130.694094853113,1130.694094853113,880739
2023-10-12,1152.158447265625,1171.952983075435,1139.6333839511137,1143.4154379097954,1474920
2023-10-13,1166.943115234375,1170.626957807143,1145.527662444649,1151.2253869238973,589089
2023-10-16,1177.1595458984375,1180.3522091449352,1164.536150667356,1170.6268417337947,673918
2023-10-17,1176.5211181640625,1193.9579731899112,1172.5916860455613,1183.5450020592336,908050
2023-10-18,1170.0374755859375,1186.688394747528,1163.4556054199918,1172.591582253536,1827034
2023-10-19,1178.82958984375,1180.794305826823,1157.9053166573246,1164.1924317865073,654948
2023-10-20,1158.838623046875,1178.780418227747,1152.649719763684,1178.780418227747,450975
2023-10-23,1147.39404296875,1167.679757865886,1138.7492453632494,1152.404044344256,311340
2023-10-25,1123.5228271484375,1169.0060517504714,1115.221949789683,1169.0060517504714,1055178
2023-10-26,1121.4598388671875,1129.1222790292552,1105.2018863514177,1122.835164013808,490371
2023-10-27,1111.685546875,1131.4309203291266,1109.180485800557,1121.4599618188893,453195
2023-10-30,1120.23193359375,1128.7293543702265,1107.6578230059938,1118.9057742625655,1570477
2023-10-31,1108.2471923828125,1130.7432143773729,1103.18802474192,1120.968680409353,822793
2023-11-01,1112.7659912109375,1122.0492260665246,1108.0997908505296,1116.9901784512676,1037234
2023-11-02,1148.5728759765625,1163.2100335270977,1114.9762817957576,1119.6916479585952,2294662
2023-11-03,1165.616943359375,1181.3346715008631,1154.2214945233968,1154.2706603905385,1320335
2023-11-06,1178.1419677734375,1180.597862711749,1164.3397902534296,1172.9354225375193,666171
2023-11-07,1168.7113037109375,1190.961737138264,1167.041343021799,1178.8296394159586,1726919
2023-11-08,1189.73388671875,1203.2904766453994,1174.5073359666383,1181.5803863305796,2038402
2023-11-09,1183.2994384765625,1216.6012804770633,1180.5487879666475,1200.4415385023867,4003157
2023-11-10,1159.329833984375,1191.3055153839277,1152.3059502022645,1185.2641095323795,2115284
2023-11-13,1152.551513671875,1167.925440224127,1133.1991092035976,1158.298283939521,1254592
2023-11-15,1149.6044921875,1167.041347334971,1148.130955132784,1167.041347334971,1256791
2023-11-16,1172.9354248046875,1178.2892278138568,1150.1938136486178,1155.9897496975846,946578
2023-11-17,1175.1949462890625,1190.0285283950443,1169.0060428016477,1176.3737279453555,1349231
2023-11-20,1177.3560791015625,1194.2525889659405,1171.314553335589,1175.194939438706,1191689
2023-11-21,1199.9993896484375,1204.3216686513142,1177.3559911633308,1183.6431059630706,1371835
2023-11-22,1197.101318359375,1218.4185568356247,1192.3860723681357,1204.9601815948433,1916776
2023-11-23,1177.0123291015625,1202.3080490504788,1162.669925463392,1201.423902816486,940782
2023-11-24,1221.2674560546875,1223.0357484770177,1190.2249662614324,1198.4767977043869,2748793
2023-11-28,1222.9864501953125,1229.4701084306992,1213.9488052561962,1221.3656555532048,806664
2023-11-29,1227.5054931640625,1231.8769383197898,1221.905980585287,1230.89458031475,982589
2023-11-30,1258.3023681640625,1267.2418018526973,1227.9474824154045,1229.9121983872692,2636118
2023-12-01,1273.7745361328125,1282.17362515826,1253.9308324043964,1258.3023974937396,1377103
2023-12-04,1238.3114013671875,1285.8574317315051,1233.8416245853116,1285.8574317315051,1725134
2023-12-05,1236.0028076171875,1250.9347214086579,1231.5331505949703,1243.567036289536,1104617
2023-12-06,1221.562255859375,1244.5494586019618,1216.7978432195514,1236.0028714721923,1449739
2023-12-07,1226.965087890625,1244.4019416216568,1223.4776691777215,1224.0671798851224,1598861
2023-12-08,1217.4853515625,1233.8416360879387,1208.8897191454862,1229.1262697667637,560463
2023-12-11,1207.95654296875,1225.1968539798636,1202.4553621325833,1217.6327453197282,621598
2023-12-12,1218.271240234375,1228.8315882363897,1206.777580226323,1212.8682714891581,1159956
2023-12-13,1229.81396484375,1233.841608531563,1213.1138793779564,1222.6918695715733,718971
2023-12-14,1234.1854248046875,1239.146380572858,1220.0886117680118,1229.9121915729072,760814
2023-12-15,1224.1163330078125,1242.8303016876841,1221.0710470588363,1237.7711337845,798901
2023-12-18,1235.560791015625,1265.42449859816,1228.733450791064,1242.6828866108253,1846640
2023-12-19,1247.7908935546875,1252.5062592030852,1231.0417641561664,1241.5038992457971,798723
2023-12-20,1205.942626953125,1257.3199970475337,1198.4767303213573,1252.4082071691676,619789
2023-12-21,1234.6275634765625,1237.6728492466193,1178.9769596446822,1195.6278795232195,769432
2023-12-22,1242.781005859375,1262.3299528479167,1230.4524856629282,1238.3113491826039,864378
2023-12-26,1260.021484375,1267.241791529435,1243.7634118735637,1246.4158503640215,869887
2023-12-27,1265.277099609375,1277.0653955684686,1258.1058382675608,1266.2594576059662,1004924
2023-12-28,1316.310546875,1322.0082712102812,1272.1536029851861,1273.234172795878,3519154
2023-12-29,1299.6104736328125,1323.0888539155146,1295.2881943479204,1323.0888539155146,1330415
2024-01-01,1289.6885986328125,1306.5360613013625,1285.5627432480308,1300.6419136563939,854557
2024-01-02,1369.750732421875,1379.918112841148,1308.5007405111746,1316.359603817548,7120785
2024-01-03,1381.58837890625,1387.97370620076,1363.6111787103898,1366.4600410251371,1485207
2024-01-04,1374.31884765625,1397.3060489342074,1369.7508589541,1382.0303340046385,1534642
2024-01-05,1364.937255859375,1399.8601302329373,1358.8466843120777,1399.8601302329373,1771551
2024-01-08,1357.962646484375,1376.6766155798873,1350.7423386936186,1376.2344825008067,602440
2024-01-09,1371.66650390625,1376.283538474047,1354.6716627806643,1366.4599586134184,689292
2024-01-10,1380.45849609375,1389.8891083406102,1366.1160941436567,1389.0541280744085,1058982
2024-01-11,1375.7431640625,1390.0365204193754,1371.71552038951,1381.1952987347292,711634
2024-01-12,1373.0908203125,1380.1637495636535,1363.7584198167256,1375.743138802497,337465
2024-01-15,1388.07177734375,1398.877714746992,1373.3364081575105,1394.948282963995,830307
2024-01-16,1363.1690673828125,1387.236837759555,1351.4789835021886,1382.1776702072175,534845
2024-01-17,1375.104736328125,1382.1776657554851,1354.9172320492203,1360.2219890781125,792567
2024-01-18,1400.4986572265625,1410.6168723192022,1344.1112860344595,1375.30115143303,1167361
2024-01-19,1405.017578125,1414.5464030880753,1397.0605020329701,1414.5464030880753,1242716
2024-01-23,1413.858642578125,1429.3307798861713,1389.054104989035,1394.9482525349574,1235492
2024-01-24,1423.6331787109375,1437.189767202169,1404.8211187715265,1421.4720390577843,1054529
2024-01-25,1428.397705078125,1443.869843656238,1416.6094090186104,1418.2302037933948,1452501
2024-01-29,1457.1317138671875,1464.6466568632939,1428.3485756214575,1428.3977414896583,979549
2024-01-30,1442.2489013671875,1462.9274650258512,1439.596462854502,1457.917463279774,532307
2024-01-31,1478.79248046875,1483.3113029466767,1411.0097835496317,1411.0097835496317,1055599
2024-02-01,1486.9951171875,1494.5101791661104,1464.7448065074639,1487.289872526558,1321923
2024-02-02,1476.238525390625,1493.1350354919455,1471.621490629436,1490.7283062919803,582622
2024-02-05,1545.396484375,1556.448011679711,1471.6704698110964,1476.2384584137262,1484593
2024-02-06,1552.27294921875,1560.6229918504628,1536.4078442351472,1553.1079294985727,1040818
2024-02-07,1566.1734619140625,1577.9617583246304,1547.6068710840677,1571.7728547423815,1966936
2024-02-08,1578.059814453125,1670.0084934005358,1558.5600333811788,1670.0084934005358,6454212
2024-02-09,1593.48291015625,1625.6551351072837,1586.5573581092071,1586.5573581092071,3021386
2024-02-12,1566.320556640625,1597.3139973605344,1555.907586545239,1572.7550490616331,1003802
2024-02-13,1580.368408203125,1584.5434296389374,1556.3988493882878,1570.9377955314626,1330003
2024-02-14,1583.3154296875,1590.0445576776954,1561.5071311122006,1580.564779454245,866097
2024-02-15,1576.7828369140625,1602.3241454825834,1566.9592566954007,1591.4199954232188,1156493
2024-02-16,1592.0584716796875,1609.8882928590308,1570.2010067975455,1581.5963352920774,1846708
2024-02-19,1560.082763671875,1605.958955629167,1556.1042855998849,1605.958955629167,1389162
2024-02-20,1559.0513916015625,1571.8220462546944,1525.8968074059312,1561.4581208579511,1507747
2024-02-21,1571.13427734375,1579.5825323433698,1561.851042009396,1570.7413101518896,1419188
2024-02-22,1565.6329345703125,1579.6315349264705,1548.2452473577798,1579.6315349264705,1044785
2024-02-23,1586.4588623046875,1596.3316072887685,1568.8747516100966,1568.8747516100966,679640
2024-02-26,1576.389892578125,1594.219714916862,1552.1256970529228,1586.4590624482469,1068565
2024-02-27,1593.9739990234375,1606.25347350118,1570.2500303490906,1575.6529991192972,981628
2024-02-28,1587.8343505859375,1613.9160038020045,1575.8004649247416,1591.5673590026408,1110003
2024-02-29,1592.4515380859375,1601.2435945185873,1564.8963472810487,1581.5964338496476,3814024
2024-03-01,1595.8897705078125,1608.8568484144573,1588.472919484767,1592.402351567599,833767
2024-03-04,1640.3905029296875,1670.0086209852163,1605.5659593587839,1609.0532583525562,1453829
2024-03-05,1649.1334228515625,1658.220233967796,1627.8163031185552,1640.3904130374594,818763
2024-03-06,1636.0189208984375,1652.080449073467,1614.308834624896,1644.4671751146032,1219095
2024-03-07,1640.2923583984375,1648.5441900239784,1626.5885115307879,1643.9762010958439,811352
2024-03-11,1647.070556640625,1674.183613324881,1639.8992953089435,1651.2946240699498,981480
2024-03-12,1617.0103759765625,1658.6132118038013,1611.2144400007114,1642.6007290103605,639229
2024-03-13,1575.2109375,1631.892941977177,1561.5070923715134,1622.9044628696424,897074
2024-03-14,1620.595947265625,1627.6689968271626,1562.2930238542735,1562.9315805386602,971139
2024-03-15,1607.923583984375,1644.4672527453515,1585.525774152328,1616.0280372909158,1097700
2024-03-18,1585.9188232421875,1612.2951122916047,1579.1405288705282,1595.3494363208322,701925
2024-03-19,1542.4984130859375,1594.5143387569974,1537.3901996862649,1586.9501105529046,632899
2024-03-20,1535.327392578125,1557.577825991811,1524.2266988470626,1542.498534263458,521304
2024-03-21,1583.21728515625,1587.7852738121114,1543.333574579602,1543.333574579602,1219742
2024-03-22,1579.877197265625,1593.8266324024075,1570.7903860890622,1582.5786816694679,566433
2024-03-26,1586.409912109375,1601.1943276299437,1563.9138905793757,1583.0207051577586,939256
2024-03-27,1571.7236328125,1594.5634562933064,1563.96310055242,1589.700832164092,558090
2024-03-28,1588.2763671875,1596.331654338079,1564.994412032648,1582.5786431622432,865183
2024-04-01,1595.103759765625,1655.0275961602074,1580.2210124809985,1620.890656574769,1537859
2024-04-02,1581.498046875,1593.2371761078543,1573.0006268434424,1586.6062601164767,642641
2024-04-03,1577.0775146484375,1592.4022750517681,1570.7903996346558,1583.5610532902222,520656
2024-04-04,1559.247802734375,1585.5258803674792,1555.5147942067094,1580.614090155684,654846
2024-04-05,1571.0360107421875,1583.3154855799412,1559.2477148979442,1559.2477148979442,948724
2024-04-08,1583.56103515625,1593.5810384045612,1557.0865360401554,1590.4375408920403,1280283
2024-04-09,1577.3231201171875,1598.2472732147223,1567.253950786778,1591.223509566419,542022
2024-04-10,1576.2916259765625,1614.3089526028227,1571.821969017651,1598.9840718387031,1492491
2024-04-12,1593.6302490234375,1612.9826534566537,1569.7098559541005,1586.508153597073,1318503
2024-04-15,1580.7122802734375,1612.0003595096377,1569.611706497243,1589.2097012065244,1385597
2024-04-16,1583.020751953125,1608.0708809660982,1571.8710126307003,1577.6669488170517,762738
2024-04-18,1565.9278564453125,1605.6150246896577,1562.194847986646,1596.1353656895128,746904
2024-04-19,1520.2481689453125,1556.055070033358,1513.8136760867455,1547.2138480445324,1186398
2024-04-22,1575.3585205078125,1586.5082604602035,1542.3021479396405,1558.3146322193463,1301274
2024-04-23,1552.1748046875,1585.5258107954637,1549.620577956042,1573.7375148044196,849166
2024-04-24,1552.12548828125,1574.4249647347988,1531.6433499667087,1563.8155713219055,1363206
2024-04-25,1566.2716064453125,1572.018376715226,1550.8485140206951,1552.9115617373154,1203147
2024-04-26,1587.4412841796875,1595.3493136580514,1557.1355653512435,1561.9491432982152,587789
2024-04-29,1608.5618896484375,1618.2872568070816,1584.002942236072,1596.3315818037736,1294998
2024-04-30,1616.863037109375,1631.794830566527,1611.5582799886051,1619.3679780297757,1171635
2024-05-02,1618.582275390625,1631.69673145843,1611.6566031272453,1619.7610570914426,386502
2024-05-03,1625.556884765625,1653.3084979970067,1618.925968329808,1624.8201162727564,965116
2024-05-06,1650.017578125,1657.2378851766534,1607.7761856753284,1638.4748720486364,1633715
2024-05-07,1582.185791015625,1654.2908931195045,1532.4784995643865,1654.2908931195045,5143705
2024-05-08,1587.6378173828125,1602.2258088881144,1564.503239802802,1582.5786499808414,1693668
2024-05-09,1556.005859375,1592.9916609469185,1550.7502682162813,1588.3746264523606,883851
2024-05-10,1580.1719970703125,1589.0132190043105,1551.14327042032,1556.0058945173203,731066
2024-05-13,1658.8096923828125,1668.0438815526136,1575.7022296880991,1586.4590018056172,2246490
2024-05-14,1608.267333984375,1653.8487666254807,1601.2434506927732,1640.7833579874873,1028097
2024-05-15,1610.182861328125,1622.8553026261689,1599.9663148585105,1610.0354836550712,559501
2024-05-16,1633.6121826171875,1664.6547912457663,1617.9436205367938,1623.4448013348688,1338360
2024-05-17,1622.6097412109375,1651.5893006876881,1609.3479089080179,1642.3551119897143,721714
2024-05-21,1654.1434326171875,1660.1849580751887,1592.598682229454,1603.5519975042455,1149511
2024-05-22,1685.5299072265625,1697.514626880198,1638.5239809134084,1661.1673808185271,2665927
2024-05-23,1603.8468017578125,1670.0085886237632,1563.0789450355264,1670.0085886237632,3407879
2024-05-24,1585.86962890625,1613.0318518566128,1583.0699325620778,1606.7939024786415,1083346
2024-05-27,1587.5887451171875,1619.5153802237821,1581.5963852805303,1599.7208424743437,1858205
2024-05-28,1575.161865234375,1605.1729496838407,1571.7727781481915,1596.135304176187,518613
2024-05-29,1573.1971435546875,1583.70844592047,1550.4064863209137,1573.0989317397587,691049
2024-05-30,1551.5362548828125,1586.3607981440389,1547.2138556835848,1575.1618929195508,925008
2024-05-31,1554.630615234375,1578.943974395144,1544.7578699114874,1552.0763886416687,2897488
2024-06-03,1556.005859375,1597.608815358221,1548.245327341604,1586.360744646179,1672931
2024-06-04,1537.1446533203125,1565.6822006824127,1466.9552234280964,1557.0865683344,1709096
2024-06-05,1601.7347412109375,1615.9789324084588,1547.2138714549073,1559.4441807578035,2070212
2024-06-06,1578.8948974609375,1616.4209251408445,1573.0007494536171,1615.9789120069947,674620
2024-06-07,1600.801513671875,1621.8730446314908,1589.6516545303807,1598.2472869595301,799852
2024-06-10,1605.3203125,1630.7142422284617,1580.859574883224,1614.9965145925246,2027530
2024-06-11,1585.574951171875,1611.0670928759887,1582.726089036489,1611.0670928759887,838976
2024-06-12,1577.2249755859375,1596.3317912125192,1570.3484694084066,1596.3317912125192,526128
2024-06-13,1577.12646484375,1597.5103915563955,1574.081179294124,1578.6491675769319,614981
2024-06-14,1575.8004150390625,1586.5081410268654,1568.383684224557,1585.5257830448054,923928
2024-06-18,1553.550048828125,1585.378472783749,1544.4632371076457,1580.5648944836043,1347849
2024-06-19,1544.5615234375,1563.3245371578282,1538.3726201025725,1563.3245371578282,590220
2024-06-20,1528.2542724609375,1547.213829577378,1524.619595875613,1547.01740594667,743858
2024-06-21,1533.4609375,1551.2415944703644,1515.7784923526585,1524.6197149263292,1664344
2024-06-24,1539.1094970703125,1561.9493220627394,1534.1485408794485,1538.3235626522578,3334294
2024-06-25,1531.3487548828125,1547.312072492958,1527.2228992210437,1540.189976943816,493274
2024-06-26,1555.7113037109375,1561.8510413412835,1517.743142221528,1531.3487768270245,1179302
2024-06-27,1555.4656982421875,1573.3937319388049,1543.2844349252457,1556.1042549325402,2802194
2024-06-28,1592.74609375,1606.1553042181058,1552.1256150853867,1555.4656562151222,1413997
2024-07-01,1587.53955078125,1594.8089033926624,1570.0535319905712,1586.5571928697902,866625
2024-07-02,1603.994140625,1608.9059304726798,1586.5081208005622,1595.251130712781,849266
2024-07-03,1601.8328857421875,1625.8024442510505,1597.3140630526937,1611.0670746656936,1236775
2024-07-04,1728.262451171875,1735.8265596905285,1622.0204110988084,1622.0204110988084,7086148
2024-07-05,1738.9700927734375,1753.5090392165544,1724.922445249651,1732.9286869750817,1707589
2024-07-08,1747.5166015625,1753.7545506342008,1729.1956015985727,1738.9700153480553,1457380
2024-07-09,1782.734130859375,1789.3650471747358,1736.121293024019,1750.5619072552176,1207407
2024-07-10,1794.669677734375,1802.1355738169907,1759.1082496806673,1802.1355738169907,1474195
2024-07-11,1785.2392578125,1796.6836326845282,1775.5629354899625,1792.8033665154821,836099
2024-07-12,1766.0340576171875,1792.803312558124,1762.8413941838648,1785.2882500317228,527044
2024-07-15,1800.41650390625,1806.60540685841,1769.4722289789295,1787.8422743817857,1242019
2024-07-16,1820.4459228515625,1823.3565358112824,1795.97658783035,1812.0098907020672,868365
2024-07-18,1793.0166015625,1816.9432228792646,1788.0832775796619,1800.663253735899,634064
2024-07-19,1762.82470703125,1799.4793288144954,1752.9086775128783,1793.8552671315078,496264
2024-07-22,1781.2259521484375,1819.8537814248125,1742.4993600413752,1761.6899415836806,1501880
2024-07-23,1775.9967041015625,1799.5780177611857,1750.3927997944256,1792.770006306966,992689
2024-07-24,1791.43798828125,1800.515256365967,1768.1033414112933,1772.0500006555149,1263788
2024-07-25,1776.3419189453125,1798.6899003808328,1770.1260030745411,1785.8632581949028,901199
2024-07-26,1816.1539306640625,1825.2313194968044,1773.678081383888,1775.8980772834873,1040578
2024-07-29,1836.331298828125,1854.3871932110687,1816.4499781294655,1827.5005762072512,1330467
2024-07-30,1837.6632080078125,1856.9031717963505,1830.3618643277682,1836.1832107933094,1029403
2024-07-31,1886.3551025390625,1899.9711251635592,1837.663218005507,1837.663218005507,2476336
2024-08-01,1927.3017578125,1933.3697707195352,1884.184552108176,1885.5165255652114,2080987
2024-08-02,1935.343017578125,1957.5429757201123,1909.1964002108957,1923.5030399023985,2018905
2024-08-05,1922.2696533203125,1933.8629644592904,1874.7124592080495,1874.7124592080495,1342666
2024-08-06,1885.269775390625,1947.676324281614,1876.1431259480692,1943.7296650632113,1611772
2024-08-07,1967.8536376953125,2002.8802394393858,1925.0324800861238,1993.0629724796606,5796751
2024-08-08,2023.4522705078125,2039.3374296532152,1976.3882861079455,1993.013564314297,4173443
2024-08-09,2085.365478515625,2096.6627425277816,2023.7483086828017,2023.7483086828017,3325888
2024-08-12,2069.62841796875,2100.5602184618906,2060.20571987212,2077.916306884379,2302275
2024-08-13,2069.67724609375,2103.1253261282504,2059.712076507151,2079.988085586723,1551395
2024-08-14,2046.29345703125,2072.1934085786434,2040.7682785654524,2069.8748907806184,1041002
2024-08-16,2058.232177734375,2084.32941381557,2051.2761426379034,2064.349451387279,1346775
2024-08-19,2041.2122802734375,2079.445543031431,2032.1350118730502,2067.062851045074,1370074
2024-08-20,2067.3095703125,2074.8083196837324,2041.6069022540387,2055.8150209229566,1154392
2024-08-21,2089.2626953125,2093.653305456236,2053.79214424676,2068.0494023022434,687825
2024-08-22,2081.0732421875,2100.8559185988006,2068.29598185405,2096.6625934119766,842226
2024-08-23,2065.632080078125,2090.101414582716,2059.3172810109977,2085.710563642583,907713
2024-08-26,2087.97998046875,2099.622673168008,2064.2015035601817,2071.996059047376,1165852
2024-08-27,2142.592041015625,2149.942645757813,2092.863989487769,2092.863989487769,2255865
2024-08-28,2171.402587890625,2198.4371074213163,2137.510555199462,2166.2225976207505,1631938
2024-08-29,2164.49609375,2193.1093754451567,2148.5615521944487,2171.4027479522792,969172
2024-08-30,2210.326416015625,2226.6063850626647,2187.2879376830624,2204.2091424900927,1986627
2024-09-02,2202.975830078125,2235.5851498637085,2199.9664542640317,2226.9024514550792,1206137
2024-09-03,2210.375732421875,2241.7023386061824,2205.195742422895,2205.195742422895,1335680
2024-09-04,2246.88232421875,2253.690214707281,2177.174555293971,2195.3290905200215,1807013
2024-09-05,2259.65966796875,2281.1690087018405,2237.755757671183,2254.5290592057554,1824749
2024-09-06,2226.408935546875,2267.3555213324703,2217.3316683207913,2250.680983956891,917674
2024-09-09,2187.238525390625,2209.833052425398,2156.405251115577,2192.3197526371705,1456758
2024-09-10,2192.911865234375,2221.327859208425,2183.489168364262,2197.302475348943,709614
2024-09-11,2179.93701171875,2227.8396337152976,2171.155791759773,2199.2757372563206,1202743
2024-09-12,2217.529296875,2229.8626077586205,2188.274779813043,2195.428100125543,2107674
2024-09-13,2226.35986328125,2248.4119191384825,2219.3053059239114,2234.7465145464653,703610
2024-09-16,2221.821044921875,2253.9861702460576,2207.6129284303543,2238.742248507033,1079633
2024-09-17,2240.12353515625,2255.5156014941786,2221.031716918665,2229.71441483019,947808
2024-09-18,2195.280029296875,2248.609315518531,2183.4894318747297,2243.675991000061,503570
2024-09-19,2142.937255859375,2194.342590046742,2116.741497233834,2194.342590046742,1099230
2024-09-20,2123.006591796875,2137.9053265593757,2109.6372356440284,2131.1959577745747,1330836
2024-09-23,2153.1494140625,2156.6027411099135,2112.9922020024264,2129.222790948276,692016
2024-09-24,2186.20263671875,2192.763861603249,2150.3866545632422,2160.796016885507,1092005
2024-09-25,2191.481201171875,2199.2757564445933,2164.199775947457,2190.3957735787335,1298533
2024-09-26,2158.970458984375,2207.7118440307236,2132.330509714839,2203.2224710694213,1238171
2024-09-27,2188.916015625,2197.302667025862,2134.8961139547414,2141.0627693965516,1476470
2024-09-30,2161.88134765625,2190.198579344337,2150.435939579794,2153.889266392609,1594529
2024-10-01,2165.136962890625,2189.409011330555,2146.045145110077,2162.7690639191424,786650
2024-10-03,2154.4814453125,2170.662652367066,2125.5721172653443,2151.323925110171,504882
2024-10-04,2168.93603515625,2210.129293187763,2134.1560987344337,2141.2106561511096,878040
2024-10-07,2145.897216796875,2181.3680097199253,2111.462710994916,2168.935936656343,1166830
2024-10-08,2187.386474609375,2198.782501197329,2128.33473101082,2136.1292865569744,672622
2024-10-09,2255.565185546875,2267.355782102748,2191.9253039343307,2199.078623960547,1064651
2024-10-10,2125.917236328125,2274.163624017767,2083.83607853926,2269.3290628031714,2227752
2024-10-11,2194.8359375,2199.275929281861,2129.8639614047775,2141.06270369746,1215960
2024-10-14,2213.97705078125,2219.946421004754,2166.666521746631,2188.471910204403,815015
2024-10-15,2220.883544921875,2242.590168986946,2206.132955381918,2210.0302328893395,745318
2024-10-16,2166.025390625,2226.902563615519,2152.212082742582,2218.0225799768214,800070
2024-10-17,2147.278564453125,2177.5691243952715,2129.2225511758024,2177.5691243952715,596088
2024-10-18,2150.63330078125,2167.406603039492,2124.930633555597,2151.57058420104,692637
2024-10-21,2123.253173828125,2177.5197354165825,2103.2238311012134,2150.633120811392,931913
2024-10-22,2103.618896484375,2143.2827763118617,2096.662860933459,2125.3255237505095,641471
2024-10-23,2046.885498046875,2120.3426438361953,2040.4227954645194,2092.1239343534467,661952
2024-10-24,2103.125244140625,2108.9464696679947,2034.699949062678,2042.3959820997525,703917
2024-10-25,2127.93994140625,2133.2186944784944,2086.7960671250326,2109.292072905075,1043035
2024-10-28,2175.300048828125,2187.436075230351,2128.2855628705597,2128.2855628705597,1339084
2024-10-29,2176.73046875,2185.1171196138957,2139.483872266227,2185.1171196138957,631970
2024-10-30,2129.46923828125,2181.713089637211,2122.3159187040283,2166.222500936631,905336
2024-10-31,2157.78662109375,2170.6626454174248,2119.7015028460446,2140.5199864142933,1397820
2024-11-01,2168.39306640625,2175.5957672366762,2151.1758147472847,2175.003672034469,60791
2024-11-04,2159.16796875,2189.2612445550944,2147.9692271374006,2183.2918744561093,1118307
2024-11-05,2152.65576171875,2181.0223725354863,2064.5959350963603,2169.6757282087915,1792958
2024-11-06,2137.165283203125,2172.0437384543243,2116.889273908068,2164.742515476253,1115766
2024-11-07,2083.3427734375,2152.705358660506,2068.1482315196718,2152.705358660506,1124923
2024-11-08,2076.534912109375,2127.9400055812703,2051.1282925590085,2116.297312328769,3459521
2024-11-11,2057.097412109375,2113.8800213742225,2047.2801452068875,2111.46274071255,1335431
2024-11-12,2062.228271484375,2100.60943727697,2050.14162723513,2057.3440878348674,1313915
2024-11-13,2011.8095703125,2060.600097541075,2003.077610733873,2060.600097541075,681649
2024-11-14,1988.96826171875,2025.869550231282,1977.9176638650163,2011.8095764868299,663815
2024-11-18,2008.602783203125,2017.5321474493715,1973.3295180676655,1980.7295037604192,1117238
2024-11-19,2011.0201416015625,2027.004063140208,1997.2068344399004,2015.4601331892395,585164
2024-11-21,2015.7562255859375,2037.4628516079104,1981.7162893242073,1997.5029264310965,504433
2024-11-22,2043.7283935546875,2049.500238566087,2006.8763639685299,2013.7336367008659,410403
2024-11-25,2079.050537109375,2090.74261078179,2049.993308321984,2058.7747691511872,990397
2024-11-26,2008.849609375,2084.970705242663,2003.0776441634755,2078.952194264221,671643
2024-11-27,1979.5948486328125,2014.6214481700847,1973.8722651992516,2009.4414580976713,1000543
2024-11-28,1971.7509765625,1994.0495771366902,1959.5163088537688,1979.1509626231261,941637
2024-11-29,2023.40283203125,2032.0855304200547,1972.3429287970102,1974.9082331801862,820811
2024-12-02,2041.9522705078125,2054.778913444828,2016.4468880059892,2022.169592262575,633362
2024-12-03,2053.890625,2064.892081731917,2041.0148424413865,2058.77480832632,824015
2024-12-04,2073.6240234375,2082.8000544442034,2033.8616238833945,2057.1467691138305,1114148
2024-12-05,2096.712158203125,2102.5333843823264,2037.9562190343634,2086.5988436327534,842359
2024-12-06,2105.098876953125,2113.288243533177,2092.173470830454,2106.0361604005757,626159
2024-12-09,2076.63330078125,2113.435945012853,2069.47998117278,2107.5159563713605,599944
2024-12-10,2105.592041015625,2115.9026398830624,2077.176046917145,2082.9481322864303,942624
2024-12-11,2121.723876953125,2133.021381553934,2100.3132990973954,2106.4305726440384,531244
2024-12-12,2091.581298828125,2130.4557923637544,2082.4546501865298,2130.4557923637544,652699
2024-12-13,2049.05615234375,2083.8360870350307,2013.782885245501,2073.9694388956605,487069
2024-12-16,2035.884033203125,2065.5333583468664,2030.6055211027488,2062.0306501621553,607487
2024-12-17,2019.949462890625,2048.957310954269,2013.5361418459117,2039.0906631931716,645265
2024-12-18,2071.108154296875,2084.822698505707,2010.8228393538247,2010.8228393538247,1002541
2024-12-19,2134.008056640625,2138.003856368175,2051.473401682214,2062.1294296872547,1863968
2024-12-20,2122.02001953125,2148.7093515839624,2109.8839938433007,2136.1293748957773,1111341
2024-12-23,2131.4921875,2160.7960862460673,2098.192247814701,2126.164052619364,936403
2024-12-24,2140.52001953125,2157.3427034705005,2121.32943629617,2141.062733377995,499489
2024-12-26,2153.00146484375,2169.5772416104187,2128.2854621822366,2146.9827129067044,909730
2024-12-27,2198.092041015625,2208.1559744918095,2153.001504726903,2166.7160500375394,946808
2024-12-30,2280.52783203125,2297.695703575152,2197.1546545961023,2198.091937999741,3018421
2024-12-31,2324.2861328125,2342.2433833127643,2266.1716746560246,2279.442267534478,3424089
2025-01-01,2333.363525390625,2337.803517059554,2305.638388611179,2322.608975257649,735846
2025-01-02,2364.147705078125,2370.8568332412838,2312.9890370817407,2333.462332387039,1205172
2025-01-03,2337.260986328125,2362.815508059006,2316.0476933233153,2356.994282146553,1034000
2025-01-06,2328.824951171875,2351.1234308868366,2308.9435111295893,2338.3955514544223,845909
2025-01-07,2326.210205078125,2360.3489040362088,2316.1956535583654,2328.5783451654574,1249557
2025-01-08,2222.1171875,2339.5303068653284,2205.195981357223,2331.193036902517,1346484
2025-01-09,2222.807861328125,2262.4223561647277,2218.121203590758,2248.6090491493305,931525
2025-01-10,2161.88134765625,2232.4278811180325,2154.3825987944397,2223.942467452561,689347
2025-01-13,2125.719970703125,2163.706566227219,2110.130618388971,2130.2093438056927,746277
2025-01-14,2125.8681640625,2149.9920712625935,2107.9106712374273,2124.2894039619537,455763
2025-01-15,2100.3134765625,2138.1027895478405,2079.889561775195,2138.1027895478405,452989
2025-01-16,2070.91064453125,2115.655989395952,2051.966728619912,2110.1799515996768,394270
2025-01-17,2084.970703125,2097.6494426294057,2040.472263524944,2070.9107292033304,289281
2025-01-20,2102.2373046875,2105.542728192116,2038.696186563711,2090.89065924504,324879
2025-01-21,2076.189208984375,2126.7063937882594,2070.022554567765,2107.515813420756,433520
2025-01-22,2110.623779296875,2117.3825291105027,2061.241401836155,2076.435942457154,679655
2025-01-23,2122.51318359375,2136.9185854441293,2088.7692969778063,2115.409245498544,528574
2025-01-24,2105.789306640625,2134.895917649597,2078.0639299696218,2121.329276925076,984483
2025-01-27,2051.276123046875,2098.093319717682,2027.7934525858445,2080.8760671023856,735411
2025-01-28,1995.381591796875,2042.396194962652,1971.3563273117772,2042.396194962652,1614704
2025-01-29,2040.57080078125,2045.3562216286778,1978.3123936553254,1982.1602901929682,575970
2025-01-30,2036.87060546875,2066.0265968926205,2025.7706270752672,2037.4627006703813,729992
2025-01-31,2052.706787109375,2081.2706856177333,2033.516204439042,2043.3828526895954,882870
2025-02-01,2028.8294677734375,2090.3481135818515,2001.6468047212322,2052.2627564589666,252855
2025-02-03,2005.1495361328125,2047.2306934218666,1974.316261189203,2028.8294912895046,849366
2025-02-04,2083.046875,2087.7335332441694,2014.3750225002457,2021.2817971973034,492215
2025-02-05,2155.96142578125,2171.64930029262,2072.440103026838,2087.782789377185,1351658
2025-02-06,2156.2080078125,2185.4625226534026,2146.538644636861,2169.9719335366435,752681
2025-02-07,2171.797119140625,2195.3291708768165,2136.277186488236,2162.769232612127,776396
2025-02-10,2140.470458984375,2189.2118432285006,2119.5038325895466,2172.537064058818,716552
2025-02-11,2040.0281982421875,2149.54798897037,2009.8855409954126,2149.54798897037,1125815
2025-02-12,1998.193603515625,2084.1322081959165,1972.7869836602601,2051.276220555479,2260417
2025-02-13,2027.8427734375,2111.4626128968494,2013.9308242354134,2023.7973515167532,2612734
2025-02-14,1943.631103515625,2043.3828953213776,1905.8417917506013,2037.6601910396687,1928965
2025-02-17,1999.920166015625,2005.790893834751,1904.263061936284,1929.9657281254213,1109133
2025-02-18,1986.6495361328125,1997.996181111967,1968.7415462728688,1984.2815165704064,342738
2025-02-19,1951.86962890625,1960.5029458545273,1867.509789011654,1923.9963484732402,1650681
2025-02-20,1951.129638671875,1969.5802222234108,1937.6123791119242,1951.8696372706129,465756
2025-02-21,1879.9417724609375,1961.4402617138132,1876.5378270419528,1958.5296487000426,937687
2025-02-24,1877.4259033203125,1919.8524913858805,1854.9298968201801,1879.9418263935934,1035104
2025-02-25,1873.873779296875,1898.441757420807,1863.8098463027259,1889.4631316409318,597879
2025-02-27,1865.83251953125,1890.4497581315977,1855.9658715243002,1875.3537385039722,1100973
2025-02-28,1879.2510986328125,1899.3297028313916,1834.7031596960896,1894.3963789279335,1321909
2025-03-03,1926.906982421875,1934.849682277774,1865.931169748676,1878.6097884022854,985764
2025-03-04,1927.153564453125,1939.0429230090795,1899.4283087367328,1914.1296377751505,575821
2025-03-05,1983.294921875,1991.484288021993,1911.0217241277107,1915.215049594277,715504
2025-03-06,1991.5830078125,2006.8763130496036,1979.2990785571114,1994.4443599776168,515993
2025-03-07,2002.929443359375,2020.3441002928419,1977.2761598483683,1993.0627958551418,937498
2025-03-10,1983.5909423828125,2052.361551359957,1975.3523153731403,2022.4655596770367,1122775
2025-03-11,1949.748291015625,1981.1242798941562,1940.769665406511,1981.0256375024587,805222
2025-03-12,1940.4736328125,1960.0096442190609,1911.5644261574662,1949.7483061109933,576820
2025-03-13,1942.2003173828125,1956.8030049005486,1924.5391134530628,1951.6230145938662,374359
2025-03-17,1965.2882080078125,1984.1828625376786,1934.8496237873635,1939.2896152748917,550930
2025-03-18,1965.2882080078125,1965.2882080078125,1965.2882080078125,1965.2882080078125,0
2025-03-19,2033.4666748046875,2040.2748061323157,1997.2561265414786,2014.6707835228756,337699
2025-03-20,2057.88671875,2071.996073522886,2020.2948140760095,2047.3294535999944,508883
2025-03-21,2086.5,2096.4654108130503,2052.6573492540992,2061.142762870259,999055
2025-03-24,2091.68017578125,2106.529530484613,2070.466880743583,2100.609541171776,392261
2025-03-25,2041.1627197265625,2096.6626124079494,2026.4615111747175,2091.8771919738847,702121
2025-03-26,2031.3455810546875,2070.0227938495254,2025.6722583356052,2051.276162256036,681836
2025-03-27,1991.87890625,2026.609458332653,1967.0148815259042,2011.5628204360742,1546632
2025-03-28,2000.90673828125,2017.5813967005442,1967.1628518953207,2017.5813967005442,828442
2025-04-01,1929.324462890625,1994.986936090144,1918.1258409832112,1990.7443495201803,1111639
2025-04-02,1982.9002685546875,1992.5696321041103,1912.699161975173,1933.1230758603506,1464336
2025-04-03,2067.75341796875,2121.3293659461506,2042.4455616545881,2071.9961248776353,3329584
2025-04-04,1944.7657470703125,2062.0800981420207,1890.4498004005984,2062.0800981420207,3086633
2025-04-07,1897.40576171875,1930.853601554188,1771.2605726857864,1771.2605726857864,1989646
2025-04-08,1956.2110595703125,1964.8443768781913,1899.6751163371523,1905.3484391394727,796915
2025-04-09,1894.100341796875,1913.3896865431166,1882.5564119759013,1909.1963612019752,1112795
2025-04-11,1942.9896240234375,1991.7308883946591,1923.9963269497034,1983.83757013025,1084881
2025-04-15,1985.958984375,2002.9295709866628,1953.8923779429476,2002.9295709866628,1250417
2025-04-16,1908.406982421875,2002.1401371664165,1895.3830554133092,1981.420176643939,2011566
2025-04-17,1911.3670654296875,1935.737759059046,1896.4684505467508,1909.1964509750817,1443207
2025-04-21,1982.4068603515625,1987.734874339548,1902.684417083949,1928.1402965604661,966828
2025-04-22,2019.4068603515625,2033.5162156043161,1960.5030181493335,1976.2896554368974,1256110
2025-04-23,2061.635986328125,2076.0413879706375,2006.7774505506977,2024.6360583610012,1092068
2025-04-24,2076.04150390625,2120.835989512663,2054.7294478530457,2061.7348642933475,1580520
2025-04-25,1992.668212890625,2096.56394442485,1984.3802044534336,2082.6521152276605,725961
2025-04-28,2077.323974609375,2090.742712250099,1988.228215390114,1992.6682069923438,1393395
2025-04-29,2039.534912109375,2087.683961822606,2025.8201268067855,2079.5933586091505,1122651
2025-04-30,2067.65478515625,2088.7693148474914,2043.2839726671193,2043.3827354979474,1018611
2025-05-02,2031.5428466796875,2088.572120955799,2020.6895337542496,2059.169461398984,577972
2025-05-05,2057.4921875,2071.9961121077613,2025.622865789159,2042.3961676490792,1091556
2025-05-06,2021.6761474609375,2050.782758661571,1987.7348547181439,2027.5961361797104,705896
2025-05-07,2043.77734375,2047.2306705050275,1998.0948363704094,1998.0948363704094,687550
2025-05-08,1987.932373046875,2071.7001218296014,1979.940291467829,2051.078922973256,878435
2025-05-09,2010.2308349609375,2020.886742256373,1949.748236127973,1950.7349009021325,558130
2025-05-12,2012.5989990234375,2017.7296080404824,1947.676404044945,1971.3563603251266,1207946
2025-05-13,2036.87060546875,2086.1053208294775,2021.9721123337995,2024.0439637696143,1373008
2025-05-14,2043.77734375,2058.1827459963833,2008.6522218584093,2038.6467350338078,1196372
2025-05-15,2045.2574462890625,2090.6440288360163,2036.2789407944515,2071.9961597522342,2268766
2025-05-16,2040.8175048828125,2056.2095730891015,2013.7829840090478,2056.2095730891015,2099648
2025-05-19,2002.5347900390625,2049.30272415399,1998.588130965102,2044.4681631423696,824580
2025-05-20,1940.6710205078125,2013.782858148266,1937.3163360970702,2010.428173737524,1568846
2025-05-21,1969.3829345703125,1990.0042529135778,1941.9536050400866,1947.6763090389763,1555298
2025-05-22,1942.4468994140625,1972.0468427409949,1929.5216149164644,1969.0868484083016,989503
2025-05-23,1952.510986328125,1955.3723383212623,1920.9377128975989,1951.6229639243954,587965
2025-05-26,1960.799072265625,1978.1643492509265,1945.209719715562,1957.543030137294,1159667
2025-05-27,1943.927001953125,1973.6257097216474,1938.796393008671,1962.279064164599,672238
2025-05-28,1915.708251953125,1952.0175628816246,1912.5509729343312,1945.2095520272217,932231
2025-05-29,1943.828369140625,1948.6630509250879,1923.2070499815788,1933.8630783864164,1008723
2025-05-30,1931.5936279296875,1948.662977121465,1915.1163739710196,1943.7296531287525,1340964
2025-06-02,1934.9483642578125,1938.2044063573712,1915.6097577759213,1927.9430680886687,498677
2025-06-03,1927.9429931640625,1946.3935764979042,1922.2202892243527,1943.7296297508717,681118
2025-06-04,1918.076416015625,1942.7430365919577,1909.1964326081452,1927.943064246158,551337
2025-06-05,1968.5936279296875,1973.132382518484,1923.0097607918615,1927.943084960132,1130246
2025-06-06,1972.9349365234375,1981.12430265056,1959.3190343658198,1978.2629506035844,1289550
2025-06-09,1968.0015869140625,1986.1562433310692,1956.457656925643,1983.1962489296816,1044214
2025-06-10,1978.065673828125,1990.6949112236161,1961.2923719346347,1968.0016204265412,733750
2025-06-11,1999.5748291015625,2002.3375386764283,1973.6256175227297,1986.0575697246686,983172
2025-06-12,1996.2200927734375,2022.1694241191685,1986.5508503980993,2004.9027908319836,1391074
2025-06-13,1972.9349365234375,1992.076257989345,1953.596330271869,1971.356296910704,475900
2025-06-16,1984.0843505859375,1988.1296523409133,1954.5830477852849,1972.9349897183963,513550
2025-06-17,1918.076416015625,1992.6682525499582,1909.3937173957627,1984.0843167663877,1196883
2025-06-18,1927.9429931640625,1934.7510042806198,1906.7297002505377,1918.0763452973067,994189
2025-06-19,1906.0390625,1929.7190171245743,1901.500308176308,1927.94297235074,617836
2025-06-20,1922.0230712890625,1928.6336774127042,1894.9884311054323,1902.289774869257,753312
2025-06-23,1901.5003662109375,1922.1216847477046,1895.7777826008296,1899.4283942065454,615853
2025-06-24,1905.0523681640625,1938.2042800355662,1900.5136139107965,1915.1163005463575,594546
2025-06-25,1909.492431640625,1926.9563503872655,1897.8497388478777,1914.129708013976,585479
2025-06-26,1902.9803466796875,1915.2150142566593,1884.5297631442206,1914.1297070679518,1733659
2025-06-27,1909.3936767578125,1926.7590736279465,1898.4417215435096,1909.4924395920025,3591856
