Date,Close,High,Low,Open,Volume
2012-01-02,223.32730102539062,225.6498660674897,220.08021044803033,225.49201890167043,1531264
2012-01-03,225.2439727783203,225.94299249944,223.3723780975638,225.0410244655101,1183732
2012-01-04,226.05575561523438,228.53616789629928,222.56062921918834,225.53712670905443,2152400
2012-01-05,225.4243927001953,230.45286238516985,224.31947621098013,226.82244608564866,3608544
2012-01-06,225.46946716308594,227.74693096758574,223.46258276126483,224.9733819866081,3077962
2012-01-09,227.97239685058594,229.30280506735232,225.10864588830245,228.37827967102598,1932776
2012-01-10,232.86561584472656,234.51171872691307,228.6263820601932,228.69402691877607,1689898
2012-01-11,234.80484008789062,236.49603015615293,230.1145952882245,234.17345145205402,971010
2012-01-12,234.53424072265625,237.10485521446574,232.549927494117,233.31657832907484,746484
2012-01-13,231.62539672851562,235.81957040804411,229.5508811119237,234.57936427237067,973202
2012-01-16,227.97239685058594,231.80576059584803,225.49198501541636,231.80576059584803,713028
2012-01-17,232.7077178955078,234.08321343603285,227.52140247729398,228.19787840140884,1845766
2012-01-18,233.36172485351562,234.8725105574664,230.3626696192436,234.46664138855715,1309850
2012-01-19,237.73619079589844,239.92345185604063,232.36947099403184,234.6694780371891,1503506
2012-01-20,238.187255859375,241.63726759925495,234.9627086364482,239.5627518155056,1788144
2012-01-23,235.84213256835938,241.23139788500006,234.64701373370622,239.02156485990392,703754
2012-01-24,232.79798889160156,237.87155981972492,230.5430684791023,236.67644099074673,924010
2012-01-25,233.29403686523438,235.05288562011535,231.94108475405858,234.42149695788086,1184990
2012-01-27,238.48036193847656,240.48724648133125,235.07543784040115,238.9764609127578,2306362
2012-01-30,240.64503479003906,245.2225330846364,236.54109168347915,236.54109168347915,3061562
2012-01-31,247.36476135253906,248.94320559088706,241.32156382965343,242.99021038679794,2012762
2012-02-01,247.86077880859375,251.06278150991784,245.10978760297738,249.82257559288345,1420266
2012-02-02,245.2902374267578,250.04811368053169,241.34412696317344,248.5598718108706,2939066
2012-02-03,250.8824005126953,251.649078838706,243.5313666181026,243.5313666181026,2111304
2012-02-06,246.75588989257812,254.80594273683346,243.3735101217352,253.00200685905057,1795680
2012-02-07,245.425537109375,250.61185392938287,240.26176398775573,250.61185392938287,2515820
2012-02-08,248.35691833496094,250.25105682340418,242.22351882599625,245.89904979197397,1997008
2012-02-09,244.77159118652344,250.83733211585223,243.46372644159513,248.67261419828273,2199964
2012-02-10,244.18533325195312,245.85397983693971,242.6294326858726,245.3353371396184,1910334
2012-02-13,249.46180725097656,252.39320321150095,246.68824467797515,246.68824467797515,4020990
2012-02-14,250.11572265625,251.60399192019173,248.15395320960636,250.18338126856725,1712396
2012-02-15,251.0628204345703,254.78343876251625,249.50691999225302,251.31085615125713,992194
2012-02-16,244.02745056152344,247.04904910408936,241.27645895574494,243.30588711518578,2472766
2012-02-17,244.47840881347656,247.11668165803758,242.3136911768806,245.78627338864814,2667234
2012-02-21,244.88436889648438,247.95105530382313,243.26083712962424,245.7412497059238,3116204
2012-02-22,247.52256774902344,249.6421981429105,245.38039365936862,247.13924234333197,1494106
2012-02-23,246.14706420898438,251.26574917679426,242.02057708236353,249.34906715721715,1913602
2012-02-24,247.04904174804688,248.89809275378715,242.69706245124644,247.9510097920528,1189874
2012-02-27,247.47752380371094,250.20597209172294,245.67358741151986,248.04125392627063,1380884
2012-02-28,246.39511108398438,249.32650724690774,244.9519842244803,245.78629366049861,870150
2012-02-29,248.22161865234375,255.1667561297055,246.28236532193634,246.28236532193634,1596572
2012-03-01,248.19908142089844,254.3550252225424,247.45497419242687,249.82264065061543,1340134
2012-03-02,255.52755737304688,257.73739027729096,248.0863203834138,250.25106589201312,2413962
2012-03-05,251.7393035888672,258.16582633643543,250.74713316827672,255.09914028487754,982140
2012-03-06,252.14515686035156,256.1589256851363,250.04809766384477,251.73928775419557,1154218
2012-03-07,252.10006713867188,253.90400321837615,250.27358736314733,252.55105115859794,681656
2012-03-09,257.1285400390625,259.7667854433701,253.54321171396515,255.93342142207035,1668396
2012-03-12,259.7893981933594,261.3452989207568,257.51193388050416,260.5560767065872,982388
2012-03-13,263.2844543457031,266.0805606577913,258.8648166399529,258.8648166399529,1682880
2012-03-14,263.4873962402344,267.88449014411503,261.6158016707954,265.809974799815,1414670
2012-03-15,264.4795837402344,266.48646813217994,262.9687707593854,265.336436861754,1452078
2012-03-16,246.12457275390625,267.4786588940744,241.68239037603126,262.6982384409535,7968974
2012-03-19,250.49903869628906,251.22060200064902,244.6813347735878,244.88428305477518,4185774
2012-03-20,257.4668273925781,259.2481925232278,251.64912163475427,253.4079705920176,2498238
2012-03-21,256.00115966796875,259.6541202142536,254.42271516818604,257.0609613931821,1984122
2012-03-22,255.03147888183594,260.05996202221957,252.77655864415394,258.8197558914945,2537198
2012-03-23,261.7510986328125,263.78052643140154,252.1902332765067,258.5265523424817,1937016
2012-03-26,260.62371826171875,263.3747102176797,258.00798850254785,263.3747102176797,2546518
2012-03-27,259.7893981933594,262.4727592267135,256.7001679653926,259.3158703700348,1736656
2012-03-28,256.1814880371094,264.2766573642804,252.66381789818792,261.43546331076243,928234
2012-03-29,257.8951721191406,261.5256150967233,251.76180114022665,252.57356678068922,2185082
2012-03-30,257.0383605957031,263.7354626182382,254.0393057019362,259.94721317577006,2297008
2012-04-02,258.5942687988281,260.28545900933875,253.0922578087905,254.8510791121921,1217922
2012-04-03,256.6324157714844,260.24028743515765,255.77556276688776,259.90204946668825,851142
2012-04-04,254.40005493164062,257.03832775945364,252.64123390564328,257.03832775945364,627652
2012-04-09,252.16778564453125,254.78348807618343,250.07069844344255,252.5511111421602,561580
2012-04-10,255.6177520751953,257.0609065293081,251.78438767958284,254.35500225005225,752576
2012-04-11,260.0374450683594,261.570802160344,251.44620267499454,251.44620267499454,977768
2012-04-12,258.3236389160156,261.3452373290512,254.51281847480774,259.5413012646574,1442474
2012-04-13,264.00604248046875,266.98252584610424,257.962845918871,257.962845918871,2142600
2012-04-16,260.6011047363281,265.60704386981615,259.76679531035353,265.5619289523245,631486
2012-04-17,263.6904296875,266.8473186378613,258.75214789568594,262.2472749478717,1060348
2012-04-18,269.0796813964844,271.26694332901576,265.1786578178907,265.2012015183103,1001600
2012-04-19,269.41790771484375,273.74734398999897,268.0874991375573,272.867919504953,866778
2012-04-20,265.5393981933594,272.8453451725783,263.8256643404269,270.41002033754484,1518400
2012-04-23,268.62860107421875,270.2746759777029,263.87069837665445,267.1403320171531,574316
2012-04-24,268.5384216308594,272.8227695243752,266.75702936995873,268.3354733307277,1996560
2012-04-25,267.56878662109375,271.04136873063845,264.5246447925883,267.97468320857877,1301712
2012-04-26,269.41790771484375,270.4551656218201,264.8854955671188,269.1473007439687,1258260
2012-04-27,270.0266418457031,271.4923396928823,264.72758039820917,268.3805394069822,1082160
2012-04-30,271.98846435546875,274.55907889660125,265.6296003821402,268.60608404500005,1370226
2012-05-02,269.0796813964844,274.62678046811004,267.99730851748564,271.60518141296717,1410952
2012-05-03,270.3874206542969,272.39430472908197,266.75700537624505,268.33544919503936,625090
2012-05-04,271.17669677734375,274.01789071401,269.0119788982591,269.0119788982591,1697456
2012-05-07,270.703125,272.8227551407439,268.4031177887764,269.01193513119534,841490
2012-05-08,268.1776428222656,275.43847410935274,264.7726916496584,272.3717884578463,1131446
2012-05-09,270.4776306152344,271.8982411027638,263.9834505663521,266.5315209564044,873108
2012-05-10,267.7041320800781,271.9433933347879,266.2158901590445,271.49240926623935,982754
2012-05-11,257.5569763183594,268.20021626403644,255.437373333908,266.59922841425407,1787728
2012-05-14,260.4432678222656,262.0217118696733,253.45301561231736,256.3167530879765,882634
2012-05-15,268.26788330078125,269.9139862910221,257.1285979507488,257.98545123296697,1260638
2012-05-16,262.54034423828125,269.6658858687257,260.44325764687704,266.77957728445216,1555194
2012-05-17,261.5481872558594,265.94528143996,258.2560094231959,263.4197544186921,1907122
2012-05-18,262.35992431640625,265.65210178933097,256.97066037447786,257.3088983516799,1012422
2012-05-21,268.2903747558594,269.2374300824821,259.87951270524337,260.24029437605793,1038810
2012-05-22,258.95501708984375,269.23744673641033,257.96284678932443,268.9894110427502,1755516
2012-05-23,257.33154296875,258.8649000771229,252.2128839166045,258.8649000771229,1955586
2012-05-24,256.5873718261719,260.66877183150626,253.04713064130533,260.66877183150626,1482068
2012-05-25,256.85797119140625,261.05211753115674,256.0462053717583,259.33838357281473,1113544
2012-05-28,256.8804626464844,259.3157871360259,253.49808281427534,257.5343949192203,686258
2012-05-29,255.14419555664062,260.2177655080542,254.12948156635792,258.0079329188648,1343318
2012-05-30,260.3981628417969,262.2020987741242,256.33930699406045,259.29324657807086,3140604
2012-05-31,255.68540954589844,262.4501702137013,253.99421937894772,258.07561947667915,3554468
2012-06-01,256.6324157714844,257.80499057770396,253.15983379002355,253.15983379002355,1370470
2012-06-04,254.5579071044922,256.7902832588245,252.14512635199839,256.47458897498046,641718
2012-06-05,252.212890625,256.7227322097117,249.39423963455522,253.6335017345396,887034
2012-06-06,259.1805725097656,260.60115593518515,250.3863823991175,250.3863823991175,1651076
2012-06-07,260.894287109375,261.97665989857455,258.0981803421791,259.85702924315746,986750
2012-06-08,263.2168884277344,264.8178765228856,257.466840989935,258.66193237324023,1039702
2012-06-11,260.91680908203125,264.9080343247171,259.4511109618888,263.82566162564405,1015666
2012-06-12,261.4805603027344,263.48744493492933,259.3835008765487,261.9766592991004,1104120
2012-06-13,267.4335632324219,268.3355314052125,261.11978602288747,261.57077010928276,1536886
2012-06-14,262.9010925292969,267.61388019315115,261.3902798193626,262.9236362210533,759932
2012-06-15,267.9748229980469,269.0120811755235,263.23948879462193,263.23948879462193,886640
2012-06-18,267.1178283691406,270.5453234216344,265.22368998827307,268.89922074550276,587596
2012-06-19,269.7109375,271.44724216964244,264.6599119101198,264.6599119101198,1019276
2012-06-20,272.9355163574219,273.7247383402233,270.13941011317826,271.9208023795343,1413502
2012-06-21,277.0169677734375,279.18168582595314,271.2669208233173,271.2669208233173,1364524
2012-06-22,274.42376708984375,276.9943814239631,273.3188507722273,275.1227867925385,1102860
2012-06-25,274.7845458984375,278.48262020635354,274.1982722031789,275.1002402038472,1053518
2012-06-26,278.0767517089844,279.1365807324447,273.29633183249797,273.29633183249797,542892
2012-06-27,280.9405212402344,282.72191375424535,277.94146627829934,278.8659780815054,1424142
2012-06-28,277.8061828613281,281.86503942910724,276.2953972603412,280.5120872398476,1773886
2012-06-29,286.7356872558594,290.79454418390173,278.8209217513538,278.8209217513538,2355224
2012-07-02,286.23956298828125,288.4719393923723,284.27776598582784,286.8258367090829,1658388
2012-07-03,284.0748596191406,288.6297874418548,282.3836694583485,285.1572048065187,1500942
2012-07-04,285.7886047363281,286.55528314460224,280.9630697822431,284.8415216934427,1058592
2012-07-05,286.7356872558594,288.58473859416534,283.93958031136424,285.69842932387,494218
2012-07-06,285.8787841796875,286.8258396209138,284.232681479687,284.232681479687,478552
2012-07-09,281.9552001953125,286.14934585875204,281.0757758967174,284.1424615685937,1392416
2012-07-10,282.6993408203125,284.07486419394706,280.7826586072147,282.31601538804574,2648760
2012-07-11,281.3915100097656,283.06015653852893,278.482657314823,280.2865935565384,1490872
2012-07-12,279.54248046875,282.83468638523493,279.00132157508347,279.6101390934007,1083586
2012-07-13,277.9640197753906,280.3091424381658,276.9042182241368,278.9336465335971,946434
2012-07-16,280.28656005859375,283.6463964124205,277.35516401614666,277.35516401614666,893452
2012-07-17,283.1278076171875,287.2768667711789,281.86505766402956,281.86505766402956,1346510
2012-07-18,282.6317138671875,285.3376182076567,281.86503546554474,285.3376182076567,2110900
2012-07-19,282.29351806640625,285.02196651281525,281.45918092105046,284.119998264357,1563050
2012-07-20,281.84246826171875,283.0375593968905,280.26402419475676,280.9630439192353,909906
2012-07-23,278.1219177246094,281.50429869046917,275.5513026853786,280.51212810197296,1337880
2012-07-24,274.4012145996094,278.88851081148175,273.31884201176337,278.88851081148175,2112538
2012-07-25,275.66400146484375,278.25715976083205,273.1835891817245,275.41596574170825,1486882
2012-07-26,280.8052062988281,283.51111037291605,276.00221555697016,278.6179173234126,1766944
2012-07-27,285.224853515625,286.2395675768528,278.5277241959933,284.8866154952157,1336052
2012-07-30,291.1101989746094,292.62098450424895,281.9101135117672,286.8483942745298,2001276
2012-07-31,294.76312255859375,296.2964791230062,289.5091756315285,291.4484012682538,1153766
2012-08-01,297.58184814453125,298.10049087122707,291.5161340045464,295.62007831480986,1494284
2012-08-02,295.80047607421875,297.6494998355708,294.17691683231226,296.7475316542509,658944
2012-08-03,297.626953125,299.2279411254681,292.46317983401065,294.94359230754503,1640760
2012-08-06,302.7906799316406,304.36912399065835,298.776911171215,299.0024031796461,1423944
2012-08-07,302.0240173339844,308.5632859191982,300.60340659649916,306.6240600508283,1061480
2012-08-08,303.73779296875,305.58681677825024,301.82111053353515,301.9564002590792,996162
2012-08-09,305.0231018066406,308.022157246999,303.06133187406044,303.96330012368566,863074
2012-08-10,304.6171875,311.13391264367704,302.3848109075863,306.62407206339986,4555986
2012-08-13,307.57110595703125,310.7505378374813,305.36127321766224,306.6691379043713,1647378
2012-08-14,302.8287658691406,307.2307481549281,299.9697555840583,307.2307481549281,2894370
2012-08-16,300.6278381347656,304.37178804632015,298.6537388350319,302.2388655873117,1527782
2012-08-17,299.9924621582031,303.07837868241205,298.6991088431677,299.69750093295335,1902522
2012-08-21,302.1253662109375,303.7137083539916,297.49647785433916,300.42357105766524,1805210
2012-08-22,301.4219970703125,306.32316212460785,300.74127893225784,301.78504120424327,1864492
2012-08-23,303.2825927734375,307.00385718814323,302.2615156431,302.2615156431,2383776
2012-08-24,302.05731201171875,303.7591073266101,299.9697875048486,302.69266000867475,893732
2012-08-27,304.0313720703125,304.53055421904435,300.94545583613416,302.91952706796843,991094
2012-08-28,309.2048034667969,309.90823424457324,302.01189415203726,304.05404820715995,2911176
2012-08-29,306.8222961425781,311.76885824803367,305.3020369524959,310.8158640838758,1224736
2012-08-30,304.984375,308.5921862465508,304.0540658605721,306.77693809215936,2049460
2012-08-31,303.3279724121094,306.6407946966619,299.7428462900324,305.0070547669799,1187724
2012-09-03,302.6019287109375,305.3701993776182,301.17243709234765,304.0995032297675,1044496
2012-09-04,300.2874450683594,303.6002675603362,297.8822466946496,303.0103174231606,928220
2012-09-05,295.1593933105469,299.47060814940903,292.93570299847397,298.6083541022399,2258182
2012-09-06,295.658447265625,297.60983285907133,291.0522454882345,292.75404008109115,1483490
2012-09-07,301.60345458984375,302.0345815445063,297.7460524559459,297.7460524559459,1185380
2012-09-10,310.2032470703125,311.08818618120466,301.51276220819665,301.51276220819665,1692520
2012-09-11,310.8839416503906,314.49175301471627,308.433373181058,311.33775370380295,1206306
2012-09-12,309.318359375,315.6263595232309,308.59227099323795,314.9456412783929,1622398
2012-09-13,307.0491943359375,310.38472922254766,305.5516202453207,309.49979026493736,1563768
2012-09-14,307.75262451171875,311.42849069959794,305.23394570683416,310.88391074993405,2217282
2012-09-17,305.3701477050781,310.18054448455,300.0832261015489,309.15946734469594,3814960
2012-09-18,305.7785339355469,310.40742208528815,302.3522587197708,304.0540537969928,2438776
2012-09-20,304.5079040527344,308.5468426225471,302.26152872904055,303.1464678200098,1945192
2012-09-21,303.8271484375,310.6796988837304,301.33118231889466,307.2307385992345,3359616
2012-09-24,308.3426208496094,309.81751009790906,302.23884288233256,303.14646703513233,1532148
2012-09-25,306.890380859375,311.2696779650813,303.6002436893484,306.776927853512,1188406
2012-09-26,306.6407165527344,309.70394697945926,303.8724472517165,304.50779501220745,1266006
2012-09-27,307.4349670410156,311.22428643403305,304.05406185826706,307.23074608663705,2193682
2012-09-28,315.64892578125,317.57762674899357,305.8692828845064,308.1383428465576,5214744
2012-10-01,314.5597839355469,319.0071357845685,312.8125911994593,317.66838490847147,1262540
2012-10-03,316.6246643066406,318.55336546725334,314.62788026096376,314.94555422711534,2312474
2012-10-04,317.1011047363281,319.9374294656334,314.94549794205614,319.9374294656334,3083848
2012-10-05,309.7494201660156,318.0541754356569,294.9778429546757,317.6684462588815,3019160
2012-10-08,321.5939025878906,322.97802372440964,311.24696625934985,312.6764852174605,4350908
2012-10-09,328.33306884765625,330.60212944784735,322.25197535974655,322.25197535974655,3355008
2012-10-10,327.26654052734375,330.7835835880407,325.83702162327864,328.106081662438,2011062
2012-10-11,326.7673645019531,327.87920957585294,322.3200119048436,327.6523035484648,2763132
2012-10-12,323.6814270019531,329.60366839162884,322.0477147904867,328.1060942480366,1129144
2012-10-15,324.3848571777344,326.60854736641335,322.2292498779193,326.1547353032944,1276120
2012-10-16,325.9278259277344,327.38003005451355,323.5906827472546,326.20010208341614,909036
2012-10-17,322.88726806640625,328.10610655237065,322.2519201278498,327.2211675302702,751248
2012-10-18,317.5776062011719,324.2940177145829,316.8742031981445,322.31994675471844,2388514
2012-10-19,315.3086242675781,317.5776846432782,310.45282952388186,317.5776846432782,3528600
2012-10-22,317.260009765625,317.66845171150754,308.8191162709727,315.35402121414864,1168318
2012-10-23,316.7607727050781,319.00714762140876,314.62785078756735,319.00714762140876,818056
2012-10-25,315.3539733886719,319.32482843285976,313.130283484532,319.0298395501826,1675108
2012-10-29,312.1319885253906,313.3346017918671,308.61494439336906,310.4075079100339,469010
2012-10-30,310.3166198730469,311.7915087770998,308.614824983755,310.5889236744243,540312
2012-10-31,315.013671875,316.5112462252757,307.23078348861696,307.3215514458895,1903328
2012-11-01,318.3265075683594,319.4383527687183,312.6992263697016,314.0379776232565,1105676
2012-11-02,316.2843322753906,321.11741427131165,314.55985192428517,319.27948090107435,1576272
2012-11-05,316.7154541015625,319.8013706317179,315.8758851546404,318.46261948818625,955088
2012-11-06,316.9423522949219,319.642511880449,313.85640814262257,316.17086625684703,1178430
2012-11-07,317.8272705078125,320.1870987993539,316.32969622422536,316.9650441983486,1227750
2012-11-08,316.102783203125,324.02180914848265,313.2210877165645,318.07688227291345,3533206
2012-11-09,315.03631591796875,320.6635684557335,313.58411188617885,314.31020005282977,1012262
2012-11-12,314.0152587890625,317.6003574249292,310.40744739152444,317.07849017779466,739238
2012-11-15,310.4981994628906,312.8580275813673,297.7006945536606,311.31505558507797,2059576
2012-11-16,308.1383972167969,313.3572360503656,306.6635079812231,309.4998334342496,1433138
2012-11-19,308.7964172363281,312.3134606497294,305.4381969622008,306.7769480592579,1118136
2012-11-20,309.9989929199219,311.08815289347393,304.96169036384316,310.06707580520214,932626
2012-11-21,317.8727111816406,318.9391586050034,308.72838570623304,310.6344021870357,2390410
2012-11-22,317.3053894042969,319.0298696464718,312.3588270032133,317.66843350288804,1062766
2012-11-23,320.07354736328125,321.29884510890145,313.7655781815036,315.4900579686629,1470290
2012-11-26,316.2162170410156,321.86618235558393,314.4463667426791,321.86618235558393,624976
2012-11-27,317.645751953125,318.80296714827136,314.94556469879046,316.3296859203769,1100676
2012-11-29,322.1838073730469,324.38478430533263,316.30693693618565,316.30693693618565,1952048
2012-11-30,322.138427734375,324.45288548602986,320.0509036745942,322.25188073106926,1593304
2012-12-03,319.960205078125,322.9553814590491,317.46423860993406,321.09473529093907,1017862
2012-12-04,319.3929138183594,322.2065540554428,318.3491516477368,318.84833382110304,911480
2012-12-05,318.82574462890625,322.6604631270069,316.8062748685103,320.2779491587695,1198858
2012-12-06,319.09796142578125,321.7300658370312,314.44638780557153,318.1676245429473,2032942
2012-12-07,317.6230773925781,320.39131992728454,315.1724811465993,317.7138176473629,1377750
2012-12-10,319.7558898925781,322.5241594153426,315.39930623831987,317.66836599543007,1633846
2012-12-11,324.74786376953125,334.43676681682996,320.6408706124948,322.1384447080705,3350478
2012-12-12,329.39947509765625,331.05590020825196,325.4286195434106,325.6555255750818,1823000
2012-12-13,326.086669921875,330.8290117757803,323.79492441977953,330.3978847529723,1457298
2012-12-14,326.2681579589844,329.44484210521847,325.02017490153526,326.790025163916,969798
2012-12-17,327.22113037109375,328.92292533630484,324.067131495872,324.067131495872,2047662
2012-12-18,334.4367980957031,335.45787521525125,329.0818214084374,329.8079096140536,3048086
2012-12-19,347.075439453125,349.38989745488465,336.04781252247017,336.2747185403787,1951640
2012-12-20,338.9976806640625,352.11286305697007,337.74969723457633,349.34459228519415,1693518
2012-12-21,331.0332336425781,341.2666907030853,330.42057070373687,338.9976302595808,1407506
2012-12-24,336.2066650390625,338.2261343146413,329.195290631708,332.5988811977989,1200888
2012-12-26,342.03814697265625,344.8517872169904,336.93276141988883,337.5453966068252,1059686
2012-12-27,338.31683349609375,346.30391332150344,336.9553975464113,343.9894832864374,1429614
2012-12-28,335.59405517578125,341.6751485261122,331.75933730851625,339.3153200156035,986386
2012-12-31,334.11920166015625,336.2748094128024,332.68968228163465,335.6394613115715,390038
2013-01-01,335.59405517578125,340.26831436672575,334.3233868081206,335.4125192524756,591988
2013-01-02,336.22943115234375,338.9976741726149,335.63945320181466,335.86635927555807,1043632
2013-01-03,333.0299377441406,339.42870380577835,331.3281426796339,339.42870380577835,1040878
2013-01-04,333.6198425292969,334.68628945698765,329.67167330380295,334.68628945698765,1031736
2013-01-07,337.7042541503906,339.8371486648953,334.5048569816538,336.18396713650014,1968642
2013-01-08,342.3784484863281,344.897099396169,338.1126048617711,338.1126048617711,2574802
2013-01-09,345.4417724609375,347.9150539198697,341.0624746621634,342.6281319305511,1819204
2013-01-10,342.28778076171875,347.12089076735026,340.449847273131,346.71244879277845,1012396
2013-01-11,335.48052978515625,342.8776600391661,333.59719885644336,341.94735095450153,1182982
2013-01-14,333.6880187988281,336.02516210363393,332.1904444659341,336.02516210363393,1647772
2013-01-15,331.3735656738281,333.84684689516257,329.5583174671224,333.5972281079489,785236
2013-01-16,326.44970703125,334.8452304691411,325.83707180571923,329.08183924084113,1503468
2013-01-17,325.3831787109375,327.4934154263226,323.2729419955524,326.7446146051255,1800816
2013-01-18,323.1368713378906,328.5599309871135,320.3913139183731,326.7446827496156,1639450
2013-01-21,317.60040283203125,324.06722557724504,314.9456129949726,323.3411372606887,3077902
2013-01-22,322.5242004394531,324.79326048518095,318.32643935485663,318.98447230781505,2258682
2013-01-23,322.0930480957031,323.77215793685,319.52899936679785,322.6603130624092,1375524
2013-01-24,322.32000732421875,326.20009479771636,319.9374940705022,321.2989302154831,1313338
2013-01-25,330.69281005859375,332.5761132401791,317.66840011421374,323.47718817660495,2269980
2013-01-28,326.9942932128906,331.4416461185124,324.52101180309086,331.28282296771897,767284
2013-01-29,322.8192443847656,330.7836693458326,321.38975280858244,325.4740619379526,822060
2013-01-30,321.6846618652344,325.04288212822365,319.8240435320986,323.97643488580263,611896
2013-01-31,325.83709716796875,328.69610794046815,319.1433685005209,319.1433685005209,1453696
2013-02-01,326.6993408203125,328.5599593449408,325.1563686058703,325.85977181891303,494318
2013-02-04,326.60858154296875,329.8079513830437,324.4756590834211,325.8597804810713,1340546
2013-02-05,340.13214111328125,341.26667127043027,331.66853506155337,333.55186620181684,4320004
2013-02-06,339.6783142089844,344.89715270384517,338.3168780798902,342.3104185188686,2437380
2013-02-07,340.13214111328125,342.5146544432942,338.1126718938579,338.5437988932726,1619600
2013-02-08,338.58917236328125,343.98954704402826,336.5697308224088,340.99439847897776,3330272
2013-02-11,340.0640563964844,342.51465260214945,338.54379707347266,340.94899545400176,1830156
2013-02-12,350.206787109375,351.40937250033556,338.7707171721701,340.3590594496016,2452572
2013-02-13,351.90850830078125,353.90526440997525,349.4352274499127,351.25047538471745,2224038
2013-02-14,353.4968566894531,355.7432315894318,349.5033166997609,351.6362109032597,2065870
2013-02-15,356.7870178222656,357.7400119906362,352.15812965056324,352.15812965056324,1863412
2013-02-18,357.6264953613281,360.75780884059066,354.9717065799624,357.14999836191413,1662562
2013-02-19,359.71417236328125,360.7806197195332,352.4304659950552,356.74168094767856,1212136
2013-02-20,362.7319641113281,365.227930373158,358.6476556828792,360.78057784632256,1894642
2013-02-21,361.9150390625,363.957192887931,359.94096811064355,362.0284920528017,1410756
2013-02-22,368.2911682128906,369.3803282258164,362.64120258050616,363.0042743838079,2569798
2013-02-25,373.05621337890625,374.8487766276592,365.545629023704,368.4954075322752,1927688
2013-02-26,362.77734375,373.509981518773,361.8470069402531,373.48729645722767,1060678
2013-02-27,362.52777099609375,367.4970188387608,358.08041812765555,364.6833783877925,1923936
2013-02-28,364.02532958984375,369.38030598422745,361.1209215292519,364.07069971327974,4031342
2013-03-01,362.7546691894531,366.22634262458433,356.53746595300805,364.025365151652,1250104
2013-03-04,362.6412048339844,367.950811457635,359.3283823469427,362.1420226490771,2478736
2013-03-05,362.5731201171875,366.1355334065681,359.6913971615694,363.3672911548126,1161012
2013-03-06,361.9150390625,365.77244073275864,360.78050915948273,363.1857070141825,1168412
2013-03-07,367.7012023925781,369.8568095648888,360.82593896360225,362.1420049481979,1668392
2013-03-08,371.195556640625,373.44193173585734,368.4953695139715,368.4953695139715,1361258
2013-03-11,378.20703125,380.58954487598476,370.53759535552797,372.1259377728511,2524388
2013-03-12,375.4614562988281,380.9752847815563,372.57976034027126,378.5927710887592,1984306
2013-03-13,380.0221862792969,381.111318478547,376.9135574078531,378.4792143739174,2125560
2013-03-14,376.7320861816406,382.5862450354361,375.9832852161776,380.74831176387806,3003670
2013-03-15,378.2977294921875,382.767794989197,374.9395368019851,378.93307746793715,2263572
2013-03-18,377.7758483886719,382.10974794742754,375.66561126657353,376.43709729500137,1513756
2013-03-19,380.77099609375,385.1956635938109,376.95899148202193,378.93306282573025,3579608
2013-03-20,380.4079284667969,385.01413158190684,379.02380733566383,380.2944754609911,1787226
2013-03-21,377.2538757324219,383.0172931476821,376.66392572580116,380.4078743851239,1507534
2013-03-22,372.3528137207031,379.5003540206435,371.89900163816725,378.93308891747364,1874746
2013-03-25,372.330078125,375.7563533434462,371.0366972462108,375.370624205037,2209706
2013-03-26,373.804931640625,374.5991026017475,369.5390879700586,371.2181978275575,1466472
2013-03-28,371.6494140625,376.57326412538606,370.58293903931616,376.57326412538606,1938014
2013-04-01,368.7904357910156,373.9411923489488,367.58782257602974,370.33338040248526,529638
2013-04-02,386.3302307128906,387.4420758847033,368.08697896462405,368.6088739529725,2410474
2013-04-03,392.2297668457031,398.0385558062169,385.51335374453123,387.0790109268646,2615936
2013-04-04,390.2555847167969,397.0400787833818,389.59755186178336,391.6397055989739,1881574
2013-04-05,389.9834289550781,394.3627269330996,386.19410888385244,391.6398542500172,973426
2013-04-08,392.751708984375,397.0402391038325,385.2864939910221,390.05152130186514,1285532
2013-04-09,393.8180236816406,396.6316634471641,390.3917488334358,391.185919784274,1893340
2013-04-10,389.12109375,400.2621724899261,384.06107901611296,400.2621724899261,2028646
2013-04-11,395.8829040527344,397.0855169835653,389.18917676643997,392.5473967894674,1878720
2013-04-12,394.7030029296875,400.2622001540493,392.5473958426901,397.99314006247306,871688
2013-04-15,396.177978515625,398.4470391027706,393.0012936936211,396.177978515625,1054114
2013-04-16,403.6204528808594,406.11641918388165,394.36267587752616,394.8164879326211,1114702
2013-04-17,414.8976135253906,419.3222804456778,401.0336627148546,402.21356281420356,2785996
2013-04-18,415.8052673339844,419.7307524242269,412.1294010159385,415.2380023035151,1706792
2013-04-22,420.7063293457031,428.6253527849195,415.64634312355105,418.41458471963557,2539560
2013-04-23,431.0987548828125,432.6870970299791,419.41309480008687,419.41309480008687,1367732
2013-04-25,444.55426025390625,447.3225302980026,428.17165680172536,431.166805165776,4517038
2013-04-26,433.8896789550781,442.4667375626103,433.095507887658,441.3322074662959,2150012
2013-04-29,426.81024169921875,439.1085374247657,424.67731948117273,437.4748250909589,1885780
2013-04-30,431.5979309082031,437.90592928229995,426.85558959658954,427.5136225878928,1419360
2013-05-02,438.85894775390625,442.10371506726045,429.53311544635375,429.9188446185472,1594214
2013-05-03,446.8686828613281,449.0016048054244,436.5671449003848,440.56068496892385,2787976
2013-05-06,445.7115478515625,451.4522540753816,443.6693934805655,450.31772386927213,710626
2013-05-07,449.705078125,452.9044476917415,447.4587028297166,450.13620513294177,1964836
2013-05-08,447.2544860839844,453.29018115673097,445.7795968365824,453.29018115673097,1158394
2013-05-09,430.3272705078125,447.0048631164728,428.21703342487217,445.75687999609687,2130960
2013-05-10,424.3369445800781,435.29651648017057,421.2056581075438,433.7535444570744,2265212
2013-05-13,428.3531494140625,436.86212424590383,426.6967245674031,435.52337333266365,1977412
2013-05-14,437.33868408203125,439.2900703839147,425.6757086984628,428.7616251408006,1824490
2013-05-15,442.03558349609375,442.988605337685,434.5250002584775,436.1133422959759,2628462
2013-05-16,439.67584228515625,445.5300294582754,437.2933287586414,437.47486467815384,2135930
2013-05-17,438.45050048828125,443.19281400647986,434.7519213928612,440.2430358341901,829624
2013-05-20,438.3597106933594,449.11506072515436,435.069573665186,442.33056572736166,1447280
2013-05-21,441.9902038574219,444.96266692389645,435.2737917831735,435.2737917831735,1588402
2013-05-22,454.6742858886719,460.0292623259674,442.58018415784704,442.58018415784704,2406450
2013-05-23,456.5349426269531,461.29996936411317,444.7358288016044,444.7358288016044,2539658
2013-05-24,439.67584228515625,452.92716115328017,435.8865223271439,448.47980811015094,2623550
2013-05-27,460.0292663574219,465.61114885960836,436.54449349827496,440.1976748477779,3350316
2013-05-28,452.1102600097656,464.2497324868158,448.4343934419052,463.3421083763821,3192018
2013-05-29,483.6501770019531,490.43464477624156,462.88827637062366,472.23679322577226,7929878
2013-05-30,487.4849853515625,492.29543841948987,480.4963226167815,481.1316153039503,2747088
2013-05-31,473.82513427734375,486.0326890882747,470.60307991086916,482.6518115890751,4391362
2013-06-03,461.8218994140625,475.073190712127,448.5932654830411,469.2417162462969,2791600
2013-06-04,462.0941467285156,468.67442183537884,453.1994411117383,458.3501970987486,2693116
2013-06-05,470.6031799316406,474.6874891113752,458.8494346572289,465.1574343586612,2588284
2013-06-06,462.0260314941406,469.1735711960689,459.5981481351035,467.5171461540042,1560132
2013-06-07,459.4619445800781,465.97416311060135,457.0113488092741,457.44247572986734,1767874
2013-06-10,453.19940185546875,462.7975098194767,448.41166270605294,461.98065369252754,2037266
2013-06-11,445.8249816894531,454.4700959483316,443.19284956574,450.93036739727387,2888004
2013-06-12,445.05352783203125,449.8639249674796,440.87845101152374,445.82501393448786,2231638
2013-06-13,430.84918212890625,437.47482714527894,415.5557101215776,423.5201062586427,6768578
2013-06-14,432.732421875,436.567138768747,427.4908988775049,432.57359875629766,1661092
2013-06-17,441.4230041503906,447.4133289885992,429.80539858873055,433.39052500587167,1932922
2013-06-18,441.0599060058594,445.16689917907945,437.4747800278957,440.31110510587735,1476768
2013-06-19,436.226806640625,443.3743459952048,432.6189955219491,437.92860172504874,1286968
2013-06-20,439.9026794433594,446.95947865649435,427.9447435528526,431.5752397865989,3116684
2013-06-21,430.440673828125,440.65144363427453,428.0127907536127,439.29000766012126,2758082
2013-06-24,429.82806396484375,437.81514440293165,426.6286670788803,430.21379310078174,1692162
2013-06-25,430.5541687011719,435.2738249499925,427.78592636388515,430.1230417277286,2229816
2013-06-26,426.22027587890625,434.29812469614836,424.72270167827253,431.5752524410001,1825544
2013-06-27,440.92376708984375,453.3582280682071,429.07928392241223,429.07928392241223,4283804
2013-06-28,459.0535888671875,461.11842822349195,444.7358237543847,444.7358237543847,3609114
2013-07-01,456.0810852050781,466.0649497568311,454.51542817885564,459.05354842965244,1421220
2013-07-02,457.3744812011719,466.29189940793145,453.88015043982693,457.4425640907006,1510760
2013-07-03,462.7748718261719,463.79594901333434,450.15890145337437,454.9466133912599,1825538
2013-07-04,467.74407958984375,506.72654758221944,451.5430108080849,467.42643329882156,1751098
2013-07-05,470.03582763671875,475.0958430396958,468.33403246062636,471.9645288362901,1077646
2013-07-08,473.16717529296875,476.9564950735765,466.06500517655854,470.14931388794025,990634
2013-07-09,489.98095703125,496.51586308178526,475.5951340105295,475.5951340105295,2219666
2013-07-10,490.7750549316406,497.5595788097138,483.8090505379796,491.0246737360482,1673354
2013-07-11,497.0830383300781,503.1414183673263,492.8399065674799,492.8399065674799,1155086
2013-07-12,503.1414794921875,506.0005180308881,494.6552149360251,503.73145741191547,1765166
2013-07-15,504.16253662109375,509.9486409682233,498.3537749068727,499.2160289870185,1359632
2013-07-16,508.08795166015625,512.7395250953834,499.9193348958548,501.0084948771572,1068354
2013-07-17,505.0021057128906,513.5110822285623,500.1236258439056,509.2906077179961,2560946
2013-07-18,507.5434265136719,513.9421655752121,503.77676420099505,508.2695147410487,2067200
2013-07-19,490.1851806640625,511.2647318304606,487.2580592031032,507.81577074039717,3133700
2013-07-22,503.7314758300781,505.0929122512405,484.6713659338049,490.18519451891046,2048418
2013-07-23,502.1430969238281,507.1123173419122,495.10900925792726,505.5466877299092,1785728
2013-07-24,511.5595703125,513.1706250502282,500.10081746229764,501.46225344449994,1756166
2013-07-25,497.0603332519531,513.2614003892697,490.2077273553469,508.8140203844893,3198186
2013-07-26,507.0442810058594,510.2209657028338,499.64712162411087,503.2322482900932,2549844
2013-07-29,516.6651000976562,522.5192875417966,508.31494598637744,512.8076970666241,836269
2013-07-30,522.473876953125,526.3312796854726,516.3019882637823,521.4300869961671,1805002
2013-07-31,513.079833984375,527.4202820452734,508.2694378837979,524.6066698157771,3114492
2013-08-01,515.7573852539062,522.7914718983722,510.4478065262295,520.0685996489015,1343683
2013-08-02,503.91290283203125,523.6083565465713,499.60168843032915,523.6083565465713,1152598
2013-08-05,498.7395324707031,511.8093440154461,494.7459635550904,511.8093440154461,883575
2013-08-06,488.5740051269531,498.24022322220515,485.5788569020921,497.5141350763259,1041651
2013-08-07,473.82513427734375,491.2968976105824,467.60793156170934,490.57080943457044,1612383
2013-08-08,458.98553466796875,470.9661842907091,449.27394537540727,464.70355562062326,3169712
2013-08-12,491.6599426269531,501.00845895191475,472.87211433686156,472.87211433686156,3185173
2013-08-13,496.8787841796875,500.7361862907045,483.9451418074541,492.24986840828257,1503470
2013-08-14,499.69244384765625,507.36187867445676,488.30177231996015,495.6535054693313,1488108
2013-08-16,492.3406982421875,502.73300514242186,485.578887698578,497.51416662977357,3335121
2013-08-19,472.0552673339844,496.47037752845273,464.61276641060374,496.47037752845273,2188987
2013-08-20,460.48309326171875,466.5187879947151,445.8703396933926,466.5187879947151,2817923
2013-08-21,437.88330078125,467.97100938908795,432.3013898636909,462.8883360927456,2632375
2013-08-22,455.808837890625,460.1654225274655,431.43912506322994,436.5671957311852,2846075
2013-08-23,460.48309326171875,463.70514774143044,444.73580956694633,458.8493532605424,2992002
2013-08-26,469.24169921875,473.77982010094297,462.8883299836799,466.51882668943426,1994208
2013-08-27,450.95306396484375,468.7425028247248,444.7358330045715,464.65819415427467,2859676
2013-08-28,458.7132263183594,466.06498725586164,432.02908263639756,450.95305114451764,2472852
2013-08-29,463.4782409667969,467.4264113401445,448.00326114648493,461.9806667420069,2769581
2013-08-30,473.0537109375,491.02465775754825,456.53494057679626,466.51880607648764,3273711
2013-09-02,479.634033203125,483.4006405020009,473.8252159992138,475.3228181305775,869098
2013-09-03,465.42962646484375,485.12508047464115,457.4425454802978,485.12508047464115,1987746
2013-09-04,471.782958984375,476.0941731202021,453.8120142975855,463.79587861213236,1578579
2013-09-05,470.6938781738281,485.39740098748723,461.11845414233176,476.4119548325171,1488124
2013-09-06,479.7247619628906,481.67617616035824,468.96943730387915,471.05696189376084,1312068
2013-09-10,498.92095947265625,501.87073768309483,479.407042080524,485.57887464143096,2074078
2013-09-11,509.4947509765625,517.25498111459,493.33905356426953,499.1932399117206,2254248
2013-09-12,505.41046142578125,518.162624436663,499.19325845652344,517.0280943038073,1469651
2013-09-13,511.67303466796875,517.3003145987007,502.2337228230653,503.73132459551687,1155839
2013-09-16,511.536865234375,530.6423947890471,502.8236969762472,523.0637011361492,2130891
2013-09-17,494.2014465332031,510.90175632507817,491.251667467578,506.4543749596462,1334776
2013-09-18,498.5578918457031,502.415294153061,486.0780608513101,497.1057154887828,2183797
2013-09-19,508.6786193847656,515.106613470217,502.5697238655135,510.54774452305213,2484559
2013-09-20,516.1553344726562,523.2215842777772,508.04057776403954,513.3288568107195,2201410
2013-09-23,508.7242431640625,519.9390506629526,502.5697695262283,516.0640117057977,1350380
2013-09-24,507.0828857421875,514.605017583826,496.1871806112204,503.3445807701374,2809418
2013-09-25,518.7993774414062,519.7111513912154,507.1286820139022,507.1286820139022,2326436
2013-09-26,530.0142211914062,535.2113441814847,519.7111860024638,519.7111860024638,2734235
2013-09-27,537.809814453125,544.784907071552,534.2539296213929,534.2539296213929,2130839
2013-09-30,540.9553833007812,548.7966713548574,532.5670532279293,539.7700884932628,2639756
2013-10-01,537.9465942382812,545.559883947481,536.259834804588,542.2319426444691,1138970
2013-10-03,547.8849487304688,554.8144079833859,540.1348707224839,543.4172344422317,2598595
2013-10-04,547.4746704101562,556.1821003595021,545.2408131393152,549.845260381091,1181436
2013-10-07,551.167236328125,556.9113998694841,544.2377780322402,547.0642544199752,1336202
2013-10-08,559.9658813476562,564.2055959746934,547.976034049695,550.7569329094139,1463394
2013-10-09,588.4132690429688,594.3854326582982,557.5497445290613,559.8291792981908,4011535
2013-10-10,583.1249389648438,593.427972062878,580.1160964707641,590.3735520075752,1838930
2013-10-11,570.7247924804688,590.8293926273199,568.5820907682885,588.0940713651564,1640315
2013-10-14,570.861572265625,576.6969470332585,563.9321134230362,572.9586965932252,1496466
2013-10-15,568.627685546875,574.2350603651973,562.1084813858685,572.5938788488652,1455200
2013-10-17,565.5732421875,576.696892992666,561.1511617898708,570.7703636575635,1200221
2013-10-18,576.3778076171875,578.1557219381552,566.3938737636373,566.3938737636373,1343916
2013-10-21,575.2837524414062,578.9764256006175,570.4057286938263,578.9764256006175,962849
2013-10-22,582.1220092773438,588.0029615743622,570.3601046833068,570.3601046833068,1672168
2013-10-23,566.5306396484375,588.0941127078275,562.655600921293,588.0941127078275,2351330
2013-10-24,566.6675415039062,572.8220160093791,563.5219100710553,568.5366670755146,1978847
2013-10-25,556.9569702148438,567.989465926264,549.4348368139789,565.2997222468132,1999798
2013-10-28,550.5745849609375,558.051141225066,545.4686739587434,558.0055636652753,1382259
2013-10-29,563.4307250976562,565.2998505702952,548.5231875835866,550.0732144329454,1702397
2013-10-30,563.9320678710938,566.9864876924283,559.3276215350992,562.564407237615,1014012
2013-10-31,555.0879516601562,565.0263096535292,551.7143770243155,565.0263096535292,1637900
2013-11-01,551.2583618164062,559.5099583972956,547.2921684451258,551.6686711152199,1261388
2013-11-05,539.6332397460938,555.2701808934223,537.4450162657278,552.4437046957726,1834400
2013-11-06,549.2525634765625,554.6775731068184,533.478832098713,539.3597842826259,2096377
2013-11-07,552.3526000976562,558.6894396331764,548.8878705168049,552.5349660019665,1170128
2013-11-08,548.3864135742188,554.6776199826566,537.5818596603884,538.94952048617,1358157
2013-11-11,543.5084228515625,552.4894295420904,539.998115446042,546.9732083404447,1181409
2013-11-12,545.1951293945312,553.2187273300001,543.417159437462,543.508314553105,1467780
2013-11-13,554.4495849609375,568.3997676006622,551.6231086478017,558.0055247809167,3626443
2013-11-14,545.9244995117188,565.983520788141,544.3288955465488,564.3423392683019,1912214
2013-11-18,556.8657836914062,558.3702325468248,544.0097968642384,554.7231377702949,1630019
2013-11-19,552.6715698242188,561.1510528661514,550.7112343953305,557.0936493634883,732505
2013-11-20,544.4656372070312,557.093679532071,543.4170752882394,550.711264218283,1709590
2013-11-21,529.8773193359375,544.3289105295959,528.8287572984349,543.4171368101158,1452156
2013-11-22,524.224365234375,532.9317940237884,518.1610471141213,532.4303295563838,2357262
2013-11-25,529.6036987304688,531.564034324698,524.8625203030017,528.8287133933532,1461973
2013-11-26,522.355224609375,539.0406737742998,518.6624962533972,530.6523438074303,1596742
2013-11-27,519.8478393554688,525.1816936717203,512.963902843561,522.4463723505133,1622703
2013-11-28,520.4403076171875,526.0933145009718,517.887352922967,523.996246561085,1932974
2013-11-29,521.5346069335938,527.5067141172053,517.2492589983191,517.2492589983191,1545324
2013-12-02,542.8244018554688,545.2406242061123,521.5345101101944,521.5345101101944,2473184
2013-12-03,540.5906982421875,548.7966622898157,535.2112106619735,545.2407222757414,2312310
2013-12-04,538.7216186523438,543.6452202658007,533.8436502568156,543.4172767772196,1827528
2013-12-05,525.7289428710938,546.1527057120906,523.8142394517463,544.32915744594,1924907
2013-12-06,530.0142211914062,532.4760221498927,525.4097735682803,526.0024489352329,1777758
2013-12-09,534.709716796875,544.3289185490567,528.3728782230793,544.3289185490567,1855333
2013-12-10,534.2083129882812,537.9465634572878,530.014119950832,532.4759204390781,2238009
2013-12-11,531.8832397460938,537.9465579560405,529.0111855810595,534.299462647864,1255720
2013-12-12,523.6773071289062,530.6068220257341,521.1699289521503,527.0053040599778,1992788
2013-12-13,520.7596435546875,527.9626233978815,518.3889982143166,518.3889982143166,1832997
2013-12-16,507.0828857421875,521.762417742743,504.71224110498076,519.8477155340589,1869314
2013-12-17,518.0243530273438,521.3978718686392,509.13455768283865,509.3168679389271,2319899
2013-12-18,522.5831298828125,527.5522521366562,517.9786280765699,518.7080915727776,1508344
2013-12-19,531.472900390625,535.5302487468725,518.024238609144,520.2124620512355,1902173
2013-12-20,527.8259887695312,534.1171959544523,519.7111779415644,534.1171959544523,1648085
2013-12-23,525.4095458984375,533.2051991804174,523.9507303738284,525.0904473931308,917638
2013-12-24,517.2492065429688,530.3787700237483,515.3800815964637,528.2817016532731,1898741
2013-12-26,519.6199340820312,525.5008308344184,516.6110358874737,518.7993153652867,2233222
2013-12-27,525.1361083984375,527.6890637973414,518.7992696340169,523.1757725536029,1141946
2013-12-30,519.2553100585938,527.2789103921316,516.6111431116201,525.1818412532923,1104114
2013-12-31,517.3859252929688,522.3094691985846,515.6991107922383,519.7109367748075,930750
2014-01-01,521.8536987304688,523.3581477218269,517.9786601802635,518.1154485068433,425464
2014-01-02,523.2214965820312,533.3877991158863,519.7111888821456,521.6258920547615,1311399
2014-01-03,528.5552978515625,530.1053244851962,519.7110806128363,524.2699497410191,1443488
2014-01-06,536.3509521484375,538.7215418315319,528.3273536245898,531.5641395708271,1832494
2014-01-07,541.776123046875,546.1526271258431,537.2172530374773,540.6819831145658,2986634
2014-01-08,547.8849487304688,556.1820688083244,545.5598808078641,547.064329975401,2427891
2014-01-09,553.4466552734375,555.6349344901384,546.3348312945377,547.8848577688465,1867544
2014-01-10,555.635009765625,563.2027216357303,551.7143376670225,553.4467302524636,2548423
2014-01-13,549.2069091796875,560.9688130959249,543.7362665489268,556.1820007940094,1570396
2014-01-14,550.301025390625,553.2187124661085,545.0583264261749,547.0642397687105,2626299
2014-01-15,550.2553100585938,557.0480337983125,548.1126645827526,550.7111968109207,1582614
2014-01-16,540.4540405273438,552.762989573517,538.2657606590277,550.7114980658214,905324
2014-01-17,541.593505859375,547.520034122146,537.9464115438236,539.5420153068774,1276748
2014-01-20,537.3995361328125,547.0643168028929,534.2994827441587,542.5054474962021,1022330
2014-01-21,529.14794921875,541.593684946049,526.6405710477035,541.593684946049,1435394
2014-01-22,544.7392578125,546.9731147110205,525.774374255138,529.147892732214,3419248
2014-01-23,555.5892944335938,558.4614039138226,545.7421493803472,545.7421493803472,2954935
2014-01-24,550.346435546875,560.4671542943014,546.1522999111572,554.3126834689252,1467628
2014-01-27,545.0582885742188,559.6466672882841,541.7303480702216,545.1950768847624,2991060
2014-01-28,530.561279296875,550.9394046476502,528.8744641134215,544.7849305369814,1935622
2014-01-29,539.2686157226562,551.531984248549,534.2082823510775,536.122985037538,2412064
2014-01-30,541.2288818359375,546.1524824014949,529.0567243964398,540.6362622819146,1443395
2014-01-31,536.76123046875,545.7421798588709,532.4758826121968,543.3260127542937,1585472
2014-02-03,541.8671264648438,547.8848665824503,536.3053288707823,536.3053288707823,1640565
2014-02-04,535.8951416015625,541.9128274394066,532.6583551940818,541.9128274394066,1873420
2014-02-05,532.1111450195312,543.8730488044911,531.5641030226627,535.9861835064031,2300454
2014-02-06,533.2965087890625,540.5906990647193,530.1964556618061,535.9861969330066,1773116
2014-02-07,548.5686645507812,550.5289446002141,534.3905391070875,538.8126749074589,3201995
2014-02-10,557.6864013671875,560.4672999997086,550.7113103583437,552.0789708973131,1472255
2014-02-11,554.6319580078125,569.3115486939032,553.446663269247,562.5188231629368,2483629
2014-02-12,557.1393432617188,564.980630964561,556.1819919466155,559.8290869757736,1815098
2014-02-13,561.014404296875,568.2174395293043,556.4555353270479,560.7408832887365,3135266
2014-02-14,555.3157958984375,571.2262590975255,551.8054891920178,567.5791640673737,3027378
2014-02-17,551.7144165039062,560.0115931641916,548.0673205609942,556.1821312940805,998680
2014-02-18,555.9539184570312,557.9142538367382,550.7112205790027,551.6229941230076,873040
2014-02-19,568.3084716796875,570.4967505718135,557.2760334199747,558.9172147639473,2157227
2014-02-20,564.9806518554688,573.323348652998,563.2938369519586,565.6188489889666,1270381
2014-02-21,560.8776245117188,569.1291655240356,557.5952057389688,567.1232522157303,1461648
2014-02-24,565.8468017578125,568.9012773981437,558.0055692861168,558.0055692861168,1215618
2014-02-25,564.4335327148438,569.7674425794207,561.8349997694563,567.5791633041706,1202575
2014-02-26,572.6851196289062,578.0646074791148,565.9380266857087,567.1233215331379,1924757
2014-02-28,587.820556640625,590.7382438147798,573.36890909452,573.36890909452,2932048
2014-03-03,569.94970703125,595.7073135781716,567.6246952694538,591.7411203168868,1842188
2014-03-04,564.752685546875,573.3233254452209,561.9717310766808,569.9953846329244,1535706
2014-03-05,568.6732177734375,572.3203122524716,565.3452218012208,569.8585123490745,1050698
2014-03-06,566.2114868164062,574.4174503934556,564.1599959221439,569.1747514414518,1490879
2014-03-07,558.2789916992188,570.7703017656735,554.6774746714467,570.7703017656735,2382533
2014-03-10,544.328857421875,557.458419961496,540.5906077968316,554.3583673576214,2709056
2014-03-11,529.0567626953125,543.4172004591231,527.0052715861966,543.4172004591231,3466509
2014-03-12,550.9849243164062,553.8570341930189,530.470012769914,530.470012769914,2633927
2014-03-13,522.4007568359375,556.9569469596245,515.6080315850935,556.9569469596245,8061906
2014-03-14,530.6979370117188,532.247963624703,503.800609513768,519.7110736892174,7116344
2014-03-18,528.2359008789062,534.2992162931795,521.0329243565608,533.3874428865358,2274732
2014-03-19,533.6612548828125,535.8039569473768,527.0053165136443,529.8774265713583,1529578
2014-03-20,538.1288452148438,543.3259663995926,529.7405161017709,529.7405161017709,2142868
2014-03-21,529.193359375,540.6361056205418,528.099220049677,537.9919402218643,3117102
2014-03-24,528.1906127929688,535.9406909965692,527.9170917511295,528.8744432226982,2238185
2014-03-25,528.1906127929688,534.2083539647456,524.3611512564313,529.7406395637414,1847387
2014-03-26,516.6110229492188,532.4759096403881,513.5566029194325,532.2023886250764,2802852
2014-03-27,511.09478759765625,523.1302127732087,506.9462279771748,518.7537097048958,4290306
2014-03-28,513.510986328125,520.4860221145805,509.8183137764423,516.0639416940875,2223819
2014-03-31,524.0420532226562,526.093544514089,516.0640315337511,517.887579348358,2390417
2014-04-01,521.6256713867188,527.0051580630314,519.9389124315635,524.2698371734309,1186522
2014-04-02,524.497802734375,530.1963881617368,519.8021460821296,521.5345383121469,3765317
2014-04-03,527.5066528320312,531.3816909823015,524.4522332560356,527.3242869654981,2438673
2014-04-04,521.352294921875,533.0229894886829,519.893478969872,528.8288518889783,2519378
2014-04-07,536.2140502929688,542.3229447525632,523.1301209442651,528.8287061397364,10031924
2014-04-09,574.41748046875,578.8851942436089,540.6818506634424,544.3289457775297,13263006
2014-04-10,561.1055908203125,586.2705241862459,557.0937640401186,577.8821945141835,6187333
2014-04-11,572.7307739257812,578.5205156919083,562.6556282260686,565.2997946871286,4707211
2014-04-15,562.0172119140625,577.9732482848354,560.2848199908547,576.2408563616276,2743702
2014-04-16,559.6923828125,568.6733890624197,558.0967784973137,562.9292246578017,1792061
2014-04-17,569.9041137695312,570.7703098746301,559.9201810849654,560.2849128082431,2033985
2014-04-21,566.4393920898438,573.733581444723,564.7526330616273,573.2321170566247,1324788
2014-04-22,565.2540283203125,568.3540250268638,562.290764257294,562.290764257294,1194987
2014-04-23,570.4055786132812,578.97627326502,562.1084605793462,562.1084605793462,3220766
2014-04-24,570.4055786132812,570.4055786132812,570.4055786132812,570.4055786132812,0
2014-04-25,567.1233520507812,576.8793436743116,566.2115781728861,571.682221440257,1463948
2014-04-28,580.4808349609375,582.441115318221,566.3027072906514,566.3027072906514,2305579
2014-04-29,583.0338745117188,587.1368573645102,576.6970343090209,582.6235650963863,3027198
2014-04-30,576.9703979492188,580.7998586970518,567.5335622226404,572.5938952303744,2049214
2014-05-02,574.3262939453125,584.8116918249441,573.1409435778481,575.876264763839,1531545
2014-05-05,571.3173217773438,578.8850872606911,567.3967063843141,567.3967063843141,1359208
2014-05-06,570.861572265625,574.3263573371776,565.4821400629005,571.6821909720998,960261
2014-05-07,575.1013793945312,581.2558531335928,568.7189621836526,569.8586795427381,1768031
2014-05-08,569.1292114257812,575.7851489694866,568.2174376348557,569.9497744474608,1806184
2014-05-09,569.037841796875,575.4658897485712,564.0230873467655,566.7584079559161,1831135
2014-05-12,559.2365112304688,569.0380808644846,556.2732459922779,568.9469257326458,2231158
2014-05-13,555.361572265625,564.3881579567061,550.2100820815479,563.7499049678958,2154826
2014-05-14,558.1423950195312,564.2056578457439,553.7658359371319,553.7658359371319,1461829
2014-05-15,566.576171875,574.2350371922303,559.1451943214323,565.2996664970045,2847444
2014-05-16,559.3731689453125,578.5659943373469,557.0937346790316,567.3056113220199,2621959
2014-05-19,532.7037963867188,567.6247187639193,524.0419460389672,558.9172908601773,3938456
2014-05-20,535.5759887695312,546.9731620439062,523.6772953508757,530.6523876548972,3371837
2014-05-21,526.0023193359375,534.6641703018249,524.2699268826578,532.5670460740898,3153096
2014-05-22,528.919921875,535.9405907706775,521.5345768751556,526.1846006676128,2152294
2014-05-23,532.7494506835938,535.1200960893501,528.8288342493829,528.8288342493829,2115095
2014-05-26,538.949462890625,553.4466883547477,533.6156085001913,550.7113669954986,3707295
2014-05-27,540.2259521484375,545.1495527066007,532.6582410796157,539.1773900656005,1672637
2014-05-28,532.5669555664062,545.5141522556686,530.6522532015506,545.2406312964387,2276191
2014-05-29,534.8464965820312,538.9494787415771,530.5155709691772,533.3876807409623,3306080
2014-05-30,556.774658203125,561.6982030232285,537.946508157511,539.7700556427907,9956155
2014-06-02,546.3348388671875,559.8290791565455,543.7818835124851,559.8290791565455,1471220
2014-06-03,549.9364624023438,552.5805733816003,544.784917491482,545.2408044517259,1878542
2014-06-04,543.462646484375,554.1759863501069,540.9552690689909,548.8877105677094,1591163
2014-06-05,545.1039428710938,549.754022631021,540.6818622109214,541.5936360089163,2201960
2014-06-06,546.7453002929688,557.0939129126629,542.5511065109938,556.2277164842998,3261294
2014-06-09,547.4290771484375,550.5290750484535,541.0922373517061,547.0643453247824,1395182
2014-06-10,555.270263671875,560.7409066637161,548.9790019711544,549.7996206800339,2676226
2014-06-11,559.7379760742188,565.2997741729135,552.3525746666435,563.4762265142912,3687253
2014-06-12,575.5115356445312,577.5174487928504,561.6981426677113,562.5643387601954,2985927
2014-06-13,574.1439819335938,582.1675803685275,569.8586338767889,574.4175029478032,3851552
2014-06-16,588.4132690429688,591.1030132005941,569.8586922823603,569.8586922823603,2457802
2014-06-17,592.470458984375,596.6190176281348,579.9791498540685,589.4160397626572,2844843
2014-06-18,577.4719848632812,593.2912956254937,575.2837608647976,589.0515246748955,1600870
2014-06-19,585.8601684570312,588.0940251088122,572.7762383755627,577.608627761911,1386711
2014-06-20,575.6027221679688,585.9513869899776,569.9041365777381,585.8601762303839,1819652
2014-06-23,578.0189819335938,581.6660769461565,573.1865921719988,577.1072081804531,1271054
2014-06-24,572.4115600585938,580.7998898489434,570.8159559656021,576.0586551282888,1371690
2014-06-25,576.9703979492188,580.2528167260406,569.8585740748154,572.502740118623,1118293
2014-06-26,579.1130981445312,584.6748955536349,570.9071346981644,574.5085963572022,1832085
2014-06-27,602.5457763671875,615.4018221060556,593.2000936314233,593.5648254617051,4533478
2014-06-30,627.2547607421875,629.0327306799185,605.6457117957148,609.0648633489461,2956224
2014-07-01,619.3223266601562,627.3003470624769,618.0914543438997,625.9782639800416,1231691
2014-07-02,632.22412109375,635.0050206955142,620.9181011042839,620.9181011042839,1901849
2014-07-03,644.4873046875,656.4771527230307,632.2239912853107,633.6828071423699,4107204
2014-07-04,647.1770629882812,650.8241583622927,642.5270386465203,645.0344167161531,1825657
2014-07-07,659.66845703125,674.712727302177,644.7153418957981,652.9213074981219,2557235
2014-07-08,661.9932861328125,679.1802538296978,655.9756019512972,667.4183507973493,4496355
2014-07-09,660.489013671875,670.1537944335332,649.9579809534252,665.5949250836453,2606698
2014-07-10,662.1757202148438,675.1684968249112,650.1858725215913,657.6168512288551,1489631
2014-07-11,678.4052734375,687.1127019521235,655.6109288179331,657.3888988283104,3129956
2014-07-14,672.8890380859375,682.0067757293784,660.1242053851203,680.6391150828623,2311905
2014-07-15,674.4390869140625,681.6420665003773,668.3301913609305,672.2052299875115,1205297
2014-07-16,679.1803588867188,686.5657047655272,672.4332101787202,680.1832878553563,1970017
2014-07-17,677.44775390625,683.009550352517,674.7124332309893,675.94330527476,842445
2014-07-18,676.7640380859375,679.1802606841015,667.6918785167427,679.1802606841015,1449855
2014-07-21,678.0861206054688,685.1523668720205,675.715475564604,684.5596916992415,1201953
2014-07-22,684.37744140625,690.9422243700321,679.7729945140331,682.9186254810808,779530
2014-07-23,682.78173828125,688.343591447461,676.5361104649561,685.6538478027587,1430470
2014-07-24,682.189208984375,686.6112899180608,675.8523695663151,680.5480271765256,888943
2014-07-25,713.189453125,715.7424085477309,683.875904196351,683.875904196351,2015432
2014-07-28,719.5263671875,722.3528439063922,706.1232802538203,713.9189356626129,1371299
2014-07-30,720.7115478515625,729.4189757444617,711.5938106547568,715.7423699492531,2397895
2014-07-31,721.16748046875,724.358688690111,713.0070940297902,714.3747546960878,3352328
2014-08-01,700.9717407226562,720.0734144454689,697.5981662707323,713.098322073927,2204427
2014-08-04,694.4981689453125,707.5821017392308,692.0363683625872,702.0658809475522,1318303
2014-08-05,705.530517578125,711.0923708508305,695.2274853191832,698.7377920013492,1194951
2014-08-06,692.765625,704.8010486029592,691.2155986272271,702.5216144224839,1290762
2014-08-07,691.8994140625,696.5950706338085,682.1890580517976,688.6626287255991,1489169
2014-08-08,693.3128051757812,699.604010873106,677.7214401340525,678.4964812378804,1242359
2014-08-11,697.0512084960938,702.065965391749,691.6261421789222,696.5953215055796,819734
2014-08-12,715.9703979492188,717.5660021471316,698.4187517721764,701.564382606685,1917318
2014-08-13,731.7896728515625,733.9779523609412,708.9041713796669,708.9041713796669,3490582
2014-08-14,742.9589233398438,744.5545276287311,733.9779728882105,733.9779728882105,1775320
2014-08-18,744.1898193359375,750.8001796759188,736.1662206740122,739.4485842378992,1077465
2014-08-19,738.3087768554688,745.7397550048836,732.1543041864049,741.7279283382819,1360329
2014-08-20,772.226806640625,774.8253396284188,733.977885809094,733.977885809094,2512702
2014-08-21,784.12548828125,790.8726368358663,764.9782379860102,770.4488809275073,2023695
2014-08-22,781.0709838867188,787.7724985062721,770.1296991852428,777.7885650861249,2090452
2014-08-25,778.2445068359375,793.6079285779472,775.6003962367507,784.353402355154,1289107
2014-08-26,788.638916015625,798.2125428163632,774.2784758145177,774.2784758145177,1767734
2014-08-27,786.313720703125,796.2520213957981,779.5665725519304,788.8210985680581,1717217
2014-08-28,779.7946166992188,789.9609177973197,774.8710154503087,785.0373165484096,2416622
2014-09-01,768.0325927734375,785.0827729556959,764.9781729840792,785.0371953984411,1923611
2014-09-02,787.3622436523438,790.9637612457038,767.713529647127,767.713529647127,1949092
2014-09-03,787.13427734375,800.9020945355408,781.4356913331382,789.9608093951659,2005404
2014-09-04,788.2284545898438,796.4344188365859,783.2592762214874,788.3652429207254,1095221
2014-09-05,782.1650390625,793.1519565662486,777.4238603864795,792.3313379837259,1179280
2014-09-08,791.4196166992188,795.3402327025859,782.3930342947369,782.3930342947369,1497366
2014-09-09,784.4902954101562,794.9756953883357,782.529959241087,794.9756953883357,905961
2014-09-10,783.4872436523438,791.3285320071544,780.0225142166173,784.125496465565,790089
2014-09-11,751.0625610351562,777.0022368062047,738.0014086406572,776.3628680006915,4483422
2014-09-12,736.2659912109375,748.687830618706,719.8253656766622,744.3949894685769,7549698
2014-09-15,726.4016723632812,744.1666938791016,723.8442527145603,734.3479863501659,3131125
2014-09-16,729.0960693359375,740.513170327731,725.488254273018,727.0409911574146,2739568
2014-09-17,723.7529907226562,741.4723005192149,718.6380953064553,735.170093329036,2736588
2014-09-18,735.3070678710938,743.2077252033853,730.831597081141,738.0015152458249,2993635
2014-09-19,737.2250366210938,753.3002918442999,736.4486403376766,737.9100626518706,4584243
2014-09-22,729.1874389648438,741.1069378993337,719.8711284493619,730.6945187087075,2569290
2014-09-23,712.9751586914062,737.4077568101535,707.860319328191,735.2613639473468,3581317
2014-09-24,713.0208129882812,727.0409906983253,707.0382074743084,707.0382074743084,2198773
2014-09-25,707.1753540039062,721.3782188695815,702.4258280454536,712.5642488746151,3043090
2014-09-26,736.7225952148438,750.2861432555937,683.1992535338115,701.8319827473931,10008066
2014-09-29,763.3931884765625,767.0466615544572,738.00156173471,738.00156173471,3873334
2014-09-30,782.98486328125,786.3643366578161,760.835685171515,763.9868165057127,4054880
2014-10-01,786.2271728515625,790.4286991514049,775.860468223992,785.4964895921514,2624246
2014-10-07,763.5301513671875,793.5342741798892,759.3743372424741,782.8935681900249,2390185
2014-10-08,731.4252319335938,759.9223304759561,725.4426814669808,756.2232004735138,2857203
2014-10-09,744.166748046875,747.9115354035596,730.23788286404,730.23788286404,2228504
2014-10-10,750.1948852539062,758.004227300766,730.7858126472224,738.0927576285623,1649139
2014-10-13,734.2566528320312,755.9491456484996,730.2378108112171,743.1162789842836,1376229
2014-10-14,733.34326171875,744.9429918630459,728.4110517340021,728.4110517340021,1349464
2014-10-15,733.34326171875,733.34326171875,733.34326171875,733.34326171875,0
2014-10-16,727.634765625,742.5683127145118,723.3875813897827,732.4299484561823,1845073
2014-10-17,729.1874389648438,737.0880957474087,723.3419162637147,726.1276779667782,1611523
2014-10-20,732.1102294921875,744.3950422593555,729.0048112306891,732.5212563092063,1411387
2014-10-21,728.2739868164062,737.4990374996152,723.4788045904628,730.9227764402376,1306472
2014-10-22,736.4031372070312,744.3951092387355,728.2741376414688,736.1747951489826,1356157
2014-10-27,735.4441528320312,741.9747026088086,721.5609437769346,735.6268376381988,2192544
2014-10-28,765.99609375,774.4904049810929,735.4895803206331,735.4895803206331,3457424
2014-10-29,758.4609985351562,775.9063093841403,754.4421560344908,774.5362570426734,2776661
2014-10-30,756.862548828125,766.1332022127106,752.1586805004669,753.0720486613661,2576515
2014-10-31,772.1615600585938,776.3173745499658,756.7256139505541,757.9129815555783,1809448
2014-11-03,779.3314208984375,784.4919735555981,764.0325034650372,774.5362378222972,1128086
2014-11-05,796.0005493164062,802.1657859290118,783.6700760911951,784.1267602847215,2418354
2014-11-07,816.8250732421875,818.834494193402,763.6670391567505,778.1896141135287,3679261
2014-11-10,832.3067016601562,851.7157742640281,818.8345218527628,819.2912059140303,4417508
2014-11-11,837.8325805664062,843.9521582312327,831.2563188332729,832.0783724552521,3176824
2014-11-12,827.5571899414062,844.7284997791555,812.9889569968483,841.4403967827491,1547850
2014-11-13,829.6123046875,844.6372223607603,822.7163860951121,825.9131747171858,2563302
2014-11-14,809.9292602539062,838.2893320261668,803.9010523666639,838.2893320261668,2904816
2014-11-17,807.2803344726562,811.9842022628551,794.6302091886208,808.376387290015,2514180
2014-11-18,791.7987670898438,819.1998079754414,790.0633455347318,806.4126555621625,2217575
2014-11-19,776.4541015625,798.0096194518438,769.3298424307271,791.4333588119159,3822835
2014-11-20,777.3218994140625,786.2728955185572,769.466956163653,779.1029783335053,3411098
2014-11-21,768.1426391601562,782.7565300359737,766.315902800679,772.9378221037838,1813772
2014-11-24,763.3931884765625,779.7425027991709,761.1554250668371,767.2293463578668,2455772
2014-11-25,767.18359375,771.7960917880957,760.1963050578615,763.5757783844355,2901233
2014-11-26,766.8637084960938,771.9786024644611,762.296868746242,768.0511314290997,1551361
2014-11-27,769.0103759765625,778.1897153425324,767.2292968165812,767.3206113386022,3360445
2014-11-28,766.955322265625,775.403978485494,765.448242370619,769.0104008055931,2172117
2014-12-01,763.2561645507812,782.2998693695042,757.1822436746281,779.9251343301081,2948295
2014-12-02,767.594482421875,773.8966881152342,759.0088010020107,759.0088010020107,1849996
2014-12-03,769.6039428710938,773.5314703201208,764.5347610385344,767.2748653531681,1359511
2014-12-04,766.6812133789062,771.1110264107563,763.5757395077196,767.2292119455556,1007007
2014-12-05,750.3775634765625,771.4764003745113,748.1855134498385,764.8544815429867,1735099
2014-12-08,756.086181640625,766.8182579456312,749.0075781203017,749.8752890561781,1706311
2014-12-09,766.7269287109375,780.4274513905746,760.6986652833555,777.8243186329018,3486844
2014-12-10,761.109619140625,769.421302217917,749.8752027699546,762.7536705550415,2464142
2014-12-11,762.4796752929688,770.8826729245981,756.3600979010449,756.3600979010449,2333233
2014-12-12,770.2889404296875,778.1895965433844,762.2056552998289,764.8087320033256,2549233
2014-12-15,771.0653686523438,778.1439714960383,764.4891071190112,766.3158433367389,1424914
2014-12-16,758.2326049804688,776.819624851612,753.5287366285479,767.2292591127033,2031081
2014-12-17,741.0611572265625,763.7127298362408,729.1873723817573,758.3238359538042,2794594
2014-12-18,741.6549682617188,749.8752819493486,736.3117866637873,747.5918614805626,2210484
2014-12-19,737.8643798828125,748.9618243350957,734.6219343538013,745.4910367864701,1835976
2014-12-22,743.9384155273438,744.8517837477578,735.4897594885126,738.9148903150658,1371848
2014-12-23,742.8421020507812,751.1080703977206,737.2249229133275,743.0247867803238,1483001
2014-12-24,733.8911743164062,745.3082741035314,730.6943863760112,741.7004594212883,3936246
2014-12-26,740.8786010742188,741.8832837454839,733.936969649112,734.8046805456963,687527
2014-12-29,749.6012573242188,750.7886247783692,739.828206898393,739.828206898393,875126
2014-12-30,749.3272705078125,756.9995297030471,745.8564268566205,750.7886372837899,1080563
2014-12-31,754.9443359375,757.1820987661158,745.1256295904122,748.3680749555198,1282191
2015-01-01,750.971435546875,758.0956972145566,747.2265920277506,754.8989081299169,587479
2015-01-02,754.67041015625,758.5522246714258,752.6153318835098,752.6153318835098,710310
2015-01-05,755.1271362304688,758.7349516595234,753.0264005843006,754.533424619618,792287
2015-01-06,738.5038452148438,753.163393640678,734.0740317543431,751.7020268231606,1709888
2015-01-07,739.6456909179688,744.5779023886045,730.6946920893898,739.0063219128743,1730518
2015-01-08,747.8658447265625,749.875265845455,743.8470582363462,744.3950568380583,943536
2015-01-09,758.1412353515625,763.5757870910184,748.9618964289892,748.9618964289892,1766875
2015-01-12,762.9364624023438,764.7175415794245,758.1869365126527,760.333385276468,1188646
2015-01-13,760.9269409179688,770.3346769349798,754.5790772284702,764.5347560582476,838422
2015-01-14,749.5556640625,765.174238575943,746.2218477070074,759.0090029920724,996066
2015-01-15,754.3507080078125,761.6576525358066,748.4138155788173,754.4420225153874,2224116
2015-01-16,776.1345825195312,780.3817666999538,754.6247738181063,757.0908789632688,2005202
2015-01-19,788.2366943359375,791.1138262376967,779.1943275711801,780.9297493131247,1382755
2015-01-20,796.7310180664062,798.7404391256698,780.4730763097597,790.0634417881125,2053198
2015-01-21,809.198486328125,811.0708797997713,797.370358181532,799.1970943972972,2358508
2015-01-22,840.3443603515625,847.0119367374631,808.6048169466798,808.6048169466798,4797782
2015-01-23,846.5095825195312,857.3786857040368,838.4719540226403,841.6687425183693,2835629
2015-01-27,834.818359375,858.5202703339005,822.944575270104,858.4746130830089,2261868
2015-01-28,830.9366455078125,852.2637687681239,814.7243614102432,835.7318281282204,1939863
2015-01-29,840.1160278320312,852.1724987712345,813.8110358040406,822.0313492970107,2668139
2015-01-30,838.2435913085938,847.4229297560855,831.6216724450826,843.4954579934473,1873464
2015-02-02,848.6102905273438,861.8084708947462,842.1253992314207,844.8655035673148,1750030
2015-02-03,859.7078247070312,865.553403529964,839.4310393652237,854.9126416210158,2275229
2015-02-04,875.8743896484375,882.2679666331526,864.0462610772013,865.4163132882117,2769365
2015-02-05,876.4223022460938,882.2222228188683,868.6130165590343,876.8333290185836,1850360
2015-02-06,846.5553588867188,879.4823296235782,840.5271506027785,875.6918290034381,3120503
2015-02-09,859.8904418945312,866.0556768061346,836.5081841886515,846.5095764169879,1350099
2015-02-10,839.887451171875,860.3925719175088,832.0781666845547,860.3925719175088,1515424
2015-02-11,845.641845703125,855.8259224690994,840.4813493096682,844.6828203333291,1046438
2015-02-12,843.5868530273438,851.4418530499519,839.3853815774536,849.1127752734351,778562
2015-02-13,859.0684814453125,869.526558875419,847.6057212567109,847.6057212567109,2046667
2015-02-16,835.50341796875,850.2543341734266,828.6988148937202,838.4718641107543,2869370
2015-02-18,838.2891845703125,847.1488657987989,832.7633190210834,840.2072909225449,1309654
2015-02-19,837.2846069335938,846.5096030892616,830.7540022631731,842.7648159165811,1190354
2015-02-20,834.0878295898438,841.7600888207796,831.1650402767194,835.5491963726213,1146633
2015-02-23,829.931884765625,843.9520617610071,825.9130431248817,834.8183814389183,2440626
2015-02-24,831.5760498046875,834.7271810962851,826.5981821988383,828.4249185130899,1469026
2015-02-25,813.582763671875,835.4122870113285,809.6096341078984,834.3618912312746,1407691
2015-02-26,790.7029418945312,816.7795954935087,785.6794162862401,812.9890947809494,2614022
2015-02-27,802.7592163085938,807.3260566431572,793.3058233675098,794.7672457231077,2160310
2015-03-02,845.0482177734375,851.2591100016183,830.6170122512498,833.083061641398,2019863
2015-03-03,861.3517456054688,868.9784024238215,852.2637221769551,856.2369067223425,2114707
2015-03-04,919.1224365234375,946.2037710302782,856.5567129165636,864.8683972384291,7567230
2015-03-05,948.76123046875,955.3374369988516,918.3917374116276,929.8088400646811,3792463
2015-03-09,950.8163452148438,958.9453449129243,920.6751930610591,935.6087416018593,3154190
2015-03-10,935.882568359375,964.0599496088424,929.5803066929411,955.3829533783507,2094814
2015-03-11,922.36474609375,945.7013454597723,919.8073265837592,940.2211369036929,1845619
2015-03-12,946.386474609375,949.7202908098004,922.5018740852679,924.9223220935297,1990646
2015-03-13,923.9631958007812,954.1956591869101,919.3506978049764,954.1956591869101,1499576
2015-03-16,940.6321411132812,943.417958492232,922.6388336511095,926.2465931463503,1445672
2015-03-17,951.6383056640625,959.9499335988598,937.2527571824431,943.5093067627233,1818956
2015-03-18,954.0130004882812,957.2097889054272,941.6825308792895,953.0083178562046,1489193
2015-03-19,956.9815063476562,981.8707891421909,946.4320593174219,959.0365847435353,2661474
2015-03-20,937.70947265625,981.4141181598743,932.8229194011418,959.0365975503659,2371025
2015-03-23,935.5172119140625,955.33725371927,925.6071910114588,947.0713398813444,1972135
2015-03-24,947.2998657226562,958.8539959321212,940.769260691642,944.4227335486969,2573597
2015-03-25,960.9089965820312,975.2945447914773,951.820916689142,966.3434924186571,4242685
2015-03-26,938.6683349609375,961.7765920751336,931.6354453149443,961.5939630564561,2974909
2015-03-27,923.5978393554688,951.3185948036623,915.2861561475604,947.0714108144092,1999967
2015-03-30,923.2325439453125,936.8874093673508,921.5884923730508,932.6859380440634,1613058
2015-03-31,935.1976928710938,943.7376629735202,922.8215095522147,927.0686938476874,1939047
2015-04-01,987.4882202148438,999.2249812883484,930.6766973321145,935.1978818430357,4104961
2015-04-06,1068.0015869140625,1078.6879513171964,995.5714368634581,1007.1711695572924,4805720
2015-04-07,1052.245361328125,1096.772039155122,1037.357422400243,1077.7739453509018,3978093
2015-04-08,1050.7843017578125,1071.6548523509632,1038.5452582309233,1060.740036495692,2732857
2015-04-09,1016.9896850585938,1061.6078067606284,1010.1851371864483,1059.41570098127,3143647
2015-04-10,1022.7440795898438,1030.827366158303,1003.1979770914642,1016.5788440129459,2880186
2015-04-13,1051.240966796875,1057.588941969025,1016.3046370815478,1023.0635832993559,2036205
2015-04-15,1020.5064086914062,1060.7859269423777,1015.9851688754387,1060.7859269423777,3103257
2015-04-16,993.6987915039062,1029.5942028548488,988.7209798983134,1024.9816492974555,2725037
2015-04-17,947.8477783203125,1009.4544141825869,939.6274651380597,995.5712631839466,3749872
2015-04-20,953.373779296875,974.4725625846856,947.8935700535402,957.2098811691525,2941375
2015-04-21,869.7091674804688,889.8489241287891,849.4323833100066,868.613114546039,265709391
2015-04-22,883.9577026367188,894.0961227591878,865.8730240435508,879.5735465758854,10905987
2015-04-23,860.3927612304688,895.8314328152893,854.912552560211,895.1007494754347,9450660
2015-04-24,865.3250122070312,873.1799560397423,856.9676712910965,864.0462744912095,10416821
2015-04-27,846.1442260742188,874.3672667800988,841.9883566411314,869.0697429750606,7641311
2015-04-28,844.7285766601562,853.2686029726973,833.220159377755,842.1254995300521,5553353
2015-04-29,859.0227661132812,864.9596592336814,848.5190321310348,853.2685577768688,7229944
2015-04-30,857.5157470703125,862.1283012655539,841.212146337715,845.7789875230446,16367861
2015-05-04,865.6446533203125,874.3216506366332,860.4384437810066,866.7863634935126,7780934
2015-05-05,875.4177856445312,876.8334952425439,867.7454702621301,872.1753395980968,4329997
2015-05-06,855.9629516601562,874.7326552824205,844.8655067588383,874.595627766082,5151640
2015-05-07,847.5144653320312,854.9127262408541,840.3444907499481,852.1726213490565,3690081
2015-05-08,858.7944946289062,864.2747041133767,840.3901021445298,852.4922314227356,4998817
2015-05-11,880.8522338867188,884.5513636091779,866.6036578202117,868.1563947678367,5241168
2015-05-12,867.380126953125,881.7656759957217,861.3062061694449,878.8885438881742,4197503
2015-05-13,871.3988647460938,879.527863509112,860.986501375589,870.3485248313093,2584318
2015-05-14,862.5847778320312,870.6224052347117,857.6525682396166,870.25703572877,2701006
2015-05-15,864.3658447265625,869.5263965851527,846.0071689464262,847.057564518637,2563043
2015-05-18,874.0477294921875,876.8334914143542,861.5802309871109,865.3250741385696,2137699
2015-05-19,874.1390380859375,893.6851401651644,865.7360393673661,874.0477235635634,2047194
2015-05-20,881.7199096679688,885.3733822197561,873.1799398771924,878.1121501211322,2163245
2015-05-21,896.2425537109375,901.2204215918908,878.751530236302,882.405003066716,4649220
2015-05-22,916.793212890625,921.4970808149424,892.1322746609395,893.2739847641657,4813876
2015-05-25,915.3319702148438,922.5018883350531,907.4313129315595,916.1083108911467,2000807
2015-05-26,908.664306640625,913.3681750411145,896.9275478903744,913.3225177818763,2570872
2015-05-27,891.036376953125,917.0217145764443,886.9718771284458,909.806083168696,2738544
2015-05-28,872.0838012695312,893.9589771733754,864.5485148719013,888.7984254020346,7781595
2015-05-29,882.405029296875,894.1875018242316,876.8335053639044,880.8980051580745,7065774
2015-06-01,801.6176147460938,838.2893141486309,793.8082721187293,836.2342357198655,14265602
2015-06-02,786.1817016601562,811.4363554444055,782.6195432746043,810.3403024221147,7192196
2015-06-03,769.42138671875,788.2367491621794,767.6859648560971,786.9580113952173,6496553
2015-06-04,759.5112915039062,769.5126841266386,747.6831625390334,762.6624228436123,6628714
2015-06-05,774.4448852539062,786.0446162892127,758.0955728889603,759.5112823876128,4696506
2015-06-08,757.6845092773438,780.0163708571343,754.0310368143126,776.3628983941032,2678221
2015-06-09,740.421875,754.8530798779655,738.4581112795133,752.6153168760903,3709907
2015-06-10,751.7933349609375,758.9176514416661,740.9242869474535,740.9242869474535,4205596
2015-06-11,748.55078125,767.2291691972307,745.3083357915956,756.2687524944132,4107146
2015-06-12,743.0706176757812,753.3003516976972,737.3164097095678,753.3003516976972,2398615
2015-06-15,765.1284790039062,774.4448449010794,739.9651986536121,745.6737493568352,3946889
2015-06-16,767.3206176757812,769.969407807124,760.3790415177114,768.8733547959624,2221962
2015-06-17,770.7913208007812,775.4038183103919,764.0780321751049,773.3487401949411,3705966
2015-06-18,781.8887329101562,787.3232841299393,771.7960267863094,773.6227629443836,3919775
2015-06-19,772.6637573242188,788.0539875496254,770.1976522983872,786.409936114926,2333016
2015-06-22,782.6651611328125,787.3233162267753,776.4999263479741,777.1849524351784,2429207
2015-06-23,783.3958740234375,791.6161873799321,781.8431370176972,785.4509523625611,1899146
2015-06-24,795.635009765625,804.4490351176022,784.5832769412663,784.5832769412663,5168452
2015-06-25,791.0681762695312,802.3026497353784,786.2729932162061,795.3153607015048,6719110
2015-06-26,792.0726928710938,797.7355852783006,786.4098004638869,794.3561127330679,2614534
2015-06-29,775.9518432617188,780.016342377955,763.8497161697891,778.1896062131354,1794757
2015-06-30,798.8317260742188,801.2978311187784,776.9108914515823,780.6100768922045,4010634
2015-07-01,797.4618530273438,809.6096962072875,794.2650639268486,805.0885119013574,2251368
2015-07-02,795.635009765625,808.1938224058374,792.3469065733975,806.3214287617197,1914607
2015-07-03,795.5437622070312,805.3168138337164,793.4886836020188,798.6492366203022,1407939
2015-07-06,802.7592163085938,804.037898153734,786.8665896452878,787.3689309325772,1381867
2015-07-07,808.6505737304688,814.5418102082609,799.1972344562166,803.3073916619915,2556817
2015-07-08,795.817626953125,811.5275696708297,791.7988406981735,806.778044326282,2485149
2015-07-09,796.8223266601562,808.6503985699884,789.3326973357683,795.5435890629817,2059496
2015-07-10,823.447021484375,829.1555722624371,802.7592669132181,804.6773176756204,3549894
2015-07-13,836.1884765625,845.3221573550996,829.3382159680502,831.0736376176695,3265149
2015-07-14,839.7508544921875,841.6689056623815,827.1006698299414,836.0973812174728,1706366
2015-07-15,849.2040405273438,852.1724870255571,835.2751761895734,841.6687532626484,2417317
2015-07-16,859.7990112304688,861.762774881901,851.2590420667003,853.3597774802279,1756860
2015-07-17,865.5533447265625,874.0933145814926,860.9407909972268,865.8730012782183,2256640
2015-07-20,865.8728637695312,871.0790725176573,863.1327597702606,870.3026762693288,1378923
2015-07-21,735.48974609375,779.2857626145095,726.3560640559512,779.2857626145095,32687596
2015-07-22,762.2513427734375,764.4434485299138,738.0927451866086,740.7415349967202,10872729
2015-07-23,757.0452880859375,766.4073130982388,750.3320534249276,766.315998567881,3645770
2015-07-24,763.7584228515625,767.0465257404429,753.8026881780419,757.1821613262366,3052640
2015-07-27,752.3412475585938,767.0464503490275,748.1397212273558,761.4749277383811,3606126
2015-07-28,749.098876953125,762.2056870192594,739.8738256029748,753.5286899830904,2689656
2015-07-29,757.8673095703125,761.7947819172151,748.6423124940362,751.7020738491922,2301293
2015-07-30,743.7100219726562,763.1190953124401,740.0108920856464,762.6624112338569,4324642
2015-07-31,751.1539916992188,753.8027258956932,741.6549406042747,748.0485176784495,3307416
2015-08-03,758.9631958007812,759.9222211081963,748.9618044575973,750.7885405660304,2029186
2015-08-04,758.1868286132812,762.4796697824156,748.961833210567,762.4796697824156,3069438
2015-08-05,768.964599609375,771.2480197819322,755.4467075897863,760.8356014960464,2246991
2015-08-06,772.1615600585938,783.1219793312632,769.1474001605494,771.7961904504747,3573927
2015-08-07,778.1439208984375,782.9847604111346,776.3628420524519,780.9296822998193,2261385
2015-08-10,767.8685913085938,782.3454537431481,759.0089093757534,780.7470595296613,2206976
2015-08-11,768.82763671875,773.2574499268046,759.2829284457308,769.9693469009875,2135240
2015-08-12,791.1138305664062,808.2394830573297,773.6228085233164,774.4905193990364,5281162
2015-08-13,802.8961181640625,811.0707728006983,767.229109406066,793.6254665406072,2580690
2015-08-14,819.9305419921875,835.4577994549539,810.7054908745938,811.0708604080373,4606523
2015-08-17,827.6942138671875,838.4719466947969,812.5322693999834,830.2516334919067,2930882
2015-08-18,812.6693725585938,835.731920079925,809.0158996839274,828.5620018624211,1790875
2015-08-19,847.3772583007812,849.4323365343321,818.60616303107,819.2911891089203,5294282
2015-08-20,855.50634765625,882.3136820531427,850.9851639123641,864.0463180354793,7479776
2015-08-21,856.6480712890625,860.7125152484267,828.9273125106895,852.1725447357944,4481821
2015-08-24,813.9024047851562,858.5661333847314,799.3798834243197,830.2517183475753,6095598
2015-08-25,813.4456787109375,841.8058052945753,776.3629529064344,836.5082252531581,5366573
2015-08-26,797.279052734375,822.3509629827541,793.3515252277738,815.5464150997169,3455259
2015-08-27,823.8582153320312,827.3746610252712,803.764112519055,818.3780054739468,5115937
2015-08-28,809.6552734375,837.1019774233614,790.0635138802047,832.0784521905971,4988409
2015-08-31,821.0722045898438,832.4436477526292,794.6301888793464,805.9559747899843,13512125
2015-09-01,823.8123779296875,836.6451887251397,805.5906729864337,807.143409922882,4315484
2015-09-02,813.03466796875,837.5585801035064,809.883536752326,834.8184756974971,4877084
2015-09-03,808.28515625,823.7667575565317,804.7686554206616,820.2045994691641,2306749
2015-09-04,783.3958740234375,812.897654142232,778.7833760118069,812.897654142232,3075607
2015-09-07,764.0325317382812,790.9768947822492,759.9223746637776,785.6337128844239,2479603
2015-09-08,771.4307250976562,776.3629354572354,744.3950498795846,769.0559901823437,3192919
2015-09-09,766.3614501953125,785.4965219671644,762.8450055064609,782.4367613027124,2164371
2015-09-10,766.955322265625,770.928451810534,753.4374834633492,762.662480388177,2478514
2015-09-11,772.7550659179688,778.1439599795359,767.5488566249837,770.8826724720224,2710761
2015-09-14,782.8020629882812,784.5374845532315,772.1156458328043,780.1989863884166,2590701
2015-09-15,791.6163330078125,796.000489788284,780.9299125289533,784.2180161774124,3818309
2015-09-16,810.340087890625,814.5415583249305,799.7906988075398,803.0331440065753,5674983
2015-09-18,826.7808227539062,841.0293429438644,811.4819069404136,819.2911931165938,5214357
2015-09-21,821.9856567382812,833.8594423848772,817.5557878754345,829.6122582968759,3137037
2015-09-22,822.5792846679688,830.251598970684,814.3133145516019,830.251598970684,3447182
2015-09-23,819.0628662109375,826.780838017805,811.34489440407,817.4644719919588,1895163
2015-09-24,814.6331176757812,822.8534314535486,811.2993014557695,822.8534314535486,4615659
2015-09-28,786.4099731445312,817.4644900863594,782.9391853417228,817.4644900863594,3862676
2015-09-29,774.7645263671875,786.4099701764202,767.4575812319827,786.4099701764202,2137288
2015-09-30,793.1689453125,796.4570484428234,783.8525787798247,785.4966303449864,2861245
2015-10-01,813.8110961914062,817.4645691260479,797.5988100439343,799.1972044528401,2278061
2015-10-05,820.1588745117188,824.0406888324375,803.9465911722465,821.1178998414425,3142118
2015-10-06,831.1193237304688,836.5538751402783,824.0863781264545,827.465851286572,2368600
2015-10-07,845.9614868164062,848.2449069083597,824.7713372135667,835.7317536549428,2899026
2015-10-08,836.3255004882812,853.0401251175743,831.7129471097406,849.4323100704506,2018360
2015-10-09,827.6942138671875,842.8561025868249,823.1273731989152,842.5821032962419,1963120
2015-10-12,814.7244262695312,835.6862373998589,806.6867973392561,831.1650537054635,2057784
2015-10-13,805.2254028320312,819.0629537049434,798.283826638551,816.5511910925223,1526300
2015-10-14,807.1434936523438,816.5511750113495,805.2253869739086,807.5088074856853,1468468
2015-10-15,811.07080078125,815.1809568662901,803.8095138815005,812.8518795676126,2180779
2015-10-16,813.3543701171875,814.7244223970031,804.6773723450221,811.0709496508282,1209569
2015-10-19,827.4659423828125,832.0784407015119,809.7465767801513,817.4645493170726,2000070
2015-10-20,824.3602905273438,833.9963119330264,821.757213984443,832.0782614011584,1880891
2015-10-21,814.6921997070312,826.8346874979403,812.4011642747843,826.5139649108186,1272841
2015-10-23,810.6600341796875,828.3010087316283,809.2396032596054,826.5598551930877,1916780
2015-10-26,814.5089111328125,819.3658950949609,812.0345816627421,815.6086193343418,1770689
2015-10-27,832.69970703125,836.1820694776362,811.0264908624937,813.7757332044004,2896574
2015-10-28,826.1932373046875,831.6459131561551,820.236544813762,827.5220491239758,1939812
2015-10-29,805.4364013671875,826.6055454003911,802.3663804710784,826.6055454003911,3272915
2015-10-30,815.1961669921875,818.3578068840906,803.4202679563288,806.6277173674085,2387217
2015-11-02,793.0189819335938,804.7491280903632,785.8709625735813,801.9082105950434,1982404
2015-11-03,795.9514770507812,804.4283077066982,790.6820958322382,797.2802887186749,1547053
2015-11-04,781.2431030273438,801.4042153635332,778.9520675345949,794.5311088852868,2275409
2015-11-05,747.748291015625,778.860569008123,741.379200173542,777.1193593908079,4038115
2015-11-06,736.2472534179688,753.6132592416218,733.635439165223,747.8398604761402,3763950
2015-11-09,693.6797485351562,707.3342867255009,682.6827779978928,697.3912149047857,7903526
2015-11-10,670.769287109375,700.323640751709,663.5295936111959,690.1514110542621,7024856
2015-11-13,678.6963500976562,689.510082658593,674.4808670519756,682.8202140945773,4665553
2015-11-16,676.9093017578125,685.0195442223718,671.3191421512287,680.8956807454477,3357919
2015-11-17,690.3807373046875,692.3968600879772,681.7664758611679,683.6451141167471,3853257
2015-11-18,690.7471313476562,697.6660466507448,685.9359572984686,691.8926489784152,2521801
2015-11-19,680.4375610351562,697.3912241720591,676.6802850917232,694.64198150121,4059404
2015-11-20,665.1792602539062,679.0629584994559,663.3922972151709,677.963250213974,5345428
2015-11-23,657.1605834960938,667.9743155239562,653.8615148345821,665.3166920391122,5781403
2015-11-24,647.1716918945312,659.4057985744516,645.1555695529819,657.068953649841,9846509
2015-11-26,674.3893432617188,678.1466197273514,656.6108824792531,656.9316051286999,8438968
2015-11-27,678.009033203125,680.300068735924,669.8987897904107,679.979346134726,4475863
2015-11-30,668.5242309570312,675.8555453472386,666.5539178412671,671.2734738533591,8738130
2015-12-01,668.295166015625,672.464840129401,666.2332337241816,670.8153054829448,3183165
2015-12-02,670.6317138671875,677.2299054588934,664.4001102269252,677.2299054588934,5136352
2015-12-03,666.1414794921875,671.1817574040782,663.4838560379796,668.8448565345071,3079014
2015-12-04,692.25927734375,709.2129392671702,661.1928150133875,662.1092291714102,24605807
2015-12-07,712.3744506835938,716.1775914247546,698.3533266830864,701.3316723927862,7139702
2015-12-08,706.4638671875,714.6657311332533,703.3480359253124,711.1375581472865,3655120
2015-12-09,695.6959838867188,710.5877172392729,687.4482546453041,707.9300932214196,4935349
2015-12-10,693.5422973632812,705.5014922106446,672.006562359417,705.5014922106446,4496091
2015-12-11,694.4586791992188,701.9732869300758,685.936038207783,696.1540790528092,2852880
2015-12-14,704.3560180664062,708.388263413957,690.6556688441967,695.4209785214049,2629235
2015-12-15,709.0755615234375,716.1319627892701,704.9058876633741,710.2210793934269,3549320
2015-12-16,718.5604858398438,719.8434883324846,710.9542577481726,714.8032092926009,2864795
2015-12-17,735.193115234375,737.7132536786187,722.1342160232938,724.929267474761,3491346
2015-12-18,724.1048583984375,741.379247414107,721.4014247397091,732.7649297061071,4125199
2015-12-21,691.15966796875,693.5423227468171,669.8988452766906,676.3137452998601,12310649
2015-12-22,699.8656005859375,704.630966054259,692.9924934489802,692.9924934489802,3734881
2015-12-23,724.3339233398438,727.1747854464517,705.6390482593166,706.5554626077054,6651886
2015-12-24,724.7462158203125,731.6651884274597,720.6682169937815,730.3821860534683,2053955
2015-12-28,743.76171875,746.8775493045406,725.4793007868157,725.4793007868157,4287383
2015-12-29,743.5325927734375,751.36797844523,738.1715924086661,746.8775267697864,2702847
2015-12-30,742.4329833984375,756.9581260342978,739.0422396859213,745.9611556802887,1919186
2015-12-31,751.5972290039062,756.0418160948248,736.8887343803593,744.1284299018154,2590518
2016-01-01,747.381591796875,749.5351987332285,738.8131413753493,742.3413136822167,986728
2016-01-04,732.3067016601562,752.6511118877072,728.641044175318,745.8696791008531,2388588
2016-01-05,733.5896606445312,739.5463537041059,725.8459484803861,739.5463537041059,1632394
2016-01-06,725.754150390625,738.4464631747244,724.6544422949773,737.713343088785,2168214
2016-01-07,718.2854614257812,732.2149688917712,713.5659617070334,722.1344123738619,2082334
2016-01-08,727.7702026367188,738.4463922083712,720.3014061411287,728.5491321656455,2315237
2016-01-11,716.8649291992188,737.2551429092637,713.9782024129449,723.5089314193457,3424538
2016-01-12,722.2718505859375,727.6328511079877,718.4687094063758,718.4687094063758,1787888
2016-01-13,730.0155029296875,737.3926817195182,716.1776713838278,728.5492626361396,3447651
2016-01-14,725.6625366210938,729.8322658326452,720.0266230474883,723.7838987632252,3233849
2016-01-15,721.3095092773438,732.2148593430784,714.9862856040544,731.0693417283364,2370237
2016-01-18,719.33935546875,730.8403427797149,710.2210227639863,721.2179934390415,4202772
2016-01-19,727.5411376953125,730.1987048839788,715.9484775730596,720.3014443167037,2169752
2016-01-20,726.3499755859375,737.7135356513551,710.7709319759089,719.8434562163222,4222563
2016-01-21,708.5255737304688,736.2470998619459,700.1403624611105,733.1312695927858,3264178
2016-01-22,723.234130859375,727.6329080335861,708.6631220404715,713.8866944057476,1970106
2016-01-25,739.7753295898438,746.7859202770948,728.0452395455087,728.5492561460833,2905098
2016-01-27,752.5137329101562,754.4381808431897,741.6541883351873,748.7105906454734,3609838
2016-01-28,764.4269409179688,766.8554050311297,748.7104147346612,748.7104147346612,4368190
2016-01-29,799.9837646484375,804.6116450419939,768.9631112880388,772.5371489412311,4709689
2016-02-01,799.3881225585938,814.0507502554007,789.8574481157608,807.1776435225224,3252050
2016-02-02,765.3433837890625,809.5145059227557,761.6318613272116,806.3070560455421,2676955
2016-02-03,765.1143188476562,783.5342238417686,759.982365224973,766.8554724516553,2630864
2016-02-04,765.7557373046875,776.9360025221087,749.7643531304839,769.7879824432616,2287218
2016-02-05,785.8710327148438,788.1162588249379,766.6263333714442,768.8715594815383,2250196
2016-02-08,765.8016357421875,792.5150791517581,760.6238725496283,783.5342301565448,1198192
2016-02-09,782.6636962890625,788.9411684021824,758.8827317518617,760.6239414611347,2340243
2016-02-10,784.221435546875,793.3855773586995,768.1383778538197,779.914277708621,3530848
2016-02-11,760.990478515625,787.1082868008532,757.8746474345169,779.8685912536565,2067334
2016-02-12,776.5234985351562,810.7516001968958,735.3765372421213,774.3699476812691,5260215
2016-02-15,779.1354370117188,794.531185827209,774.4616905938182,783.5342143970747,3592947
2016-02-16,758.6077270507812,785.5045196314953,751.6430009213923,779.5019613724364,1957372
2016-02-17,784.2673950195312,787.5206547980489,758.7910870983388,762.4109349928134,1975343
2016-02-18,797.6927490234375,803.2370437289945,786.3750001295731,797.0054383756374,2342525
2016-02-19,791.9652709960938,797.6470509988279,785.3670766681925,797.6470509988279,1561649
2016-02-22,808.689697265625,811.7596623684227,795.447501293569,799.0673484596543,2302969
2016-02-23,798.2883911132812,823.3523531647741,793.8438045951465,810.75165785374,2470030
2016-02-24,783.121826171875,797.2804382446417,778.5855642158541,793.9355036878055,1716644
2016-02-25,802.1832885742188,806.444637726512,784.038295412071,785.7795050714689,3898475
2016-02-26,799.021728515625,815.6088065908726,796.4557234784304,811.026734643733,2409042
2016-02-29,782.5262451171875,807.1777578643965,764.0146638409882,807.1777578643965,3546392
2016-03-01,795.8141479492188,800.0296310774926,780.1434308937946,789.6741613579176,2354037
2016-03-02,780.6473999023438,803.7868580375347,778.9520560361289,802.7788248089987,3184958
2016-03-03,798.105224609375,800.8086020081757,781.3347984170464,788.0246674563198,2447143
2016-03-04,785.1836547851562,801.4041968865374,781.3347040593821,799.1131614466102,1525260
2016-03-08,786.8330688476562,798.1966252661668,780.0974480572039,787.9327768774273,2297582
2016-03-09,788.9409790039062,791.5069274856562,766.9470389886521,788.1161838799414,3139226
2016-03-10,792.744140625,795.4475738657342,775.744667370212,792.1943144450315,2042250
2016-03-11,795.630859375,797.280393830711,773.0870353686603,783.442561092791,2329088
2016-03-14,790.1323852539062,803.2829074964524,786.8332603615917,796.3639910280729,2139517
2016-03-15,772.6746826171875,789.490861412593,770.3377815771868,789.490861412593,2357014
2016-03-16,765.8931884765625,776.615246094819,752.9717702785902,774.8282271695286,2521867
2016-03-17,758.1036987304688,773.3620185760456,753.1092298126366,771.6208091037228,2605930
2016-03-18,747.7940673828125,756.8665913090147,731.6651981067753,756.0876055953969,5270631
2016-03-21,766.53466796875,768.000908313811,748.5271065843368,751.9636598307146,3177198
2016-03-22,774.00341796875,776.2028344420977,762.3650022699476,765.2516734660466,2105722
2016-03-23,775.4696044921875,780.7847949613323,764.8391676204214,774.0949833742978,2331768
2016-03-28,741.6082763671875,775.2865020780237,735.8806869605828,775.2865020780237,4596334
2016-03-29,727.95361328125,743.9908621311981,705.6389493977163,741.6082075325999,7468509
2016-03-30,743.8535766601562,747.3817497124975,734.0937409662056,744.0368707261146,3020735
2016-03-31,751.4596557617188,760.303075303528,744.0367229989298,744.0367229989298,5230705
2016-04-01,746.96923828125,755.1253475394767,741.7457217647207,752.3761047693087,1654746
2016-04-04,746.9234008789062,752.3760766896023,743.3035535132519,748.8937138307202,1239310
2016-04-05,733.864501953125,748.2064069821613,732.6731746444652,747.7940093932253,2570634
2016-04-06,741.8832397460938,743.3036708284899,731.3444745237763,737.2553583786445,1809628
2016-04-07,743.8535766601562,754.1174290853705,737.8052080845051,742.2956609997539,2221164
2016-04-08,743.8992919921875,749.122864576305,739.5921336883191,739.5921336883191,1088142
2016-04-11,748.9853515625,756.9581666840047,741.5624185483155,754.2089239478643,2757166
2016-04-12,754.7587280273438,757.9203682680507,748.1147249428302,751.1847461350758,1942717
2016-04-13,763.4188232421875,766.0306372213664,754.2088718984114,757.0497334896417,2310970
2016-04-18,767.7717895507812,770.8418106168037,758.1494406515887,763.5104971697999,2257502
2016-04-20,759.2949829101562,766.2138990126166,756.2250176784273,766.2138990126166,2134965
2016-04-21,763.281494140625,767.8635656484124,757.6913333410303,762.1359762636781,1381380
2016-04-22,751.6429443359375,759.2033615493991,749.7643063968651,757.8745497615485,2527855
2016-04-25,741.24169921875,752.5136400842093,734.9642835097997,751.4597412444335,3644370
2016-04-26,746.3277587890625,749.2602395291732,730.3821290806579,737.7134427979042,4083983
2016-04-27,745.9154052734375,747.8856623912567,741.5624374966551,745.9612148001796,1364080
2016-04-28,734.9183959960938,750.5432472833667,733.1313770777697,750.5432472833667,4828596
2016-04-29,743.4868774414062,745.3197059601492,734.9642360159487,737.7134787940632,2339763
2016-05-02,743.9450073242188,747.9314424986493,737.255195112135,745.7320261311371,1083227
2016-05-03,731.5275268554688,745.5944603696219,714.8029701813538,740.6458579822978,5809209
2016-05-04,736.9802856445312,738.9964080023384,721.2637602781617,732.2149207806641,2523074
2016-05-05,742.7079467773438,758.7910058227591,739.088099270598,756.5457797033735,3065087
2016-05-06,737.16357421875,746.8775419616687,735.1932613972376,742.2496616306884,1464262
2016-05-09,737.9883422851562,743.9450345707232,729.4657014325035,737.7134292125191,2556690
2016-05-10,735.1016845703125,743.2119279956379,733.4062847133142,738.6298569229151,2156929
2016-05-11,729.7406005859375,738.6298293215409,725.8000307973455,732.2149300594432,2268518
2016-05-12,736.3846435546875,738.3549565231835,728.6409321221255,728.6409321221255,1962391
2016-05-13,728.5950927734375,738.0341477722504,726.258247768576,738.0341477722504,2454738
2016-05-16,731.1610717773438,734.9642132091144,725.5251578171907,733.0397656975472,2035038
2016-05-17,733.0397338867188,735.5140074560791,729.9239032633625,734.0477671236075,2505291
2016-05-18,728.8242797851562,732.2608334015833,724.8837094916845,732.1692143452078,2244494
2016-05-19,726.25830078125,731.0236661181841,723.9672651320979,730.382164949724,3114189
2016-05-20,725.2044677734375,731.2070264653403,723.9673307841023,731.2070264653403,2460489
2016-05-23,718.9727172851562,727.35792921373,714.1615429502161,726.7164281157084,2403975
2016-05-24,707.74658203125,721.2178801793641,706.5552549152347,720.301466100356,2249441
2016-05-25,719.797607421875,723.8756621546247,706.7387039317084,713.2452229463959,1556315
2016-05-26,714.2073974609375,722.1344028093324,709.35041329879,715.811122340273,1900809
2016-05-27,755.9960327148438,758.7910853085691,724.0589589095742,728.5494116187349,3675225
2016-05-30,744.2198486328125,771.620651874428,740.6916768141406,761.5400970399639,4888391
2016-05-31,698.9949340820312,732.2149489761297,692.8091382051991,725.8000495483038,15706495
2016-06-01,691.4804077148438,706.9220224272686,689.5559600336469,702.9355866112313,4921709
2016-06-02,684.3323974609375,695.1002657838916,682.316274758452,691.9844347042784,4900285
2016-06-03,675.718017578125,689.051889518641,673.6102760125492,689.051889518641,5944789
2016-06-06,663.8505859375,687.3107712218068,661.5136845685508,686.3027377974123,6330743
2016-06-07,677.0468139648438,679.8877316044824,650.7915801445996,667.1495515840846,7369626
2016-06-08,676.3135986328125,682.6826877470121,673.0145302811653,681.8120831745427,3384926
2016-06-09,680.6207275390625,682.957572184734,670.3568789709934,676.3135703083981,3948805
2016-06-10,679.429443359375,684.5613400007146,676.680201030055,683.5074414010838,2785032
2016-06-13,684.0572509765625,685.4776815095737,671.8689557941697,676.771748388797,2918950
2016-06-14,690.701416015625,691.8927433273724,684.1490319007861,685.4778437203636,2789220
2016-06-15,688.7767333984375,694.962527838911,687.310493385936,693.633772298475,1417625
2016-06-16,691.5262451171875,693.1299702273234,680.6209479283594,689.1435901840971,2717995
2016-06-17,681.0789794921875,694.7793816586559,678.2380621837863,693.2672759998716,3317924
2016-06-20,678.009033203125,683.7366220351224,672.5105479244075,678.009033203125,3323011
2016-06-21,674.7556762695312,682.9117839591794,673.7476431543956,679.1544526691321,3703466
2016-06-22,678.1923828125,679.4295756616942,670.2654327794673,678.1007637570734,3715759
2016-06-23,689.693359375,694.458724780528,680.8958047290164,681.7664094749234,3909660
2016-06-24,691.6636352539062,701.0568810456949,672.6480401144315,685.2029261642998,7640809
2016-06-27,709.0755615234375,710.7709055976259,690.334877983713,693.7256220655796,4493497
2016-06-28,701.1485595703125,714.2074633641928,699.7281285899568,709.3046692255004,2788888
2016-06-29,705.9137573242188,709.7168981440852,703.4394281121054,706.2803453310047,2460436
2016-06-30,699.3157348632812,711.9622970388066,697.3912871931745,710.2210874831935,4538392
2016-07-01,699.5447387695312,705.1348988023682,698.3534115276094,704.7225012365346,2656477
2016-07-04,706.3719482421875,710.0376044924672,702.1106564113227,704.0351035693293,1575107
2016-07-05,709.7628173828125,712.9702671708562,700.3695715749703,708.3423865205189,2746347
2016-07-07,713.1535034179688,717.5064706347492,710.2209669483889,712.9702094010923,2515212
2016-07-08,712.511962890625,719.3850686419815,709.716911071769,716.5900168231254,2174896
2016-07-11,723.05078125,727.5412330633485,716.1776749643536,723.05078125,4771555
2016-07-12,717.5980834960938,726.7164154057242,713.1076877554405,726.5331213904265,3402732
2016-07-13,713.474365234375,728.4119076224804,710.2211055504872,721.08059298454,3546248
2016-07-14,704.3101196289062,709.9002797884046,702.7522043079482,709.9002797884046,4148326
2016-07-15,706.0054321289062,710.0376205352328,700.2319786574885,707.4716722887565,5462554
2016-07-18,711.7788696289062,715.719439221535,706.4636788341875,709.5794533321703,3096502
2016-07-19,717.0025024414062,721.2179854467354,712.6036694733424,714.8030859573744,3030866
2016-07-20,730.6112060546875,731.5734297583734,716.2234922213198,719.7517203794785,4592908
2016-07-21,727.816162109375,738.6298383828743,724.8836255097439,733.1313532336221,3452258
2016-07-22,720.8513793945312,729.4656951528959,716.6358964944279,729.4656951528959,2552125
2016-07-25,736.7970581054688,737.7134723568437,721.2180158320945,722.1344300834694,3836740
2016-07-26,731.6650390625,740.4625920400802,728.6408277888214,739.5461779410206,2827707
2016-07-27,740.3711547851562,742.2956024922952,725.1128339160847,730.4280258089609,2447955
2016-07-28,756.4541625976562,758.7910077754847,741.8373439544141,742.6621391623477,3981433
2016-07-29,760.5780639648438,769.6047224997731,751.9637471205583,756.0418019663476,3056996
2016-08-01,765.8016357421875,769.7880155923949,753.9340593151068,767.86356792681,2052236
2016-08-02,759.61572265625,776.6610037274962,757.7370288738996,768.8714833361289,2135409
2016-08-03,769.4212646484375,776.5234740033912,752.6508976163391,763.0980408473399,2105776
2016-08-04,777.6232299804688,783.4883030208462,769.8795190850192,771.6207283751729,2609726
2016-08-05,771.5291137695312,783.0301004412759,767.0844714753033,781.6096696613919,1908271
2016-08-08,763.1897583007812,774.2325385674033,760.9903977124937,771.666589914325,3382787
2016-08-09,760.0281982421875,765.3892556047797,753.8424015469982,764.2895472278256,1896252
2016-08-10,749.3060913085938,763.3730268733832,746.9233808338927,762.1816996027746,1315780
2016-08-11,740.6918334960938,750.3599928548756,719.5684957658907,746.236128641164,6662203
2016-08-12,733.6353149414062,756.8664465182915,724.4711737119003,748.5270444393535,8732728
2016-08-16,717.2774658203125,740.783458466112,715.9028444047632,740.783458466112,5115466
2016-08-17,719.3851318359375,724.7003228972007,708.2048676449118,713.6575432066705,3550406
2016-08-18,722.8675537109375,727.9995071029604,719.8433978538187,723.9672620044772,1585900
2016-08-19,718.2854614257812,727.1746906328166,714.4365104777006,726.487379961141,3217425
2016-08-22,705.7305908203125,719.3851855045581,701.0569005235502,718.6978748177703,5501620
2016-08-23,698.6283569335938,706.2804492163361,696.474805894026,706.2804492163361,3756220
2016-08-24,705.3641967773438,710.5419047380807,699.7282256688758,701.0570377768518,3806381
2016-08-25,701.0111694335938,712.3288643023027,698.3535454405926,709.2588985978816,2285008
2016-08-26,692.121826171875,704.4017988540446,689.8307906665063,702.2023823954971,1978922
2016-08-29,695.8334350585938,698.6743532273574,684.1949611202613,694.5504884728416,2362413
2016-08-30,710.0835571289062,712.0538701339458,697.3454326518531,699.9571908831969,1726397
2016-08-31,710.816650390625,716.6358578089037,706.8302153197072,712.9702012472212,3405144
2016-09-01,705.6847534179688,713.7950527617766,703.1188048086874,710.7708411125859,1183855
2016-09-02,716.9566040039062,718.7436228232935,703.8060830290352,709.3045680526996,1867621
2016-09-06,717.2317504882812,723.0509595382898,713.2453142995505,720.3017163461291,1556462
2016-09-07,714.1156616210938,718.9726449888956,711.6413324538057,717.5522143719171,1353192
2016-09-08,741.4599609375,743.019878026369,713.2440162023214,715.7215249898954,3663747
2016-09-09,731.7337646484375,751.0490653917697,728.6597977904037,744.1671252690595,4003165
2016-09-12,722.1906127929688,730.3113338014914,714.8957468040784,723.9799279985997,2621800
2016-09-14,715.583984375,730.5866447792769,710.5831535789365,729.4855233542735,3858523
2016-09-15,721.54833984375,727.2832889936665,717.6944988192963,719.3920213655265,1479337
2016-09-16,719.2084350585938,728.567882534032,716.8685871910737,724.9433837561223,2303954
2016-09-19,718.015625,724.6222975429255,716.226309685509,719.8966770976497,1283403
2016-09-20,714.5745849609375,721.7776578935536,712.9687993767557,720.3095334758729,2078649
2016-09-21,714.6663818359375,719.8507981315726,712.3724022370478,717.556818532683,1572757
2016-09-22,721.915283203125,723.8422034062921,718.7495805790472,721.2729578002848,1730313
2016-09-23,715.7673950195312,725.5856374193204,713.8863432339315,724.9891804116496,1768021
2016-09-26,703.012939453125,719.6213276737365,701.5906274408146,716.6391544956177,2308824
2016-09-27,706.683349609375,712.8770942807362,703.0129823967166,703.3341171256806,1556490
2016-09-28,701.774169921875,709.9866274109306,700.4895750554603,703.0588207936465,2342694
2016-09-29,675.2098999023438,706.5456821015902,671.6771938939792,705.628090306653,5321213
2016-09-30,681.495361328125,683.6058110201368,674.5216308608155,678.9719841733527,2051308
2016-10-03,694.6629028320312,698.2874018614251,688.1938914534413,688.1938914534413,1856097
2016-10-04,701.3153686523438,709.2984281390682,696.6815414807083,699.2049188123802,2557812
2016-10-05,696.8651123046875,705.1693069960216,694.8922675082152,705.1693069960216,1847125
2016-10-06,690.8547973632812,703.3798901755565,688.2854958583875,701.9576342745021,1755184
2016-10-07,689.2950439453125,693.8830034284344,687.0928009912681,693.6994738480366,1554398
2016-10-10,693.1947021484375,695.5345499213762,688.1938158852666,690.9007227621532,1365905
2016-10-13,678.74267578125,691.7724907365987,674.5217198350995,687.4597980112238,2996697
2016-10-14,684.0645751953125,685.4409626705545,676.6321052311451,679.8436760067101,1849542
2016-10-17,673.4664916992188,685.8081122234049,671.6771765442385,685.716319443067,1510291
2016-10-18,682.2296142578125,683.8812685653658,674.8888786639153,675.3018062421456,1901132
2016-10-19,688.423095703125,696.4520221775033,685.4867913914259,686.7255736506808,2267328
2016-10-20,684.0645751953125,693.6075507591308,681.7247276884709,692.5522979593053,1360596
2016-10-21,686.1292724609375,687.2762622176425,679.5226002612447,685.4410786069144,1807639
2016-10-24,685.578857421875,691.5890735772614,683.8354102903726,688.1022353196254,1014731
2016-10-25,685.8080444335938,696.4520855256528,684.7527915988385,687.367905486221,1924646
2016-10-26,677.8250732421875,687.2762575724864,675.4393009611505,687.2762575724864,1206610
2016-10-27,685.3493041992188,688.8361416670843,676.4486529748089,680.8530821976578,2686399
2016-10-28,682.1377563476562,690.0290233078098,680.8072370564299,685.4410643762419,1900094
2016-11-01,673.2828369140625,687.2761088226682,671.7687883709928,687.2761088226682,2566651
2016-11-02,655.2064208984375,672.4112673403754,654.3346974776407,672.4112673403754,3286334
2016-11-03,645.6633911132812,657.9132173181102,642.6812182314349,655.1604423502521,4374269
2016-11-04,597.8109741210938,623.8705999998866,593.7735483634157,623.8705999998866,17908933
2016-11-07,600.930908203125,621.2096651202688,599.1874613346167,620.2920732958667,6663505
2016-11-08,583.0377807617188,608.4091573231949,580.193212926662,605.6105138768042,9896681
2016-11-09,606.298828125,614.0066222354313,524.7708128746197,550.5551220204313,14963330
2016-11-10,611.2997436523438,636.4417284657632,609.3727670317907,623.9625008508916,9357587
2016-11-11,631.3031616210938,649.6549977147303,623.9624271836392,633.1383452304574,13184334
2016-11-15,626.21044921875,647.4067944892719,619.0532453615186,640.433120167939,5816519
2016-11-16,612.4008178710938,637.496932352491,605.6106158368392,634.0559629443271,4722902
2016-11-17,614.0982055664062,625.2010420172415,605.6104828895452,613.6394097460354,3756250
2016-11-18,632.0829467773438,635.4321784957414,607.4915032727295,616.1627550323326,6150792
2016-11-21,633.4595947265625,639.6533405303124,620.3380407433957,634.973643880738,5090705
2016-11-22,633.0465698242188,641.7636914367854,628.5503478534895,641.3966323351666,3359143
2016-11-23,643.5070190429688,646.8103826174872,634.101704541327,638.6437944529459,4496512
2016-11-24,626.2564697265625,641.8555319761618,623.9624899839744,641.8555319761618,3783616
2016-11-25,655.2981567382812,657.9132707680626,628.6420721629903,632.6794981793295,4410579
2016-11-28,656.2156372070312,660.8494634593143,651.5358865717261,654.8392498446494,2607872
2016-11-29,648.278564453125,662.0424405561638,644.1494016222134,660.5743161739817,3674024
2016-11-30,651.3065795898438,660.207230310035,648.0950086293362,652.3159640663579,4359468
2016-12-01,662.0423583984375,664.7951332774331,648.7372798166256,651.3065251692851,2796906
2016-12-02,660.9869995117188,670.7135027925608,657.0872357258731,660.023539659813,3163480
2016-12-05,654.3346557617188,665.2540200095349,651.8112784444412,662.501244754323,2946490
2016-12-06,647.9573974609375,662.2259371090694,646.1222140719725,657.5003174803437,2939600
2016-12-07,609.2810668945312,642.3143777502588,605.6106990216726,642.3143777502588,12922300
2016-12-08,620.0167236328125,623.595297663882,604.5552698661039,609.2808895288985,6865033
2016-12-09,617.539306640625,626.5316954470983,615.9335209249919,622.1272658281482,3298719
2016-12-12,620.6591186523438,625.7058735745438,614.7865087043674,617.7228136783556,2155130
2016-12-13,627.9539184570312,629.1927009755087,611.6207958124197,620.2920494203288,4508196
2016-12-14,622.4943237304688,635.570007388972,619.3744890869972,629.4221308888141,3202343
2016-12-15,596.3887939453125,618.0898061331604,591.8467033926231,617.3557439036676,9539189
2016-12-16,594.0029907226562,598.1780779455978,581.3861042926478,597.2145618139311,10780836
2016-12-19,580.1473999023438,590.9291032615411,578.1745551834115,590.9291032615411,4214766
2016-12-20,576.1558227539062,585.4234760701177,570.8337463489888,582.6707011042706,3984283
2016-12-21,563.8142700195312,581.6614410123173,562.5296191490904,579.9179942603413,7404147
2016-12-22,558.9509887695312,573.4947943521616,557.8957359457828,565.4658672312314,5479188
2016-12-23,572.1185302734375,577.624081486975,560.8321614867583,563.4014075186698,6105681
2016-12-26,560.8779907226562,573.4031412611831,559.7310009665772,573.0819505262656,3005547
2016-12-27,569.9161987304688,570.9255832324833,562.1166690579084,563.4013198767072,2289086
2016-12-28,570.1456298828125,576.844094678537,568.0351799906912,572.5772705010256,2516753
2016-12-29,564.043701171875,573.4490172971406,561.4285308899267,570.2833143270768,4788982
2016-12-30,578.0829467773438,579.9181307353671,565.8331162596861,567.9894350082155,3523510
2017-01-02,581.7989501953125,587.5797661479331,575.3299405339193,580.8354902041003,2266225
2017-01-03,583.68017578125,589.048121912959,579.7804102690988,584.5060308800864,2821892
2017-01-04,584.8269653320312,590.7454421656183,582.487118027221,585.4234222552757,2500456
2017-01-05,590.4244384765625,594.5077330739755,588.6351233152965,592.8560230756638,2589560
2017-01-06,587.9468994140625,596.2052249618214,586.7540413693459,594.6911762092572,1864378
2017-01-09,579.9638671875,593.5901385789751,579.0004070298055,588.2680615072206,1827405
2017-01-10,585.92822265625,587.167005168254,575.4217855250769,582.6707830230979,2559697
2017-01-11,594.782958984375,596.0216853935688,586.6163703445424,587.2586957440832,2784843
2017-01-12,591.6173095703125,593.5901543308524,577.1652388053146,577.1652388053146,6269913
2017-01-13,599.1873779296875,603.2248037972047,589.506796730822,593.6818277496291,3524996
2017-01-16,590.4702758789062,600.930843960954,589.2774178357773,597.3522138262128,1349694
2017-01-17,596.1593627929688,598.9121380042596,591.3420061732097,591.846670427542,3016496
2017-01-18,596.3887939453125,600.1050294864737,591.3879074985202,595.5170705454456,4013631
2017-01-19,590.4244384765625,599.8297541647648,588.26806420337,593.6818780748197,2089653
2017-01-20,588.6809692382812,594.0489145172331,587.2587132432163,589.8738272984855,3671360
2017-01-23,581.4320068359375,592.0760482220579,580.376753972029,587.2586917661637,2955807
2017-01-24,588.5432739257812,591.3877854801804,583.5882568896736,583.5882568896736,2187797
2017-01-25,583.45068359375,593.40658754383,581.9366908308496,590.9290786527553,3068071
2017-01-27,587.7174682617188,590.0114474508746,581.5695928337109,585.6987553741914,2362371
2017-01-30,591.6173095703125,600.9308886876769,586.341156751345,587.3046169346065,2406083
2017-01-31,579.4591674804688,595.5170224779481,578.0827799092563,591.3878597643106,1926978
2017-02-01,573.99951171875,584.9188760164178,567.4387642670893,579.0003979896206,3507275
2017-02-02,588.5432739257812,591.5713150010263,568.9067913075435,574.5958704216882,3819377
2017-02-03,593.9113159179688,596.2511638989604,587.4881730652445,591.3879383686842,2048060
2017-02-06,619.5120849609375,621.4848735964882,591.8466716291537,596.4346303239532,5835962
2017-02-07,614.4194946289062,632.7254636626692,612.2173077409734,619.3745131361406,4274151
2017-02-08,607.6292724609375,621.2096192584256,604.8764971909593,613.547750492462,2959209
2017-02-09,601.4815673828125,613.8690596172411,599.5087221433287,610.1986915477808,3295494
2017-02-10,601.0684204101562,607.537430570599,596.5263303807895,601.4813478683445,2814314
2017-02-13,600.747314453125,605.1058751533652,594.5994386853996,602.3989683595136,1885766
2017-02-14,595.7921752929688,608.2255294499691,588.0844399657111,604.692824425644,3393607
2017-02-15,571.7054443359375,598.0403348788128,570.2831885342266,596.6180790771019,10352763
2017-02-16,595.7921752929688,598.2696836502578,572.0724564031441,572.577120548713,6158072
2017-02-17,619.8331909179688,622.0813017752184,595.6087477308768,599.6461735971762,6165104
2017-02-20,623.6412963867188,629.8350411073777,617.0804925397288,622.1272474973027,4597889
2017-02-21,617.7227783203125,628.5503497871068,614.8782102874054,625.5223082081817,2972142
2017-02-22,615.1076049804688,619.7414881054547,608.1339301078921,618.4568372579695,2662258
2017-02-23,618.9614868164062,625.1552309593429,612.0795488798099,618.3650857984471,4522397
2017-02-27,618.8698120117188,629.0091903857934,615.7958458223724,618.5486212726385,3477074
2017-02-28,623.044921875,626.072964049755,619.3745541467231,619.3745541467231,2711558
2017-03-01,637.405029296875,639.9284062046135,623.0446983106974,624.971618274468,4972108
2017-03-02,620.4296875,643.5070865333479,617.4475142964682,642.3142284530064,4783045
2017-03-03,629.880859375,631.7160428499039,615.7957926018986,616.6216475677475,2495214
2017-03-06,626.7152099609375,628.0915976841313,619.4662122166392,627.6328017764,2858145
2017-03-07,623.6412963867188,628.4127289968646,619.6038700185157,627.2657392337796,2152337
2017-03-08,624.3294067382812,632.0830116953758,617.5392058468879,619.3743892223615,3480865
2017-03-09,628.6878051757812,629.4677355071464,620.3835577383629,624.2833214058635,2408830
2017-03-10,626.6692504882812,634.1475890941496,623.9623438250288,624.0082122080632,1987748
2017-03-14,649.83837890625,668.9701412635764,621.3012466930011,636.3497712560616,9857280
2017-03-15,647.6821899414062,658.32628908714,646.2140653721697,654.2429941219126,3046871
2017-03-16,652.2242431640625,660.2073030609372,648.8291422877642,652.4077727259573,3087300
2017-03-17,649.1961059570312,657.3626942150269,644.1493517764466,656.0780434760104,3067000
2017-03-20,648.3243408203125,652.40763468573,646.4432892209519,650.5724514657984,1418664
2017-03-21,640.5249633789062,647.7280928211783,627.7704705919475,645.9846459484346,3691911
2017-03-22,643.6447143554688,645.0669703008651,633.9182086538369,636.8086449342823,2414239
2017-03-23,645.2046508789062,646.9021731865446,641.6260207102004,645.9845814515281,1294418
2017-03-24,645.8929443359375,651.1690976263471,642.4978431914708,645.5258851831549,1357525
2017-03-27,634.2394409179688,645.3881472902469,632.6795237120959,643.2318290386936,1859318
2017-03-28,641.029541015625,644.6540394418605,636.5333752762272,637.5427037469167,1626424
2017-03-29,630.9820556640625,643.5989435537613,628.5504148686305,643.2318844130072,5152744
2017-03-30,630.431396484375,636.8545386920719,628.7338741601974,632.9547737802559,2558208
2017-03-31,631.4407958984375,636.8545537122518,628.183300326279,628.7338889888518,2898457
2017-04-03,635.3405151367188,636.6251099128086,628.6420509260784,631.9912830313986,1347390
2017-04-05,633.7805786132812,639.2861286414748,629.9266823924756,637.2674157634003,1977427
2017-04-06,630.2937622070312,635.8451808004279,626.8527933261631,635.8451808004279,2015425
2017-04-07,611.0701904296875,628.4585639648403,607.6292216300669,628.4585639648403,6076717
2017-04-10,612.7218017578125,614.6946461349112,606.7115878723771,612.0336080456173,2138613
2017-04-11,615.1536865234375,617.5394032721179,611.2079962004639,612.9973117646591,1344759
2017-04-12,626.9444580078125,632.6794054831857,608.7302872281654,617.3097462491853,2653626
2017-04-13,635.6615600585938,642.1764378028521,625.3386548970503,631.7617958864552,2918733
2017-04-17,621.2554931640625,626.715175365758,615.0617487515898,625.7975836009472,2411262
2017-04-18,610.3361206054688,623.503538644158,609.234999402378,622.0812827592848,1734258
2017-04-19,608.6845092773438,620.2920681621071,606.8952500388564,613.8230570546837,2241129
2017-04-20,601.8942260742188,612.675927461153,601.0683712254211,611.1160105275059,2071407
2017-04-21,586.8917236328125,605.1059554205104,584.1389480885585,605.1059554205104,6091210
2017-04-24,589.8738403320312,592.076082957495,579.9638605281573,582.6707674203941,4428981
2017-04-25,589.5985717773438,595.5170498062272,587.166987226495,592.0760807202898,1825996
2017-04-26,589.8279418945312,593.2230424335822,582.7624745036097,590.0114714381955,1915462
2017-04-27,584.5057983398438,592.7641220212545,580.6060343791776,591.8465305010977,2432744
2017-04-28,589.0480346679688,591.1126161039069,584.73534224516,584.73534224516,1903299
2017-05-02,580.6519775390625,591.1584129990996,575.7887530569421,589.4608908703144,2415773
2017-05-03,577.0274047851562,583.0835424186326,572.5771083165632,579.0002489547298,3807210
2017-05-04,579.4591674804688,584.6894514521471,572.2101705366081,576.2475964809729,3150744
2017-05-05,578.2662963867188,585.4235003942298,574.4124000733351,578.0827668469667,2538263
2017-05-08,584.6436157226562,587.0752002977351,575.0547705732221,578.9545355761447,1544639
2017-05-09,587.5341186523438,589.3693025656763,578.4958602813283,585.4236683530851,1589995
2017-05-10,589.8279418945312,593.3147792027376,584.8270558577868,589.1397481098055,1381364
2017-05-11,595.0122680664062,596.3427870513518,587.396269194251,591.7089047928849,1674209
2017-05-12,601.1143798828125,602.5825604004782,590.7914718905888,596.4346839951485,1992719
2017-05-15,600.5179443359375,602.7201309780036,595.9758538789755,601.3896677174323,1224004
2017-05-16,598.5909423828125,602.4448388480772,594.599440761325,601.0225828683147,2325051
2017-05-17,597.2605590820312,599.1874795697739,591.0208896819155,598.3616245005344,1920624
2017-05-18,600.0592041015625,601.2520623106448,590.4244896349287,595.2418468682456,2149513
2017-05-19,599.3250122070312,602.8118492969488,593.4065348278374,601.4813301953704,2223401
2017-05-22,587.3964233398438,600.1050475876837,583.8636612454771,600.1050475876837,3156574
2017-05-23,563.4929809570312,578.8626403061048,540.5531908837871,576.2475266398937,11623535
2017-05-24,553.7666625976562,565.5118266762031,550.0962953227754,565.1906919417951,3751856
2017-05-25,542.8013916015625,559.0886452567848,534.3595362524325,558.8592473179789,7237706
2017-05-26,520.8710327148438,548.5822616028711,517.5218000816741,541.9297207330269,10814562
2017-05-29,461.1815490722656,485.40596199073946,452.0515013460395,485.40596199073946,42138319
2017-05-30,466.1365966796875,468.47644437927255,460.631046325203,460.631046325203,10937265
2017-05-31,460.2640380859375,469.8528552944429,458.56648770849193,469.8069869069492,14794419
2017-06-01,465.6319580078125,480.7722223142688,460.72283640488035,460.72283640488035,14169918
2017-06-02,472.4220886230469,475.2666566424554,466.13660755714494,472.55974978726306,7715676
2017-06-05,470.5410461425781,478.98290158616425,469.4858212127994,477.14771805518274,5257958
2017-06-06,462.7414855957031,473.79845443905276,461.5486275803633,473.4773197444681,4813209
2017-06-07,469.39404296875,473.24793947431374,463.2002987293867,466.9624304604984,4217463
2017-06-08,485.26849365234375,490.5446475094173,469.440060083808,471.6422752236148,10616075
2017-06-09,481.46038818359375,489.8563188445133,478.70761301502586,486.3236131136595,4635649
2017-06-12,488.6633605957031,496.32528351353284,478.891044354508,481.735555709896,7634053
2017-06-13,492.93035888671875,506.5107072272463,492.01276702579986,505.7307765476103,9578458
2017-06-14,495.0867614746094,496.41728110007404,488.70948575663016,495.4996890832532,3182248
2017-06-15,499.1697692871094,504.0788613439551,492.60896774820355,496.187596952214,4179924
2017-06-16,485.5436706542969,502.794383420231,482.6532343959821,502.7485150362829,4986232
2017-06-19,481.5980224609375,489.9481412470691,478.56998079347863,489.07641785657216,4118410
2017-06-20,480.6345520019531,489.81046958887606,476.91831658032055,482.7450018458741,4464038
2017-06-21,484.4884338378906,490.91157595316565,480.08400473134435,484.4884338378906,4257922
2017-06-22,494.3066711425781,495.4536607934541,485.4060202507098,485.8648161110602,5201690
2017-06-23,498.9863586425781,500.5462757442266,492.74674624133763,493.66433794755983,3920128
2017-06-27,499.2157897949219,504.1249393531559,492.9761769783979,501.9226967095089,4675855
2017-06-28,500.5004577636719,502.977966821044,493.66438766280845,498.98640889378925,5278948
2017-06-29,492.6549987792969,501.4638565656841,490.08569725336133,501.00506072253165,6060935
2017-06-30,509.9057922363281,514.7231493542606,493.66440560908353,494.3984678736011,6561625
2017-07-03,506.5107116699219,512.1997924585914,503.5285380957783,510.1810791457909,1580045
2017-07-04,506.92364501953125,510.8234105073192,500.72989983304456,510.18108499061077,1980453
2017-07-05,505.2718505859375,514.4018424481964,503.52840409672075,507.0152410698061,3121863
2017-07-06,500.6380615234375,506.9694673183348,498.6652727651424,505.45541845270674,4155333
2017-07-07,503.75775146484375,506.73992394619296,500.08738533395234,501.0049768666752,4482328
2017-07-10,517.2464599609375,523.0272765533512,511.7867780660204,511.7867780660204,1025468
2017-07-11,517.3382568359375,524.7707841800187,515.7783395411036,518.4393782208414,2824262
2017-07-12,516.0535888671875,520.2744882391206,513.851346409008,519.3568965491046,1383094
2017-07-13,522.3848266601562,524.4952758966093,513.8971053353428,513.8971053353428,4364882
2017-07-14,525.3670654296875,531.2396741394622,521.6508306079562,522.0178896543224,3111057
2017-07-17,524.35791015625,530.1387280100681,520.7334108969513,527.6153502480124,1878995
2017-07-18,530.5975341796875,534.9560958525859,522.1098088166748,522.9356639568445,1868904
2017-07-19,540.5992431640625,541.6085717639351,534.9560310688254,535.8736228888405,1772229
2017-07-20,534.0842895507812,542.755543157325,532.2032375845283,542.755543157325,1054118
2017-07-21,528.4869995117188,538.0758448613211,527.6152761153262,534.6807440574204,2584036
2017-07-24,523.7614135742188,530.2763492725734,522.4308941987873,529.4504942104817,1496356
2017-07-25,519.2652587890625,526.101273378804,517.0630159109877,523.9908232904439,2272849
2017-07-26,531.7444458007812,532.4785080365355,519.8157524523599,521.6509360444247,1896905
2017-07-27,524.9541625976562,534.221871901789,520.7332633934353,532.2031590628942,5119717
2017-07-28,505.40948486328125,522.889595121953,503.75783104453336,522.1096645980683,4094196
2017-07-31,487.8376159667969,508.070500351358,485.31423896632134,507.42817500471267,5404990
2017-08-01,489.8104248046875,497.24295097374056,486.36945602420496,487.83763630708825,3699349
2017-08-02,480.4051513671875,493.0220379784253,478.75349741187847,492.74677165343314,3483902
2017-08-03,473.33966064453125,486.32360572789855,471.6421383851695,483.57083060113683,4531774
2017-08-04,464.6684875488281,471.45866135055377,452.0516001459771,471.36692457158597,7344699
2017-08-07,463.8885192871094,470.86225051016453,462.6956611584715,466.9624573911274,2279879
2017-08-08,459.1169738769531,467.0541358103266,456.96062796373803,467.0541358103266,3042569
2017-08-09,435.2596740722656,452.83155136670945,432.50689868401815,448.243592386297,11025555
2017-08-10,422.8262634277344,445.4449222656405,413.8797439450285,431.72691452442047,10149400
2017-08-11,412.916259765625,424.79908333106175,407.9612702489727,420.25699327256945,7851424
2017-08-14,432.91973876953125,437.64535827287676,397.0419268693178,397.3171931692887,20846332
2017-08-16,445.67437744140625,446.5919693010734,429.1577239673976,438.60890892089674,7588306
2017-08-17,448.01416015625,449.986976766336,440.9486926659766,445.6743124563512,4484873
2017-08-18,431.4057312011719,445.03197351659674,428.6988524937592,445.03197351659674,4513543
2017-08-21,422.5968933105469,436.22313717402386,421.54166833853174,436.22313717402386,4215469
2017-08-22,431.6810302734375,433.5620820739576,423.7438395962915,425.7625525551668,3797497
2017-08-23,430.5340881347656,436.7278328476864,429.0659356393151,434.89264922904323,3682870
2017-08-24,443.19683837890625,448.1977248784563,430.8093491074461,433.0115638218365,5680084
2017-08-28,452.5563049316406,458.70415343415806,443.4262549580235,448.51887844917485,6388051
2017-08-29,442.0957336425781,451.409313143442,440.122916803484,451.409313143442,2605383
2017-08-30,444.3437805175781,448.6564727066355,441.77453495984804,444.1143825926852,2523480
2017-08-31,441.499267578125,447.18834766355184,437.3701046781895,447.00481811137234,4398132
2017-09-01,446.1331481933594,451.4551694780038,441.17813002865216,441.36165959130045,3998817
2017-09-04,459.438232421875,467.69655874699424,438.7465202167737,444.11443792863724,4489406
2017-09-05,451.3174743652344,462.97087192433173,449.71168892183044,461.5486160183871,5266455
2017-09-06,435.1678466796875,446.82127201429904,434.02085709961455,446.82127201429904,7344173
2017-09-07,440.8569641113281,443.65560772631756,435.1678841038389,437.69126139700825,2916205
2017-09-08,432.5069274902344,444.38972523932387,428.7447952751914,439.48063120546607,3557040
2017-09-11,428.92822265625,437.14065101995465,427.78123310802243,435.3972325071837,3437220
2017-09-12,443.56378173828125,445.53659811287775,431.72685548802843,435.856017761559,5892218
2017-09-13,461.869873046875,468.43064931231925,440.35233250912484,444.1144647740696,11440036
2017-09-14,481.4145812988281,483.70856089902196,471.2751466616822,477.147756840323,10997664
2017-09-15,481.0933532714844,484.4425856303787,471.7339060268881,475.49606588289174,7483452
2017-09-18,481.32427978515625,486.82065327590874,472.04051959011264,484.97313656518423,3689242
2017-09-19,476.47454833984375,489.0376957997114,472.5947801624916,483.8646151815063,4355599
2017-09-20,466.9598083496094,479.80007093407136,465.20467326401536,479.2457821396328,5024973
2017-09-21,480.031005859375,484.9730900336929,466.49792469907607,469.731078632634,10217874
2017-09-22,474.6731262207031,488.20620633791657,469.9158053427561,479.38432684694465,7990848
2017-09-25,467.37554931640625,475.31984858828866,463.2648133750167,472.9642760678136,4345197
2017-09-26,468.899658203125,475.73546310273946,466.63643938386406,467.4216394757013,3615167
2017-09-27,456.9832458496094,465.528010191236,452.1796913758079,465.528010191236,7594880
2017-09-28,461.1401672363281,468.34547089685606,455.8747335061114,456.98325477274653,5557091
2017-09-29,464.88134765625,467.42168288934425,460.2625563233513,462.1100728565108,3478824
2017-10-03,464.3271179199219,470.7472495757151,462.0177220999771,470.19298894075496,2880625
2017-10-04,478.41448974609375,482.2018765687472,463.7267088841209,465.66660712918036,6203591
2017-10-05,474.62701416015625,484.9731186340289,472.96426045832914,479.4305687067829,3576059
2017-10-06,489.7767028808594,492.363215060741,476.4745596961296,478.5068394023712,6323391
2017-10-09,490.88519287109375,496.01204026103824,481.83231624685067,487.5596290963514,5049020
2017-10-10,487.0054626464844,494.21076722879906,485.9892945296797,491.3471386068987,2244596
2017-10-11,485.9430847167969,492.5018030464595,481.41670248203076,490.33093702354995,4031497
2017-10-12,498.4139709472656,503.44846689254183,491.4396043795087,501.6009495828444,8970339
2017-10-13,493.9335632324219,501.693098949729,492.36316288122003,499.98416868566665,3819414
2017-10-16,506.1733703613281,507.9747103176923,493.10216789978875,497.35148989707494,5322443
2017-10-17,505.48052978515625,511.7620746598701,503.0325478500661,505.2034135842495,4477156
2017-10-18,499.0142822265625,507.51287049798935,497.7671745993297,507.46663747414874,3499930
2017-10-19,494.9035339355469,501.6007819449406,491.43944013758454,499.01426985214243,434929
2017-10-23,499.19903564453125,502.06266398115,492.6403175206121,495.18065298693807,2878772
2017-10-24,493.79498291015625,497.90571857922527,492.82504798147806,496.52008114347603,1940555
2017-10-25,483.3564758300781,497.9056674102477,482.4327176345118,494.1182813611161,2055745
2017-10-26,489.73046875,497.8133536018843,479.4305415003354,485.3426169732628,3566575
2017-10-27,507.97467041015625,515.3647362091374,491.9012547446813,491.9012547446813,8848376
2017-10-30,510.9306945800781,514.8104907270766,502.61686985725237,510.00693627754197,5360570
2017-10-31,510.7459716796875,516.1037583865872,504.27966376887366,510.83832495429266,2907328
2017-11-01,506.86614990234375,513.517220406149,504.7415172588063,510.88447563290964,3304676
2017-11-02,520.49169921875,528.6669387803325,505.89632728542557,506.2196201835767,8413439
2017-11-03,509.2217102050781,524.5098972124408,508.25177536674704,521.9233855163159,3595527
2017-11-06,499.93804931640625,513.5173088543739,498.18288583193726,510.83838698476075,3987042
2017-11-07,487.3749084472656,507.88235616826665,474.11899798280876,503.4483271322568,8930638
2017-11-08,496.7972412109375,503.8178386675424,491.80897983092154,492.3632123014556,4530173
2017-11-09,493.194580078125,512.6858577010954,486.8668018792613,512.6858577010954,4591954
2017-11-10,487.60577392578125,493.4716726930369,483.8183876207261,489.5918767331453,3187021
2017-11-13,491.9473571777344,500.30735657552333,479.5227996508838,486.63574818588205,5498679
2017-11-14,485.9430847167969,496.8896553532125,477.67543593614636,492.73274264155174,5853721
2017-11-15,466.1746520996094,480.35434860526533,462.8953211883629,476.65931515445556,8629268
2017-11-16,469.7772521972656,471.85570828381685,460.21637675182194,466.4979216481641,5351102
2017-11-17,477.6754455566406,482.3404705768487,471.16296012022315,471.30154643276455,3515919
2017-11-20,477.7216796875,482.0632990673333,475.08893441528926,480.35436857797237,1977341
2017-11-21,497.02813720703125,500.215114587397,475.31981736805835,478.5067947484241,7852414
2017-11-22,494.4416198730469,503.1249702665737,489.73047519294613,498.59853213727615,4294740
2017-11-23,503.21728515625,505.7576202350562,491.300781688432,494.21064260411885,3972361
2017-11-24,507.6052551269531,508.9908927660622,500.399950679934,504.1411610291805,4099139
2017-11-27,509.4989929199219,511.6698592389719,497.2130160613594,499.8457052518568,3833249
2017-11-28,501.7393798828125,513.9329452289701,499.84563012396353,508.99086051531805,2493500
2017-11-29,505.38818359375,507.74381255158573,500.21515925479764,501.6007968150602,2174433
2017-11-30,498.78326416015625,512.6396375155728,496.7048081568438,505.34192499569576,5950729
2017-12-01,485.8507080078125,503.8639955565597,482.43279088888283,502.5245346932547,3164938
2017-12-04,481.047119140625,489.40712020844154,477.12114649281386,489.40712020844154,3306680
2017-12-05,483.2642822265625,487.7444884025625,478.1836104723692,479.0149592940087,3479216
2017-12-06,472.36383056640625,486.3587637131409,471.2091326468594,485.71212160184774,3859141
2017-12-07,471.4400329589844,476.2435589896369,467.4216788955238,471.11671193027104,4470510
2017-12-08,482.0633239746094,484.04942719231246,472.0405673573887,474.3499634794894,3394236
2017-12-11,489.2223815917969,490.515665786866,482.0632546429302,484.97311589096927,2581923
2017-12-12,481.1395263671875,493.0560319400731,479.7077121643646,491.43945478617127,2669035
2017-12-13,477.4444274902344,486.1739542022107,476.19737640926445,481.27804676862615,2072867
2017-12-14,475.18133544921875,479.9848339423163,472.2252973430329,478.69160603330437,2301593
2017-12-15,478.8301086425781,484.04936576892527,476.5669458354962,478.96869494501476,3053990
2017-12-18,489.4071350097656,493.0098149247005,461.41726985638536,477.58304007157403,4063126
2017-12-19,487.28253173828125,494.53401226453593,485.11172215906083,492.36320268531546,3216333
2017-12-20,487.05157470703125,491.9013058918808,485.6197605859462,488.48338882811635,2558514
2017-12-21,487.92919921875,497.62866243986934,485.71215650122735,491.4394698700455,5492286
2017-12-22,490.46954345703125,492.8251161472729,485.9431046548104,487.92920780678753,2982469
2017-12-26,500.0303955078125,502.89408029017216,488.66817880809265,489.7767001308855,4858794
2017-12-27,532.3619995117188,537.3503178448351,501.64703012302664,502.3398489814182,23356359
2017-12-28,525.064208984375,540.9528056921956,523.1704594768369,536.0107216343848,11062915
2017-12-29,527.6046142578125,534.8560948914703,524.879515796785,529.0364284513819,5197225
2018-01-01,530.2835083007812,540.7682001686724,527.6969960080742,527.9279356124541,5314142
2018-01-02,528.5282592773438,537.6272546950078,523.9556450615826,533.0084638471125,3839130
2018-01-03,525.6646118164062,534.8098408863074,523.7709187129255,531.1609845854184,2182632
2018-01-04,536.8883056640625,539.4286408491386,517.3969727786231,528.3897184958257,6246746
2018-01-05,534.625,542.5692971017397,531.4380232808915,540.3984881209503,4600683
2018-01-08,546.4955444335938,558.504405777106,541.4611053603661,543.170036152705,10475190
2018-01-09,541.7841796875,552.4073988970588,539.7980770217183,551.4836407049232,4025566
2018-01-10,540.4910888671875,548.7125622686929,537.073227439934,545.7565237208624,2929462
2018-01-11,543.1239013671875,552.8695437016173,536.2418882519446,541.0916210914324,5930449
2018-01-12,538.9668579101562,546.3569252219576,535.4103541873084,545.0174642453458,2842683
2018-01-15,532.5005493164062,542.0614263538131,530.6992091317782,542.0614263538131,4456611
2018-01-16,533.6552124023438,539.4287021150623,528.5283648137968,533.3318631493902,4868363
2018-01-17,539.2439575195312,541.2300606009919,532.7314721782981,538.5511387304269,4812606
2018-01-18,532.7314453125,544.5093641333096,530.5144027464772,541.3223865878025,3679687
2018-01-19,528.4820556640625,536.3802335587352,524.325143669699,535.7797681624139,4693971
2018-01-22,532.2234497070312,534.7637854263307,525.4799679649525,529.3135880576826,3072409
2018-01-23,535.1793823242188,541.1838116531218,531.622935197486,534.8560894515106,4790590
2018-01-24,541.8305053710938,551.0219131876211,531.2534598851927,533.0086234857625,7168397
2018-01-25,535.6412353515625,550.559954662303,533.932305024851,545.9411630963441,4213982
2018-01-29,543.1239013671875,548.8973928427682,534.2557846316438,536.7499442254452,6006564
2018-01-30,546.8187866210938,549.4052988196432,535.8260393000864,541.04529672177,3542190
2018-01-31,535.6875,549.5438755159676,531.2072380874621,545.0174369613903,4781423
2018-02-01,512.0392456054688,535.7798466380177,507.6513934131746,535.7798466380177,8789899
2018-02-02,509.1755676269531,524.0942297976652,503.1249622594376,509.9145629635978,10873325
2018-02-05,514.9490356445312,517.7203103294439,492.8711914353693,497.7209221339665,4734366
2018-02-06,509.7298278808594,512.2239866123065,490.7004291094525,496.0582160699884,6325143
2018-02-07,507.6052551269531,514.9491458905792,501.2312994343555,513.6096848964257,5110233
2018-02-08,539.5671997070312,542.2461213258998,493.1021685597103,498.8756579264682,13707589
2018-02-09,538.2739868164062,541.3223780100822,526.6345981018251,526.6345981018251,3796079
2018-02-12,544.2322998046875,562.5227053824334,540.3986797800476,541.3224382070221,10261511
2018-02-14,530.9763793945312,546.6802740385899,527.6508713167226,545.895101859085,6630066
2018-02-15,531.8538818359375,540.3524701212134,522.2930052535875,522.2930052535875,10715444
2018-02-16,531.3919677734375,533.5166006098748,520.3992213328628,531.5305540726165,6640151
2018-02-19,518.5980224609375,533.2395715123477,511.34648471440084,531.161114975487,3518880
2018-02-20,516.8428344726562,523.4477297089614,514.5334384294362,521.6002128743854,2481944
2018-02-21,485.6659851074219,520.0759859543101,472.3176647777175,517.3508873625711,21898950
2018-02-22,500.1690368652344,505.29588511796203,484.04944022269126,487.2825948806672,12473655
2018-02-23,526.2189331054688,531.391956983208,504.3720269671127,508.0670601317069,30844893
2018-02-26,513.5634765625,528.2974338255622,511.16167097386824,526.5422703716288,8083731
2018-02-27,503.2636413574219,520.4917606825505,500.72330537221103,513.5635716319755,6920945
2018-02-28,494.5339660644531,510.23785661547856,492.0398638470274,501.6007393651067,8366660
2018-03-01,494.5801696777344,500.2150722230316,492.59406696755605,496.9357418439905,4264631
2018-03-05,506.7276306152344,510.5612503128561,486.86682612946464,494.3030695559291,7343286
2018-03-06,491.2085266113281,520.0759764591965,489.5919494198475,518.2284596689329,9825945
2018-03-07,484.8345642089844,493.4255622664245,480.44671189476514,491.4394591925567,6282066
2018-03-08,475.36602783203125,490.05380825708687,470.6548827652889,489.31481284803215,9316674
2018-03-09,468.16070556640625,480.26197339434145,466.49795186580553,474.81177675054266,4996423
2018-03-12,473.5647888183594,476.6593570527301,467.9298284815209,472.04056483322694,4632925
2018-03-13,483.40277099609375,485.4350508010092,473.5647776300267,473.5647776300267,4795084
2018-03-14,480.44671630859375,483.4027544343089,476.7516827468841,483.4027544343089,2469628
2018-03-15,477.0749816894531,488.66813699009293,475.504581315029,480.35431235321045,3013808
2018-03-16,464.6966247558594,482.20185669180347,463.08004765009184,473.0104498712353,8924919
2018-03-19,459.7083740234375,469.7773352059438,458.1841782621507,468.1607579640915,5580228
2018-03-20,469.9620666503906,472.04052296481495,456.10569122089504,458.87696630679415,4615574
2018-03-21,466.0361633300781,476.28986012914226,464.23482297841974,474.765692432927,3986735
2018-03-22,469.63873291015625,481.2780935949641,466.59034167428933,480.3543352579296,8691889
2018-03-23,464.0962219238281,468.11457666609186,459.61598797419776,463.54196123681425,5098042
2018-03-26,464.8351745605469,468.25306325841154,458.27648517969135,464.09615102713394,4203954
2018-03-27,466.59033203125,473.19519836637005,464.83519686533134,467.4217088792255,4458072
2018-03-28,457.35272216796875,466.22080714099536,454.48906591124927,465.57416507981634,6856832
2018-04-02,469.13067626953125,471.1167510524613,458.23031099732657,462.71054456217536,2924481
2018-04-03,471.11676025390625,473.1490399078192,466.0360893099916,467.42172684015014,2709038
2018-04-04,463.9576721191406,475.6894154729662,462.8029740800188,475.6894154729662,3120925
2018-04-05,468.8535461425781,473.8880405002634,466.59035506640566,467.4217319554255,2409577
2018-04-06,473.51849365234375,476.0126523999226,468.34546959803714,469.2692279207157,2772128
2018-04-09,471.9019470214844,478.2758738400886,468.6687928767421,472.9642634594406,2395291
2018-04-10,469.50018310546875,476.5669570615212,468.8073643404336,473.3338028246906,2645876
2018-04-11,481.69378662109375,483.0332474597185,471.3938588136417,472.04050091315713,5693850
2018-04-12,476.5669250488281,481.7399489275725,470.747230898942,481.7399489275725,3619891
2018-04-13,473.8880615234375,480.1696073978878,471.3939025548612,475.36605241798867,2130074
2018-04-16,479.8001403808594,481.2781312831601,472.50242639411977,473.8880640081788,2687330
2018-04-17,473.10284423828125,482.1094878220643,471.578620463717,482.1094878220643,3104869
2018-04-18,472.9642639160156,477.9525814396984,471.71718453509493,475.13507343403035,2412444
2018-04-19,470.37774658203125,475.7355335475797,467.7450297387888,475.7355335475797,1936774
2018-04-20,466.7750244140625,470.1929411565757,463.7266335178802,470.1929411565757,4431085
2018-04-23,475.0426940917969,476.1973919383982,466.49793002694685,466.49793002694685,2424057
2018-04-24,478.322021484375,483.5874549058275,473.42611392404314,476.56691459837776,3432552
2018-04-25,474.85784912109375,481.69368174467223,472.2251610383718,475.2735515503975,2112975
2018-04-26,473.51849365234375,482.8484865404375,472.3176191092083,474.81177785678716,3304748
2018-04-27,484.1879577636719,486.26641403425225,475.96648596290447,478.04494223348485,3998704
2018-04-30,488.1139221191406,490.4694945746153,485.0654745372788,487.74439623596527,1689385
2018-05-02,475.9203186035156,490.28474983287003,471.53246639116304,489.5919310624986,5805988
2018-05-03,495.1344909667969,498.1828823400585,472.64096880802333,477.58308177207834,7457111
2018-05-04,478.460693359375,492.3632465493838,477.0288790594538,489.59197124047546,5429919
2018-05-07,474.5346984863281,480.3543650947827,467.8836267702066,478.5068483059566,3837196
2018-05-08,472.4562072753906,479.6615109443808,469.8234904071903,474.81177973117326,2519096
2018-05-09,467.560302734375,475.55080715729486,466.6827491797588,472.45623910829465,2477607
2018-05-10,459.29266357421875,470.42394043180036,457.53750015393416,469.26924249259616,4218689
2018-05-11,436.0600891113281,458.32266951773124,432.08793974438026,456.3365948342573,9906203
2018-05-14,437.67669677734375,450.60931373123077,436.01394301676254,436.9377013706116,6746471
2018-05-15,432.91937255859375,443.4040361345321,424.00510955364626,437.8614856828504,5493167
2018-05-16,435.7367858886719,436.93766035961437,427.23819855459124,430.471352489599,4675165
2018-05-17,443.2654724121094,448.9465809151458,432.64225084724484,436.93772175486407,5939278
2018-05-18,429.45526123046875,451.6716669774071,427.561567845425,451.6716669774071,8722402
2018-05-21,409.917724609375,429.547587477993,406.73074736141825,428.80859215222614,5809871
2018-05-22,418.4625244140625,421.23379941018214,401.8348744373448,410.93389964611094,4466739
2018-05-23,417.76971435546875,426.31447910458553,415.1832022482993,419.3862914701665,4549341
2018-05-24,427.56158447265625,433.8893352010671,417.03074426722395,420.2176938580042,6237036
2018-05-25,430.8870849609375,433.6121551240666,421.2337991213921,430.0095032697544,4971624
2018-05-28,461.60211181640625,466.45184371121377,443.4040589538279,448.02285123459694,16007675
2018-05-29,461.4172668457031,471.0705522732759,452.68773971011376,458.7383734371245,8258927
2018-05-30,456.8447265625,465.29713886593026,454.81247490307527,457.16804765562017,3851368
2018-05-31,443.727294921875,458.1841063489459,436.84528446750534,457.16796660395056,18790216
2018-06-01,447.4223327636719,452.2258589503243,442.57260174806567,448.0227700131452,3793797
2018-06-04,442.1107482910156,453.38058315327055,440.44796636024967,448.94655438629604,2995860
2018-06-05,437.3996276855469,446.4062726062102,434.3050312284782,439.8475819488864,3076737
2018-06-06,452.5030212402344,454.67385894264135,437.03006929303723,440.5403396524725,4126448
2018-06-07,451.4868469238281,456.24419629671956,448.53080923284034,453.24198196934884,2197858
2018-06-08,487.975341796875,492.96365937219656,449.17749162088114,449.87031037402386,29224236
2018-06-11,494.8573303222656,502.52451290084014,486.03544987397413,489.5918967600097,16452353
2018-06-12,499.24530029296875,503.4022136070122,490.8390639844115,494.8574473503673,8140874
2018-06-13,504.6490478515625,518.1821268132273,501.00019201443627,510.09924329250765,20167822
2018-06-14,516.6119995117188,519.1523356738238,500.67716358578735,504.37219800339466,12154425
2018-06-15,527.7431640625,530.0987367124853,518.2284637932672,519.1522221957507,15166730
2018-06-18,526.6347045898438,534.2095356567012,520.9074469268066,528.3898683135133,6090932
2018-06-19,517.258544921875,532.5467356846974,515.7804976026391,526.5423058807936,6719183
2018-06-20,521.092041015625,522.5700881432099,510.93069958812725,516.3808961792056,4435880
2018-06-21,512.2239990234375,524.186680790954,510.4688356264794,521.9234615838452,3243433
2018-06-22,533.2395629882812,537.4426526415072,505.8963355375942,510.83842067132014,9935404
2018-06-25,528.2050170898438,546.8649471717122,524.6485699692084,532.9162185381009,14303449
2018-06-26,529.2673950195312,532.5467261156214,522.6624998012212,527.7893477268537,4726890
2018-06-27,532.916259765625,537.3502889445067,525.1566664162768,533.0086130557463,8539318
2018-06-28,524.0480346679688,538.7358131355456,521.1844066963741,533.7013194858587,5516028
2018-06-29,520.9996337890625,528.297346247664,517.4431872103918,525.6184248687528,4416940
2018-07-02,520.2145385742188,529.1749494848276,515.919039683959,523.1243435544962,4132132
2018-07-03,529.8677978515625,532.8238360199841,517.9513482719324,521.7387351747068,5950013
2018-07-04,535.1332397460938,543.9551213529918,529.3597496392575,532.084848246032,9406196
2018-07-05,523.724853515625,536.7036481894698,521.8311600092047,536.7036481894698,3833300
2018-07-06,515.549560546875,529.5445234041017,512.6859319481491,524.1405591065337,5609846
2018-07-09,525.4337158203125,528.9439861244289,517.8588863966512,517.8588863966512,4117856
2018-07-10,520.9534301757812,528.3896721526335,515.4570577992473,525.6183976483364,4594276
2018-07-11,517.9974365234375,526.2650841027432,516.935091987684,521.8772324335745,3519985
2018-07-12,521.4154052734375,527.1888948871887,515.4571527156995,520.0759444067004,3736611
2018-07-13,517.0736083984375,523.7708547778724,514.5794501945796,523.5860918772679,2012823
2018-07-16,493.2406311035156,517.3045174702057,490.2384173860546,516.8426384367502,4267330
2018-07-17,506.8201599121094,509.68378891470786,492.36331579798696,494.21083293043716,3699579
2018-07-18,507.97467041015625,516.5656106251263,501.4621298194221,512.6396381694176,5720388
2018-07-19,503.4020080566406,511.57724501676137,500.90784981028645,510.28401745393785,2767826
2018-07-20,517.3970336914062,520.0759554819293,503.44830504023355,503.44830504023355,2702091
2018-07-23,518.9212036132812,523.7709344881717,514.9952310002747,519.7987852384169,2459719
2018-07-24,519.7987670898438,525.1565535453593,516.4270269989986,519.2444783230283,2480730
2018-07-25,515.5957641601562,524.0942961806084,513.1477818918656,523.2167708219166,2161490
2018-07-26,513.0553588867188,520.8148944224737,509.4526791289446,511.7158981366884,3113443
2018-07-27,514.57958984375,518.2284466894796,511.0693193065144,513.5173015449972,2638153
2018-07-30,519.7987670898438,523.5399766435047,509.86836612130793,512.9629336378814,3441224
2018-07-31,525.1565551757812,531.8538023614003,517.4431964871044,519.6140057807862,5998010
2018-08-01,530.837890625,532.8239377432321,520.8150762015287,526.542390674691,3672172
2018-08-02,536.1492309570312,542.7540676312569,531.4380307550454,531.9923194514841,5898107
2018-08-03,541.1837768554688,544.4631639219349,539.3362602576769,539.3824932780075,3298774
2018-08-06,532.2234497070312,548.1582828553646,531.2534582360878,541.7843270433349,3867267
2018-08-07,526.2651977539062,538.0892945816703,524.9257367313891,536.1956010444693,3076068
2018-08-08,530.2372436523438,534.2555695489334,521.2767772132316,526.542210595533,2970652
2018-08-09,527.8817749023438,540.306337269373,520.1221814082555,531.345869072608,4595269
2018-08-10,511.7621765136719,526.2651953193786,507.00479798796937,522.9396311014366,6086714
2018-08-13,520.9073486328125,524.2328560923344,510.4688343224146,514.4410402757264,3254839
2018-08-14,555.917724609375,563.4925538223496,517.3969928504189,522.3853101418666,25001972
2018-08-16,572.453125,574.3006419072894,556.2873520612169,563.4926567232976,25169096
2018-08-17,575.9635009765625,585.1087338895968,571.8065871764109,575.5016216654345,14161255
2018-08-20,578.5961303710938,582.8454534209435,572.9612259135979,577.3490789133393,9494515
2018-08-21,586.9561157226562,590.6973260033408,573.1920928737184,579.1041692449342,7752348
2018-08-23,590.8821411132812,596.2861057310354,585.939999359121,591.1130807359501,8942755
2018-08-24,581.7828979492188,591.0204798676939,571.5292045724016,589.5886659466754,7909136
2018-08-27,574.3929443359375,588.0645569628739,573.3306560373594,584.0924072402942,8253456
2018-08-28,573.838623046875,585.1546613504632,571.8986969372232,577.348893040214,4181613
2018-08-29,573.8848876953125,582.8915318080358,569.7741516700813,576.3328699299268,4435825
2018-08-30,591.1591796875,593.052873068146,574.7162919909299,575.9633432367431,9022572
2018-08-31,603.0755615234375,609.1262232723058,594.253681357757,594.3922676503762,12972927
2018-09-03,606.1702270507812,622.1512348736386,601.5976120437374,608.5719761546155,12185947
2018-09-04,605.385009765625,612.8674862005687,595.962719737654,607.8329919362995,7989190
2018-09-05,613.1447143554688,620.5809591251634,603.9071292051038,604.2304221326685,9140409
2018-09-06,625.7538452148438,627.5089520162442,612.682643756529,617.0704953326217,7815292
2018-09-07,613.6063842773438,618.9179939267149,591.2052479299963,600.4428299289025,22074525
2018-09-10,589.35791015625,616.3778456924103,586.9099276319006,606.4474420338215,9930755
2018-09-11,582.3372192382812,599.8886258642746,579.704474415345,593.9765505533537,8273963
2018-09-12,600.3505249023438,604.5074371358772,572.8224832282262,577.3489213240994,11215125
2018-09-14,614.5302734375,619.749530931829,607.8330250610672,614.2993338383127,7444874
2018-09-17,598.732666015625,619.1629472404828,596.8795782573295,612.4455041166616,6264996
2018-09-18,595.3046264648438,607.5350207624906,593.4515381334356,598.9181713317967,5780144
2018-09-19,601.1880493164062,608.9710415052248,594.4706053439256,604.0603696356939,7659788
2018-09-21,588.2627563476562,606.8862664847309,569.3612377936902,602.2535468932443,9635852
2018-09-24,578.1633911132812,595.7214092531134,570.7510399451622,591.1350056574895,5305739
2018-09-25,594.0072631835938,597.6208069626731,578.2097012246206,578.2560171086086,7213759
2018-09-26,592.8489990234375,602.0681206961509,586.0852409222018,602.0681206961509,4850782
2018-09-27,584.8807983398438,596.6479164049117,579.2752194245204,594.5631927672648,4070395
2018-09-28,577.4684448242188,589.606146434883,570.8436337871648,583.7226157067915,6693066
2018-10-01,588.077392578125,592.0615198205584,565.1917481855096,578.1633620782917,5527208
2018-10-03,575.2447509765625,593.6829969919404,573.0673954576904,589.7451854629264,4723773
2018-10-04,555.046142578125,575.1521576266947,547.4484708690002,572.6041617612523,4851894
2018-10-05,554.02685546875,571.0752268099083,547.633680870976,551.2935400522598,6804502
2018-10-08,559.8641967773438,564.0336446639768,545.8270329383098,548.5140330859537,4400199
2018-10-09,564.9600219726562,571.9554156084232,553.7024933790735,563.33857049508,4516779
2018-10-10,558.65966796875,573.9939585369906,549.4405446528416,565.1917912955032,5566798
2018-10-11,543.6032104492188,558.937497665798,539.8970355786622,546.6607934070797,4591533
2018-10-12,547.216796875,553.8416082857347,539.850818216992,547.680068818359,5795641
2018-10-15,555.8799438476562,559.1228470293889,543.5569230674204,550.0890453088477,3422475
2018-10-16,558.427978515625,567.0448248376117,549.3014878449515,557.7330706420495,3557343
2018-10-17,549.8574829101562,564.635869268138,547.5874390689786,564.635869268138,2629035
2018-10-19,565.1455078125,566.5816396607328,546.7535760118378,548.4214004051469,4841857
2018-10-22,562.3195190429688,571.492269779211,559.1229312576525,565.8403745746098,4362446
2018-10-23,533.5503540039062,561.1150387387888,530.6780901480339,560.5591349446714,4538253
2018-10-24,528.7786254882812,541.1016482914167,520.2080942439394,540.1751043731094,5820242
2018-10-25,517.7063598632812,530.4000215183769,511.5448208343663,523.7288946983798,6105402
2018-10-26,513.3517456054688,520.2545104381081,509.5992533231691,517.7065141714922,4002009
2018-10-29,531.4656372070312,535.1718133564576,513.7223528227088,513.7686687142245,3640433
2018-10-30,520.763916015625,533.5965811956079,518.5402448927041,529.8904061056622,2783468
2018-10-31,537.627197265625,539.2486493900797,519.2816359678613,521.2273558965021,5896444
2018-11-01,529.8441772460938,541.564981764699,526.2770053761318,538.553713688163,2779373
2018-11-02,529.8441772460938,537.1638976528387,526.5549572728448,531.836269517429,2688591
2018-11-05,529.6124267578125,541.0552769061886,522.8023522775105,529.056523084552,2962317
2018-11-06,536.7931518554688,542.8620592575973,532.7627087663702,533.7355684894201,3500726
2018-11-07,539.5264892578125,540.730984989775,537.3954496471481,540.175081283254,298414
2018-11-09,553.5636596679688,560.3737346544797,540.2677208847432,544.529856719627,6848765
2018-11-12,546.1976318359375,556.8528867402857,543.8812720741226,556.296983018151,4284490
2018-11-13,520.4859619140625,549.3478229212718,515.389971187712,546.1975514879214,9176639
2018-11-14,481.8954772949219,517.7527388393327,478.09666978746714,516.2702911661196,25499010
2018-11-15,477.2626953125,489.2151331173148,470.7769168993179,483.6558702409817,11390206
2018-11-16,481.5711975097656,486.9451408806208,475.6876662984569,480.3203858512204,5732203
2018-11-19,492.5045166015625,493.8480168884413,481.52499137962684,486.435663914506,5239761
2018-11-20,486.8525390625,493.4772944994698,483.0073589764414,491.0683028045273,3084743
2018-11-21,493.7088317871094,496.9054191464532,486.89875760777454,486.89875760777454,4029454
2018-11-22,487.31573486328125,493.38458559166503,486.20387096568305,493.38458559166503,2263069
2018-11-26,473.23236083984375,489.3542494979695,469.2018886753123,488.28870124835566,5189359
2018-11-27,457.57366943359375,481.200508478465,439.64504092914825,480.7836090024374,39588964
2018-11-28,450.30035400390625,465.495668936517,446.13090628164787,453.07998581874523,11393583
2018-11-29,448.8178405761719,455.3499917612074,443.5365575344327,453.07994799159496,7391256
2018-11-30,456.4154968261719,457.66633665325253,446.36249060419783,451.18052983596266,6544665
2018-12-03,421.9480895996094,427.13674113407046,408.7448389246408,416.9447581569018,61492013
2018-12-04,410.36627197265625,430.5649451862884,409.115432100282,424.12545401702357,36233775
2018-12-05,382.6163024902344,412.54365818584216,372.0073638666269,410.4589344779968,48891969
2018-12-06,389.2874755859375,399.80375617170176,382.66269130686635,385.4423234471099,56087131
2018-12-07,381.0412292480469,394.70775357973974,378.16893712315925,393.7812095572521,23905860
2018-12-10,369.6910400390625,379.1881156290384,367.884268006716,375.2503037990484,24690744
2018-12-11,391.27947998046875,393.5958397442079,361.9080551417818,361.9080551417818,24688467
2018-12-12,399.75738525390625,401.8421090721308,392.0207378733197,395.3563016376543,16244450
2018-12-13,391.0941467285156,397.7652451757567,387.29531146329435,391.0014866926082,16853821
2018-12-14,389.7507019042969,394.70771762827815,386.461482234412,390.955225989346,8144364
2018-12-17,390.02862548828125,394.15172844933267,389.1483975643936,390.81616510074895,6151952
2018-12-18,401.61041259765625,402.9538841126188,388.0828677596587,390.0749312307219,14402058
2018-12-19,392.6693115234375,402.49068296917017,391.7427675809321,401.6104831893163,7882841
2018-12-20,397.53363037109375,399.3404022018463,390.6308956048232,391.001507492295,6156074
2018-12-21,394.0591125488281,401.1935119469182,391.92807287193165,397.9506082706729,7315242
2018-12-24,393.178955078125,402.120099091693,391.2795228979939,395.68060693183156,7052582
2018-12-26,383.264892578125,392.34504009529223,379.883012874781,392.34504009529223,8406699
2018-12-27,380.9485168457031,392.2060195168947,379.8829970214279,391.9280676586927,12839897
2018-12-28,393.9664306640625,397.2093339277925,383.1258570149589,384.5156726994146,12805576
2018-12-31,398.87713623046875,400.544903886936,394.2444168781985,396.653436596554,6368707
2019-01-01,401.7030944824219,406.5674499325708,398.0895789460579,400.7302347027424,8487116
2019-01-02,407.72564697265625,408.7911951177878,397.7189837927071,398.87716371056587,9656878
2019-01-03,404.0658264160156,411.0149061126593,402.1200784457798,409.5787460098263,9479511
2019-01-04,401.9347229003906,407.5866462104424,400.45227531653296,406.8454224185135,6228693
2019-01-07,399.1551208496094,405.82624857489,397.7653049298323,404.99236467819924,4118235
2019-01-08,415.13800048828125,416.01822854053296,400.5912776139715,401.9347493597677,12368631
2019-01-09,415.78656005859375,420.32661934890535,411.1075248434932,417.408011824839,9034282
2019-01-10,411.9414367675781,415.0916804731364,408.09628511479923,412.4047087323919,3672333
2019-01-11,411.756103515625,416.7131190359302,409.1617919059073,412.35835139546566,3778103
2019-01-14,417.7322998046875,418.79781957542355,411.15383282432344,414.1651003323326,5784064
2019-01-15,419.21478271484375,421.11418632631774,416.48146700479606,419.95600649593734,4291873
2019-01-16,420.465576171875,423.8011395946478,414.3040653952366,418.241876648651,5879148
2019-01-17,395.21728515625,421.9480820505797,391.4647937103237,421.5774701495794,8343750
2019-01-18,362.04705810546875,392.9473053161591,343.006590736185,392.90096115189834,82906214
2019-01-21,369.04248046875,376.68646881215346,361.39849212534654,361.44483629295587,48936782
2019-01-22,388.17559814453125,392.3913617956209,379.32708647971754,380.809562451004,38255365
2019-01-23,399.3404235839844,402.4906672099821,381.4117933433101,387.01740094151114,26921274
2019-01-24,391.92816162109375,405.82632338070704,386.4615569841557,399.34051455955415,18446490
2019-01-25,391.37213134765625,398.182234557213,388.5461838089093,394.1517630025059,8720973
2019-01-28,381.50445556640625,393.5495264161046,380.02197965280664,392.85461848246814,5809082
2019-01-29,391.37213134765625,393.54951513246357,376.4084532608907,380.34626477192774,7472930
2019-01-30,387.2490234375,394.70769031263524,385.6275716580467,392.8546025646886,4351530
2019-01-31,392.3450927734375,399.6647851783827,383.31128820556626,388.221960403903,16672076
2019-02-01,392.1596374511719,396.56072021051756,386.36873908361173,390.2602340969605,3950126
2019-02-04,384.3304138183594,391.92808541331823,379.14179039103595,391.27949334696433,3679517
2019-02-05,379.7904052734375,387.7586898600264,376.6864770112575,384.33046552104304,3523707
2019-02-06,385.9981994628906,388.2218991969101,373.67514846557754,379.8830039874299,5638849
2019-02-07,402.9539794921875,413.0533034256672,390.16768361690185,391.92811155974863,18187249
2019-02-08,399.38677978515625,403.8805238391563,393.3179278970956,402.1200958947927,6133747
2019-02-11,397.07037353515625,401.74943715444385,389.936002533559,400.49859724529273,4945054
2019-02-12,404.529052734375,411.3854716059662,392.900910388997,395.819546152847,8559968
2019-02-14,408.51318359375,412.2193590462238,397.163021270549,400.26694886717075,9040227
2019-02-15,391.8353576660156,408.37416974181724,385.8591672694635,408.37416974181724,10206627
2019-02-18,384.1913757324219,396.560740947525,382.9405359644456,393.31783769211296,6210412
2019-02-19,383.264892578125,391.37215199923315,382.06039677448257,386.5077963465683,4742270
2019-02-20,391.32586669921875,393.2716147675412,385.48862249425133,387.2953946168106,4385350
2019-02-21,398.1358947753906,400.2669342725105,391.650087970049,393.9664475433853,4736317
2019-02-22,398.87713623046875,404.6680354208066,396.9777326063879,399.34040816569575,4373261
2019-02-25,404.0658264160156,406.52116225365415,396.0975427086887,399.7110584957679,4849697
2019-02-26,403.74151611328125,407.6793278022805,391.78910511243515,398.8771604974586,5255113
2019-02-27,410.1809387207031,418.4734885054006,403.97308414482603,404.4363560303132,12232682
2019-02-28,412.45098876953125,418.3345478664603,409.62504134014074,413.79448866106895,10862473
2019-03-01,414.4894104003906,417.87128990743764,412.35834251072555,414.998998224074,5608805
2019-03-05,422.411376953125,423.33792089391966,412.6363496880918,414.95270954007856,5251255
2019-03-06,426.7198181152344,434.8734220939958,414.11884262457454,423.4305983009286,13004184
2019-03-07,417.77862548828125,428.9898119747621,415.83287770535895,425.74690842851663,10701581
2019-03-08,421.5311279296875,424.2644152701904,414.44304498996894,416.48145273193194,5040326
2019-03-11,425.70062255859375,427.55371042995404,420.6509467987862,422.5040346701465,4628360
2019-03-12,435.75360107421875,437.00444104093816,428.06329772840974,428.9898416628868,8660320
2019-03-13,422.96728515625,440.1083470957695,419.26110960175936,438.2552593185241,7156428
2019-03-14,431.9084167480469,434.0858004846282,422.50400217927523,423.3378860020857,8039525
2019-03-15,430.24066162109375,435.42931306804047,428.34122967822344,431.9547734753363,5877969
2019-03-18,430.75030517578125,435.3830252320402,424.95940510545756,431.7695092433341,3785329
2019-03-19,434.5028381347656,440.3400542665584,432.37176988083553,433.1593379686819,6725926
2019-03-20,439.8766784667969,441.7760819871098,431.7694200432382,436.1705031874558,4235163
2019-03-22,438.4869384765625,444.46315845711734,434.87342261021973,440.84961431489626,6125288
2019-03-25,430.5185852050781,434.96601255719276,427.3220259552406,434.0857846078306,4043446
2019-03-26,435.29034423828125,436.865480291997,428.1559726603332,432.6960324419143,3843580
2019-03-27,430.7039489746094,442.2857480312791,425.9785693043128,437.14341228459176,6016947
2019-03-28,440.52532958984375,444.55577312649984,430.8429340623918,430.8429340623918,10590187
2019-04-01,443.675537109375,448.6788683443591,440.6642695365941,445.6212848885007,3583589
2019-04-02,435.1976318359375,448.3545367598398,432.78861231368495,446.59410920445737,4034802
2019-04-03,428.06329345703125,439.0891605121128,425.4226376149457,436.4021887841163,4715586
2019-04-04,431.39886474609375,435.3829923835328,425.74694104870485,428.98984484341753,4151406
2019-04-05,429.1287841796875,435.4756152917745,427.5999924620296,432.7886437462129,2205935
2019-04-08,428.480224609375,432.88130799821784,426.62713686670435,430.47228827757095,2274003
2019-04-09,436.35589599609375,437.6993677932685,421.3921881908181,423.6622322381479,4345243
2019-04-10,437.2823791503906,444.64838575585526,433.0202718063416,433.62251965068157,3887388
2019-04-11,431.3525085449219,436.30952414795604,427.6926770442715,431.07455668062613,4429596
2019-04-12,430.8892517089844,434.08583963994965,428.34125585197296,432.69602371794343,3332732
2019-04-15,424.9593505859375,432.51067765367765,423.8938307648731,431.12086181510426,3770497
2019-04-16,428.57293701171875,430.37970921111645,424.9594208888036,425.70067309086335,2825105
2019-04-18,429.1751403808594,431.76945195780934,423.1526051067698,429.82370413715915,3567327
2019-04-22,421.11419677734375,430.88922347799684,419.168448958841,429.91636370668317,1828896
2019-04-23,434.132080078125,437.6992793131642,419.7243355009683,419.7243355009683,5292341
2019-04-24,434.87335205078125,435.4755998848089,428.5265211632428,434.64171609339576,2821522
2019-04-25,427.13671875,439.7377208802292,425.74690296231023,431.07453014845447,5244937
2019-04-26,430.00909423828125,434.9197663355794,428.6192781795123,429.9164341791873,2903286
2019-04-30,424.0328063964844,429.91636576416477,413.2385757129687,429.91636576416477,6586352
2019-05-02,418.98321533203125,427.7853834837472,417.40807919453033,423.3842994078892,3732218
2019-05-03,419.9560241699219,422.68933999500206,415.87923665058486,421.57747600069376,2585548
2019-05-06,419.86334228515625,422.41133788669197,413.65551542148484,415.09164708654606,3104707
2019-05-07,415.2769470214844,422.50397743033824,413.6554953537144,422.50397743033824,4189396
2019-05-08,406.8917541503906,416.8057853398702,401.61047080647376,414.8600374654267,4885249
2019-05-09,407.07708740234375,410.1810152695438,399.85002767449146,403.9731595351437,3550114
2019-05-10,405.5946350097656,410.13469494350556,402.53705112758206,404.8997270114622,3482485
2019-05-13,368.8571472167969,405.59460868776637,319.24070239237886,405.59460868776637,24079258
2019-05-14,388.6387939453125,393.3178286530984,373.62877362629433,376.2230848606539,18797497
2019-05-15,379.6513977050781,393.3179214784763,377.19606180096537,389.14847354760906,7581005
2019-05-16,382.106689453125,388.77781668195166,351.20644548111727,381.27280561849045,25156049
2019-05-17,379.0491027832031,385.4422498295275,372.19268380198747,379.002758624189,7747301
2019-05-20,383.1258850097656,397.48731479852347,380.068301590896,389.1484200824705,3809738
2019-05-21,378.8175354003906,392.6230359044508,375.8525831699342,383.7745516563662,6228488
2019-05-22,390.26031494140625,392.43767055796263,378.02992374518203,378.95646767593,7277731
2019-05-23,382.6163024902344,395.63423255554096,380.0683068473123,393.781144815234,5906044
2019-05-24,385.2106628417969,387.2953868138812,381.4118268374898,386.09089094036165,3010407
2019-05-27,384.3767395019531,390.53825073259475,381.3191276908345,386.3224873315967,3886561
2019-05-28,382.43096923828125,389.6116839847299,380.06829376108965,386.36878055084986,7987111
2019-05-29,392.6693115234375,396.3754872934591,373.90679668770315,387.34168385403143,28086149
2019-05-30,382.43096923828125,391.65009173923266,380.9948375993411,390.3065918634185,9082367
2019-05-31,379.7440490722656,386.46149280722693,376.2231650456558,384.3304247257815,5643400
2019-06-03,386.1834716796875,387.851267602463,377.5666250442424,380.8095285722298,4611475
2019-06-04,380.9485168457031,387.2026881381291,379.04911317094627,384.33039640791384,3279047
2019-06-06,374.4627380371094,383.1259297705303,373.0266062007995,381.0412058479579,3483633
2019-06-07,369.9226379394531,377.010692848428,366.07748655655985,375.2502651608729,4668474
2019-06-10,372.5169677734375,375.9915074365744,365.10461649207866,372.47065188827946,4966075
2019-06-11,361.3058166503906,368.57916387689863,355.7928689590341,366.9113961140039,13833555
2019-06-12,362.6492919921875,367.83794370465785,356.95105242372654,362.27868007184185,7739283
2019-06-13,361.1205139160156,364.8266898125238,357.0900419733874,362.2786938836744,4090663
2019-06-14,363.7148132324219,365.8458812651966,348.8901101559109,361.3521374899538,9786375
2019-06-17,354.7736511230469,365.5215659415215,351.9477035585641,362.9272543503857,6558933
2019-06-18,350.6505432128906,357.2753263094745,346.80536348452614,353.3838306973919,3761637
2019-06-19,347.6393127441406,354.03246055349894,341.1071607170246,352.0867125395521,7197444
2019-06-20,361.8153991699219,363.3905351373502,340.9681610615397,340.9681610615397,8109029
2019-06-21,354.6809387207031,362.9272007752466,353.05948714663225,360.3328612912103,5389874
2019-06-24,355.28326416015625,357.0900077711263,349.770316731782,353.7544441285753,3702836
2019-06-25,357.41436767578125,359.03581976504273,349.81669514717527,354.40309951000995,4480306
2019-06-26,370.10797119140625,373.90677855070896,356.39510454196636,356.7194005612881,9571797
2019-06-27,373.2118835449219,375.6209034171372,365.7532162217449,369.7373438088065,7651785
2019-06-28,371.4977722167969,379.6976627623824,368.90343244159993,375.157603500631,7283442
2019-07-01,375.5745544433594,376.64007421338846,372.0073549733714,372.47062689737305,2254468
2019-07-02,366.494384765625,377.1033224697798,362.4175977454505,375.11125897677243,5539613
2019-07-03,366.6333923339844,369.8299514729124,364.2243728029911,368.2084998257268,2683086
2019-07-04,363.2978820800781,368.81080152038766,362.463998194875,367.55998983052143,3308295
2019-07-05,347.6855773925781,365.42888634651155,345.9714656263406,364.5950025422505,5446432
2019-07-08,339.85626220703125,352.9205357373288,338.559106512903,347.45393284901235,7355520
2019-07-09,358.0165710449219,365.9848545459069,340.0416243502477,340.0416243502477,15428006
2019-07-10,363.3905334472656,368.1622289369275,352.64261841731167,357.64594988487823,10202064
2019-07-11,368.9034423828125,370.9418502414072,361.63006722594656,365.8921747547239,7759443
2019-07-12,377.751953125,381.2728085767192,368.16221826260977,371.0808258444132,13549864
2019-07-15,391.8817138671875,396.282796943544,383.2648395100604,385.67385905966177,18269604
2019-07-16,401.4714050292969,403.04654075177905,387.8975444269688,389.88960788125723,8630766
2019-07-17,398.46026611328125,404.2511665525272,396.65352214176517,401.19358243095775,6500759
2019-07-18,394.8930358886719,401.10086327949193,393.45687582578205,398.46020741303494,4711395
2019-07-19,390.39923095703125,397.85789714443933,385.4885319122391,395.6341977071148,5104476
2019-07-22,398.6454772949219,410.7368627973529,388.2218593528699,388.3145193897517,10420113
2019-07-23,398.6454772949219,403.50983233454616,395.72686992632197,399.34038515772534,6698368
2019-07-24,394.29071044921875,400.6838854142742,390.7235393705299,398.4138417497692,5319256
2019-07-25,405.03863525390625,407.40133901874026,394.2907210214803,394.5223569821969,11412685
2019-07-26,407.63299560546875,409.71771935740423,401.2861643055123,404.8996798203587,5094438
2019-07-29,399.38677978515625,409.25449600327767,397.67269600630783,407.6793598933382,4448863
2019-07-30,380.2073059082031,408.88382346888943,375.2502902460735,398.41388840941136,9461831
2019-07-31,395.4026184082031,397.30202213648596,378.9564638054015,379.88300772668606,7746831
2019-08-01,393.87384033203125,396.32917615390505,387.2953726062708,393.5958601804237,3635110
2019-08-02,389.7507019042969,395.1709895973254,386.6931182189357,391.83542576500963,3490912
2019-08-05,386.50775146484375,392.6229463732658,380.85582846954645,386.97102337796855,4784904
2019-08-06,387.4806823730469,391.4184940708385,384.05245852579526,385.44227441913347,3204070
2019-08-07,390.12127685546875,397.4873117756469,387.3879894626293,390.07496097330386,5431353
2019-08-08,395.1246032714844,396.74605487409195,387.4342729907369,392.854559717485,3157083
2019-08-09,391.00152587890625,398.7381731006427,387.7123063435928,396.56078928002813,3434604
2019-08-13,406.9844055175781,411.84876096201134,389.8433434752897,390.538251395923,13211835
2019-08-14,386.50775146484375,408.60582737607126,378.0761969907977,407.67928354982166,16173302
2019-08-16,384.23773193359375,390.4455585373385,379.88296468659325,388.592470904721,6536156
2019-08-19,394.70770263671875,402.3053739508745,390.07498312220326,393.5495227580899,11584821
2019-08-20,392.51611328125,397.7384764601001,389.1588777763042,397.272194541624,5151625
2019-08-21,388.8791198730469,397.132315519105,385.7084085204364,392.60937521955094,5120294
2019-08-22,386.5943908691406,392.3762989939468,380.9523901105818,388.59942621634553,5299316
2019-08-23,398.9508361816406,400.9558713903286,381.3253836711572,387.0140293119991,5479802
2019-08-26,391.07073974609375,400.81601698502806,387.1073425367692,399.13741308021145,6258106
2019-08-27,388.64605712890625,396.75937552419373,387.1073321807229,395.453763122491,6738413
2019-08-28,385.2421875,393.26224345468694,383.75007943361265,388.78591925552496,3441725
2019-08-29,405.33892822265625,409.02256732756274,392.7026976772578,399.1373834474592,19967263
2019-08-30,420.0268249511719,422.8245169847626,400.76938381187455,403.7536000315427,12308149
2019-09-03,409.7220458984375,425.2492325803395,405.0125800846727,419.6538479411245,9396440
2019-09-04,397.69189453125,400.4895862874752,374.23788920722154,395.9200003179669,33952423
2019-09-05,402.68109130859375,404.68612651440736,394.8009432204978,399.13735977850934,8793166
2019-09-06,396.4329833984375,398.39137359561124,386.5011819565661,388.5994510693388,12513040
2019-09-09,399.8833923339844,403.33389017714006,397.2722247756339,397.2722247756339,5488753
2019-09-11,393.728515625,405.66532293914196,392.8425684784219,402.867631056803,7742635
2019-09-12,398.9508361816406,410.14160329427676,391.163950166772,396.10652759101595,9896642
2019-09-13,394.3346862792969,403.66032611818486,392.70269930749146,401.42217824877054,6847742
2019-09-16,398.018310546875,400.53624477329254,391.6302698065254,392.609450639246,5239616
2019-09-17,392.2830505371094,398.71773660313704,390.8842045027731,397.92507995135617,3367950
2019-09-18,388.6926574707031,395.9666736277107,386.31463069336263,395.31386745452994,3728621
2019-09-19,383.4236755371094,390.65104639816974,380.6726288657526,388.6926563438991,4238714
2019-09-20,385.80169677734375,392.4228776990441,380.48607116400984,385.9881924815711,11785529
2019-09-23,381.8383483886719,395.6869012823018,378.06144704164944,389.81175935528273,7342291
2019-09-24,382.0248718261719,391.39715795858064,378.9474217287226,380.48614677744723,5860106
2019-09-25,379.3204345703125,384.86920215745386,374.6576142314027,381.9782478554105,5031063
2019-09-26,384.1697998046875,385.14898074477554,377.96822565213535,379.3204550071125,5309789
2019-09-27,374.61102294921875,384.6827041840153,373.25879357491425,384.2164221183377,3835936
2019-09-30,363.1871337890625,375.8233671313509,360.4826748807347,375.7301050207878,6674624
2019-10-01,360.48260498046875,369.6683661275382,354.4675842201119,362.3011161752248,4308157
2019-10-03,361.9747314453125,365.0522098956751,352.18280888975164,356.2394682118318,5216456
2019-10-04,360.0163269042969,367.43022221350907,358.2911062427979,362.7674021346574,4024033
2019-10-07,354.2810363769531,361.50840693771585,347.4733309745235,360.0162989364785,5151963
2019-10-09,358.05792236328125,361.601653815027,348.9654242982999,352.5091557500457,4991946
2019-10-10,360.9488830566406,363.51343404413916,353.1619964622752,359.0371382497977,4581317
2019-10-11,360.2494201660156,363.0937571129252,355.7731248673793,361.27524613933394,4273739
2019-10-14,368.036376953125,372.09303604554043,360.9022680441708,360.9022680441708,4372357
2019-10-15,370.0413818359375,373.0255980038058,365.79822704248204,370.414430201617,2892153
2019-10-16,372.745849609375,375.07725965581943,367.663364324288,371.20709621104544,5503380
2019-10-17,374.4244079589844,375.40358867566306,370.0413462204597,374.51767004142806,2934902
2019-10-18,374.5643615722656,379.08730310691215,370.6942262853569,373.9582006048506,4647037
2019-10-22,378.10809326171875,380.4861201286849,373.91155517206414,374.8907360091454,2944611
2019-10-23,377.87493896484375,383.6102017937126,375.8232868093421,378.24795886777287,3374975
2019-10-24,378.5743408203125,380.25294451957836,371.8132522911477,377.68839369817107,3017220
2019-10-25,389.345458984375,391.2105869316055,374.00477023456625,377.6884093141841,4845146
2019-10-27,389.5786437988281,391.490388775941,387.99327348151706,387.99327348151706,359071
2019-10-29,393.4953918457031,396.80598266743374,386.081496649395,389.53199483903666,3863059
2019-10-30,400.6761779785156,403.3806082988017,389.90507352063867,398.1582718704972,3511610
2019-10-31,404.1732482910156,410.8410754693733,399.88344802521203,400.62951633121037,6710116
2019-11-01,408.04339599609375,411.1674913114225,403.8935029750841,405.338965894614,3545584
2019-11-04,408.4164123535156,412.56630504900005,404.4063701055483,410.2815403405903,4646694
2019-11-05,400.9092102050781,410.14158701462594,395.45370576229357,406.1315736756035,6719996
2019-11-06,399.0440979003906,422.3581960303456,393.63523851807804,403.2406355637825,15917528
2019-11-07,410.8876647949219,414.05837639975834,394.8475541451485,402.5878516806289,14294406
2019-11-08,393.6352233886719,412.65952103959603,392.4695185269781,412.1932390949185,11902470
2019-11-11,393.0291442871094,394.7543650735211,379.64684399995457,387.01409456603926,10249882
2019-11-13,384.2163391113281,398.1115359746494,382.3512112515644,391.67685055038305,6033467
2019-11-14,382.5377197265625,389.2055458597307,380.06640264609507,385.335411401424,4750176
2019-11-15,387.0606689453125,390.6510459642214,382.49111113015306,384.91578317276645,5416931
2019-11-18,395.9200134277344,401.00249833700576,388.9257838055773,389.81173094155446,7710740
2019-11-19,397.17901611328125,400.90927224669474,393.16900215370003,396.33971417518234,4163853
2019-11-20,419.6538391113281,429.53902412453664,395.26729393044485,398.3913893135264,23107507
2019-11-21,416.9960021972656,423.80373672262846,413.68541125972047,419.6538153866334,7480460
2019-11-22,421.6121520996094,430.7512670922277,415.08420468785573,419.65376218416486,12114721
2019-11-25,428.0002136230469,432.6163878558965,419.65375532769275,422.4514470298774,8251208
2019-11-26,420.35321044921875,435.88039489369373,416.38981356755664,432.52315890201413,11278843
2019-11-27,427.8137512207031,429.9120203002597,417.36902264084983,419.60719909338684,6481012
2019-11-28,426.50811767578125,431.21755412296756,424.4564656526866,425.4356748517242,4005893
2019-11-29,419.51397705078125,429.49239610604315,417.27582884415415,427.4873889305147,3198828
2019-12-02,410.328125,419.28074432828214,407.53043323863636,418.7212002840909,4933088
2019-12-03,404.35968017578125,412.37973476198243,401.46872662662173,411.63366662629545,3602073
2019-12-04,413.7786560058594,414.71122000095073,402.5878880647635,404.26649187209006,4318531
2019-12-05,407.2507019042969,412.14666280476035,404.0333447858689,410.3281516578934,4096921
2019-12-06,399.6968994140625,414.244902170996,398.20479145906563,410.60788013706855,5805588
2019-12-09,398.2048645019531,405.29235724355607,395.03415230322474,402.72780600847324,4959765
2019-12-10,398.81097412109375,406.36474793293627,396.6194431104317,400.6294852375055,5578960
2019-12-11,400.8160400390625,402.7744303470549,396.47962265253517,400.163262242797,3322986
2019-12-12,404.8726501464844,408.3697651053558,401.235656281177,401.8418171821292,2794856
2019-12-13,409.62872314453125,412.1000119690223,396.89923066701834,408.0899982884967,5386394
2019-12-16,405.80523681640625,407.7170101765303,397.6453014563055,402.1682427478234,8290756
2019-12-17,400.1165771484375,407.99675441759825,397.50540930400285,404.7327803822575,6407264
2019-12-18,410.09503173828125,411.63375669415785,398.48459819380264,401.002532455852,5341984
2019-12-19,404.35968017578125,410.8876269501979,398.67103515187176,410.1415588145109,6465219
2019-12-20,401.28228759765625,407.25072011081613,399.1840185465097,400.2098446634338,7157364
2019-12-23,399.5103759765625,402.8676117665354,397.83177231137216,398.2980542694353,4534617
2019-12-24,400.8160400390625,403.2873576794041,396.7127636782581,399.1374360376964,4210004
2019-12-26,393.68182373046875,402.30803934614346,392.28297795495394,401.8417574209719,5296867
2019-12-27,397.2722473144531,398.3446901774913,392.982447402707,393.54199147112496,3413181
2019-12-30,401.14239501953125,404.2664900811662,397.92506632647587,400.0233353061359,4758825
2019-12-31,403.3805236816406,406.0383366211297,399.79017525522863,401.0957590884324,2957369
2020-01-01,405.0125427246094,407.0175781363869,402.1682338458853,403.7536040645942,2321850
2020-01-02,405.6186828613281,412.75279106020827,402.86760795097433,404.73273576556215,4555670
2020-01-03,414.61798095703125,420.02684104538724,403.8468491392312,405.33895730623857,9457180
2020-01-06,410.2815246582031,414.71120345818775,405.75858377051065,411.16744334244396,4794923
2020-01-07,416.2966003417969,417.7887085643031,408.0434025275692,411.63377993371313,4504083
2020-01-08,410.42144775390625,416.3898520351674,409.39562159784657,413.07926101200746,3881918
2020-01-09,410.1882629394531,414.85108273310476,409.3955778826137,412.8460759137533,3934566
2020-01-10,413.68536376953125,418.72120328414815,410.32812793992247,410.42139002455457,4334013
2020-01-13,414.61798095703125,423.05767419791,412.7062075850669,416.8561289777442,4823348
2020-01-14,415.92352294921875,419.1874967840221,414.4314149328186,416.85608690201974,2708589
2020-01-15,418.7678527832031,420.30660615075783,413.7320128755184,417.4156520590664,3054107
2020-01-16,418.7678527832031,425.57558705842416,417.2291278752432,421.7520689668062,4416809
2020-01-17,423.9436340332031,425.4823590644758,415.92357729919166,417.9752296472866,3216737
2020-01-20,419.14093017578125,425.43573761119256,416.0634516871555,423.5706094821818,2824739
2020-01-21,417.2290954589844,421.28575423540536,415.9235116524423,417.788639507386,2573651
2020-01-22,416.2032775878906,423.24415245377986,415.3173589152191,418.16166756580657,3412716
2020-01-23,419.51397705078125,421.705508435028,414.99103535554826,417.0426878130555,1875787
2020-01-24,417.6021423339844,422.3116075479165,416.66957834622684,419.6537944908887,2153164
2020-01-27,418.1616516113281,421.28574640218915,412.3797724442641,416.85606782906154,3530914
2020-01-28,422.35821533203125,431.31083511498537,417.835274396204,418.0217985736047,9487290
2020-01-29,419.74713134765625,425.94867727895485,419.14097033956233,424.1768110785266,3103817
2020-01-30,412.2865295410156,423.1508939075498,410.60789734893217,421.0526250121404,3486193
2020-01-31,405.0125427246094,415.36400904421384,403.4738177826833,412.7528411706178,3757229
2020-02-03,389.39208984375,399.976697017966,386.0814990018475,395.22061488906775,4032780
2020-02-04,396.94580078125,398.11150560467644,385.0089947731995,388.8325122859563,4848610
2020-02-05,397.5054016113281,402.30810047846694,393.44874255399156,400.5362345854908,3826307
2020-02-06,401.608642578125,408.4629930158575,395.40709826192597,399.3238780719422,7745520
2020-02-07,401.7485656738281,411.96015300655534,394.66110193816564,402.8676538739828,7402556
2020-02-10,391.9566650390625,403.56709902928975,390.0915369095222,399.65031857341637,3638523
2020-02-11,390.3246154785156,396.0599063269526,388.6926286262659,393.5419723710733,4683072
2020-02-12,386.64111328125,392.88927618824084,386.08156908341203,390.55786574691587,4439987
2020-02-13,390.6977233886719,391.7701663631938,384.2163918032971,386.6410640454314,3924569
2020-02-14,390.3246154785156,396.1065231388943,388.41287083543136,391.6768445399308,2862205
2020-02-17,383.6086730957031,393.0955731876022,382.57544124439767,390.9352027699163,2625157
2020-02-18,383.843505859375,385.9099696085319,374.8262537999555,382.2936723800343,4187206
2020-02-19,379.0530700683594,389.05660017012315,376.2821627462005,385.487256469219,5910512
2020-02-20,380.36810302734375,386.52048321393835,379.05306508558255,379.3348712152681,4000525
2020-02-24,373.6991271972656,389.47929730872124,371.77355212717134,381.8240363836107,12668574
2020-02-25,365.2923889160156,377.97289117305303,361.91091591446167,377.97289117305303,10050971
2020-02-26,351.954345703125,363.46072572555505,349.88788231470977,361.7230217850762,12146582
2020-02-27,364.9167175292969,366.9831814497968,347.023129332686,352.2362138313676,15164166
2020-02-28,350.2636413574219,362.1927177685985,348.572919209169,356.6038924109494,8439591
2020-03-02,347.0700988769531,360.36114023219295,341.29343043379885,355.054120096044,6915567
2020-03-03,369.66009521484375,372.3370957491258,350.5923893244383,351.2968616405624,14474553
2020-03-04,380.8377685546875,387.8355101182908,363.8364965661462,373.8399983260305,26369149
2020-03-05,380.3211669921875,389.62019709513453,377.3623885955756,385.06463176410875,9874059
2020-03-06,376.56396484375,378.72436401416354,366.3725919848776,366.3725919848776,6500912
2020-03-09,369.4722595214844,379.3818254737128,362.14573010801263,372.00834270437457,13151861
2020-03-11,362.5214538574219,371.2568988345678,356.97958221412506,370.45849116858,9127352
2020-03-12,333.2623596191406,350.07578853321263,325.3722753941032,343.31284281743655,11662910
2020-03-13,360.877685546875,378.4894929102691,305.27132763216486,320.3000699155945,15802632
2020-03-16,346.177734375,372.33714920222496,340.7767791760151,353.1755051857941,14480298
2020-03-17,347.6805725097656,371.5856784409458,342.0917758750959,353.1754624322135,12903597
2020-03-18,340.7297668457031,362.94412082572086,333.54415516625403,360.1262316443642,12342300
2020-03-19,338.5224609375,351.7195942761575,326.54643027698665,330.35059839171214,8728092
2020-03-20,343.0780334472656,356.46300805814457,340.21319069832685,343.0310800900909,10630619
2020-03-23,304.8017578125,333.16852763272215,295.9253931528615,324.0573388145223,8018903
2020-03-24,314.8052062988281,326.87517167560765,309.96783520962794,309.96783520962794,6408582
2020-03-25,326.5464172363281,329.50519543069663,309.5451451269473,311.84643298093056,6174391
2020-03-26,317.76397705078125,345.6610930363088,315.6975420631828,342.8432036909041,11670467
2020-03-27,317.7170715332031,331.1020479392583,312.78576443623547,325.93591669481594,7745135
2020-03-30,312.5039978027344,323.11803817201275,293.0605462490348,302.1247529240462,11648241
2020-03-31,330.91412353515625,333.4502353829631,308.3240556745286,319.45472419426613,9954142
2020-04-01,322.6953430175781,333.6851249608481,317.85797114735715,331.5717075613776,6702159
2020-04-03,353.1285095214844,366.13774233639845,319.36079090000675,323.0710233191308,28550430
2020-04-07,392.015380859375,397.18151135702686,364.7288016682002,373.8399887391711,29675052
2020-04-08,410.1908264160156,421.50933869660946,388.07037484081417,393.5652655462493,27810872
2020-04-09,426.8633117675781,445.13261174505595,416.4840681006562,426.81632974289874,31862948
2020-04-13,434.28375244140625,448.8898018844695,416.2022944028281,434.847336087308,30510226
2020-04-15,421.9320068359375,458.8463484821989,417.14158886698135,446.07191012000084,32508955
2020-04-16,435.5517883300781,439.21503886139743,421.9319893985948,422.683415115,16932965
2020-04-17,429.3524169921875,447.99745742984624,421.2275083576814,447.99745742984624,19774082
2020-04-20,444.6629638671875,446.1658440221679,423.20003279542595,429.5872662878288,17893064
2020-04-21,444.42816162109375,460.9128334477604,436.0684279702911,439.449901319227,30021752
2020-04-22,445.5552978515625,453.1166231654593,440.53005587351265,446.11888148121324,13336137
2020-04-23,448.46710205078125,458.2357794093646,445.5552773193148,447.9974538252239,13748820
2020-04-24,456.0754089355469,466.8303654403865,444.8038508162619,447.997481882103,23394027
2020-04-27,460.16131591796875,474.1568270100238,457.4373620004631,461.1945477253129,19310626
2020-04-28,445.1795959472656,465.32748904915616,441.7511407262534,464.9517761751569,12847910
2020-04-29,448.6549987792969,455.5118809064995,444.42816423453525,447.1051651792289,10166496
2020-04-30,436.25628662109375,455.55881892606254,430.5735253921581,454.61952239219437,18471206
2020-05-04,437.195556640625,445.6961782905777,430.19778642167455,436.2562601637218,16097066
2020-05-05,428.6009521484375,443.81756587295996,426.44058181232555,441.28145403052207,7850482
2020-05-06,426.81634521484375,434.8943012518856,420.8048530471809,431.7006987251637,10829910
2020-05-07,424.7499084472656,437.43041178483037,422.871315360219,433.95500310777186,11216033
2020-05-08,440.5299987792969,442.7843043406798,426.4875065419537,432.07633142532313,13693803
2020-05-11,435.69268798828125,446.6824398576687,433.297464710234,444.94476426179966,10294818
2020-05-12,435.7396545410156,440.3422018050788,427.66169864987427,436.7728864570433,9507971
2020-05-13,424.8907775878906,440.9527534739212,422.87129584552184,440.53005858281995,10010310
2020-05-14,428.2722473144531,434.8473227633818,421.5562544595756,425.50131119495444,11764703
2020-05-15,421.368408203125,431.0431505165109,418.50353672960796,428.2722430894022,7863358
2020-05-18,413.9479675292969,427.0041827839865,407.8894938063929,419.8655238490677,9067298
2020-05-19,414.88726806640625,428.3191963092041,411.9754432356794,416.85976774894505,10126393
2020-05-20,428.0843811035156,430.62049312681546,410.7073958036472,413.1965258027796,7967084
2020-05-21,438.13482666015625,440.5300210656009,425.5012783426806,427.8495193931369,8987658
2020-05-22,440.9057312011719,443.2539722372508,430.24471116436314,438.65142553954644,10194204
2020-05-26,431.27801513671875,446.63551981608765,429.2585332406983,442.40868524369563,9801056
2020-05-27,423.52874755859375,436.6788973613936,416.48402444995094,436.6788973613936,13253937
2020-05-28,431.2310791015625,433.62627398947063,417.70521365943324,426.3467252667386,12632972
2020-05-29,445.4613037109375,452.36513776714287,430.1977376902675,432.07633043127305,12662824
2020-06-01,437.1485900878906,454.33773342255404,430.47957913285904,454.1498626545034,18563612
2020-06-02,444.3811340332031,451.80156988457566,439.7316053719047,441.4693094506249,10978049
2020-06-03,447.2459716796875,452.36514848625023,444.28719377550357,446.1188332074061,7767457
2020-06-04,464.8108215332031,467.76959941092474,443.4418287890294,444.2871898019426,19100026
2020-06-05,464.2473449707031,479.98056303496065,462.32179840498117,470.5875970264487,22798341
2020-06-08,459.3160095214844,468.4741508156244,455.60577671065664,468.4741508156244,9176155
2020-06-09,470.3526916503906,481.57729555819327,462.13384781226597,462.13384781226597,25883378
2020-06-10,468.8498229980469,476.2233059534131,463.58975708093544,471.9964718769035,10636465
2020-06-11,444.8977966308594,463.82461601688556,440.62400887645373,460.2553006614515,18547382
2020-06-12,450.95623779296875,452.6469599609985,427.3798908295791,427.3798908295791,11498488
2020-06-15,456.3102111816406,459.69168418828565,444.00545042351365,451.8015996161494,10727187
2020-06-16,454.0558776855469,463.5427771349979,447.5747382063353,459.6916561309572,11247556
2020-06-17,456.16937255859375,460.020494220763,450.01699150364436,454.76042770646274,8222223
2020-06-18,454.8542785644531,458.84628823693413,453.68015807254693,456.1692877823778,4077225
2020-06-19,458.4706115722656,462.08690870556546,455.7466575492144,457.2495089653438,8114839
2020-06-22,463.26104736328125,470.7754193973,456.49810106664256,462.3217508590289,9203804
2020-06-23,470.0709228515625,472.46611734824114,459.78561519277144,463.2610235458473,10732649
2020-06-24,454.9951477050781,472.8417784138388,451.80154583757303,471.52676925251905,8567595
2020-06-25,458.0478820800781,462.60347533670875,448.04438118905597,451.14404783189065,6954147
2020-06-26,450.81536865234375,461.19458355762913,443.53582074486593,460.4901111794861,7489306
2020-06-29,452.7409362792969,457.7661785456986,446.16586044121584,446.6355087153645,5727377
2020-06-30,444.2402648925781,454.5725257820847,441.2814581603592,454.05589553857783,8339357
2020-07-01,439.7316589355469,446.91727156142616,437.8530659005429,444.75690103719353,5983810
2020-07-02,444.2872619628906,446.1189016759057,439.5438259174697,439.5907792782935,3731827
2020-07-03,447.903564453125,450.25180582210953,443.34797046428383,448.0444532022529,4666364
2020-07-06,451.0501708984375,452.036420713974,442.78434486349295,448.9837072234381,5995257
2020-07-07,450.15777587890625,456.49802624339793,447.24595145998165,450.86224814162756,6793452
2020-07-08,453.2105712890625,458.37670215349743,450.8153766270283,453.25752464908084,6279449
2020-07-09,452.6939392089844,457.62524561141316,451.191059143805,455.1360870667162,3184268
2020-07-10,463.91851806640625,468.61500038873277,453.72714569394697,455.23002577010215,14898919
2020-07-13,469.36651611328125,471.245109287775,462.4156984356089,464.9518106871982,7504299
2020-07-14,462.2278137207031,473.3115009627789,460.3492207193307,469.6482503431135,6996801
2020-07-15,465.0456848144531,469.0846481415044,462.3217308032986,464.2003237303091,4710170
2020-07-16,469.36651611328125,475.23711978357414,460.8189114363234,465.89110727444506,11263548
2020-07-17,473.02972412109375,478.61852110873525,467.15912098383103,469.2725381132456,9592466
2020-07-20,454.4316711425781,471.43294486900754,452.3652358783237,471.43294486900754,16111398
2020-07-21,448.2792663574219,458.564574767632,446.16584917710924,458.37670399669327,8470749
2020-07-22,445.50830078125,458.37667378593375,442.97221753105646,450.53354258957773,9848007
2020-07-23,447.1051025390625,452.59999241042067,445.27346302692564,448.9367420511993,5416291
2020-07-24,456.12237548828125,467.5817753218156,452.0364300756259,460.2552742588191,19812185
2020-07-27,446.6354675292969,458.0009604486471,440.53004052837065,455.41789517902447,6112617
2020-07-28,453.3044738769531,454.3846590647166,444.5220463098235,446.63546332872914,5917155
2020-07-29,463.0731506347656,466.1728174589975,454.7603713051675,456.2162980041665,8531803
2020-07-30,478.9942626953125,482.04697632703164,457.7191739914415,463.2610462856829,17534819
2020-07-31,499.4239196777344,508.15936494740845,476.69293477044323,483.03318562699593,41253676
2020-08-03,487.8706359863281,507.40799215898363,485.42843063342747,501.67824898226706,25348229
2020-08-04,496.8408203125,500.08140421546176,485.85104145163393,490.31269915466976,11950138
2020-08-05,496.7469787597656,505.3415654915278,495.05625636354915,505.2476587645602,10928555
2020-08-06,499.94049072265625,508.582028754479,494.210805823023,501.49035265834584,10919796
2020-08-07,494.02294921875,502.9462649496197,490.8762719050663,499.98745838050104,7275403
2020-08-10,510.8363952636719,517.3645176177334,494.06997512355736,494.06997512355736,16271180
2020-08-11,508.2063903808594,516.2373644721622,502.61756440418367,514.7345129139474,7774058
2020-08-12,499.84661865234375,507.92454502631455,497.5922842860659,507.92454502631455,7405695
2020-08-13,489.18560791015625,503.41597288050457,487.5418390278438,499.84665763064794,8729438
2020-08-14,499.09515380859375,503.4629053034367,490.3127547917798,491.7216994894573,11787355
2020-08-17,496.2771911621094,504.8717754814136,495.00916405340456,503.5567376923065,6657699
2020-08-18,494.0699768066406,501.4904423561231,492.33230115105704,499.42397851562447,5555588
2020-08-19,494.44635009765625,501.5044914250535,493.4581643603797,498.7753204694061,5414452
2020-08-20,491.52899169921875,498.6812766399645,490.3526347128434,493.5993914831006,4886692
2020-08-21,500.9869689941406,506.9628978862234,493.41124030099974,495.52868320873375,9833484
2020-08-24,502.02215576171875,506.91581267131494,496.94027023265545,506.91581267131494,5675533
2020-08-25,494.1640319824219,503.6219883363232,492.61127518590166,502.16325968599114,4414315
2020-08-26,494.21112060546875,498.77536274162725,491.4819494185185,495.0580631729558,5205745
2020-08-27,500.8928527832031,505.3630097596619,493.5053531767799,497.78728152952556,8564601
2020-08-28,523.0083618164062,531.4781328579675,503.24556271943004,506.398176742509,29017731
2020-08-31,489.5997314453125,527.9489655758199,483.7649898566144,527.6196086264928,20056792
2020-09-01,490.7290954589844,496.5638376412957,476.3775401218291,490.4938240600146,13860865
2020-09-02,484.1885986328125,494.6346270561624,479.2008558490447,492.6583700374681,9636136
2020-09-03,492.61126708984375,495.81092365510074,482.3534111098961,487.9999246902035,10052098
2020-09-04,482.25933837890625,499.151836778065,478.30676727948764,487.4823520920307,12380025
2020-09-07,483.01220703125,487.6705924593061,474.54243623089684,485.6001925535801,6320017
2020-09-08,472.3308410644531,487.1529674872974,469.272312966969,481.83581104979555,8519561
2020-09-09,479.29486083984375,482.5886602766138,464.519834883838,467.71952002134134,10532163
2020-09-10,478.0244445800781,486.25894362438737,473.9777592465112,482.4946012041317,8572739
2020-09-11,475.765869140625,482.16524047992823,472.98968352828086,477.1304549078098,5189670
2020-09-14,466.5901794433594,479.01251953205065,464.8962370311061,475.7657630689733,8041379
2020-09-15,476.5657653808594,482.2123079764002,466.7784804065877,468.6606516985497,11686574
2020-09-16,487.95294189453125,489.364570463175,473.74254189291923,480.09487045181623,10080107
2020-09-17,481.8358154296875,491.15258561781957,480.42418706417084,486.3530147114798,9959257
2020-09-18,492.5171813964844,503.4808528501618,484.65913872492206,486.9648101931266,25685130
2020-09-21,473.9778137207031,497.12852800991396,469.60177089814874,492.94068509821005,9977984
2020-09-22,478.87139892578125,484.65906944807534,464.5198439566878,479.48309880348427,9862141
2020-09-23,473.27191162109375,490.30556561379507,468.89586961050554,489.83502284449196,10846053
2020-09-24,457.17938232421875,471.7191666288704,454.5443540782931,468.19009555683397,8768744
2020-09-25,460.80255126953125,466.77845048233854,455.3442663606231,466.77845048233854,9665092
2020-09-28,480.0478210449219,481.8358781299886,459.7203641923817,465.8374212389538,12221177
2020-09-29,476.3304748535156,487.3411592378257,474.7776893438935,487.3411592378257,8592449
2020-09-30,470.96630859375,485.78840706396227,468.9429515411408,478.0714935154188,12981899
2020-10-01,477.0362548828125,480.42416857358893,471.766170110455,475.3423123972501,6733075
2020-10-05,492.2818298339844,494.1640009401197,474.1188901476388,477.13037540531616,8831627
2020-10-06,490.3527526855469,496.5168532892976,488.42353825160774,495.0111389602036,8537178
2020-10-07,481.60052490234375,492.09365164486735,479.20076826416437,485.694224023985,8346531
2020-10-08,493.22296142578125,495.01104711923597,481.6005767362529,484.28264783712586,9392711
2020-10-09,482.6827697753906,498.11653731515366,480.9417271589946,494.0698812045762,11468529
2020-10-12,483.6238708496094,486.87056993643404,479.29484300167366,484.56495636794733,7092628
2020-10-13,473.5072326660156,489.3174886045302,472.0485614160549,483.7180175747044,8851580
2020-10-14,472.61322021484375,477.60096262234833,464.23753503746707,473.5072343416544,7640368
2020-10-15,461.4142761230469,474.96593226539716,460.1908762833659,474.96593226539716,6605127
2020-10-16,458.2146301269531,465.6021587535841,456.66184443694124,462.07308731280403,9085611
2020-10-19,455.15606689453125,461.97893782729017,452.56808136831233,461.08492369548014,5158764
2020-10-20,457.69696044921875,459.7673314159507,452.0974899698983,456.3794464304526,5550859
2020-10-21,461.3201904296875,463.20236170239997,453.1327339055265,460.19087617819827,7269981
2020-10-22,456.94415283203125,462.44950995331067,453.32099584146755,462.26131004399866,6428694
2020-10-23,455.9559631347656,465.36681892702086,454.4502204640743,459.249762662055,6578265
2020-10-26,446.5451354980469,458.68513449157604,443.3454500708643,458.68513449157604,6499259
2020-10-27,442.7337341308594,448.66256195142796,439.72224870855734,446.63923364565636,7693069
2020-10-28,436.09906005859375,447.72147292954463,434.21688886393457,445.13348753688825,7723679
2020-10-29,429.46441650390625,436.6637155530376,425.605959825132,435.7226299591733,8297097
2020-10-30,438.3106689453125,441.3691974994129,428.9939261705995,431.62895466780793,8680701
2020-11-02,441.7455749511719,443.25131765529034,432.0053332460262,440.3339465509958,7737909
2020-11-03,456.9911804199219,461.6966084952513,438.31062521693343,444.239453103987,16853462
2020-11-04,474.91888427734375,487.7176553126439,465.9785702870493,470.44872728219656,48182254
2020-11-05,482.3064270019531,483.71805556878815,472.8955698897199,478.0715413014482,14095319
2020-11-06,479.1537170410156,485.36488760941955,476.8951173942285,484.6590734248203,9251548
2020-11-09,480.0948486328125,487.4823768835699,474.7306775475472,482.3064057004432,9718357
2020-11-10,461.97894287109375,483.95329868665,460.1908858682972,480.8947703040897,12767338
2020-11-11,476.2363586425781,478.40087276459843,463.01411738795815,465.8373742012994,11754997
2020-11-12,479.2478942871094,487.2000799658921,472.6132515683463,474.26015154871436,10911897
2020-11-13,478.4949645996094,485.4119204917633,474.82470793889246,481.7887640605025,9501329
2020-11-14,483.7180480957031,485.1296766407295,480.1419339361655,480.8947910056504,1766237
2020-11-17,487.8587951660156,492.56422313853,483.7650383663443,486.5412523579891,12411197
2020-11-18,482.7769470214844,487.8117323626508,479.0126043546502,483.7180326881929,6483702
2020-11-19,477.45977783203125,485.7413482211607,475.2482209608571,481.8358200632848,6843207
2020-11-20,473.601318359375,482.30635997849913,466.7784479011426,479.95364602738454,7594535
2020-11-23,482.6357116699219,485.9766113953582,471.4838706394999,474.3071273499161,8931512
2020-11-24,489.50567626953125,491.9524757461097,478.25969235667566,483.2474343292728,9096230
2020-11-25,476.37750244140625,495.01098427808205,474.4482598906612,490.49378526302456,10673809
2020-11-26,481.5535583496094,482.77695825694,472.7073299009504,476.18935843666986,7494355
2020-11-27,481.5064697265625,490.11739772748643,479.2008271031758,483.71802676015574,12954065
2020-12-01,507.57452392578125,510.7742381214275,482.44758294430954,487.4823682116987,25388623
2020-12-02,512.5623168945312,514.7738451732081,504.4219031313337,509.0332457438923,14234038
2020-12-03,515.9502563476562,518.9617421999743,509.12738474068766,517.5971563907176,9345458
2020-12-04,535.5247802734375,539.147994507309,513.0799103864833,517.5971100407955,16177536
2020-12-07,547.9942016601562,556.6522017466139,533.6426444722681,536.7482158512926,21232768
2020-12-08,535.1954956054688,547.711925015731,532.4663238624812,547.711925015731,10673103
2020-12-09,535.9953002929688,549.5469561185625,533.3132292671548,537.359885921963,11144200
2020-12-10,531.9016723632812,540.8890297030194,527.1021006200307,536.4188724327465,6755693
2020-12-11,534.6306762695312,539.1949756360168,528.8900774086111,534.4425051115759,6968494
2020-12-14,542.3005981445312,544.5592266483187,534.8659986389304,534.8659986389304,8582193
2020-12-15,537.9715576171875,545.829598691596,535.4776580267553,541.1241711166683,5896090
2020-12-16,542.6300048828125,544.4180907321615,537.3599478099641,537.3599478099641,5135499
2020-12-17,537.689208984375,551.7584495223862,536.1364522818873,545.3590792349278,9025916
2020-12-18,541.1242065429688,542.9122921142241,534.5366075067935,540.1831209663723,4940687
2020-12-21,519.9967651367188,551.3820000354254,507.9038398188434,539.9948313809904,12715463
2020-12-22,534.8189086914062,537.4539367539625,508.56265620619115,520.4203112073459,8012096
2020-12-23,540.747802734375,542.5829312778145,532.7485745433972,536.4188316302761,4958783
2020-12-24,555.6640625,559.9459909428771,538.4422056949976,540.7478197062534,7486583
2020-12-28,552.3701782226562,564.1337476650021,550.1115499140043,563.7102476772169,12299793
2020-12-29,555.8052978515625,560.8871845801998,548.794253995769,555.0524406352928,7430043
2020-12-30,549.5940551757812,559.945997995873,547.2413408984877,559.945997995873,5589703
2020-12-31,557.4519653320312,559.8517792756796,547.7587963023427,550.2056530324882,8835267
2021-01-01,561.1223754882812,564.4161755959693,551.3350607639964,557.5933039443298,8229768
2021-01-04,568.7921142578125,573.5445846709689,560.1341159403769,564.6513149722948,11329298
2021-01-05,567.8982543945312,572.8389549915319,564.6514968000668,572.6036835345318,7790158
2021-01-06,569.63916015625,574.9563173130244,561.0282605036247,568.5098458334744,6422080
2021-01-07,566.439453125,572.1800523853803,562.7691962606208,570.3449239531908,4555702
2021-01-08,584.2259521484375,586.1081234230389,568.4157249296468,571.238981841549,11451416
2021-01-11,584.4141845703125,591.0017840743257,577.873627860609,586.9551272954366,7516087
2021-01-12,573.7329711914062,587.1434436134081,571.2861136894152,584.4142718640805,6747035
2021-01-13,566.81591796875,578.297175246702,562.0634465680923,575.0033752249551,6186661
2021-01-14,571.2860107421875,575.6150390320767,561.2634834122624,566.8158540737207,6730284
2021-01-15,568.6981201171875,580.4616922586125,562.8633768471773,573.1212347302267,8389544
2021-01-18,547.1942749023438,571.5683593181708,544.3710178892843,568.5098308873564,7414570
2021-01-19,561.4046630859375,567.474677341382,548.9823203527909,552.3232205406622,5500391
2021-01-20,559.6636352539062,568.0392628914104,558.0167354025684,565.7806918445895,5182972
2021-01-21,548.558837890625,563.4750221827026,546.4413952185397,562.7692079586741,4546393
2021-01-22,541.3124389648438,552.3701945678592,536.9834108183777,548.5588094436172,5591688
2021-01-25,551.8526611328125,559.004889265536,533.5955761171025,543.1005184302365,8149590
2021-01-27,536.2306518554688,551.3821669786366,530.5370945240495,551.3821669786366,8534047
2021-01-28,531.1016235351562,540.6536651377685,517.9735256594955,522.2084107650132,9863454
2021-01-29,551.6644287109375,564.6513994094937,521.4555443789432,534.536658107654,22539938
2021-02-01,555.3816528320312,564.0866940523496,545.4531544617395,560.8869802497006,12621971
2021-02-02,573.544677734375,580.5557775207631,556.6521783326151,561.7811067636942,15788247
2021-02-03,592.131103515625,610.1999595154593,574.5327903416232,576.4149616449537,23788455
2021-02-04,594.2955322265625,603.2358450629082,589.3548330275293,595.2366177882831,7926593
2021-02-05,597.3541259765625,606.2944397958257,586.4375552361337,596.1777688950805,10981738
2021-02-08,597.2599487304688,606.8589750908502,595.2836346732771,603.1417332352622,6479801
2021-02-09,591.9913330078125,606.8480988468114,589.523143345905,599.8706741915174,5794015
2021-02-10,595.3139038085938,599.5383564351282,582.9728401013585,591.4691993957821,6902162
2021-02-11,611.0250854492188,615.8665565903458,590.4724442376803,590.4724442376803,11433578
2021-02-12,595.3613891601562,621.2301561585658,590.8046425650828,621.2301561585658,15471776
2021-02-15,595.693603515625,604.9968545798524,591.706479361974,599.9655098356574,7310676
2021-02-16,599.1585693359375,602.3387428315244,591.4216497778403,599.0161492934467,6137454
2021-02-17,589.7603149414062,600.3451711346326,588.3838004047661,596.8327037470981,4700733
2021-02-18,584.8240356445312,595.4563487164784,582.9728644229268,590.4724573960136,5633766
2021-02-19,576.5174560546875,590.757143218601,570.7266731179369,584.6815781268591,7301975
2021-02-22,565.125732421875,579.8875305418992,560.4741358317071,577.1820130323852,5330343
2021-02-23,573.4321899414062,577.5142220027801,561.9929861858761,564.840923615872,7564187
2021-02-24,570.9640502929688,578.4635847454409,565.6478651968281,576.3276314873387,3296243
2021-02-25,578.6535034179688,587.5296112946534,572.1507350634289,575.6632033911537,6261754
2021-02-26,564.4612426757812,589.8553544510092,560.0944279396086,574.286662744333,15404415
2021-03-01,573.8118896484375,579.8400001895955,566.7869547378176,569.5874378957578,5274758
2021-03-02,583.06787109375,585.1088586309594,573.8595263286401,578.1314334725257,4776776
2021-03-03,592.7032470703125,593.7000715667465,581.2165887861887,585.2511669851946,6626297
2021-03-04,587.5770263671875,604.474778512746,584.7765426994134,590.4724181153168,11530735
2021-03-05,580.2198486328125,588.0516772578409,576.1378162104797,588.0516772578409,6127488
2021-03-08,583.6375122070312,590.3776680176871,580.3149173253076,580.5047914782689,4554461
2021-03-09,581.5487670898438,589.4281065530306,576.7072969096442,586.6750773500578,4035628
2021-03-10,594.2696533203125,596.0733703328445,584.1594515369294,586.6751529583915,5825924
2021-03-12,582.4981079101562,597.2599631589994,580.5045749014595,596.1682306428725,4264170
2021-03-15,574.8087158203125,582.8778720291856,566.2649033638586,582.8778720291856,4030762
2021-03-16,571.7709350585938,579.0331992144966,568.875543380614,575.2834030682554,4189930
2021-03-17,555.1105346679688,573.3848019486159,552.4999250564478,573.3848019486159,7667561
2021-03-18,545.427490234375,561.5658028807683,543.0067549257035,557.6261907348935,5537584
2021-03-19,548.9874267578125,553.1169710450786,533.6085521205764,542.0574568487347,6186643
2021-03-22,561.043701171875,563.5118905554467,549.2722027084449,549.2722027084449,7033955
2021-03-23,558.0534057617188,564.55623203501,553.4492626878063,561.2336378336253,5341729
2021-03-24,555.6326293945312,566.7395979271197,553.6390961964894,555.3478472150167,7299582
2021-03-25,546.5667724609375,558.1483986806181,542.5321935934447,554.7783502737077,4710869
2021-03-26,557.4364013671875,560.379247414578,545.4750271758652,551.4082312564478,5761818
2021-03-30,567.4041748046875,568.6382696446758,557.4838461583236,564.7935650525625,4637718
2021-03-31,567.4990234375,575.2833978347732,565.5054902849453,567.8787716291481,5269919
2021-04-01,579.7926635742188,581.6438347105542,567.0718517084981,569.5875532452415,6033653
2021-04-05,577.9414672851562,580.9318249861266,562.7050124872438,580.6944968492699,5353987
2021-04-06,589.0009155273438,590.3774301548948,572.9100580662761,577.8939483808542,7444994
2021-04-07,589.570556640625,596.5480387551111,584.918959839075,589.5231026006844,4757224
2021-04-08,583.115234375,594.2696568477818,582.2133758633807,589.0958918572248,3222479
2021-04-09,604.474853515625,609.4587451229388,578.6060827919489,581.9286771968248,16755446
2021-04-12,587.9567260742188,613.1135095652111,584.0171136131361,606.6107415375125,15229597
2021-04-13,595.5511474609375,603.335521206278,584.8713823064433,592.3709739026174,7399207
2021-04-15,601.1521606445312,608.9839890303463,594.7443010561371,601.4843968540207,8588761
2021-04-16,613.3033447265625,617.0531407857791,594.6018764098443,601.1521560039918,9804095
2021-04-19,608.1770629882812,618.3821721398864,602.8134243041192,611.357236617091,11340358
2021-04-20,612.448974609375,626.0715856311431,606.7530996832387,611.1673679861327,13831258
2021-04-22,607.5126342773438,624.6477158049817,605.7563711321739,617.7177451358598,11295290
2021-04-23,605.6139526367188,613.0660329748856,598.2093263377463,604.2374378514401,7668180
2021-04-26,602.528564453125,611.3571577831362,599.0160971446568,611.3571577831362,6527947
2021-04-27,606.8479614257812,609.8857727427535,599.9654464154771,600.6299766944135,5112384
2021-04-28,610.7877197265625,614.4900039180942,605.9461909417965,608.4618923836157,6069155
2021-04-29,611.8319702148438,618.9518147091981,608.604284200826,616.0564228697825,5676290
2021-04-30,621.2776489257812,632.8117623672725,607.654978213489,609.4586953482623,10874266
2021-05-03,625.7868041992188,630.2960385209752,617.1480257863603,620.8029136330667,6567597
2021-05-04,612.448974609375,631.1978962412402,609.458617096579,628.4448668503666,5604638
2021-05-05,648.76025390625,653.0321606055236,609.696017246316,609.696017246316,25296369
2021-05-06,644.9629516601562,661.3860467288688,639.2195645396732,654.8832211778526,11153908
2021-05-07,645.0104370117188,655.9749856024586,643.2541739930704,646.4818599063304,6466334
2021-05-10,662.81005859375,667.8414037071644,648.9500600845712,653.1270586361466,10924222
2021-05-11,672.208251953125,685.2613006510962,660.9114663902932,663.0948738569376,14760511
2021-05-12,667.224365234375,678.7110829326882,664.518847389439,678.7110829326882,7250661
2021-05-14,656.4021606445312,674.9612090230518,652.1777082965352,667.3667087808797,6851035
2021-05-17,652.320068359375,663.0947414104446,645.5799152494697,653.1269607593212,6318234
2021-05-18,655.7850952148438,660.5791119840484,650.041765899601,655.9749693123393,4080423
2021-05-19,667.7463989257812,670.9265724491792,655.7850273192379,659.107620886372,7745431
2021-05-20,652.0353393554688,666.0852122580508,650.2791342133676,664.5188232837332,6226376
2021-05-21,655.4054565429688,659.2976151114697,653.1270830765891,656.6870054044048,3434231
2021-05-24,655.927490234375,662.9998800206702,654.6458835812831,655.9749442715776,3722957
2021-05-25,660.8164672851562,662.0506199988905,655.9749962779163,659.7722466181647,2800233
2021-05-26,668.1261596679688,670.3570789205453,660.9114074800269,664.0441273000164,6235460
2021-05-27,664.0440673828125,673.7745201214456,659.2975050712841,671.4012389656814,9875654
2021-05-28,635.8021240234375,659.2976112493876,632.5269839127436,658.8229549417927,28316552
2021-05-31,634.425537109375,641.4504728407347,625.5969423788113,637.9380049750549,13947126
2021-06-01,637.0361938476562,639.1721471480524,630.6283339464676,636.1343353103118,6443084
2021-06-02,643.1116943359375,643.7287126285536,636.181725432589,636.988617792714,4978457
2021-06-03,641.2606201171875,646.3394190244416,639.3619950391203,643.6339014647715,3604574
2021-06-04,639.789306640625,644.8206523693133,638.6975738575312,644.4884161004321,3747803
2021-06-07,641.1182861328125,643.4441137539856,636.8938911201201,639.7892831646043,2793705
2021-06-08,644.3458862304688,645.4850728662358,631.3877468888162,638.8873391279639,5695920
2021-06-09,638.7449340820312,649.9943227051322,633.7610431321796,646.5293086777067,4492551
2021-06-10,641.7827758789062,646.4818848682194,638.8873840180788,638.9348380601035,3099864
2021-06-11,646.7666015625,651.5606181503632,639.8840858640658,640.9758184272889,3822099
2021-06-14,642.779541015625,649.0450389671229,637.5108676515185,647.4311959519746,3640962
2021-06-15,639.0773315429688,646.861707396898,637.700816517462,642.779616367854,3862284
2021-06-16,634.6629028320312,646.0071995557959,633.0490598855582,640.7859804557858,4842448
2021-06-17,631.3402709960938,639.409427303089,628.112643238158,637.7481304163547,2776147
2021-06-18,634.615478515625,638.8873852520802,619.6163508959154,633.1915096034733,4158743
2021-06-21,637.3209228515625,640.5960625604979,628.4448741649315,628.4448741649315,2932177
2021-06-22,633.0015869140625,645.7698521014154,632.0997284172906,643.6338988971108,4577152
2021-06-23,631.5302734375,638.2703704283857,630.580960737857,633.0016965336569,2631031
2021-06-24,631.1030883789062,636.9888388658073,627.9703679727743,630.533523920137,3460776
2021-06-25,638.17529296875,643.0642752509971,631.1029036450715,631.1029036450715,3010243
2021-06-28,642.02001953125,645.4375792288785,635.6121602823118,640.7859248938157,3342385
2021-06-29,643.254150390625,646.9564924528441,638.9822439841132,639.1246640409058,2937766
2021-06-30,641.213134765625,648.807634707025,640.0739481861277,643.6813240700055,3768943
2021-07-01,649.47216796875,651.0384988238648,639.5518407872767,640.7859354450316,4102748
2021-07-02,646.7191772460938,654.5510058145786,643.9186936242263,650.7537555995557,5071894
2021-07-05,645.722412109375,650.2316467498854,644.2034772550758,649.3297882334953,1600769
2021-07-06,639.1246948242188,648.3804924841313,638.3178023073672,643.633929581612,2682423
2021-07-07,645.62744140625,647.4311584259481,632.3370657200869,634.1407827397849,2576763
2021-07-08,633.0965576171875,646.3869332089832,631.387748687948,642.6845911175501,2548016
2021-07-09,634.0458374023438,638.2227776076771,630.5333695891196,632.7167767352526,1994075
2021-07-12,634.6629028320312,638.7449352673874,632.6219155850736,634.710356871925,1555035
2021-07-13,648.3805541992188,654.4086664826181,635.0901768071411,636.3242716909732,7744032
2021-07-14,651.1809692382812,657.3040469055001,646.4818604266277,647.3837189567739,2663467
2021-07-15,648.3805541992188,653.3169916759942,646.7667110704627,651.2284922118068,1905193
2021-07-16,653.6965942382812,660.389294022706,648.0482309579469,650.1841841806937,3479357
2021-07-19,654.313720703125,656.4496740895335,643.6814078136031,643.6814078136031,1940882
2021-07-20,642.1624145507812,656.5444633174192,639.7416794060434,654.076274138752,2724983
2021-07-22,652.4624633789062,653.3168677972536,641.3080416113164,645.5324937839249,2047831
2021-07-23,658.8229370117188,663.5220459173098,647.0514377271516,651.4183104030456,3956261
2021-07-26,667.7463989257812,669.2652756656121,659.9620252659229,659.9620252659229,4715053
2021-07-27,653.4119262695312,669.9299905891098,639.6943460308773,669.2654601042625,5327355
2021-07-28,652.9371337890625,656.8768038881674,638.4601179894048,653.411790044789,3332667
2021-07-29,667.3668212890625,670.1673053137714,646.1971598834032,652.9372568080363,4397443
2021-07-30,734.720458984375,744.0237103775221,660.8639542506583,667.3192679964272,35893710
2021-08-02,735.7173461914062,761.2538811261135,725.3698145329087,745.2104732390372,18661462
2021-08-03,754.513671875,763.5795959649627,726.4614950557145,734.7205265812589,14678219
2021-08-04,745.9223022460938,757.4564723807215,740.1789731680255,750.9061929069808,5796169
2021-08-05,746.3021240234375,754.1339529771825,743.596548347278,745.6850476565653,5026619
2021-08-06,745.4003295898438,756.080097263707,741.9353151235223,746.6344244883117,4064324
2021-08-09,748.8178100585938,752.8049347945971,742.3624955982029,749.1501042524377,2873586
2021-08-10,753.1371459960938,758.310911377779,742.552345018507,749.909517843979,5656020
2021-08-11,740.03662109375,754.7035122599199,734.1034173810148,753.7541996658823,4275776
2021-08-12,739.1822509765625,741.6504404658566,733.9610318756829,740.4637997611112,2821380
2021-08-13,738.8499755859375,748.5329755709587,728.7398312895083,730.0213801066167,4319920
2021-08-16,741.2232055664062,743.3117047030294,731.9674084771923,735.9070786199458,2310304
2021-08-17,744.4034423828125,752.9947091772532,738.7550212500792,743.3117097984871,5686055
2021-08-18,743.2168579101562,751.286015012258,739.7992977844004,748.0583289948402,4036305
2021-08-20,722.5693359375,744.6883087640169,705.6715246665954,735.7172927671478,6238261
2021-08-23,722.7596435546875,732.8964817674193,714.6216487850496,728.1374137039945,2375417
2021-08-24,734.1813354492188,740.4633395379691,717.9053474940808,723.1879009115142,2732537
2021-08-25,731.9921264648438,738.6072416005727,722.9974776899377,732.8963608665476,2254852
2021-08-26,723.9017944335938,733.9434159143129,722.6644484192933,728.2801716841585,1735864
2021-08-27,734.6096801757812,739.5591222135312,721.5698230301613,724.0921521543679,2432862
2021-08-30,749.2676391601562,756.6441941823176,731.1356026277259,731.94462090865,3617125
2021-08-31,755.7875366210938,762.4026524024547,745.9362896310571,749.5055904381846,7435465
2021-09-01,750.5050659179688,765.1630194221086,749.0773454374653,756.7394337306813,2811619
2021-09-02,751.8850708007812,757.3104192603314,750.3145553197774,752.2181822814381,2679549
2021-09-03,751.3616333007812,758.7857673096461,746.2218169362889,754.7881388143841,2860730
2021-09-06,746.4597778320312,754.8833045259398,742.1766168498901,751.3616408603393,4613445
2021-09-07,732.80126953125,745.2700036990523,729.6602383660601,744.3181901566525,3851664
2021-09-08,739.9874877929688,741.4152081791817,726.7572556430927,730.326556608625,2548562
2021-09-09,738.892822265625,744.5561243154773,734.2765499418279,734.9904100801937,2008287
2021-09-13,742.7000732421875,745.2699813484131,734.4669212037942,738.8928191867677,1935832
2021-09-14,743.7470092773438,750.0289544398428,739.8445395056635,746.8879818585932,1996844
2021-09-15,743.0332641601562,747.8874899825413,741.2723742525195,746.8880973831194,1393824
2021-09-16,743.4140625,746.7454103771089,740.7965748822717,742.4146697556868,1353677
2021-09-17,732.80126953125,749.9339132944466,729.7078755184507,747.1736307838519,4052622
2021-09-20,720.0469360351562,737.4175329718934,715.3830264966987,729.7554456679309,2206369
2021-09-21,727.6615600585938,729.4223921330654,714.8596544138907,720.047050600819,2123997
2021-09-22,732.9915161132812,736.7036118135408,727.6613840199636,728.1372907459414,1817865
2021-09-23,732.7537231445312,739.7495884041956,729.1844219184052,733.9434902199066,2109768
2021-09-24,733.3247680664062,739.2260237503484,725.2819318749592,731.9446267871964,1777859
2021-09-27,726.2814331054688,737.1797116033829,723.4735710680178,734.276691433448,2862731
2021-09-28,737.7506713867188,752.8845303159135,718.5716628982096,729.7554722929151,4938824
2021-09-29,772.2063598632812,780.2491963792077,734.1813950326919,746.2218602760582,18565413
2021-09-30,778.8213500976562,792.8130193350923,767.7327002439064,775.5375820989597,10478553
2021-10-01,786.76904296875,790.6715133096524,766.4954263390846,772.8725886276127,5730355
2021-10-04,791.908935546875,798.4764727932545,786.6263815499664,790.0053082979642,4007435
2021-10-05,780.9630737304688,794.1933062610414,775.6805197682951,788.1016758669447,2987134
2021-10-06,762.0219116210938,784.2943721253973,758.8809384971764,780.9154456118788,2910453
2021-10-07,783.5805053710938,786.5311041397144,765.3532526431984,769.1129277861168,4089061
2021-10-08,781.819580078125,793.6220318357763,779.1544559803207,785.3412433183572,2753935
2021-10-11,792.4323120117188,795.9064544989492,778.3930629893773,786.1979452511231,2988841
2021-10-12,789.7197875976562,802.1409439630772,784.0089057658217,793.3366678056658,2407031
2021-10-13,801.9505004882812,805.9957081037999,787.3877646912322,788.0540457996649,4113083
2021-10-14,800.7606201171875,809.041408505412,797.8576007996019,803.2353698702409,2300231
2021-10-18,795.6210327148438,809.993395220843,792.0517316195698,809.0415815954366,2632795
2021-10-19,787.4829711914062,801.6174382316672,785.8649345210596,796.6679958144791,2029762
2021-10-20,775.6329345703125,794.5739905661337,768.5894906137385,785.2938078621288,2089252
2021-10-21,778.9642333984375,789.0534338016921,771.0165553909056,783.3901315542614,3155655
2021-10-22,773.3960571289062,787.0069787241588,761.5936044430878,785.3413050790804,1709523
2021-10-25,774.014892578125,781.6769810475034,757.2153579669845,770.9690771975377,2129988
2021-10-26,774.3003540039062,784.1992385588637,767.4472845500197,777.63170156262,1628608
2021-10-27,785.3412475585938,798.0479918625399,776.4893941690416,776.4893941690416,3569869
2021-10-28,768.6846313476562,789.1962606687848,764.353891135911,784.2468183864655,1647229
2021-10-29,756.6917724609375,777.2033428503377,741.7958671616495,761.4508402122642,4321416
2021-11-01,772.6822509765625,774.6334571925812,749.0772858617449,760.4514697372947,1935341
2021-11-02,776.1088256835938,795.7161624292621,745.0320886860106,775.3949654900268,17608860
2021-11-03,749.9815673828125,782.3908101250115,743.6995625180531,780.4871828497681,9452138
2021-11-04,757.1201171875,758.595416604739,750.5050012457173,758.595416604739,485870
2021-11-08,761.4508056640625,764.3062461853028,745.2699760437013,759.5471786499024,4280584
2021-11-09,762.7357788085938,772.8726165365177,758.5954130290697,761.4508537305594,3232291
2021-11-10,772.0159301757812,775.7280261767158,758.5953826537946,761.2128698586853,2900645
2021-11-11,756.5488891601562,771.3972136730255,753.9314022014925,769.9694935137544,2107377
2021-11-12,767.637451171875,769.5886568808992,757.7385692954507,765.2103387975242,2076523
2021-11-15,771.63525390625,780.1539967677869,767.7804206610439,769.3508781566004,2109222
2021-11-16,759.9755249023438,778.0599819784123,757.310458636267,773.1581190596324,1512946
2021-11-17,753.2176513671875,766.2099299385645,749.4580342110843,761.4508620507473,1662900
2021-11-18,752.5514526367188,756.0731165121393,742.5097725939241,751.9327505536895,3177648
2021-11-22,733.6103515625,755.740018346578,728.185002280488,753.6935958149292,2894426
2021-11-23,747.3640747070312,753.5984423714879,724.8536590954302,732.8964958964896,2739763
2021-11-24,741.4151611328125,758.5478046802185,738.1789718917786,745.7459010773671,2404041
2021-11-25,745.1748657226562,749.3152315063638,737.0368132399161,738.2265802000722,1861259
2021-11-26,730.3265991210938,760.4039451979093,725.2819984149791,737.6555758157596,5432649
2021-11-29,714.8595581054688,737.6555043423501,712.9559309974885,735.7518772343699,4664270
2021-11-30,717.28662109375,724.94876614501,710.1004408804253,714.8119292633617,5505266
2021-12-01,709.4342041015625,726.4716898324851,704.6751363660073,720.2849017762635,3687799
2021-12-02,729.3272094726562,733.6103708985969,710.1481411833067,716.7156786073868,4896650
2021-12-03,715.5733642578125,734.7048501053782,712.8131400160427,734.7048501053782,3135454
2021-12-06,701.6294555664062,716.2873509247808,698.3456868540048,715.0024257344952,2577704
2021-12-07,707.8637084960938,714.8119353971155,699.5829194632222,705.3889585503848,2583462
2021-12-08,721.0463256835938,726.7096277874608,711.3378160904055,714.0505194985203,2530785
2021-12-09,723.1404418945312,729.8507167059277,719.7139358912086,721.6651423123811,2604449
2021-12-10,724.6632080078125,737.6554859331737,717.857776123075,717.857776123075,2950388
2021-12-13,725.8530883789062,736.0850854283134,722.4265823720923,727.0428554776745,2491218
2021-12-14,719.6185913085938,731.7066344824378,717.2866365945154,720.7607791373348,3224172
2021-12-15,737.7506713867188,741.3199722573694,709.3866387534327,716.2397080439,6231786
2021-12-16,727.614013671875,748.6014946886361,723.3784309769402,748.6014946886361,6186549
2021-12-17,731.89697265625,735.1331035680909,717.1914430609351,725.2818574816622,7171030
2021-12-20,727.1380615234375,737.3700584296155,716.7632693297676,730.9928952506668,7474026
2021-12-21,741.034423828125,746.1742402086716,727.2331274258635,727.2331274258635,5599344
2021-12-22,759.0712890625,762.4026364126175,740.0350184903997,747.1736199549373,5871235
2021-12-23,754.2647094726562,765.2105660255229,751.9327545012706,763.2117225811526,4277384
2021-12-24,747.5545043945312,756.501518332158,740.1303110475649,755.169014006519,3076272
2021-12-27,755.8351440429688,758.2146780036809,743.5092046017526,746.2218500793281,3598487
2021-12-28,775.8231811523438,780.3919325485704,755.9303133321299,757.6435660586714,5477769
2021-12-29,798.3811645507812,802.9974949537551,777.1557347907454,782.8666158792261,8748856
2021-12-30,794.2407836914062,801.3793849144207,787.4828730105013,796.3347850023075,5179861
2021-12-31,804.9488525390625,809.9458744319693,793.812620701765,794.2409484828337,3346523
2022-01-03,808.0420532226562,818.6071594529568,800.3799664435568,804.2823784148,3726756
2022-01-04,797.334228515625,812.848777879758,792.2896282810907,811.4210575439037,3027262
2022-01-05,794.8594360351562,803.8540852903378,790.6239124065287,799.5233454546093,2436343
2022-01-06,789.6245727539062,804.187367925747,782.3908123252762,797.4294562231719,2423850
2022-01-07,789.0057983398438,795.7160717760763,785.4364977786473,789.6244422473337,1475374
2022-01-10,786.8642578125,794.764298502147,778.1551407649313,792.004016024205,4837873
2022-01-11,792.2896118164062,800.951091769625,788.387141456382,790.8618915102215,4950526
2022-01-12,795.9064331054688,804.2823800002642,787.6256443197854,804.2823800002642,3953446
2022-01-13,823.794677734375,829.029652578441,794.0505024840004,795.9065506384422,7395140
2022-01-14,818.3217163085938,827.03083370642,815.5138546599876,823.794644332757,2351963
2022-01-17,812.08740234375,821.7959130078035,809.5174939188397,818.321770013783,1750754
2022-01-18,805.9005126953125,825.4126897025975,804.2824181051594,813.8005532306643,3354708
2022-01-19,798.0956420898438,807.1378705929487,793.8124812199519,807.1378705929487,1677779
2022-01-20,780.4871215820312,802.1408801381181,776.3467558210307,798.8571117272783,2886894
2022-01-21,769.7792358398438,780.2016062004811,762.4978386866899,777.155791113734,3218477
2022-01-24,762.2599487304688,785.2462719281866,753.4556723482436,765.2581850063782,5300160
2022-01-25,769.1129760742188,772.5871189889544,746.9833096379053,752.8845656397407,3779497
2022-01-27,772.9677734375,778.0124318107871,753.1700628905221,763.3544796619369,3593525
2022-01-28,787.4829711914062,802.2837193810354,772.9678135615725,776.6799098979868,5073701
2022-01-31,794.2883911132812,808.8035474517804,780.5346739802793,790.1003883419154,8041517
2022-02-01,848.77978515625,851.87317938306,799.3806356504781,806.5668748680336,12337459
2022-02-02,847.7327880859375,855.1569223895544,839.4995773830368,847.1140860214317,4404741
2022-02-03,840.974853515625,848.2562504370119,838.0242547376228,846.4953605067102,2292825
2022-02-04,850.873779296875,859.3448854800024,838.8808930810111,840.3562506362118,4222492
2022-02-07,844.30615234375,858.0122899617021,837.3103463664304,858.0122899617021,3494623
2022-02-08,851.0164794921875,852.7773694320213,839.4995586709587,843.306812905294,4766558
2022-02-09,850.3929443359375,858.1634468941413,849.3376525899763,857.5399212989164,2874380
2022-02-10,857.923583984375,859.7942778055817,844.2052602163591,855.1415790537983,3159839
2022-02-11,844.3012084960938,859.3626102089785,839.0729384264401,858.2114094537097,2682532
2022-02-14,829.6714477539062,850.5847605629659,827.1292739490422,834.611990428592,5163415
2022-02-15,841.1355590820312,844.205408642141,824.1075522599881,827.4172329020985,3219287
2022-02-16,833.5088500976562,845.3085851991755,831.8300326623595,840.3680418971569,2136415
2022-02-17,827.4651489257812,836.8665151924818,826.2659935715462,836.8665151924818,2275289
2022-02-18,827.8008422851562,832.5974630921104,821.5652352361158,827.4650436971693,1797851
2022-02-21,809.5256958007812,828.856101685868,805.3526589875997,820.7018460558565,2305713
2022-02-22,811.396484375,814.4663338574024,791.0587974256562,801.9951179090559,3171552
2022-02-23,806.0721435546875,818.3035268695608,803.9616186447581,815.2816322766504,1979574
2022-02-24,784.967041015625,802.9064155944327,781.8492373085663,796.8146716814467,3679222
2022-02-25,797.7261352539062,801.0358159043725,783.8159324627525,787.1256131132187,2098988
2022-02-28,809.5737915039062,812.5476733809917,787.6052418486354,787.6052418486354,4123139
2022-03-02,787.5093383789062,810.5810759980886,782.5208403268514,810.005446288712,3807036
2022-03-03,787.5093383789062,798.9252623751867,783.767950201738,798.9252623751867,2657776
2022-03-04,795.9033813476562,805.4486107201645,776.4290523795615,783.0963675765813,4082674
2022-03-07,789.188232421875,795.2799188740299,776.1893401024897,784.7273505898148,3065234
2022-03-08,820.2222290039062,826.6497131522157,792.5937024742757,792.5937024742757,4864275
2022-03-09,832.9332885742188,849.7694176232656,825.0188634308415,828.2805893351751,7276355
2022-03-10,834.1803588867188,846.0280480655736,831.3503407438544,834.5161574932469,2899758
2022-03-11,865.3104858398438,870.1071071582464,833.7007396410688,836.5307579294278,7194497
2022-03-14,855.95703125,874.7118079518698,853.7505972649277,865.2624878505259,3861194
2022-03-15,855.3814697265625,871.0663974041936,845.5003833545337,857.3480726798045,4039746
2022-03-16,853.0311889648438,863.3918798120869,844.6371012444484,863.3918798120869,3134307
2022-03-17,874.5199584960938,877.7816843507488,855.9091032708706,855.9091032708706,5484100
2022-03-21,876.63037109375,893.1307577049205,874.2320607884199,875.3832614454778,3878744
2022-03-22,876.918212890625,884.4968973627817,865.790075780814,876.6304273460181,2174495
2022-03-23,864.1591796875,888.3341598962564,859.3625589537189,880.6595667222067,2578669
2022-03-24,871.8818969726562,877.4939794544437,849.4816972092054,849.9613593758961,3141478
2022-03-25,865.6461181640625,877.7336375134062,859.8422188017084,874.7596975346594,1571676
2022-03-28,869.0518798828125,873.8485012342961,862.72030456735,871.9298526937026,1545077
2022-03-29,881.9547119140625,884.4969445574909,864.4470446275394,871.1143597704423,3177777
2022-03-30,883.15380859375,884.4968858544424,871.4501005470041,884.4968858544424,2084073
2022-03-31,877.5418090820312,889.2935304936245,873.7524667939151,883.1538322126892,1901705
2022-04-01,871.7379760742188,881.6190043471512,867.3250492996277,876.8223829959697,1184766
2022-04-04,888.3822021484375,891.0203438126156,865.8860369743091,871.0664112995153,1876408
2022-04-05,891.3082275390625,902.4364250977965,886.5596188625566,890.2529941781748,2911697
2022-04-06,890.3488159179688,900.6135971370649,887.374934154238,890.0610303525281,1881754
2022-04-07,893.0829467773438,909.439413978588,889.1496821128097,890.3488374582456,2728625
2022-04-08,886.9911499023438,899.1745792001325,881.9067432496456,898.8867936447917,1453271
2022-04-11,887.7587280273438,895.5771859178202,881.2352759645427,882.5783534015919,1102625
2022-04-12,883.8255004882812,890.3969073321091,874.3282246778926,882.5783905599487,1420380
2022-04-13,898.6470336914062,904.6428105374926,883.8254616173795,883.8254616173795,1825531
2022-04-18,889.7733154296875,902.7721483812579,881.8588897129275,889.8692244416138,1287320
2022-04-19,884.4969482421875,899.6063050044592,877.8296330715095,893.0829118906142,2001066
2022-04-20,885.9359741210938,893.1309062336094,878.7889965121601,880.6596905719156,1455897
2022-04-21,905.697998046875,907.5207375369259,883.153878245482,893.1308738339092,2410164
2022-04-22,887.1829833984375,903.9232019262505,880.9953307726555,902.7240467101107,1745381
2022-04-25,863.3917236328125,884.8325946820279,860.1299981447559,878.309202258413,1146270
2022-04-26,880.7077026367188,887.1351874544879,867.2771618155641,868.188531653216,3142879
2022-04-27,869.24365234375,884.2091453076439,866.8453417936872,873.0329947233499,1586283
2022-04-28,883.53759765625,889.6292829704466,872.3134926856212,882.5782734459826,3150038
2022-04-29,890.87646484375,927.7144799471407,882.1465792659578,886.4155837771168,4290688
2022-05-02,885.840087890625,887.3749833597572,865.8381409720375,884.928718089105,2119174
2022-05-04,864.255126953125,883.4416094380207,858.5950911990817,882.6741032966266,3925917
2022-05-05,842.4306030273438,881.8108512870533,837.1063066643981,868.188435396845,4462293
2022-05-06,847.37109375,849.6734953586,826.4578369231536,826.9374990455699,2350532
2022-05-09,849.3856201171875,855.1415649784673,832.741311095154,832.741311095154,2522123
2022-05-10,826.7935791015625,854.613982272827,812.0679753267401,849.001958847212,6975331
2022-05-11,820.0303344726562,831.7341017089344,816.3849141341444,818.3035625809931,2768829
2022-05-12,815.425537109375,821.0375600320101,801.2275512325589,818.20760059816,2700591
2022-05-13,846.6035766601562,852.8391837403727,825.1627049668737,827.8488009216976,4870689
2022-05-16,849.5775146484375,858.3553547737474,839.4566557326594,846.0760163405165,2739020
2022-05-17,855.4774169921875,859.170792007316,842.958246990608,844.3492788913405,2317400
2022-05-18,862.576416015625,872.0257363827085,851.8799272913587,854.7579000186945,2878378
2022-05-19,848.6182861328125,863.3919043617851,842.6225090191889,849.0020392890888,2715634
2022-05-20,878.4052124023438,880.3718152688234,852.8871539792973,856.6764962161736,2877917
2022-05-23,884.5448608398438,893.4186096290533,879.3165322751604,882.5782579538165,2195036
2022-05-24,872.8890380859375,892.9868315090571,870.1069747237051,890.2527811947059,2911410
2022-05-25,874.1362915039062,885.1205661683525,870.3469489053628,877.7817120401289,2405811
2022-05-26,863.3438720703125,884.9286677346224,857.1562189360425,881.4271107947433,4113170
2022-05-27,867.1331787109375,875.6711290668572,859.5544940145844,865.2624847869006,2374509
2022-05-30,852.167724609375,878.2613560743517,850.4409526596535,868.1884513897196,3541617
2022-05-31,825.5944213867188,846.8914313248881,816.5768086200198,831.9739510335764,24360628
2022-06-01,805.11279296875,839.408631334711,798.7332639496065,839.408631334711,5999099
2022-06-02,824.587158203125,827.8009296143224,798.9252341787059,802.7145767264578,3553217
2022-06-03,829.9114379882812,839.4087720877636,820.0783638009675,827.0814781129642,2618353
2022-06-06,824.8270263671875,838.4014887144522,823.1002543273521,829.815524467552,2095566
2022-06-07,813.746826171875,822.5246668159522,804.4893233844604,820.2222651069296,3031449
2022-06-08,812.7874145507812,819.2628527900468,803.52991275809,810.7248441350516,3208941
2022-06-09,823.9156494140625,827.033453380662,801.4674959860513,811.5883556132802,2297715
2022-06-10,811.300537109375,819.2149622418578,807.7510256424875,815.4256197103497,2124778
2022-06-13,795.7594604492188,816.3849316965463,786.4060490696168,805.8323650118671,2191412
2022-06-14,791.4904174804688,801.6592891060302,788.4205683377992,792.4017871786444,2461692
2022-06-15,788.852294921875,796.287057631836,785.8304587583608,791.682313083264,2008725
2022-06-16,781.4655151367188,792.4018350708049,773.742966590174,789.1401091809881,2327414
2022-06-17,761.1278076171875,777.3403506970761,757.7701730763674,772.4478209300238,5719089
2022-06-20,772.5437622070312,780.4102323133143,762.1830726157691,768.4186798807189,2745302
2022-06-21,784.1995849609375,786.9336355307171,772.5917269212085,773.7908821803229,1342717
2022-06-22,776.3811645507812,787.605270864344,770.5772640947433,780.8900005890085,2032073
2022-06-23,791.3464965820312,792.8813917657812,775.6135574623522,776.5728815903205,1778752
2022-06-24,791.0586547851562,799.884448498441,788.0847734008692,794.2244712585886,1404748
2022-06-27,801.6593627929688,813.5069943007561,794.3205085861157,794.3205085861157,2980249
2022-06-28,794.89599609375,803.4340047593575,791.4904069482554,802.9543426669638,2823691
2022-06-29,804.5852661132812,809.3818873986204,790.3392657643205,790.4831878238831,2975927
2022-06-30,796.8145751953125,813.6507600167417,790.1473195326342,801.9949487638287,3809670
2022-07-01,795.5196533203125,802.9064619323109,791.4425251603953,796.1432375187144,2316527
2022-07-04,795.6635131835938,805.4965862123695,788.4685816991238,791.7302488405821,2097164
2022-07-05,801.8031616210938,812.3557279128472,793.0253802462734,795.6635218192117,2682730
2022-07-06,803.6258544921875,808.3745207589359,797.4382019962729,805.8322883330758,2364840
2022-07-07,814.8980102539062,818.2076906853149,807.894954815821,808.7583115245538,2327906
2022-07-08,822.8124389648438,824.5392109421794,815.1857992997288,818.7832653160559,2927832
2022-07-11,822.3807373046875,827.8968519031149,816.4808695740621,821.9490296690917,1768048
2022-07-12,816.9605712890625,825.0189190355298,814.4663514664708,818.3036487643104,1695338
2022-07-13,825.1627807617188,828.136662529063,814.8020319732168,819.8384843083197,2663538
2022-07-14,844.109375,847.0353020579006,829.0479735636328,832.1178226704882,4934156
2022-07-15,842.6705322265625,848.954095006812,837.3462352435345,848.9061404998276,1413559
2022-07-18,846.8914184570312,859.1707568894217,842.8142904798995,852.455487280028,2866600
2022-07-19,839.6963500976562,855.0455352786576,837.9695784752926,844.2051849550743,1604458
2022-07-20,832.2136840820312,848.7140708544456,826.9853558548203,848.7140708544456,2885666
2022-07-21,834.2763671875,842.190792342532,828.5683761227635,836.5307557803551,2321107
2022-07-22,838.9290771484375,840.5119856206638,831.2544829606874,835.5714421912969,1939758
2022-07-25,833.0292358398438,842.2867387931409,821.5653572506685,834.612144362224,2419358
2022-07-26,832.357666015625,841.7110769708461,826.9374608615984,833.8446068159545,1560211
2022-07-27,857.6359252929688,860.5138981966364,830.8227993632964,832.2138313105709,2797789
2022-07-28,858.4512939453125,860.3699424726999,843.0061967208463,859.5545402695628,3183169
2022-07-29,904.8346557617188,913.228743055451,843.2460264217772,860.5138631403119,11315800
2022-08-01,881.3311767578125,901.7168165284181,872.9850442941696,901.7168165284181,4219890
2022-08-02,879.9401245117188,888.909782381734,874.9516269495301,881.3311563154786,2043767
2022-08-03,860.5138549804688,880.4677877332828,857.2041745969658,877.7816915352607,2863168
2022-08-04,881.139404296875,882.5783908036201,859.1708535395632,864.3512283848496,3151481
2022-08-05,878.693115234375,891.2122857947247,874.8078634815091,882.0987048312695,3317738
2022-08-08,873.3687133789062,882.3863250901185,871.4500651144996,882.3863250901185,2677742
2022-08-10,882.2904663085938,889.2935211617187,876.054859094407,876.054859094407,3077870
2022-08-11,883.5855712890625,889.1976531721501,880.1320274783195,885.4562652500917,1526395
2022-08-12,876.2947998046875,885.2644586527524,870.2510683820202,883.5856411157611,1384417
2022-08-16,877.3980712890625,882.0508297524582,869.4356904934496,870.1072292827815,1635836
2022-08-17,883.3458862304688,888.3343847668763,877.7818164813086,881.6191140396968,1828327
2022-08-18,879.4605102539062,881.6189898263865,858.7870842813186,872.9850715364654,2989998
2022-08-19,867.5257568359375,886.2458844416482,864.3014930268847,881.6260218403412,1708425
2022-08-22,847.50634765625,869.547022599697,845.1964456336929,866.7077129571078,2860170
2022-08-23,855.061767578125,858.5266498419228,839.8546341837875,841.3465156047534,2314528
2022-08-24,847.939453125,866.1783441437766,845.1001435477672,858.5266653660614,3223687
2022-08-25,844.3782958984375,857.2273570282103,842.1646177948963,854.6767778307062,5016244
2022-08-26,847.1214599609375,857.083041720543,845.1483413923974,849.1907436806239,1542618
2022-08-29,846.2551879882812,847.9395173359975,832.5399347283062,839.2772521191712,2068888
2022-08-30,859.5372924804688,861.8953652510423,848.9019677849462,849.8644416713238,3672052
2022-09-01,839.1328125,868.0551990286688,837.7372723968699,859.4891581649619,2939235
2022-09-02,836.9191284179688,845.0520442373105,833.5023579834975,840.1434510773367,1963435
2022-09-05,851.4043579101562,852.8962393974522,832.0105447674786,836.3897891064869,2808538
2022-09-06,854.4361572265625,857.2754668226731,849.4312814758365,853.7143018416907,2252661
2022-09-07,860.2110595703125,862.7616389371466,846.4958063128278,846.4958063128278,1698682
2022-09-08,860.7402954101562,866.948263081251,853.7142485185342,864.5420786153024,1772605
2022-09-09,856.6016845703125,868.0551463225752,853.4255327697299,860.9328166833085,1405210
2022-09-12,854.3880615234375,861.558503565075,851.8855942281366,857.7567200502041,1571387
2022-09-13,856.7462158203125,859.7779735362401,850.345740512107,856.4574266375828,2216354
2022-09-14,850.5863037109375,864.0128262794253,847.0251385546557,851.4043830228323,1889322
2022-09-15,841.4909057617188,854.8212043135209,838.4109775813001,849.8644403087263,1780723
2022-09-16,835.4754638671875,857.0830148449623,833.3098975747662,845.7258344825464,5625488
2022-09-19,842.020263671875,844.0414940985314,824.6476216134118,839.6622496245593,1920725
2022-09-20,877.72802734375,880.4229423382258,843.897048477514,844.6189038552168,4408042
2022-09-21,871.3275756835938,887.8821378620571,868.7770551956594,884.0803543574932,4153228
2022-09-22,873.9263305664062,877.0543708465173,861.7028998767153,866.130315212336,2317690
2022-09-23,886.53466796875,891.9245569472358,868.7289011767264,868.7289011767264,4802181
2022-09-26,866.9002075195312,891.5876264988608,865.312102170828,883.502881414327,3760536
2022-09-27,863.4834594726562,875.7068306754677,860.8366563194148,871.2794743533975,3096645
2022-09-28,883.4066162109375,891.2508017327242,858.5748021664689,860.4516379579431,5559336
2022-09-29,895.7744750976562,919.64381619178,890.3845859830185,890.3845859830185,8519098
2022-09-30,913.0508422851562,915.2645203935954,895.1006814653996,898.9024649259483,4182345
2022-10-03,909.0565795898438,931.5303211882119,907.3722502999738,917.1894956241648,4444578
2022-10-04,909.104736328125,920.4138049744705,907.6610254371022,919.8363441159601,1856830
2022-10-06,918.1038208007812,925.899835418152,911.9920766611036,918.8737881249458,3449485
2022-10-07,919.306884765625,925.466681913812,910.6927324017515,917.2375425725237,1762328
2022-10-10,910.5484619140625,918.4407599946401,900.1537550798921,910.4522380176734,1683827
2022-10-11,909.2970581054688,916.1787687856373,904.725307879482,915.1200124338312,2426935
2022-10-12,919.6917724609375,923.9747923619791,905.7359032013035,910.500159973367,2875040
2022-10-13,932.0597534179688,937.2089653135779,915.7939209200199,920.943132815629,4498223
2022-10-14,939.6631469726562,943.1280878544451,927.8247311355384,939.3744165853584,3307000
2022-10-17,943.2244262695312,948.0367957913146,936.7758393613926,939.6632610744626,2647369
2022-10-18,941.6362915039062,948.036766266445,936.2464613052633,946.8336739234672,2065146
2022-10-19,940.2407836914062,943.898172790789,928.8354326412085,938.9895206159175,2424533
2022-10-20,943.5612182617188,945.9674028941449,930.2790908396745,933.599637381371,1669666
2022-10-21,941.0107421875,954.677883293335,939.1339063367252,944.1868943031795,1791608
2022-10-24,949.9617309570312,952.8010406860442,945.2455853905525,948.9992570654841,191840
2022-10-25,954.3410034179688,959.9233404037966,948.5180479521937,954.7260164837829,2119595
2022-10-27,973.686767578125,975.3710969431627,955.2553684570995,961.511448955811,4379157
2022-10-28,952.8489990234375,965.8423944646662,950.4909266203416,964.3986838600853,3934980
2022-10-31,978.7396240234375,988.7493749728676,954.0040357836781,957.6133125089912,3546309
2022-11-01,997.7002563476562,1009.6349542330526,980.9051365642578,983.600051289908,5264069
2022-11-02,1012.474365234375,1030.761369210204,993.8986895842,999.8179275269057,5923662
2022-11-03,1005.01513671875,1015.9873619924996,1000.5397273543958,1005.7851627865326,2386317
2022-11-04,1000.8765258789062,1007.1326055649113,992.7435517934134,1006.0739078851751,1576349
2022-11-07,989.760009765625,1010.549422469888,982.6858501113987,1005.7852236693552,2853521
2022-11-09,975.515380859375,997.7485625412781,972.098610363975,981.7714610250837,2268760
2022-11-10,972.7242431640625,983.9370285367296,968.9705715617789,972.0986116487675,2419991
2022-11-11,975.515380859375,992.7436279150194,971.9542157853306,977.6328351259481,2390487
2022-11-14,978.7396240234375,983.0707560938131,964.3987410036319,980.4239531619169,1764788
2022-11-15,977.9215698242188,983.6483011345674,966.7568963620761,983.6483011345674,1703050
2022-11-16,980.4239501953125,984.4181811790633,969.3073309191948,969.3073309191948,1485506
2022-11-17,975.3228149414062,991.8292643328572,972.5316761304477,984.8994411300553,1758031
2022-11-18,971.713623046875,979.6540326982165,968.2487405150966,977.1516240635705,1130682
2022-11-21,965.5057373046875,974.793575395063,956.2178404695658,965.3613427186457,1108922
2022-11-22,972.1947631835938,974.4084999223484,958.8645245336439,968.3930386642953,1723123
2022-11-23,979.4615478515625,980.857087953801,971.5692504447748,977.1034751438693,1311376
2022-11-24,996.256591796875,998.4703284991458,975.7559119162422,982.3488925932552,1994268
2022-11-25,995.0537109375,998.9998307980998,988.4126169094415,998.9998307980998,1948596
2022-11-28,995.9197998046875,1002.4164981846649,989.3749307372138,994.2354705950637,1427648
2022-11-29,1010.4530639648438,1011.7523800564853,995.1978782078122,996.1603519778391,1179559
2022-11-30,1006.7957153320312,1018.5860187946945,1000.3470706995854,1013.4848609130189,3060171
2022-12-01,1007.1808471679688,1018.153074013823,1000.587923917317,1015.4100466747343,1878374
2022-12-02,1000.972900390625,1010.4532452281564,995.9680828844698,1008.9614811106943,2284133
2022-12-05,1000.395263671875,1006.6993963946032,992.0698420332211,1003.0420665489949,2294634
2022-12-06,994.7648315429688,1000.9727404857679,984.8513045212135,1000.395279710306,1321211
2022-12-07,979.5578002929688,998.229817232953,977.2478394620294,997.6523563975902,2954262
2022-12-08,943.994384765625,979.7984254198983,938.4120479218083,976.911003733985,10021644
2022-12-09,955.5921630859375,959.5864531642075,943.2243972928017,943.9943646436839,4231753
2022-12-12,950.3467407226562,957.6615187752024,943.3688050330882,957.5652948842784,1875104
2022-12-13,957.32470703125,958.9608656977531,943.0319340872524,943.2244406200016,1863361
2022-12-14,962.7144775390625,965.3612806515168,957.2283647933906,961.5113852152197,1570685
2022-12-15,964.5913696289062,969.2112326732356,960.6451913294666,963.4363891816374,1304660
2022-12-16,956.3621826171875,967.3824614120798,950.5391687188906,960.6933150240076,2618988
2022-12-19,950.8761596679688,955.8810360043761,937.1609057504162,950.5392585354253,1547342
2022-12-20,951.2610473632812,953.4747843099856,942.6469530283664,950.8760930534481,1352408
2022-12-21,967.8635864257812,971.6172575755277,951.3090848031461,954.7739668300381,2043630
2022-12-22,972.7242431640625,995.2461552882778,969.2593019747061,981.6752384332659,5163443
2022-12-23,963.9656982421875,989.2787494184716,960.982052726084,974.0235619899454,3612433
2022-12-26,962.52197265625,973.8310405196179,951.597917835064,972.0985993192845,2307374
2022-12-27,962.6182250976562,977.6327933559528,955.7365137115049,962.7144489828125,1870105
2022-12-28,957.6615600585938,972.6761298641263,955.7366121991795,961.4152318823502,1686511
2022-12-29,963.003173828125,966.9974636996606,951.9828367832323,961.0782261781784,2162872
2022-12-30,963.8212890625,969.0186123477606,956.4583409774573,966.3236974504323,1629162
2023-01-02,959.58642578125,963.8213342073687,950.1541938264307,963.8213342073687,1616012
2023-01-03,971.2323608398438,974.7935259155684,950.9241856363968,955.7365549969049,1810117
2023-01-04,966.4199829101562,987.4019601317202,963.1957189651024,974.023549930236,2573870
2023-01-05,978.0658569335938,983.5519691721618,970.4141787122808,971.2322579189785,2246533
2023-01-06,970.8473510742188,983.4557345805472,966.4199362686396,976.9109243731039,1773153
2023-01-09,978.6915283203125,984.9476084568306,972.5798427617651,976.91097516397,1567316
2023-01-10,973.8792114257812,985.5732930393319,972.1467701205598,977.8735016874622,1607654
2023-01-11,989.4232177734375,994.2837582028503,970.5105812120676,974.0236346174306,3258157
2023-01-12,994.0911254882812,996.5935340834893,982.8302280651013,993.2248754966164,1641398
2023-01-13,992.8880615234375,996.1604963135735,981.8677822556682,992.4549952599671,1491367
2023-01-16,996.5934448242188,1000.4915106928388,987.5943383317552,992.8879442084369,1437532
2023-01-17,993.9466552734375,997.122865838018,988.268153793549,996.5934582474284,1245848
2023-01-18,1001.0690307617188,1002.4165176534848,991.4924629225126,993.9467007533699,1238451
2023-01-19,1001.502197265625,1004.8226850047618,997.1228943150701,999.1440658732178,824263
2023-01-20,991.6848754882812,1008.1913249750285,978.6914789372904,1004.8708372966782,2963571
2023-01-23,1009.923828125,1015.3136580287274,984.1294827071524,996.1604054786335,2106604
2023-01-24,1001.6464233398438,1011.5117796586103,995.7273035401647,1010.5974765565637,2088556
2023-01-25,1001.02099609375,1006.4108262711073,991.6368758555835,991.6368758555835,1753333
2023-01-27,1004.2451782226562,1011.5599555450677,995.1979010785918,1005.736942106796,3448013
2023-01-30,1012.2337036132812,1031.9163643893294,1001.1652543102439,1002.8495835520105,3320916
2023-01-31,995.6790771484375,1020.510946464602,987.5462210974351,1015.4097886820701,5265462
2023-02-01,976.8147583007812,1004.7745538490873,967.3824673390113,997.555999793494,4717887
2023-02-02,969.78857421875,977.5846472201632,955.736480282482,972.0504228882154,2117181
2023-02-03,989.5675048828125,993.7060719127868,964.0619480509297,969.2111596115453,2332076
2023-02-06,984.947509765625,987.4499180715951,974.7453112939166,981.7232461316169,1215157
2023-02-07,968.6337280273438,989.9043770951268,964.3988194937453,987.7388108836889,2360600
2023-02-08,982.3064575195312,986.0883125702888,967.1791556881261,974.3549027883311,1815142
2023-02-09,976.2943115234375,990.2580203948154,971.0579650860305,972.6094619891556,1474402
2023-02-10,976.1002807617188,983.6154579516445,966.50028347575,976.2942326553946,1530150
2023-02-13,984.4883422851562,986.5246894739657,971.6398118391791,977.7004394080362,1355766
2023-02-14,976.2459106445312,987.2035136971449,972.8519591299985,987.1550405126723,1832842
2023-02-15,965.23974609375,975.9064498777701,960.5366639138539,971.6397446898372,2251350
2023-02-16,964.9972534179688,979.3972788434729,961.1669254902807,968.6336294532787,1678410
2023-02-17,954.6699829101562,966.3063869679743,952.2457320647775,962.1366873510851,1847026
2023-02-20,954.572998046875,961.6033252148972,945.4093183838085,960.1487747663408,2157871
2023-02-21,942.1609497070312,960.7792105035633,939.7852309124341,960.0034619674202,1771813
2023-02-22,939.2032470703125,948.3669270677924,936.7305230546906,942.1123480735879,2605147
2023-02-23,943.0335693359375,947.639645895676,934.8395897240827,943.5184195001206,2835983
2023-02-24,941.0941772460938,953.5548029047029,934.5002267903417,941.1911236054884,1823835
2023-02-27,935.809326171875,943.0820789153264,930.9608243429074,941.0942050026124,1548675
2023-02-28,927.6153564453125,946.4275674229216,925.0941591408475,939.6396647877161,3819644
2023-03-01,930.2335205078125,936.7789977759545,922.1850195560003,922.1850195560003,1862513
2023-03-02,936.0517578125,937.7002602830456,922.2820006847279,930.9123576749987,1510195
2023-03-03,937.6033325195312,940.3669549618759,929.1184540911564,937.7487520668144,2215832
2023-03-06,936.0032958984375,949.8215263740166,934.5972185041104,940.6093727236305,1989152
2023-03-08,928.4880981445312,935.7608508715118,918.3062443267582,930.9123490535247,4734482
2023-03-09,923.8335571289062,930.3305614647094,918.4517318962997,928.4881070818142,2994556
2023-03-10,926.5972290039062,928.4881566692734,917.4335481531401,917.8214519973548,2001392
2023-03-13,925.1910400390625,930.8153491732021,918.8395148598503,926.160740346906,1412106
2023-03-14,928.1971435546875,934.5486687137121,921.5061877775106,924.6092405899087,1879695
2023-03-15,922.5729370117188,935.6638917416482,920.5850039448203,923.1547335476129,2189113
2023-03-16,938.088134765625,940.6093319811466,922.8638275551596,926.3062519329798,2228093
2023-03-17,928.6820678710938,939.3487720753051,923.8820391420358,939.2032933436492,2218687
2023-03-20,932.075927734375,933.4820049877362,918.645543247467,921.215272682431,1955757
2023-03-21,927.2275390625,935.7608907890086,924.3669110306969,935.7608907890086,1687239
2023-03-22,942.5972290039062,944.8760603756654,927.6153465109187,928.0032503316731,1626129
2023-03-23,948.027587890625,953.1669880008325,942.5487571403296,945.4578582426146,1857923
2023-03-24,943.373046875,949.3367282394935,938.6700234278138,947.9791239527708,1534322
2023-03-27,953.65185546875,960.9246083562755,933.8214707582678,950.3063773033255,2473222
2023-03-28,954.379150390625,957.8700481741249,946.7184935171804,957.0942996873266,1394675
2023-03-29,961.8457641601562,966.3063619257302,949.3366064478573,955.785137203773,3045795
2023-03-31,953.3124389648438,965.0458493089379,951.663995634535,965.0458493089379,1822710
2023-04-03,949.3850708007812,958.0639003588047,946.6214486086855,951.2759982307566,1671570
2023-04-05,966.9367065429688,968.730628476935,945.7487188470766,955.1548238736545,1544121
2023-04-06,981.4337768554688,983.2762313380226,963.3004262494666,966.9368028446515,1423990
2023-04-10,978.039794921875,986.1368287332632,976.1489264998919,984.245901125465,1110974
2023-04-11,978.6701049804688,991.2762098749411,977.0216025032596,978.0397760614196,1786844
2023-04-12,985.8943481445312,989.2882993366978,974.791267407281,984.7306958986261,3246327
2023-04-13,973.0943603515625,992.827739998765,971.639809738182,991.3247162021016,1445693
2023-04-17,968.439697265625,979.3003524158926,964.9002675115838,969.1669724874847,1768817
2023-04-18,974.3548583984375,975.7609356832921,958.3548033040033,968.7306084448287,1217390
2023-04-19,965.336669921875,978.815528063215,962.912419118455,973.0942724928193,2174563
2023-04-20,957.8215942382812,971.7367716546347,953.9427925405307,968.8276703813217,1638094
2023-04-21,959.469970703125,964.1729934692479,955.1063193666281,964.1729934692479,1216575
2023-04-24,949.4821166992188,952.7305891813902,930.1850561549604,945.4578365922193,3485350
2023-04-25,943.0335693359375,953.1184764252683,937.7002175299245,950.3063217986826,2377746
2023-04-26,941.821533203125,947.203358698551,934.0154566569832,946.2336582782647,2911028
2023-04-27,949.0457763671875,951.8578719654741,934.3547918952427,938.6699704353365,2777173
2023-04-28,957.7245483398438,962.4275712352838,949.4820955887104,955.1063456287922,2009995
2023-05-02,943.56689453125,958.936680277503,940.9002186230098,957.7245548646665,3152556
2023-05-03,934.4031982421875,942.936608348064,930.4274506318937,941.0941540784293,3087472
2023-05-04,944.4882202148438,946.3306747088916,935.9063950709967,938.330646149577,1197830
2023-05-05,941.0457763671875,947.6397273295546,938.5245197852892,944.4882009915437,1062645
2023-05-08,932.706298828125,939.63968030865,931.8820771688469,932.8517775613223,2676958
2023-05-09,928.439697265625,937.5548458817938,920.7305669375154,932.7548760568401,6902170
2023-05-10,924.9002075195312,930.8638885109502,922.7668548534896,928.0032605623362,2180917
2023-05-11,931.9305419921875,934.694223597442,923.1547653561641,924.9002142098008,1296607
2023-05-12,927.0335693359375,933.9184184045878,923.154767790599,931.8820712676109,2014927
2023-05-15,924.1244506835938,926.7911266955349,919.3244220249371,924.1244506835938,1814239
2023-05-16,912.4396362304688,933.3851419539794,909.5790081098042,924.1245146360804,2625163
2023-05-17,907.5910034179688,916.6576775066459,900.7060958083758,912.7304031469998,2956985
2023-05-18,901.4819946289062,914.427471209777,894.5001399574799,914.427471209777,3014019
2023-05-19,897.7970581054688,906.088043564199,896.2940343788158,903.7607390168688,1309343
2023-05-22,909.0455322265625,914.1849318332794,894.8878727376016,897.7969735548912,1382485
2023-05-23,903.372802734375,927.2274663369459,900.9485519121104,909.094058349244,3057684
2023-05-24,923.3001708984375,925.8698412002624,904.3424825497042,907.1546371140663,2953574
2023-05-25,916.3668823242188,922.8638868720404,914.1365832308574,920.9244860628886,2331464
2023-05-26,940.5123901367188,947.1063406585049,908.6092250492453,915.348654297392,4137189
2023-05-29,939.1062622070312,943.7608117842691,917.7243825467945,940.5608126490312,5344765
2023-05-30,930.5243530273438,938.136535638774,927.3243539817255,935.7607581462155,2624815
2023-05-31,945.7971801757812,949.6275082637331,931.6395792269326,935.7608055727192,5595631
2023-06-01,957.7730102539062,960.4396861126144,945.4578044510738,950.1123541127479,3261906
2023-06-02,969.3125,973.2883071672164,951.2760961629793,956.6579215671052,3734815
2023-06-05,978.1852416992188,986.8640717898713,968.2458129731548,974.8882367889308,3629780
2023-06-06,983.0822143554688,985.1670938063911,973.5791626527933,978.3307180970377,1632644
2023-06-07,983.8579711914062,986.6701259371989,979.397373166163,984.2458750135203,1608613
2023-06-08,957.09423828125,985.2155482206181,953.457861995987,984.2458478778813,3395935
2023-06-09,954.13671875,960.6821964385631,951.2760907378353,954.1851919327522,2306206
2023-06-12,955.5912475585938,959.9064260698246,951.3245422290098,957.9670253174345,593319
2023-06-13,958.1609497070312,965.8216066064489,955.6882255031838,960.0034041570125,2413311
2023-06-14,956.8033447265625,964.8518457737438,954.4275670379973,961.5548409178805,2139387
2023-06-15,958.4518432617188,964.6578899490977,955.8336404969097,958.5487896217512,2731724
2023-06-16,961.9428100585938,964.512539828339,957.2882599116026,960.0034092318627,3611214
2023-06-19,971.4457397460938,976.197294846608,963.6396642402277,964.9972683220343,1327862
2023-06-20,961.8943481445312,977.2156030180452,959.615516634934,977.1186566498993,1445688
2023-06-21,961.8457641601562,963.7366324218997,953.7972042134313,961.8942373386453,1396686
2023-06-22,960.2943115234375,966.01556766048,957.1912583505639,957.1912583505639,5384143
2023-06-23,961.409423828125,965.7730754030499,947.688140201536,963.88214788342,1218237
2023-06-26,964.8034057617188,973.3852304578965,961.4094544287514,963.8821785627505,2066932
2023-06-27,971.4457397460938,972.9487633600739,956.1244869845177,969.6518178819574,4647465
2023-06-28,990.83984375,994.4762793876172,964.8518852116139,964.8518852116139,5296330
2023-06-30,1019.7367553710938,1023.0337598829536,989.1427244363998,990.7912266923297,4765060
2023-07-03,1001.4096069335938,1021.7249023752968,998.7914630683799,1021.0945734087418,2338356
2023-07-04,1017.0218505859375,1021.9672990669408,998.6944889242111,1008.4884395182831,1549174
2023-07-05,1013.0458984375,1025.6520028648188,1011.05808376232,1023.0338592939481,1840716
2023-07-06,1010.9126586914062,1024.5854105447052,1008.488407711331,1008.488407711331,2551103
2023-07-07,1004.3186645507812,1019.3490208648116,997.5792940683042,1002.185371003249,1721224
2023-07-10,1013.3369140625,1019.1551164398924,999.8580548805483,1004.6096104964115,1221769
2023-07-11,1039.7611083984375,1042.185359059194,1017.2641096152635,1020.1246780463104,4369937
2023-07-12,1046.0643310546875,1050.9128331684983,1037.5794523555185,1042.4279544693293,5088473
2023-07-13,1043.0582275390625,1049.1188548566422,1039.2278400513758,1049.1188548566422,1541690
2023-07-14,1040.43994140625,1047.2763762107197,1032.7308709855708,1047.2278438446529,2641580
2023-07-17,1044.94921875,1048.294756445557,1038.0643689822227,1041.1673631849378,1254025
2023-07-18,1034.81591796875,1046.2098989067244,1032.1007092050859,1045.7734626563265,2238739
2023-07-19,1049.0704345703125,1053.0947152134581,1031.615826030863,1034.8158849450847,2311282
2023-07-20,1064.3916015625,1071.034025215223,1049.5067250221994,1053.1431012961307,5218991
2023-07-21,1063.90673828125,1070.7430545690172,1057.312728703802,1069.9673653297787,1879610
2023-07-24,1067.0582275390625,1073.797597235908,1059.3975715396468,1060.85212198112,2130036
2023-07-25,1061.870361328125,1076.3673334708187,1057.7491350513224,1076.3673334708187,1702900
2023-07-26,1078.306884765625,1080.634189486209,1060.9492232879666,1063.8099105969716,1321572
2023-07-27,1100.5614013671875,1120.3433128372778,1082.47658393748,1093.822031059929,6366612
2023-07-28,1107.9573974609375,1113.1636200883713,1091.5114739057074,1099.588383005283,2677679
2023-07-31,1112.6767578125,1114.2337419033936,1096.717403602729,1109.3680923754314,1718336
2023-08-01,1112.7254638671875,1121.678331245015,1105.475692799362,1112.676878640795,1448567
2023-08-02,1104.745849609375,1113.5527237618817,1096.182257960636,1113.212033224379,1731918
2023-08-03,1110.34130859375,1138.2700915391981,1092.1924106855856,1099.8801612954303,8460399
2023-08-04,1108.346435546875,1114.2339199325036,1090.9275024858396,1098.6638389552809,3527805
2023-08-07,1129.609375,1135.3994511042588,1103.0428779315855,1108.346389025729,3353219
2023-08-08,1117.785888671875,1133.307265911232,1109.3195857128953,1130.971729964262,3073468
2023-08-09,1121.82421875,1128.1495632269432,1109.6600947558782,1120.218530624721,1306791
2023-08-10,1119.3916015625,1126.787366564549,1112.8715586182273,1119.683469318327,1443067
2023-08-11,1101.9237060546875,1120.07260388967,1100.1234393547106,1119.1481779273329,1756630
2023-08-14,1103.772705078125,1111.3144625957407,1090.3921675468716,1100.6100325707378,1824622
2023-08-16,1112.920166015625,1114.7204327862933,1091.7058841610203,1104.4538636063683,1224080
2023-08-17,1114.0394287109375,1118.0778237485424,1106.9355311924396,1112.9203052949688,1964341
2023-08-18,1104.4052734375,1118.418369356438,1098.6637826135266,1110.3413427475941,1473774
2023-08-21,1106.8380126953125,1113.1633572777744,1096.863430853738,1099.5881233997102,941384
2023-08-22,1106.9840087890625,1116.180039189553,1099.636830239054,1104.5024799303774,1438879
2023-08-23,1093.5062255859375,1100.074853639189,1080.7582452702782,1097.6907324544966,3050418
2023-08-24,1088.25146484375,1102.6537194002506,1083.288406180669,1093.4089832251523,1575291
2023-08-25,1076.57373046875,1093.1169399148268,1070.6862466497698,1087.9593035714088,1515282
2023-08-28,1086.986328125,1093.9442321391862,1075.4547601298977,1080.223121406142,1959645
2023-08-29,1081.7313232421875,1094.8199934882505,1076.7196798034433,1094.8199934882505,1749707
2023-08-30,1084.942626953125,1089.0784293242605,1080.6608313284817,1087.4727411162344,1543173
2023-08-31,1081.7313232421875,1088.7865159965522,1072.0973121367906,1088.7865159965522,4782404
2023-09-01,1079.201171875,1087.472776889371,1076.0384993695052,1082.1205618800723,2715249
2023-09-04,1079.1038818359375,1084.0668210828383,1072.389261071174,1084.0668210828383,1205294
2023-09-05,1101.48583984375,1105.4756489737154,1077.4494582441853,1080.174269683824,1698118
2023-09-06,1111.6549072265625,1118.126244759771,1098.7123509504154,1106.4486860677628,2960249
2023-09-07,1102.60498046875,1110.7791773360896,1098.2744807477875,1109.3681863695392,1863837
2023-09-08,1100.07470703125,1107.470589700749,1098.177151140428,1102.5562359256578,1789037
2023-09-11,1106.3515625,1109.3682418557607,1095.4524348146128,1100.074802489012,2032253
2023-09-12,1114.477294921875,1122.797605150575,1106.546260507964,1111.3633259841642,3989578
2023-09-13,1117.883056640625,1125.6193924109486,1111.6064158300062,1118.1263391339091,2115524
2023-09-14,1113.066162109375,1119.975361479148,1108.1518080023393,1117.8831081823819,2065163
2023-09-15,1118.9049072265625,1122.7974271768512,1113.2607057825314,1113.2607057825314,2404169
2023-09-18,1116.8126220703125,1125.9113634359614,1111.8496830336203,1118.1263237579255,962842
2023-09-20,1122.164794921875,1124.9381914454982,1108.3949827477702,1117.1531520583321,2303191
2023-09-21,1115.3529052734375,1125.862637358663,1110.4872555700156,1118.1263018463326,2088934
2023-09-22,1101.9237060546875,1117.1532139577248,1097.9826009207295,1111.8009990824917,1585418
2023-09-25,1093.8468017578125,1106.2542090053387,1091.5112660472807,1095.9389361830138,1009279
2023-09-26,1095.598388671875,1099.6369019370456,1088.4459069173322,1094.7712519284746,1966198
2023-09-27,1109.3197021484375,1115.1098979987023,1093.0197716191324,1095.890576926835,2332018
2023-09-28,1101.875244140625,1121.0458593229998,1098.5178740689971,1112.2389845266105,2685663
2023-09-29,1127.5172119140625,1136.0321002723804,1103.8215177835455,1103.8215177835455,2288577
2023-10-03,1110.779296875,1130.7284637767634,1108.6384581870261,1128.3930465863536,1946966
2023-10-04,1093.603515625,1108.3950437586966,1083.093664357708,1107.5192030213755,1803871
2023-10-05,1089.02978515625,1098.3232243935079,1081.92600726138,1094.4307043008823,2348562
2023-10-06,1097.009521484375,1101.7291783337391,1092.9223041171788,1097.6906649837647,1056281
2023-10-09,1092.873779296875,1103.334927613195,1079.2012542138468,1081.1475143657203,1080276
2023-10-10,1096.23095703125,1100.0261878309598,1089.7110334758065,1091.851871983189,1092093
2023-10-11,1098.420654296875,1103.967448623051,1092.1925975930783,1097.6908066860465,1456045
2023-10-12,1100.0262451171875,1102.1184985071654,1091.073377278519,1098.6638392732282,1221965
2023-10-13,1114.52587890625,1116.3747309443431,1091.8519015277493,1095.841710921442,1934884
2023-10-16,1104.7945556640625,1116.423411849497,1102.605013126114,1110.8279142525175,1144308
2023-10-17,1106.25439453125,1113.260884047597,1103.5295826136146,1108.0546615384767,798807
2023-10-18,1122.408203125,1130.582519155194,1103.5781607561714,1106.4488468356283,2178517
2023-10-19,1110.827880859375,1119.099485754079,1104.5025359398953,1116.5693715443435,1765065
2023-10-20,1111.5091552734375,1114.233967075855,1102.6536951010248,1107.4220563601073,957910
2023-10-23,1092.2896728515625,1118.3208992044827,1087.9592920584964,1104.502501329511,702730
2023-10-25,1090.1976318359375,1099.344959183968,1082.8991565325377,1094.7712955099528,1800673
2023-10-26,1074.04345703125,1087.910558544161,1068.0100989768302,1085.9642986826998,2223975
2023-10-27,1081.439453125,1089.7110584050104,1077.887504746703,1082.1205966319449,1250965
2023-10-30,1085.2344970703125,1089.8568644365118,1074.1894956480814,1085.7210620562282,1078813
2023-10-31,1059.349365234375,1089.5163972560224,1039.6434814137826,1089.370403988182,6475786
2023-11-01,1086.207763671875,1102.1185357448953,1053.5106162635511,1062.6580629074433,3973264
2023-11-02,1102.4102783203125,1106.9840605180532,1080.7581361821267,1097.544628401619,3454692
2023-11-03,1110.4385986328125,1114.9149727916767,1101.096574564252,1107.9084844378267,1741756
2023-11-06,1119.0994873046875,1120.0726172936481,1109.3681874150816,1109.4654766559213,1428537
2023-11-07,1139.4866943359375,1142.0169277419902,1115.7424138600948,1118.1265351962204,1811831
2023-11-08,1145.0819091796875,1151.1153858515845,1139.535116249492,1143.4276358609334,1702301
2023-11-09,1144.595458984375,1151.4560730034882,1135.4967172384531,1149.2665305025307,1849169
2023-11-10,1147.660888671875,1149.7531420154876,1138.6594358037894,1142.5033707351447,957539
2023-11-13,1146.1527099609375,1155.6407286897854,1142.2114854343736,1148.3908379766403,816825
2023-11-15,1149.169189453125,1152.5751443010654,1139.535179125181,1147.8067837558933,2246320
2023-11-16,1157.5869140625,1162.7931361419628,1147.9041986605994,1150.2397345700688,2205723
2023-11-17,1162.5010986328125,1166.1990402265137,1156.0297602389783,1157.8301458089793,891965
2023-11-20,1156.0784912109375,1166.0530741527828,1153.4023835923936,1163.8635315557922,1054810
2023-11-21,1169.118408203125,1172.621652452395,1154.3754649142352,1157.051572419832,999135
2023-11-22,1171.7459716796875,1182.1585353973387,1166.7830317497378,1172.621812559161,1401782
2023-11-23,1166.58837890625,1177.3900989573594,1162.6471545948962,1171.2107467525157,1177434
2023-11-24,1163.3282470703125,1177.0980607555086,1160.7495475225478,1167.7560362237757,1376695
2023-11-28,1159.33837890625,1168.0965487337387,1157.7813946949748,1164.9825803111885,886708
2023-11-29,1169.8968505859375,1177.0007471755373,1152.6724969238726,1159.9222679827549,1813462
2023-11-30,1192.911376953125,1198.0690134269157,1160.3115222206336,1160.3115222206336,4672807
2023-12-01,1198.166259765625,1208.4814135535719,1192.0841975333121,1199.9179412046424,1749751
2023-12-04,1198.069091796875,1206.6812690315016,1187.7052329459254,1204.0051613784076,1615837
2023-12-05,1206.243408203125,1210.1845136550069,1187.7539371426167,1192.9601591831754,930042
2023-12-06,1207.0216064453125,1224.1973723512187,1200.1611121589988,1215.0013426266905,1704590
2023-12-07,1206.0001220703125,1208.5302364497845,1195.8795457621345,1197.9230951151585,1478355
2023-12-08,1202.5941162109375,1214.0769790770798,1197.5824728916423,1202.8373987139103,1612113
2023-12-11,1208.043701171875,1212.8606475362142,1182.450332634344,1202.7887749987733,1172972
2023-12-12,1185.2723388671875,1216.4124988374256,1180.06611713022,1215.4393688383557,2832873
2023-12-13,1199.9666748046875,1206.2920203084243,1180.066212235971,1185.5644209318932,2448178
2023-12-14,1198.215087890625,1206.5839826310814,1191.354473465843,1205.7081418208531,2341190
2023-12-15,1202.54541015625,1213.0065577663488,1199.8693026280853,1207.6543427100194,3474624
2023-12-18,1219.088623046875,1233.8315664929464,1200.8424353141838,1202.5454128359017,2135393
2023-12-19,1211.4981689453125,1233.8801593695164,1203.2752678055776,1230.8148948436474,2187458
2023-12-20,1199.042236328125,1221.2782346105862,1195.4415838045006,1221.2782346105862,1837031
2023-12-21,1200.3558349609375,1204.6862158725316,1176.07628938238,1191.2083893555907,1916222
2023-12-22,1210.233154296875,1217.3856360745078,1202.8373900180284,1206.6812060210948,2058127
2023-12-26,1213.979736328125,1216.4125614510272,1206.000117441122,1210.2332093969137,1796483
2023-12-27,1218.796875,1221.6676803724902,1207.897864244591,1216.4127535192256,2005268
2023-12-28,1228.236083984375,1230.6689090452362,1215.9746694356925,1221.2294765349234,2043365
2023-12-29,1225.6085205078125,1237.7726454038377,1218.8940185974323,1228.1873387438263,1840160
2024-01-01,1226.3870849609375,1229.9876184520492,1218.8453274458038,1227.116932462402,733452
2024-01-02,1261.37109375,1264.095905342295,1223.3704374617266,1227.1169643084174,3174447
2024-01-03,1263.7066650390625,1269.5941493850125,1256.456893649019,1261.371129150161,1699057
2024-01-04,1277.6710205078125,1292.8032399328133,1262.1983481219522,1268.9615542885874,2851729
2024-01-05,1265.263427734375,1282.5851871866914,1252.4181607809346,1282.5851871866914,2960339
2024-01-08,1270.226806640625,1274.7517667144373,1264.3880258586232,1270.3240958955987,1678133
2024-01-09,1288.4241943359375,1297.6202258503915,1271.7349901149933,1279.6173198117096,1712486
2024-01-10,1289.251220703125,1297.668818725882,1277.8656475375026,1294.3115678358415,1278475
2024-01-11,1280.882568359375,1296.11207906507,1274.9950833970438,1292.316847697056,1320281
2024-01-12,1290.3218994140625,1294.2631241126323,1270.4701390087885,1283.5586922590692,1538242
2024-01-15,1293.63037109375,1303.994229586957,1286.0886134226314,1293.4843778323807,1475983
2024-01-16,1278.1575927734375,1295.7713413815482,1272.416220617949,1294.311646333823,824502
2024-01-17,1264.095947265625,1284.969539525373,1259.570868730981,1276.746638038876,2544642
2024-01-18,1299.8585205078125,1307.3029894703518,1255.3378187947433,1264.0472856028214,2842572
2024-01-19,1299.71240234375,1308.2759938473564,1293.4357613690302,1303.9941980955532,1605745
2024-01-23,1341.26513671875,1357.1270845652375,1280.639089741471,1280.639089741471,4129729
2024-01-24,1344.962890625,1352.6506410480047,1323.7973140474503,1342.9193414721199,1719845
2024-01-25,1331.533935546875,1352.7481000097969,1312.265912453027,1346.3741692620465,1870910
2024-01-29,1363.2091064453125,1382.6717060127662,1318.7856991745437,1328.322420478708,3413149
2024-01-30,1334.89111328125,1371.3347852419954,1332.3609989714878,1364.2310073257513,1935332
2024-01-31,1380.336181640625,1400.2367611359193,1330.171402117776,1334.8423547781501,5796356
2024-02-01,1370.1185302734375,1392.013958378317,1361.3117737987661,1388.6567069183554,2442481
2024-02-02,1378.584716796875,1395.322506234324,1367.3937211593172,1371.1402481147024,1775449
2024-02-05,1424.4678955078125,1426.608734223134,1385.3479940045968,1388.4620816154143,3481964
2024-02-06,1435.464111328125,1438.286212227902,1407.6813197070978,1411.038570859579,1893995
2024-02-07,1455.9971923828125,1460.1329952631563,1440.6218082430048,1443.151922717627,2259235
2024-02-08,1459.3057861328125,1466.9935372169157,1445.4386830446924,1460.7168959668293,2213750
2024-02-09,1502.0740966796875,1506.1844939053128,1460.4313262054602,1468.8969094701536,6343881
2024-02-12,1501.7314453125,1521.9411569328663,1488.6661262929742,1507.0163270135029,4059288
2024-02-13,1509.3160400390625,1517.9284478136337,1492.9231957444922,1504.7163046508458,4687838
2024-02-14,1487.9810791015625,1512.8395078900048,1475.8944376229008,1512.8395078900048,2105672
2024-02-15,1477.7049560546875,1496.4466512183853,1473.447733471655,1496.4466512183853,2161691
2024-02-16,1477.7537841796875,1489.5468937734802,1472.762553698509,1482.696152474916,3480879
2024-02-19,1497.47412109375,1500.0676398465396,1475.2581940482264,1482.5492921864527,777823
2024-02-20,1505.8907470703125,1509.1204300188099,1480.0047796990566,1499.3336568020861,2230669
2024-02-21,1510.49072265625,1516.4606309011888,1500.3124538054356,1507.2121772606033,1993748
2024-02-22,1524.8282470703125,1527.7152973789573,1502.2696870446505,1516.558352031195,1981678
2024-02-23,1527.9599609375,1535.0063898318667,1517.341335943129,1524.7792596577262,1340283
2024-02-26,1523.7518310546875,1533.489743510062,1515.6777419699745,1528.6942000389822,974892
2024-02-27,1549.0015869140625,1551.6439679911907,1516.0202077675385,1523.5559756300531,2140963
2024-02-28,1540.291259765625,1553.6012472822222,1529.3301216854734,1552.6715516251134,578316
2024-02-29,1544.3038330078125,1553.9439002068711,1523.3112522304841,1541.4167826938724,2350244
2024-03-01,1526.0025634765625,1548.1696279746648,1515.041425622406,1546.310117231341,4069161
2024-03-04,1519.005126953125,1535.6426422964614,1515.8734071460663,1517.4882487052337,2298105
2024-03-05,1540.6336669921875,1542.7868286056405,1502.6610616726296,1520.6687468238583,1408172
2024-03-06,1569.7984619140625,1572.4898246137282,1533.0002176230332,1541.4168188994067,1761032
2024-03-07,1571.462158203125,1585.4083103083497,1566.2752399777914,1576.404526560728,2440999
2024-03-11,1559.6202392578125,1592.3080874417483,1552.5738099522425,1580.7107844537486,2994345
2024-03-12,1550.5186767578125,1569.6028863550675,1546.4571415910589,1558.2501327642724,1294598
2024-03-13,1525.3663330078125,1558.249864607642,1511.0776690976563,1547.4844148925679,2881503
2024-03-14,1536.7191162109375,1540.7317888912473,1513.2798416327726,1533.8320658360308,3062556
2024-03-15,1515.188232421875,1539.948817277247,1508.3374909405018,1535.300099843458,3421374
2024-03-18,1537.7467041015625,1542.6400905903502,1510.5394274369248,1515.2371262531385,2281873
2024-03-19,1515.4329833984375,1546.0656340309133,1507.5547019509174,1540.4382389394889,3692624
2024-03-20,1516.3138427734375,1526.6877995729262,1488.0790229883926,1526.6877995729262,3412218
2024-03-21,1531.82568359375,1537.3552343095628,1509.658738012727,1531.4343082422322,2567975
2024-03-22,1574.593994140625,1586.435966045501,1532.7065562569476,1535.446900592309,4941447
2024-03-26,1564.024169921875,1580.2701892155053,1559.1307834197305,1561.0392758360333,3649049
2024-03-27,1569.9453125,1591.476214441429,1558.1522025132822,1567.8411322804154,2530169
2024-03-28,1585.99560546875,1599.1587678578344,1573.6641754547616,1575.6215301277823,4427587
2024-04-01,1594.5098876953125,1598.9139352599152,1583.989107402095,1596.8097553077844,1148498
2024-04-02,1587.6591796875,1598.1799601970642,1575.5725394606977,1594.5099204844255,1921533
2024-04-03,1585.310302734375,1594.216241721595,1560.207207644169,1574.6916785777885,2098379
2024-04-04,1584.8211669921875,1593.2867500922491,1553.307803628695,1586.3381646947967,2439461
2024-04-05,1574.69189453125,1603.9053902473045,1571.8537062535825,1576.6492492789582,1548980
2024-04-08,1565.590087890625,1584.3807644376377,1562.9477068682468,1576.649189583435,1170390
2024-04-09,1568.3792724609375,1574.5448674463798,1558.0051980522903,1566.8622749387,1389391
2024-04-10,1569.847412109375,1574.2024784218536,1549.9802146102647,1568.8687347836542,1928878
2024-04-12,1507.1629638671875,1560.9902125767298,1501.290900371601,1560.9902125767298,8258068
2024-04-15,1507.2120361328125,1511.1756075501673,1471.7349837140362,1485.240658885407,2474028
2024-04-16,1504.765380859375,1510.3927755230714,1492.6297580389578,1502.2697058737133,2058697
2024-04-18,1484.0662841796875,1512.5947514175068,1474.3283733473827,1512.5947514175068,3266796
2024-04-19,1490.3299560546875,1495.7126816230302,1471.6371225979346,1472.909450973797,2536516
2024-04-22,1507.260986328125,1514.9925614070908,1489.497968255346,1495.8593711294714,1680307
2024-04-23,1452.993408203125,1529.1344373203415,1446.1915286750436,1528.6940802826582,9160422
2024-04-24,1454.0697021484375,1470.9518844550573,1447.8061439498854,1452.9931810832416,4652803
2024-04-25,1487.736328125,1494.7338947447035,1456.9079930374805,1458.2291835048854,3846327
2024-04-26,1474.4263916015625,1499.3336820709178,1468.064988903481,1498.3550047327515,1794350
2024-04-29,1489.1552734375,1495.2231440424182,1477.8516229280485,1483.6747047540596,1091667
2024-04-30,1470.0711669921875,1496.5444360783185,1465.0799365926755,1494.4402559632701,1991646
2024-05-02,1486.61083984375,1497.3762902968647,1469.973325507118,1470.9520028210377,2494925
2024-05-03,1478.92822265625,1504.2270069141807,1469.4839628377633,1494.4402339349083,3183226
2024-05-06,1496.54443359375,1501.2909946572934,1476.5793925614025,1485.6321576856399,1240626
2024-05-07,1483.03857421875,1510.2458500570146,1477.9005185615822,1503.1993020467205,1532550
2024-05-08,1489.30224609375,1493.265937118239,1470.21803791315,1477.8027873182602,1026357
2024-05-09,1462.7799072265625,1497.3271408561473,1458.0333466794336,1488.763715318955,1477007
2024-05-10,1474.4263916015625,1493.901975057115,1459.2079112060956,1462.7801073838928,1528487
2024-05-13,1492.5318603515625,1497.3762651872498,1469.9733008570256,1480.7387511296135,1628326
2024-05-14,1512.3011474609375,1514.9435284706867,1483.723817149965,1492.4829314854746,2206236
2024-05-15,1494.831787109375,1517.1945403466193,1487.9320641026288,1512.3011536659335,1207536
2024-05-16,1503.5419921875,1508.2885532255625,1476.139027634213,1496.3976000705582,2684392
2024-05-17,1498.746337890625,1504.520557456427,1487.7362190239228,1503.2482292670784,1341676
2024-05-21,1508.0927734375,1525.0729205694215,1491.504240595805,1497.3763045351584,1791791
2024-05-22,1506.47802734375,1530.6513090539802,1473.3008427233237,1514.0137948251324,3948239
2024-05-23,1463.220458984375,1477.8027751625814,1435.719649777157,1477.8027751625814,11618479
2024-05-24,1454.9996337890625,1473.5945042739922,1445.6043547006943,1471.93080049127,5307322
2024-05-27,1434.7901611328125,1468.9948911238262,1429.407435016103,1454.9997554333952,3474806
2024-05-28,1433.66455078125,1447.561722109433,1424.905316348612,1437.628122580806,2616438
2024-05-29,1447.414794921875,1463.1226139151,1434.3984580638348,1436.7961697444757,2843365
2024-05-30,1427.9881591796875,1445.8980032453615,1418.5928801073076,1444.5278310026808,3133423
2024-05-31,1428.673095703125,1447.8551458877007,1409.2952383883107,1433.76216961033,5503924
2024-06-03,1422.067138671875,1466.0586367610024,1420.060802363294,1464.590620769586,1855318
2024-06-04,1399.36181640625,1444.8214520143524,1347.834428878965,1430.4348229660409,5055952
2024-06-05,1455.5867919921875,1458.2291729077947,1401.4658896670885,1418.788430041499,2487724
2024-06-06,1441.298095703125,1462.1439711918363,1424.0245359279986,1462.1439711918363,3004955
2024-06-07,1474.7198486328125,1477.9005498211925,1440.7597945007778,1448.3445434884534,3404664
2024-06-10,1480.8365478515625,1489.25314844886,1473.0071297205993,1486.610767616636,1433942
2024-06-11,1467.771240234375,1492.482841378511,1465.4223908856027,1491.5041641054759,1441589
2024-06-12,1474.7198486328125,1482.255735436517,1463.954398456757,1468.0159330984845,994784
2024-06-13,1478.5858154296875,1482.304717747788,1466.058697331728,1482.304717747788,1412477
2024-06-14,1483.6749267578125,1485.6322815424535,1473.4477957950457,1481.5707464708325,937490
2024-06-18,1488.5191650390625,1490.3786757693103,1477.9983842521333,1490.1340064486842,1478241
2024-06-19,1471.9307861328125,1497.2295726259795,1468.0160765952253,1492.4340295489442,1537367
2024-06-20,1439.6343994140625,1456.2229329119687,1435.7196899663018,1456.2229329119687,4168375
2024-06-21,1435.96435546875,1456.2719106747318,1429.7497781305303,1448.5403356425786,4426556
2024-06-24,1462.6331787109375,1470.854091665096,1443.5979536133852,1443.5979536133852,3726155
2024-06-25,1473.1051025390625,1475.8454469118205,1460.480260271403,1466.1076550457683,1833311
2024-06-26,1488.715087890625,1496.2998374195852,1463.3673204100292,1469.9733925804137,2563493
2024-06-27,1483.91943359375,1495.4678733453807,1472.9093141359233,1492.4828598387262,3881458
2024-06-28,1488.42138671875,1506.1354224183049,1483.2833307594415,1487.5895348854942,2634599
2024-07-01,1487.6873779296875,1497.3763073412674,1471.7838713974681,1488.4213859234821,1451094
2024-07-02,1491.55322265625,1502.171847722658,1476.0900731580844,1481.717467768168,1336816
2024-07-03,1501.241943359375,1503.4929488566,1466.3521944244656,1486.9532791791078,1061099
2024-07-04,1524.681396484375,1537.5020452790823,1493.461566579172,1502.2696623191541,2630823
2024-07-05,1534.9573974609375,1541.1719740023862,1523.8004531015813,1528.693839270822,2481046
2024-07-08,1523.21337890625,1541.2210651823107,1517.87951592225,1537.1105488275616,1120204
2024-07-09,1551.594970703125,1555.999018426503,1516.7540837183344,1531.4342427962608,1492840
2024-07-10,1564.4647216796875,1567.0092588897735,1534.1745860931908,1558.837326931395,1899956
2024-07-11,1548.0228271484375,1568.3303812267243,1538.7743744033762,1566.8623652692577,1707500
2024-07-12,1548.5628662109375,1558.4296911037984,1521.760203082645,1553.17718792048,1426598
2024-07-15,1557.3006591796875,1565.6457959912527,1548.5629059246094,1551.1645291711836,832804
2024-07-16,1550.526611328125,1565.9405234005064,1546.2557685690833,1560.0498380460217,688481
2024-07-18,1565.2039794921875,1567.5111403131498,1541.6412412091,1546.3046998276277,1665636
2024-07-19,1540.0704345703125,1560.7859849252718,1536.6342018625041,1555.8279440797767,1649335
2024-07-22,1558.4298095703125,1560.5406623688216,1526.7183599967982,1526.7183599967982,826636
2024-07-23,1572.4202880859375,1576.3965487266462,1545.617741038233,1558.0863107090404,1502677
2024-07-24,1589.9449462890625,1595.3447409528383,1562.9951099510995,1572.8129184306918,2923358
2024-07-25,1635.4505615234375,1650.6681644533007,1573.0092045922543,1585.4287561139497,5329712
2024-07-26,1683.017822265625,1692.393877322496,1634.665115398726,1640.0157730931946,4591049
2024-07-29,1691.853759765625,1697.253554153387,1661.90944543349,1683.9995133834257,3187339
2024-07-30,1670.5982666015625,1694.0137158516936,1666.0820986710648,1684.8340888942735,1525840
2024-07-31,1688.0247802734375,1699.4134134881244,1664.3147501841572,1671.0890616162783,1594881
2024-08-01,1683.950439453125,1714.6310905322928,1650.6681650394783,1694.062829987336,5258291
2024-08-02,1700.100830078125,1710.065929658509,1653.1716575867217,1669.0274422574262,2992406
2024-08-05,1689.006591796875,1725.9706632469336,1683.754088434864,1693.5718965306942,5165558
2024-08-06,1676.43994140625,1702.40799699748,1672.905434462783,1693.5719693314031,1710278
2024-08-07,1702.849609375,1705.205907193346,1678.2560729829047,1688.6629251804575,1922313
2024-08-08,1705.4024658203125,1716.7910996602293,1696.8609005556539,1703.3897671482764,2480113
2024-08-09,1703.684326171875,1717.92014823975,1698.529976802472,1717.92014823975,751683
2024-08-12,1702.2607421875,1716.643855942033,1698.530046778962,1703.3898141603818,1526788
2024-08-13,1708.396728515625,1719.9326527968142,1694.1609070622426,1708.2985744058938,2076963
2024-08-14,1709.91845703125,1721.0616445081816,1701.0332933581112,1715.6618504153153,2207250
2024-08-16,1710.99853515625,1719.245518067016,1697.155449473692,1717.7237098476257,2180718
2024-08-19,1715.95654296875,1720.9144641379314,1708.936786227169,1720.9144641379314,1363446
2024-08-20,1734.16845703125,1738.5374534106454,1713.354752430794,1719.8836185879832,1766597
2024-08-21,1732.4996337890625,1739.6665622222495,1725.2835683739254,1737.7521374669489,1184193
2024-08-22,1718.7545166015625,1737.261060013632,1716.5455098849586,1737.261060013632,1369554
2024-08-23,1743.3974609375,1748.993564218094,1719.9820100688842,1721.7982807935468,3515492
2024-08-26,1740.1573486328125,1747.5698416863465,1732.352239132336,1747.5698416863465,933372
2024-08-27,1756.7987060546875,1759.9403568882003,1734.9540817804052,1745.6063802100655,1231023
2024-08-28,1778.8394775390625,1789.7863571761827,1753.8040677156985,1764.161902855644,1768949
2024-08-29,1766.4200439453125,1793.566308210585,1757.6331533431676,1776.925170868183,3205924
2024-08-30,1788.4610595703125,1794.8426349176113,1758.6640355717989,1765.3892102377706,3036374
2024-09-02,1782.86474609375,1803.5312792958339,1772.3106027881265,1796.6096769103758,1617946
2024-09-03,1778.4959716796875,1806.0349718708212,1772.212550405019,1786.841108725935,2148689
2024-09-04,1799.45703125,1801.5678840752603,1768.4819169220427,1778.496033788738,2473477
2024-09-05,1793.22265625,1810.3056663778948,1786.841080960854,1799.8005397633726,1902919
2024-09-06,1791.3082275390625,1816.2945012529176,1772.1143647359547,1786.399323481622,1701134
2024-09-09,1788.657470703125,1801.9606495540747,1779.82144279081,1791.308350984599,1544883
2024-09-10,1802.8931884765625,1808.685719295512,1792.4371987532006,1796.658904226238,1460472
2024-09-11,1812.0728759765625,1823.657938003068,1797.7388994640748,1802.9423859336382,1701900
2024-09-12,1831.4139404296875,1837.4027793801297,1806.8694202669822,1821.3506871629784,2744070
2024-09-13,1819.9761962890625,1831.0212305214304,1817.6690353297818,1831.0212305214304,1322430
2024-09-16,1829.0084228515625,1839.2189667468597,1817.178036575796,1828.075779066063,1284085
2024-09-17,1832.10107421875,1835.586443897025,1825.3758999014267,1829.05757779554,738265
2024-09-18,1802.549560546875,1833.9665463516135,1796.2661394166694,1833.9665463516135,1202676
2024-09-19,1812.41650390625,1822.1851749823213,1801.567778067112,1811.581894344555,1675819
2024-09-20,1831.7576904296875,1836.912040087871,1808.3422402374852,1817.3745764618775,4229991
2024-09-23,1828.76318359375,1840.8391362661753,1823.6579709943576,1832.9848892847729,812520
2024-09-24,1834.064697265625,1846.3860943029567,1822.185173498176,1822.185173498176,2528953
2024-09-25,1836.47021484375,1841.8208725317234,1824.6888446569799,1839.8573108339285,956893
2024-09-26,1863.812744140625,1870.2924736232897,1833.0339392132482,1836.4701721044196,2452807
2024-09-27,1913.1961669921875,1923.6031391858721,1880.3556476861638,1883.0064078660423,3809008
2024-09-30,1891.596923828125,1924.6338700478343,1886.0499584654765,1913.490682500222,2608461
2024-10-01,1884.9700927734375,1899.5004972746458,1867.6907738032812,1889.7808429019656,1275678
2024-10-03,1876.0357666015625,1901.0221591886273,1861.5054830651873,1866.1689417381397,2492195
2024-10-04,1875.25048828125,1916.6815906175766,1868.9670671139115,1876.035841023236,2798189
2024-10-07,1870.5379638671875,1883.0065327197012,1853.6513811910797,1875.2505598842056,1691999
2024-10-08,1882.2210693359375,1886.4426548337285,1866.9053129501262,1869.3106279519905,2309881
2024-10-09,1895.6715087890625,1911.5272933062909,1859.9837992649038,1860.0329362453656,1597182
2024-10-10,1853.356689453125,1902.642037255861,1849.5768573744979,1894.444191614771,2383012
2024-10-11,1867.2979736328125,1874.5631756349464,1856.0566312366768,1864.4017681663313,1019117
2024-10-14,1874.9559326171875,1880.8466175737017,1860.5728195457734,1868.3289120411089,676879
2024-10-15,1863.86181640625,1885.4119780832432,1860.131121064687,1883.0556800617692,1383203
2024-10-16,1863.910888671875,1879.8156900335873,1852.6204092303547,1874.170450312827,1401914
2024-10-17,1855.1240234375,1888.602725918727,1845.4043692084228,1888.504571804553,1447059
2024-10-18,1875.5450439453125,1882.957537384789,1838.5809705573688,1865.3836360026626,1203693
2024-10-21,1862.438232421875,1885.5592188809692,1856.1057940139917,1883.8411024303955,660583
2024-10-22,1853.160400390625,1871.274208245461,1846.7296882002688,1857.5292770201536,1192915
2024-10-23,1805.8385009765625,1855.1239693299722,1798.6224360239994,1845.7970516759176,1673366
2024-10-24,1815.2144775390625,1825.6704666392181,1796.1187697819041,1796.6587971403235,1739776
2024-10-25,1826.5050048828125,1841.428024945741,1816.39261481174,1822.9706180096227,2148004
2024-10-28,1868.230712890625,1881.092017433044,1801.5677724371794,1829.2539431268535,2445724
2024-10-29,1837.5008544921875,1887.669827578594,1828.075783124177,1886.9826289820987,2295542
2024-10-30,1818.356201171875,1846.631536235311,1786.8410613664823,1834.4574303094903,1900203
2024-10-31,1815.2144775390625,1838.3844795875716,1808.538320408989,1826.1122200442633,2572932
2024-11-01,1824.54150390625,1830.9720963837458,1798.180712800009,1826.1123292524776,107596
2024-11-04,1775.943359375,1811.3856232094604,1728.0324071477992,1811.3856232094604,5031861
2024-11-05,1770.7398681640625,1799.6042483257802,1766.665453779882,1772.1143852853427,1658010
2024-11-06,1794.1552734375,1806.4766704051376,1769.365308259386,1782.4721778048456,2060619
2024-11-07,1758.3203125,1811.3856137854564,1746.3917714082022,1811.3856137854564,1909269
2024-11-08,1776.6304931640625,1781.9812703759778,1758.3202574659497,1767.0091133322758,1644075
2024-11-11,1761.90380859375,1784.53390408636,1759.302065491375,1784.2884588851225,1069649
2024-11-12,1768.0399169921875,1791.749947110885,1762.394677432797,1769.070834763287,2471888
2024-11-13,1746.5880126953125,1764.5546489600354,1738.1937390634055,1758.3693820895473,1810332
2024-11-14,1735.98486328125,1763.2784190423617,1731.0269418615421,1747.27534313592,1473358
2024-11-18,1715.9073486328125,1766.2236133259505,1711.440198170322,1766.2236133259505,1533025
2024-11-19,1744.869873046875,1773.8324057546442,1698.4807316759566,1698.5298686529584,1933316
2024-11-21,1747.56982421875,1758.8111664416415,1726.019783594568,1739.7155778177669,2014349
2024-11-22,1762.591064453125,1781.882960708059,1735.837538468597,1752.4786745828442,1420813
2024-11-25,1766.12548828125,1796.6588469014098,1751.6442216190667,1773.0961079256538,3137448
2024-11-26,1729.505126953125,1773.8325564424485,1721.2581438173422,1773.8325564424485,1589883
2024-11-27,1717.5765380859375,1746.1954751322294,1708.544201794314,1728.0325285824838,1982546
2024-11-28,1702.6533203125,1728.6213740446012,1692.0010228025067,1717.5763402527514,3071758
2024-11-29,1748.4534912109375,1763.0820494392226,1707.5131589943421,1711.145819946305,2427677
2024-12-02,1775.5997314453125,1780.9503889200346,1759.4985021958512,1767.2054575832758,1948045
2024-12-03,1767.254638671875,1798.6224883883845,1755.7677310031033,1797.8861527626796,1543970
2024-12-04,1767.4017333984375,1781.7848459670654,1752.4787133021111,1777.5141234921414,2320116
2024-12-05,1780.4102783203125,1792.6825378688168,1743.0535921624357,1775.7468196918808,2742263
2024-12-06,1771.967041015625,1790.7190302004863,1768.1872089302567,1782.766629743128,1590478
2024-12-09,1773.7342529296875,1786.7918652690996,1763.9654623557904,1781.7357901782336,1528215
2024-12-10,1776.97412109375,1789.7864085448884,1763.278326794635,1787.8228469337585,2043634
2024-12-11,1780.950439453125,1793.0754088285444,1772.1635488948918,1791.0628300191877,1745911
2024-12-12,1772.55615234375,1786.841111364882,1765.2910700756743,1785.8593305344616,1082394
2024-12-13,1780.4102783203125,1783.6993397563392,1741.7282121004541,1771.8688336130672,1391111
2024-12-16,1776.826904296875,1789.2954722693732,1759.694757771215,1785.5646573653587,1483330
2024-12-17,1756.455078125,1782.6685788888542,1750.61341015808,1777.0233389997663,1608164
2024-12-18,1768.2364501953125,1789.2464645363686,1760.1367581719824,1765.2419706602905,1732860
2024-12-19,1790.0810546875,1796.069893846179,1758.1731773665206,1768.1872940025874,1924091
2024-12-20,1775.8941650390625,1792.6825926451384,1761.412898329345,1790.0809694183893,2513418
2024-12-23,1781.539306640625,1794.6951925244477,1763.9163902980579,1778.0049199462665,1299181
2024-12-24,1785.859375,1798.3770808995328,1770.298172419644,1781.8340974643115,1121058
2024-12-26,1807.8018798828125,1811.434540404505,1781.3429377820516,1786.8408857690085,1402706
2024-12-27,1827.339599609375,1832.0030586278542,1803.285968882482,1811.8765512849438,1668898
2024-12-30,1849.5767822265625,1861.2108601657665,1821.2032945311867,1828.1248967696702,6021550
2024-12-31,1851.982177734375,1875.2013174935396,1834.7519966986865,1842.6062430546804,1844944
2025-01-01,1855.5164794921875,1868.2796292350904,1844.4224289311264,1855.4674623624846,1338092
2025-01-02,1843.7843017578125,1861.456355768271,1830.9720146617158,1857.5292326548356,2507223
2025-01-03,1815.9508056640625,1849.6749507815066,1810.40372040398,1843.7842662248777,1515825
2025-01-06,1813.7418212890625,1822.6760023407053,1792.3880895083405,1816.7853177115405,1397724
2025-01-07,1819.632568359375,1831.02120173064,1812.0237671189393,1814.870955423328,1615649
2025-01-08,1804.2677001953125,1828.6649295792597,1795.8734262539826,1828.6649295792597,1298188
2025-01-09,1793.075439453125,1807.4585529392555,1780.950469870619,1807.4585529392555,1199181
2025-01-10,1752.2823486328125,1801.1749585799143,1740.451842534636,1792.1916406553946,857827
2025-01-13,1715.0728759765625,1753.018727257104,1710.7038795788753,1752.0859636042937,1645287
2025-01-14,1738.5865478515625,1751.5461266334573,1710.3603491674003,1723.0253457636393,1962645
2025-01-15,1724.8416748046875,1742.6610213300823,1715.858355993079,1740.5011513830086,857867
2025-01-16,1731.174072265625,1743.249903777138,1709.0840050352274,1742.7099962637215,2180496
2025-01-17,1754.00048828125,1759.3020085794478,1735.3956707215266,1746.5879955051507,1163986
2025-01-20,1745.8516845703125,1767.6471701042908,1736.0830136776876,1756.7494273373018,1341246
2025-01-21,1730.5848388671875,1772.8505470865105,1727.443188480529,1739.8136016666322,2489267
2025-01-22,1766.174560546875,1770.7398653351984,1741.531885901395,1744.624519457762,2262270
2025-01-23,1800.1932373046875,1806.2312131483095,1753.5096325253005,1755.522211242316,1974760
2025-01-24,1789.0008544921875,1809.5200963633222,1775.2559238402118,1795.677011604518,1277935
2025-01-27,1754.2950439453125,1791.0136707855477,1741.9737664939767,1784.9756947399121,1452975
2025-01-28,1674.42724609375,1747.5699196991352,1662.2531395378228,1747.3736114669007,5972497
2025-01-29,1703.7333984375,1712.2258268806802,1665.1003454069,1674.4272636152525,1433336
2025-01-30,1707.4150390625,1728.228864829326,1693.866535345046,1708.7404192304919,2017991
2025-01-31,1712.176513671875,1737.6046594024835,1674.9671186317125,1710.2620891225652,4275269
2025-02-01,1710.4583740234375,1756.405761043468,1701.7206212289786,1708.2985043128194,1477972
2025-02-03,1708.8875732421875,1753.362289774105,1679.3851332022368,1748.993293468086,2210231
2025-02-04,1733.088623046875,1743.888212257194,1708.9368384185113,1717.42926663043,2796294
2025-02-05,1720.81640625,1741.4829413381765,1703.5861041795815,1741.4829413381765,1787905
2025-02-06,1720.5693359375,1746.595145349593,1714.9395074629483,1731.4340102746485,3421791
2025-02-07,1728.2733154296875,1731.4338995345588,1706.0501193432485,1729.8536074821232,1371545
2025-02-10,1710.7911376953125,1728.4709503872725,1702.4944530197406,1719.8285956353361,1237839
2025-02-11,1678.839111328125,1712.865247766241,1674.1969805155488,1703.9759687534727,2779274
2025-02-12,1673.01171875,1693.8521160280418,1667.283144452648,1685.4566856095623,1757284
2025-02-13,1724.8658447265625,1731.1871340852597,1679.0366475867154,1679.0860806988685,2750390
2025-02-14,1679.5799560546875,1727.4338618824497,1664.2706415478674,1725.8535696599754,2123774
2025-02-17,1693.111328125,1714.001158334766,1675.1847115470694,1679.5799180301603,2277889
2025-02-18,1680.6663818359375,1708.470096198524,1677.5057974240608,1693.1113487394819,2163972
2025-02-19,1655.9739990234375,1678.098452409651,1626.8369158297444,1644.615475066574,2576319
2025-02-20,1648.7637939453125,1657.3072824664741,1642.5412503018301,1646.6402198086596,1670915
2025-02-21,1623.528076171875,1663.678011340424,1611.9226283269961,1657.406155129458,2244190
2025-02-24,1619.3304443359375,1649.3564797383451,1607.0336557033586,1609.700391373281,2357441
2025-02-25,1593.7489013671875,1627.5282332840843,1586.4893477650564,1619.3302945748235,2836717
2025-02-27,1627.23193359375,1632.7630165077305,1585.3042151558923,1608.9100933370894,2744489
2025-02-28,1573.6494140625,1650.4429128501097,1566.8837087010356,1650.4429128501097,3549979
2025-03-03,1565.599609375,1587.6253164421207,1562.7352619144206,1565.7972212573038,1425492
2025-03-04,1547.2283935546875,1570.4392887021725,1536.8575680632582,1565.5008003729204,1717135
2025-03-05,1562.9820556640625,1566.7847879683711,1533.943841995739,1545.3516772029925,2428171
2025-03-06,1594.14404296875,1597.9960880041344,1553.2040226825109,1578.5878046312296,2458676
2025-03-07,1589.501953125,1608.712625117705,1585.8968324147068,1604.0210610536626,980890
2025-03-10,1591.6746826171875,1621.256177513802,1583.0323286160083,1601.996074311174,1600589
2025-03-11,1634.9359130859375,1643.1337309630876,1585.6003447925998,1596.2180941717027,3325416
2025-03-12,1656.2208251953125,1659.5790214100782,1637.6521812129815,1641.553538808838,2389362
2025-03-13,1662.73974609375,1666.3943001474422,1642.9857908907895,1651.4306549674848,1666929
2025-03-17,1683.333251953125,1698.9882365110375,1667.5794011695593,1673.2093504462375,2588408
2025-03-18,1683.333251953125,1683.333251953125,1683.333251953125,1683.333251953125,0
2025-03-19,1711.0380859375,1726.4955790513009,1705.0625871955392,1726.2980877387904,2167448
2025-03-20,1728.7178955078125,1735.533033736083,1701.704387587737,1714.2975332342016,1602232
2025-03-21,1762.5465087890625,1770.744447755042,1728.7178632715363,1737.3602179657948,2483162
2025-03-24,1762.8427734375,1797.609681691136,1755.7312781797848,1772.4233921949142,1182084
2025-03-25,1743.0394287109375,1773.855547178955,1736.866318395344,1762.8428148307853,1471028
2025-03-26,1737.310791015625,1749.0151050122092,1724.618899904759,1746.2000701612444,1762361
2025-03-27,1710.1490478515625,1730.7426403087484,1698.839957986576,1729.4585851363342,3279881
2025-03-28,1713.359130859375,1719.9273445971887,1684.2220490682523,1710.1491133739123,1956781
2025-04-01,1677.4564208984375,1712.6184360831203,1660.9124838689952,1709.7047759979007,4142445
2025-04-02,1692.568115234375,1697.3089916502065,1665.1595052331504,1674.1475298045243,3369489
2025-04-03,1748.224853515625,1790.3994952571932,1728.470900368556,1733.4093886553233,5715573
2025-04-04,1688.3209228515625,1756.965908263612,1637.652106679919,1756.965908263612,5345276
2025-04-07,1645.8499755859375,1671.1844447395852,1600.1689587010642,1600.1689587010642,5715334
2025-04-08,1667.579345703125,1688.8148457185614,1624.762675599667,1624.762675599667,2807382
2025-04-09,1631.8740234375,1659.085142161456,1619.8241602290743,1629.701136815837,3481864
2025-04-11,1666.7891845703125,1715.6307841708976,1661.4061601429762,1688.9629481475158,3801939
2025-04-15,1684.0245361328125,1703.284640798261,1675.925463423998,1698.8400012600805,1993085
2025-04-16,1672.27099609375,1681.7528701514327,1661.4063211056914,1670.2956006413758,2205374
2025-04-17,1729.952392578125,1736.3724271494968,1666.6409988418466,1674.147476688508,2683908
2025-04-21,1723.4337158203125,1739.3356244457113,1710.0010514090613,1739.3356244457113,1539511
2025-04-22,1725.903076171875,1733.4095549742883,1713.1617510557853,1729.4587639658,961907
2025-04-23,1766.793701171875,1769.2629454319158,1720.6681460531709,1732.6192641580553,1471029
2025-04-24,1781.7078857421875,1785.6586764991662,1752.0769550648472,1767.9788637479733,2101177
2025-04-25,1765.410888671875,1793.1651698586454,1742.4962297481295,1783.7820417321473,2036801
2025-04-28,1818.944091796875,1823.289985866066,1759.2871255670668,1765.4109237545622,3216482
2025-04-29,1783.2882080078125,1823.289965096883,1774.8927775076372,1822.30226739098,2886160
2025-04-30,1809.758544921875,1816.2773256317075,1781.115311606294,1787.732837972467,2667314
2025-05-02,1802.1531982421875,1828.4259329329611,1791.486135429626,1809.7585428688371,1885257
2025-05-05,1814.0054931640625,1820.6231398086738,1798.9925370015153,1805.3138261215315,1219830
2025-05-06,1796.720703125,1805.412490344067,1776.8680052237048,1797.6096550901293,1414772
2025-05-07,1759.3858642578125,1803.9310039587137,1756.8177539245166,1795.5355739714807,2015237
2025-05-08,1745.459228515625,1766.8923397348303,1733.409365484411,1759.3858617529975,2647871
2025-05-09,1723.3349609375,1744.5704610654611,1710.3960248697977,1730.347590354416,1148956
2025-05-12,1665.455810546875,1691.3335625819343,1603.6259587506897,1674.8389386801664,9221075
2025-05-13,1679.0860595703125,1726.9893971521715,1670.4931379634668,1689.9507340734144,6988329
2025-05-14,1687.18505859375,1690.3457633794635,1671.28315072068,1681.0613814598044,1639324
2025-05-15,1718.692626953125,1722.9397750021606,1663.381559508873,1680.1724192687352,3880385
2025-05-16,1713.5567626953125,1720.1742890534506,1697.8523451621238,1718.5939968482232,1448249
2025-05-19,1708.91455078125,1743.2864797424093,1705.3588630949228,1723.532525297736,2074023
2025-05-20,1686.7901611328125,1726.4955599945047,1682.3455215332842,1722.347277929038,2706777
2025-05-21,1710.494873046875,1737.06384391368,1686.7901289680744,1695.284304815932,2754306
2025-05-22,1697.555908203125,1718.593916442169,1686.1973851921566,1712.865221826604,2670554
2025-05-23,1662.8876953125,1668.7151354066193,1616.4659069939967,1637.602660256984,8339783
2025-05-26,1655.47998046875,1681.456476474062,1646.4919561117856,1672.2708402491342,2282131
2025-05-27,1662.6903076171875,1671.1844835974093,1640.6646010066513,1655.4800662867704,2800622
2025-05-28,1645.8994140625,1666.1472162072132,1642.5412178857619,1662.690274377628,2657712
2025-05-29,1678.8885498046875,1682.3454916540347,1649.8502141564582,1654.393599330459,2377583
2025-05-30,1656.9615478515625,1692.5186631297872,1648.566117855315,1681.061394542738,3640641
2025-06-02,1653.9984130859375,1662.788946032252,1640.071900734514,1658.3443067348683,1819538
2025-06-03,1646.98583984375,1674.1475253584147,1637.2076089447585,1674.1475253584147,2556920
2025-06-04,1644.41796875,1648.4675053144101,1628.7135507869755,1635.6274348715776,1700482
2025-06-05,1662.3939208984375,1673.4562071211842,1641.5535242173332,1641.5535242173332,2037073
2025-06-06,1658.5418701171875,1668.2213554573907,1648.4674021660067,1664.2705647991138,2500047
2025-06-09,1673.554931640625,1677.900825438661,1652.714535222693,1659.2333156354666,2589656
2025-06-10,1668.02392578125,1685.9012300567622,1657.060384844606,1680.8639958950585,2369135
2025-06-11,1669.8016357421875,1674.1475295491248,1658.6407245529972,1673.9500382450392,1999978
2025-06-12,1666.6409912109375,1706.247641733115,1660.4184479659061,1674.0487233747572,3588365
2025-06-13,1667.0362548828125,1679.0861188020822,1640.664653499309,1646.2946028270221,2404272
2025-06-16,1664.56689453125,1669.0115339475956,1635.3309476933282,1644.5165840478667,2249326
2025-06-17,1629.8985595703125,1661.0110345100948,1620.9105353680868,1659.3319967883865,5408285
2025-06-18,1627.7257080078125,1640.8621348253478,1618.342580443447,1624.7626150927497,1455885
2025-06-19,1627.3306884765625,1634.9360330239078,1615.8734193965106,1627.8245373211214,1696525
2025-06-20,1644.6153564453125,1649.4550991133094,1625.3552519945881,1627.3306473228677,2567882
2025-06-23,1642.0474853515625,1646.4921251615367,1626.9356617702217,1642.7388255390188,840643
2025-06-24,1641.2572021484375,1665.6534074162687,1638.3929753042046,1649.9489900420535,2066326
2025-06-25,1649.06005859375,1658.14694979025,1637.7015350245501,1641.2572226368472,1372945
2025-06-26,1649.257568359375,1658.2455927743497,1630.096210019672,1654.1960565619502,2102627
2025-06-27,1666.838623046875,1674.8389503446338,1647.6772634538324,1649.6526588640727,5313904
