Date,Close,High,Low,Open,Volume
2012-01-02,420.3320007324219,422.9532717381638,411.2021100318992,414.0552035967346,2248542
2012-01-03,427.10809326171875,431.49474198341414,420.83129619491456,421.990365442909,2708884
2012-01-04,418.3348693847656,429.74724433814373,417.0153309446835,429.71158937336554,2386770
2012-01-05,417.97808837890625,422.61436410324563,416.31971950902135,418.2634150681464,2547312
2012-01-06,417.0509948730469,423.8092433971018,412.5573808455251,415.83842130123776,2119728
2012-01-09,417.7462463378906,420.7241530529982,415.5707719221393,417.62143224271625,1509028
2012-01-10,415.6244812011719,422.7928712389717,413.1636788952752,419.0481853275342,3591790
2012-01-11,405.4959716796875,419.04816774286087,404.1229289433966,417.7642841911961,5675380
2012-01-12,388.5556945800781,397.6499306624939,381.11982790199494,392.6570167348931,9528684
2012-01-13,387.21826171875,393.495058359486,382.6711442083525,391.2839284349964,4019828
2012-01-16,395.6528015136719,397.29332178356447,384.77538112372685,386.5942197606678,3047202
2012-01-17,393.708984375,401.10919433661024,390.1604673735713,399.39736465910835,3704218
2012-01-18,383.7945861816406,390.9808242582097,372.7923529008625,385.1676287438232,11665532
2012-01-19,383.58074951171875,388.34184235606983,379.9608770784922,387.66422369050355,4163292
2012-01-20,384.98919677734375,389.0726682963803,382.671058955155,385.1496658280609,2572694
2012-01-23,384.3472900390625,389.2510438457603,383.081256086181,387.30739156900404,2130496
2012-01-24,388.27020263671875,390.51703036228656,384.45420888634237,388.0205744604272,2641310
2012-01-25,392.6692199707031,396.94278828158485,390.18376286187373,391.56059975644234,5845238
2012-01-27,396.51348876953125,400.7334468561068,393.420048987469,395.1724059439297,5209718
2012-01-30,397.5864562988281,400.16131851780756,393.65261234174505,394.2784511530992,2595558
2012-01-31,404.9713134765625,406.2229909461929,398.0334353424593,398.0334353424593,3538120
2012-02-01,403.64813232421875,405.90116949356013,396.33477629183966,403.8984940402849,2288804
2012-02-02,410.55023193359375,412.21318367722637,404.22033728304797,406.2587660945667,3386140
2012-02-03,418.97222900390625,420.56363003991316,408.0468553363443,409.47734387389505,2777558
2012-02-06,426.9471740722656,429.16445748636784,419.61592035742115,423.3173006970774,3427196
2012-02-07,428.4312744140625,432.61543550851053,426.2497883421277,432.61543550851053,3407656
2012-02-08,436.1738586425781,438.7487206290595,433.08041835191216,435.0115866692968,3627184
2012-02-09,439.3744812011719,440.5904050109437,424.85503340341,433.1160947663574,3038062
2012-02-10,441.09112548828125,442.7361784867062,433.43800349425516,439.15995733576347,2324302
2012-02-13,438.33758544921875,442.71845812251786,434.15342248041867,437.08590754256187,1631770
2012-02-14,436.2989196777344,439.71422786345613,434.51080935118625,438.08703000428244,1826646
2012-02-15,444.02362060546875,446.5985260923281,436.1201803929079,438.855998373614,2167166
2012-02-16,438.2122497558594,444.1666666998736,435.5837359423881,442.73617824029265,1886660
2012-02-17,439.4282531738281,448.45821320852934,436.6566812819891,441.60973973832984,4096568
2012-02-21,442.3965148925781,443.4514828130572,430.8453015476054,437.56861568453274,2489504
2012-02-22,447.8680725097656,453.0535934727482,439.51760437969597,441.6633371919646,3141826
2012-02-23,450.5325012207031,455.9325881435702,444.88205254468824,446.6880622618162,4086880
2012-02-24,454.1800231933594,458.06021387309835,449.6203418581505,450.246180472787,2346400
2012-02-27,447.7608642578125,457.73848807392,445.45417502270465,457.3987644677274,1861370
2012-02-28,438.6414489746094,450.74694956380824,435.9771378647265,448.90518682987226,3973490
2012-02-29,436.996337890625,443.45143470459277,433.52742074245367,443.45143470459277,3060216
2012-03-01,436.15594482421875,438.78445877165416,432.7406796459338,437.3718688078417,1568594
2012-03-02,435.3154602050781,438.8022753515143,431.64983402549126,438.4446532852132,2309232
2012-03-05,431.7574157714844,437.1753586362072,429.5043778428388,434.1534676945931,1540878
2012-03-06,429.8618469238281,436.7639722441092,425.21275872914447,430.21946909264994,1717722
2012-03-07,426.5894775390625,431.2922164913481,424.3364846907125,427.3583737206973,1945666
2012-03-09,432.2043151855469,438.802427129011,430.2015959975094,438.802427129011,2225758
2012-03-12,425.2304992675781,435.8876097448458,423.1383754334443,434.83264220090797,2240278
2012-03-13,428.0737609863281,434.49306182815394,425.5704056589227,425.5704056589227,2492464
2012-03-14,412.8926696777344,434.1532889782846,411.62309358649554,432.75855386587864,8065314
2012-03-15,416.1649169921875,418.75767781954255,409.4773996305477,414.484110193716,4284236
2012-03-16,418.25701904296875,421.9941531918429,414.1264655899611,418.4000329844181,2054724
2012-03-19,401.2520446777344,418.2569950492239,397.60431627904643,418.2569950492239,5132864
2012-03-20,405.84747314453125,409.47734656341703,400.5367931450018,403.7553923756313,3683204
2012-03-21,420.47412109375,421.92250784381815,406.45535433558535,406.59836823013063,4553242
2012-03-22,417.61322021484375,425.46300809105463,414.8416488539659,420.09867642483954,3421694
2012-03-23,423.65704345703125,426.24980376747203,416.5582532691089,420.20598134729806,3158436
2012-03-26,415.4139099121094,423.7822775414055,412.6959901120523,420.9213001402821,3053384
2012-03-27,420.1164855957031,421.8688422981241,411.9626857360885,419.4906470344837,1588246
2012-03-28,416.6654052734375,420.0807130141751,412.8567220431201,419.84824997100424,2051096
2012-03-29,408.1183776855469,416.2721801189683,404.97132897733223,411.6230921966774,2681214
2012-03-30,417.9887390136719,420.47419521248986,409.6561264009416,409.6561264009416,2543342
2012-04-02,427.09027099609375,428.7889762816131,418.4179334858109,418.4179334858109,2326988
2012-04-03,421.2789306640625,431.775132981431,420.3133682340687,429.21812564749365,2269154
2012-04-04,421.4398193359375,425.49886579857133,417.34506304316346,418.06030736714484,2165054
2012-04-09,416.3078308105469,424.85500676519746,414.2157504930892,418.41780969299754,1576628
2012-04-10,413.48260498046875,420.43838018448025,412.07001531685813,417.0946226814127,1532992
2012-04-11,407.0097961425781,413.0536197425486,405.9726830849415,411.1582047180731,1781586
2012-04-12,404.70306396484375,410.55017665218304,403.7911101348277,407.7786053376757,2114686
2012-04-13,382.0655822753906,395.06513757590955,379.5264739603514,390.2908910161097,8994680
2012-04-16,382.5662536621094,384.1934517309623,376.68338739172015,380.95695416084317,5016110
2012-04-17,390.11212158203125,391.5783636960355,384.01468999274624,388.0200406927162,2473664
2012-04-18,392.5082092285156,398.6413941931344,391.1849810770012,393.38436603630464,2882264
2012-04-19,394.439453125,395.81633374627893,390.2016380866154,393.7063536870439,1767416
2012-04-20,389.2538146972656,396.22744667586466,385.3021161024217,390.9704184924784,2450024
2012-04-23,380.5994567871094,394.242753539195,374.6629365233677,391.2208195144942,2843868
2012-04-24,427.0724182128906,430.9347554750204,399.57130567134965,401.25211256678244,18113782
2012-04-25,418.79345703125,425.57037964850673,417.52388087364,425.21275748073487,5417898
2012-04-26,427.2332763671875,429.8260367491925,416.4509606682543,418.41788233736156,5476292
2012-04-27,430.57708740234375,433.43806472727624,425.57037708371183,425.57037708371183,3711146
2012-04-30,445.81195068359375,447.0278752352468,430.57724942658973,430.57724942658973,4604822
2012-05-02,453.1967468261719,455.75375436547415,444.2025394897726,444.2025394897726,3981448
2012-05-03,457.5775451660156,459.22259834025317,450.08537851609424,451.5694755283114,3358922
2012-05-04,456.6119384765625,463.2100491025136,451.6946343459626,457.75631179403007,3571718
2012-05-07,455.3424377441406,457.2199541770146,446.4555353595476,450.6039438897445,2627762
2012-05-08,429.39697265625,441.5561278690603,427.59100667796866,438.08720987331,9631578
2012-05-09,438.2838439941406,441.5202982630399,427.0366011682246,427.35846983467445,9271544
2012-05-10,440.7872009277344,444.09520583387035,438.0871362180043,438.28384586363154,2992620
2012-05-11,440.14349365234375,442.342878768454,436.72818440533064,437.7295439613803,2745190
2012-05-14,438.42706298828125,441.3059401082268,436.2992276596732,438.90988804130336,2573752
2012-05-15,438.55218505859375,440.9482366848002,436.2276404207582,437.7296364170279,1875510
2012-05-16,437.5148010253906,444.1308085923729,431.5603854841,436.2988773901819,4567936
2012-05-17,437.0143127441406,441.6634011775889,428.8069010101893,437.0143127441406,4137524
2012-05-18,432.9552917480469,438.0514077047584,430.0943143688404,430.86321077051224,2656670
2012-05-21,432.43646240234375,438.0869069085621,430.59474420752366,433.0801994010357,2227088
2012-05-22,437.7474060058594,443.4514617820859,433.79566382392755,436.6566409967152,2360916
2012-05-23,438.140869140625,441.86014893906463,434.1891261694599,440.94819482108625,2162806
2012-05-24,436.8174743652344,439.499639978812,431.68560622226374,438.08705021767685,1205674
2012-05-25,436.5849914550781,438.08698651827046,432.4007875132716,433.47365360270413,915046
2012-05-28,437.97967529296875,439.875089482018,434.5286576856925,437.7293573382032,790194
2012-05-29,443.5766296386719,446.3124478456585,435.7268408264826,439.1600047712088,1575032
2012-05-30,443.64794921875,449.53081312177824,440.32204745918017,440.32204745918017,1581514
2012-05-31,445.3646240234375,449.13755422127696,436.6565355869251,436.6565355869251,4411602
2012-06-01,437.9440612792969,445.2395616224327,435.7625749694251,443.451450933186,1479528
2012-06-04,433.8851013183594,434.86856229394186,427.7876258077276,432.7228292563073,1204430
2012-06-05,438.6236572265625,440.19720374134624,434.15337943175444,434.15337943175444,2063398
2012-06-06,447.43890380859375,451.944933584541,439.5533189594046,439.87518758376694,3291908
2012-06-07,449.26837158203125,452.78226956729253,446.13490303395713,451.7317218351927,2149728
2012-06-08,445.8994445800781,450.1378080748197,443.4542246668295,446.0080944883328,2400244
2012-06-11,446.859619140625,451.3878060954748,444.5230481395771,446.6603612263813,1545048
2012-06-12,452.1302490234375,453.9053065523914,442.3493685151258,442.3493685151258,1092142
2012-06-13,452.96331787109375,456.44095439379413,450.1377133223417,452.45615241099114,1450858
2012-06-14,454.2673645019531,456.98427457672557,451.0070724122262,452.4560911187715,1471124
2012-06-15,460.9508972167969,463.68593742655105,452.4560436295018,454.2854472427198,1986040
2012-06-18,455.40850830078125,465.98632793041315,452.81837833260977,462.23700060192806,1495388
2012-06-19,461.4942932128906,463.41426054416564,454.6658019113993,455.3178779689556,1769058
2012-06-20,453.8330078125,461.51279487413836,450.3915858727007,461.51279487413836,1753740
2012-06-21,443.41802978515625,453.5430343085328,437.9660770599171,451.02538099959645,4155980
2012-06-22,446.82293701171875,449.15950580989073,439.86766609460693,439.86766609460693,1919560
2012-06-25,440.7734069824219,448.65244672096117,438.6904424538425,448.1090646700274,1588758
2012-06-26,447.4207763671875,448.10906914935936,440.8821054879171,441.04510241660876,1109714
2012-06-27,451.6230773925781,456.00639619766,447.8375321197094,447.8375321197094,2305862
2012-06-28,456.0244140625,457.85381836205585,447.83746500242086,451.71357340158136,1894228
2012-06-29,462.76220703125,466.2217567920098,457.4914281546203,457.65442506668103,1990150
2012-07-02,456.24176025390625,463.32385881772313,455.1549959251704,463.32385881772313,2111100
2012-07-03,448.9784240722656,459.9909743258747,445.6819155865555,458.25213430984326,2227292
2012-07-04,452.0394592285156,452.6371882491829,446.1347349257354,450.4636603344209,1301806
2012-07-05,449.413330078125,452.03967757706596,447.4571451658362,452.03967757706596,1520876
2012-07-06,452.00347900390625,453.83288364381974,444.4866910340957,449.19600397903724,1929928
2012-07-09,456.22369384765625,458.08931487039865,450.4094867483597,451.0072159992168,1912768
2012-07-10,457.056884765625,460.15418113814775,452.6555241170151,458.2523433495429,2517598
2012-07-11,455.8252868652344,461.6937976365722,453.9958822189361,453.9958822189361,2034538
2012-07-12,447.7467956542969,452.81836130086657,441.6971600355345,443.7619940748492,7859080
2012-07-13,452.60107421875,465.13507919084213,450.28263507337755,461.440098586424,7217154
2012-07-16,437.3682861328125,456.1693174718933,435.75627010036663,452.4562060928289,3620626
2012-07-17,429.5979309082031,443.39982849013364,425.72177842420166,441.2262999191036,6383816
2012-07-18,433.0032653808594,436.2997758657875,426.91736585440333,432.8945712312363,2975286
2012-07-19,435.06793212890625,438.3282247093893,432.98496742470877,435.79244159123584,1335352
2012-07-20,443.0555419921875,444.8486847187597,434.81424917675446,435.06780972901504,3378226
2012-07-23,440.949462890625,445.6521798053445,436.1377845844271,438.67980331222975,2903198
2012-07-24,439.0973205566406,442.5472022595414,434.72140024388176,438.71600011039845,1648092
2012-07-25,440.5499572753906,441.94805853719896,434.6488431001815,437.22716719703163,1666030
2012-07-26,435.2118225097656,443.400773444743,432.2158713378417,440.4956086719682,2945746
2012-07-27,444.9622802734375,446.7416580854904,436.95490280202813,441.22186320753303,1842976
2012-07-30,447.0320739746094,451.3353389321481,441.05834871941494,448.4483501747475,2625712
2012-07-31,451.62603759765625,453.65964410661934,445.30729524574105,448.4848192689013,1979964
2012-08-01,444.7261047363281,452.04349475744493,443.800066064372,449.61039353256905,1295750
2012-08-02,447.6856994628906,449.1019311626365,443.7637111254886,446.6506995340792,951058
2012-08-03,449.1747131347656,450.3912417895652,442.3475594662281,445.9427090647741,977736
2012-08-06,446.26953125,453.2056017051104,444.92586624993703,452.11616516255,1015540
2012-08-07,459.0340576171875,459.8147849287739,448.3575717348896,449.93724569289446,2099154
2012-08-08,453.641357421875,459.97827322568287,452.62457658234297,459.3790742629609,1643000
2012-08-09,456.8914489746094,460.4139420476949,454.0225911027854,454.0225911027854,1129474
2012-08-10,464.844482421875,466.6420351758555,456.0200277603739,456.11081414854044,3082356
2012-08-13,459.8511962890625,464.49943241401536,456.5647115543118,464.49943241401536,1428038
2012-08-14,460.6138000488281,462.37504700703016,457.29100957675456,457.56336872480506,1136930
2012-08-16,458.85235595703125,461.75751895477777,454.694314818945,461.24910656431825,1788292
2012-08-17,464.3179016113281,466.4604692694713,459.0159853301765,459.3973058978083,1287576
2012-08-21,471.59881591796875,473.90478050514633,463.7730142629743,464.789839186573,2051576
2012-08-22,469.056884765625,475.35745020152257,467.7677005341289,470.6002531104351,1134096
2012-08-23,480.6048278808594,481.5308665097049,469.0931348521201,469.0931348521201,2337314
2012-08-24,480.38702392578125,482.4024992165486,476.8100495562015,479.3520680991515,1578938
2012-08-27,479.51544189453125,483.3103388416746,477.53631671665835,477.972073570542,967200
2012-08-28,490.5732727050781,491.93506835197803,477.53634017956597,481.8759112426395,2266204
2012-08-29,487.8135070800781,493.1517297216346,484.79938083827847,490.2465648926412,2139290
2012-08-30,496.4744567871094,504.3365669567713,480.58683867896127,486.5787403654628,3333432
2012-08-31,487.9766845703125,493.514652525436,484.67206993507784,492.7883616460756,1773848
2012-09-03,485.8341064453125,492.0257537812802,484.0728599691943,490.2463323018847,1223826
2012-09-04,486.92364501953125,489.15699875721975,480.0965360739432,484.0366559657073,1508018
2012-09-05,495.5120544433594,497.87250028717165,483.7098252242981,486.433416582543,2028960
2012-09-06,499.54296875,501.10451221866464,491.57194231286627,495.36679526745974,2291684
2012-09-07,503.57373046875,507.24153463255504,500.7412228224525,504.7721280728629,2636656
2012-09-10,498.0359802246094,502.5571692229704,496.0386795656282,502.30294072334203,1476024
2012-09-11,505.734375,506.80563603905136,495.3484269696936,497.1459787007841,1274180
2012-09-12,513.8143920898438,516.0295699775884,504.7357578537849,507.29590611079226,2114466
2012-09-13,514.8312377929688,517.1008966397129,511.87163812023374,513.1244720719268,1881210
2012-09-14,513.1607666015625,522.856775581817,509.1843421201459,518.5716420405291,2814840
2012-09-17,487.3775939941406,516.2295321834175,484.98084242569655,515.0311342345519,5094390
2012-09-18,472.0165710449219,488.4307310403625,469.3837659891281,488.4307310403625,7220206
2012-09-20,480.0784606933594,485.48933874555047,469.03882610505104,470.27352995302607,4042506
2012-09-21,473.5600280761719,483.8188910739333,471.4719409173355,481.13160482104985,4247758
2012-09-24,468.25811767578125,476.8102150452128,463.73697228692816,475.7207781486891,4937020
2012-09-25,469.61968994140625,475.62976502077515,465.66143990093497,468.49394788413605,3823694
2012-09-26,466.8598327636719,473.9048641307831,465.5525178664091,470.3460205994669,3292812
2012-09-27,461.7576904296875,471.90758969054787,457.9627932570746,464.862557938968,5605398
2012-09-28,470.6001892089844,473.90480387976163,463.55515873755996,464.3904109895189,2912996
2012-10-01,473.1603698730469,475.6479517926614,469.565265202708,470.2733811337067,1795618
2012-10-03,480.3143310546875,481.16771398344406,472.45222331506466,472.45222331506466,2318230
2012-10-04,478.31719970703125,479.95135478335914,475.2304623406341,479.3521557228469,1319284
2012-10-05,473.5417785644531,479.11605367172746,383.1185401729279,475.811438162634,3836110
2012-10-08,469.438232421875,477.6271822654219,466.80542719745057,475.72066813739036,1685408
2012-10-09,470.21893310546875,471.6533844014881,466.64195886253486,471.3265445916809,1291154
2012-10-10,468.2216491699219,472.7246623089737,466.64197508510176,467.0051205910046,1163978
2012-10-11,468.25811767578125,472.65221528853425,467.0234579898284,468.54865191324126,1635526
2012-10-12,471.52618408203125,477.046021429006,462.35676162002113,464.39041157006744,2469542
2012-10-15,470.1462707519531,472.96064801964496,467.5497718907429,469.91021734106505,814528
2012-10-16,470.6001892089844,475.79314245469783,467.6587199817931,470.99964033107346,1282744
2012-10-17,465.9701843261719,473.86859941112834,461.9211028995207,472.5612844008551,1597480
2012-10-18,474.75823974609375,476.0837296288422,464.898830987466,467.0958788978629,1447128
2012-10-19,468.3489074707031,476.2291943434583,465.5527038144584,475.3576359540765,2825616
2012-10-22,478.9526062011719,484.76293416945225,473.1785839168363,481.20409055716675,5397342
2012-10-23,477.3912658691406,480.80484386820456,476.4107903391972,480.80484386820456,1136696
2012-10-25,477.66357421875,480.7684869482825,473.6326667716594,477.5364821197869,2254470
2012-10-29,475.1396789550781,479.27954737383897,472.37978145233546,476.08384858374086,815628
2012-10-30,476.2655334472656,480.0785628801259,473.68720812519234,473.68720812519234,805268
2012-10-31,478.8131408691406,479.2863301224114,474.62739315344686,476.48367238465835,999536
2012-11-01,478.72216796875,480.5784472837758,476.8840608991069,478.59478452739955,1579768
2012-11-02,484.52740478515625,487.0024724924554,479.86851391910466,482.2343704745613,1673974
2012-11-05,483.94525146484375,488.9499501184438,482.3801723626326,486.2383311657697,1223826
2012-11-06,480.65130615234375,486.78432835866084,480.25089469058895,482.27099095336587,1297466
2012-11-07,484.6368713378906,485.3102219800387,480.99709010365933,482.2710135356403,1058390
2012-11-08,484.52740478515625,485.8013275457867,479.213335869849,481.9067814499334,1239044
2012-11-09,482.2528381347656,485.2738745901277,480.778753267284,484.0909455877516,711382
2012-11-12,485.72882080078125,490.6425256196726,480.45113784715716,480.45113784715716,1466782
2012-11-15,471.0420227050781,481.1787986466669,469.8954833985227,480.4872317291496,1735402
2012-11-16,468.3670654296875,475.6466278738485,465.9283853523397,473.0987810183922,1598890
2012-11-19,459.4677734375,471.3516680074239,458.0664665539328,469.56816632337336,1676286
2012-11-20,463.2713623046875,466.94753237810113,457.1747288815917,464.07209638490434,1256040
2012-11-21,466.6928405761719,471.24256817666856,464.5271880107089,464.5271880107089,941744
2012-11-22,464.5997619628906,467.3842029184649,462.61609937209505,466.656246821892,611624
2012-11-23,469.0221862792969,470.0413427653575,462.70717492171195,466.6199396260647,749676
2012-11-26,470.87847900390625,471.60643524843937,467.7118871125562,468.803821479356,456334
2012-11-27,471.4243469238281,473.13507039682366,468.9129339537323,473.13507039682366,1338160
2012-11-29,472.4798889160156,477.5391926018675,470.38701516795106,476.8112365155842,3470578
2012-11-30,478.26702880859375,482.2707862795942,469.93192482369426,471.35144772232036,3579294
2012-12-03,479.2864685058594,481.1791372035776,475.0642862201471,478.631290032303,1319512
2012-12-04,472.97125244140625,481.1061972856699,470.5872229070265,478.6675177274855,1595120
2012-12-05,472.40716552734375,475.9195629346671,469.0221515636189,473.1715106198536,1790058
2012-12-06,466.1466979980469,471.3516021884014,461.88817233751456,471.3516021884014,2370092
2012-12-07,460.12298583984375,466.14679754586734,457.53874986871705,464.67271270130857,1957214
2012-12-10,450.31353759765625,461.08732131482867,448.12966972486277,459.37659815593037,3029430
2012-12-11,443.9440612792969,452.4247685998354,440.5408750034466,449.51294386226607,4926914
2012-12-12,446.16424560546875,451.6966933764759,444.45352236443466,445.8366565226403,2487948
2012-12-13,444.9814453125,449.36735477260015,442.9977380027729,447.7294533175017,2297162
2012-12-14,452.3883361816406,453.1526812155803,442.6519231515067,442.96129561394474,2196814
2012-12-17,438.7753601074219,454.572009913271,437.537826356568,451.02322537486594,4482898
2012-12-18,440.6500244140625,445.8731004184965,435.68171526607375,442.1241088222043,4688482
2012-12-19,448.65765380859375,450.0771774112005,442.63379794474156,442.63379794474156,6642060
2012-12-20,455.7188415527344,456.7925592782696,446.65577710796066,446.65577710796066,2314030
2012-12-21,458.13922119140625,460.21392304030877,450.4956810164327,454.9726294627141,2457968
2012-12-24,460.8690490722656,462.65255063538746,458.6487915647107,459.34035883582976,1254818
2012-12-26,459.4132080078125,461.942882835575,456.90179429103983,461.160320918628,1435258
2012-12-27,455.3182067871094,460.39572593744106,454.1171061895288,460.39572593744106,1994158
2012-12-28,461.34210205078125,462.9800030048077,455.24547072190506,456.428399188702,1501622
2012-12-31,457.101806640625,460.6505924839871,455.70050009122343,458.9763024081731,704170
2013-01-01,460.12298583984375,461.4879038982832,458.6124676356522,461.1420979982561,509580
2013-01-02,459.8134460449219,463.1256371090923,456.9926164168744,461.1601469336901,1880246
2013-01-03,466.1105041503906,467.3480389965374,458.59434494856606,460.4324527497039,2635130
2013-01-04,472.8803405761719,473.535518943543,466.2195678521983,467.7118692101866,5228760
2013-01-07,471.2970275878906,474.6274360444787,469.6227372364944,473.1715236639742,1820752
2013-01-08,473.26251220703125,474.73664124603107,471.0968603407665,471.3516272317673,2341870
2013-01-09,464.6543884277344,475.86493059087996,463.39868187710766,473.53546209102836,3135898
2013-01-10,458.02996826171875,466.65622992133103,456.9016452390772,465.8554960164661,4522838
2013-01-11,475.4827880859375,481.36104336175674,469.53175496156234,469.53175496156234,7805006
2013-01-14,485.72882080078125,490.80629800793247,475.8468055566036,480.08715971242447,5790224
2013-01-15,486.80242919921875,509.56927418611417,482.99887631783827,505.92949365621337,8262978
2013-01-16,490.5513916015625,493.19023232804096,476.44724289107427,486.6022388488082,4109492
2013-01-17,495.7381286621094,499.30513150120777,488.8225453694662,491.2611806529264,3028544
2013-01-18,491.7345886230469,497.21247875572993,487.0210883179466,495.92033826713646,1440470
2013-01-21,484.0908508300781,493.1539139912009,483.0353055022349,492.2803577050231,1260038
2013-01-22,479.5411682128906,484.70963969184845,476.1197650335743,482.63498220136086,1386630
2013-01-23,478.6107482910156,482.91550869323584,473.6676172065925,479.99703914117094,1877654
2013-01-24,484.6666259765625,487.7127697765591,476.0753631053003,476.0753631053003,3498470
2013-01-25,489.0263366699219,490.66797674080186,482.9157875172018,482.9157875172018,1521100
2013-01-28,490.6860046386719,492.4735318063554,488.09582700585804,488.9531631551417,2428154
2013-01-29,490.6494445800781,494.88126113738167,488.9531197463364,489.2814119513754,1731804
2013-01-30,491.0875244140625,492.43729957173105,487.31176109194956,489.20874961607905,2279144
2013-01-31,490.3577575683594,493.385643889841,483.88240136648557,492.07234111592584,4313168
2013-02-01,491.7989807128906,493.22174465201,489.6283850785811,490.30327279016376,1484540
2013-02-04,494.8083190917969,498.9854058293089,490.722479070403,492.1269837944874,2487304
2013-02-05,496.1581115722656,497.9638969019515,490.7041945534749,490.7041945534749,2161994
2013-02-06,499.9886474609375,501.94036535657295,496.86951485213245,497.05191922616035,3573706
2013-02-07,506.04449462890625,507.08419071779883,496.50473637908215,496.50473637908215,2612782
2013-02-08,518.9771728515625,524.2304303291788,505.2968380308637,505.62517497302844,6973618
2013-02-11,516.0949096679688,521.2752205255006,515.2011460626952,519.4876487826361,2312126
2013-02-12,514.3987426757812,516.2045286911324,511.4072833519536,514.0339338215825,2225502
2013-02-13,523.646484375,525.9265390438577,512.5927615274508,514.3073893578224,3822666
2013-02-14,528.133544921875,531.0885310610579,521.3116399447601,521.7129206141824,2946958
2013-02-15,526.1090087890625,529.6294225416715,521.913707677077,526.783896148439,1820790
2013-02-18,519.9802856445312,526.0178899273262,518.0285672027335,525.3612161841371,952086
2013-02-19,526.6196899414062,528.5714078513932,515.3653043552707,518.6121111433065,744294
2013-02-20,529.9940185546875,531.5261970544825,525.8716630432646,525.8716630432646,2261518
2013-02-21,529.3560180664062,531.471883150503,525.5802099980796,525.5802099980796,3849146
2013-02-22,530.8329467773438,534.0980102319083,526.1634237525442,528.9724319576073,1310694
2013-02-25,537.61865234375,538.0929215451582,529.5199156764727,530.0671288170271,1730030
2013-02-26,545.89990234375,547.1949468764952,534.8097058133252,535.174514616745,2853670
2013-02-27,541.08447265625,548.325964010144,538.9321360506096,545.4804371453916,2556682
2013-02-28,553.4149780273438,556.3334485772573,541.8322980323746,542.1971068511139,4599424
2013-03-01,547.88818359375,553.0502379267757,546.4836783735554,552.7219010426483,2537326
2013-03-04,552.0287475585938,554.4729936329948,543.9300087027133,543.9300087027133,3136076
2013-03-05,561.8601684570312,562.8998644200414,550.350435334674,553.4148375406369,3440054
2013-03-06,569.539306640625,571.1080018140093,560.4008757136103,560.4008757136103,2299510
2013-03-07,580.0094604492188,582.818470107754,568.8645349410704,569.466478305705,3908702
2013-03-08,577.5471801757812,582.1072911197009,574.5375069527943,580.0461120665825,4341502
2013-03-11,571.363525390625,579.881846506079,567.8796280660955,574.5738606471707,2221330
2013-03-12,569.2839965820312,572.0018036806957,564.7238876699676,568.3719747996186,1809452
2013-03-13,566.0735473632812,568.6272078364613,564.723773211808,567.6605005688867,1794496
2013-03-14,571.9107055664062,575.3034450272445,563.1918113659153,568.0072694403422,3051218
2013-03-15,572.8409423828125,576.5437601191985,569.3205290222847,573.4793576983163,4212398
2013-03-18,571.6370849609375,574.081330441991,567.0587616118452,569.0469515975816,1694988
2013-03-19,564.2681274414062,570.7434849730597,561.9698137158298,570.7434849730597,3739910
2013-03-20,568.2444458007812,573.7165778929808,561.7873032125907,561.8055614658281,4168136
2013-03-21,569.083740234375,574.355256619338,566.8036841506571,570.1964254161675,1664604
2013-03-22,562.58984375,569.8677607716397,558.8870258926156,569.6124124500215,2714456
2013-03-25,563.0277099609375,566.1833153090419,557.5738356579733,564.9064843788991,1857316
2013-03-26,567.7702026367188,572.7498519759689,560.4010822267741,561.8420592643561,1781536
2013-03-28,574.8472900390625,577.6380854083511,562.4073226863895,567.6423184520269,3065662
2013-04-01,567.952392578125,574.0994100165358,565.9094728477154,570.9255922686057,968812
2013-04-02,571.7828979492188,573.1874025154297,562.2613999370392,567.6423281765016,1130332
2013-04-03,563.045654296875,574.5735982181562,558.5220183314268,572.7495550492097,959932
2013-04-04,550.0587768554688,561.8420754557918,547.5780589752279,561.8420754557918,1126338
2013-04-05,546.6111450195312,550.6240410005677,541.4126206804613,549.0371319508936,1865248
2013-04-08,540.1906127929688,546.8119012011671,538.0929622621164,546.8119012011671,896416
2013-04-09,546.2647094726562,551.955717882094,539.0414773741577,539.9170274061461,1672354
2013-04-10,558.3215942382812,561.4042552298386,547.5779931973386,550.824800331289,2046284
2013-04-11,560.6746215820312,565.4900796538819,554.764692640409,561.8055198909318,2244658
2013-04-12,551.4996337890625,556.1509454019684,539.315012500555,540.6101013900171,5032060
2013-04-15,537.1627197265625,552.3205437432797,528.3708362260178,552.1381393364953,5391496
2013-04-16,541.0661010742188,544.8236044423634,531.8728939464895,536.2688571530864,3071582
2013-04-17,531.398681640625,546.8483235015328,522.0413281725773,545.3890884821825,5279004
2013-04-18,529.975830078125,545.3525254329045,520.746152309271,542.8170782908414,8554458
2013-04-22,519.9620361328125,532.5479405964594,519.8525756723716,527.5135609980697,2962484
2013-04-23,521.8771362304688,528.243030630598,519.4876212831296,519.6517673954687,3384170
2013-04-25,511.5712890625,521.8771354668361,510.2397283197246,521.8771354668361,7929194
2013-04-26,499.55084228515625,508.3427240667697,498.00040513061987,508.17857794568675,4754076
2013-04-29,500.0615539550781,505.1506177964827,497.9639038108201,497.9639038108201,3968916
2013-04-30,502.852294921875,504.16559726733954,497.9638496887977,499.05827573206983,4020570
2013-05-02,523.0994262695312,524.8869985661076,501.0649625135434,501.0649625135434,5630326
2013-05-03,517.4811401367188,527.9693902452353,513.6141768292586,520.2172053824188,3641790
2013-05-06,535.2473754882812,537.1444076910186,518.028420452369,518.028420452369,3727118
2013-05-07,536.8523559570312,539.4972184504128,531.672091369122,535.2107171680358,2260180
2013-05-08,539.9534301757812,542.7624843128694,536.2688706512399,536.99848816233,1768130
2013-05-09,546.6477661132812,548.4718102386314,541.01148757888,541.084431530963,1949700
2013-05-10,545.7176513671875,551.18978495694,543.9665508055318,546.6478873580431,1139714
2013-05-13,529.5564575195312,540.2818453960462,527.4040766428861,539.917036587541,1862498
2013-05-14,531.8728637695312,536.4694893387551,526.6925976780224,530.8331678078506,2250100
2013-05-15,536.8342895507812,538.8954231922456,528.9726438244643,531.9275855490208,3565926
2013-05-16,530.4501342773438,535.9040067990991,528.0423611124359,535.9040067990991,2415652
2013-05-17,537.6551513671875,539.369734672258,530.4683923021468,530.7967290822695,2900200
2013-05-20,537.14453125,539.1874517955337,532.9857016733929,536.7249921882132,1385504
2013-05-21,544.604736328125,547.9427453142326,534.4448214949073,534.4448214949073,1898432
2013-05-22,546.62939453125,550.5510882682137,544.4040702474358,546.4834621369001,1846944
2013-05-23,544.550048828125,556.971805616821,539.315051734523,545.3891268361863,3063962
2013-05-24,536.1045532226562,548.2891261386691,533.933915101356,547.2129584666066,1586612
2013-05-27,546.4835815429688,547.2131991418246,532.6208471647092,536.0865307592741,2023864
2013-05-28,552.35693359375,553.2324835226037,543.6745118411086,546.4835214750151,1400254
2013-05-29,546.2464599609375,557.2454544328028,541.777552061231,553.0501531392008,1452038
2013-05-30,546.9944458007812,551.5910288009893,542.4708067639359,547.2133222232037,2408346
2013-05-31,546.6477661132812,550.5877192369686,538.7314324221921,543.9299581794403,1929868
2013-06-03,536.0498046875,549.766600137489,531.5626407686125,548.672174257985,3097612
2013-06-04,534.5726928710938,537.6918266632805,529.0276156098004,532.6209742349873,1305320
2013-06-05,535.4662475585938,537.2355609128385,529.9576003581689,533.0220024584344,1728676
2013-06-06,541.3368530273438,544.1893844643398,534.4539886934,535.0612658938542,2540452
2013-06-07,559.0777587890625,566.4575518848068,540.3246823696533,541.0976174115168,3550844
2013-06-10,561.3232421875,568.5557568847961,559.1332062564667,561.3232421875,3360430
2013-06-11,552.6735229492188,567.5618825045538,549.158449219711,563.2186542772281,2205468
2013-06-12,540.3617553710938,550.2996122184768,538.1349662578978,549.9315434463515,4805954
2013-06-13,532.098388671875,538.8524385985874,528.2152469106937,537.3801641761869,3151342
2013-06-14,533.9572143554688,536.368082173678,526.7062793553152,532.9634468948263,3105996
2013-06-17,534.6014404296875,539.2207212355875,525.6021774228115,534.8038962152277,2584162
2013-06-18,531.4175415039062,537.380235736552,530.0740819285137,535.5398924634817,2291528
2013-06-19,525.49169921875,535.5031954684902,523.9642499585472,535.5031954684902,2139788
2013-06-20,516.952392578125,527.4975678492331,514.9648129833724,523.0255249936031,4172878
2013-06-21,523.4857788085938,527.0192298166078,518.2407991298998,518.5352721015123,2848224
2013-06-24,519.2344360351562,527.8472515879969,515.3329172601832,520.8171492310703,1889164
2013-06-25,512.4620361328125,525.2707991136022,508.19240354229095,520.265074100526,1860548
2013-06-26,529.1724243164062,532.8715332289038,508.3213655568264,514.1552462628317,2326488
2013-06-27,549.1216430664062,550.9987842471288,530.755007938784,532.8898241397666,3820678
2013-06-28,558.7835693359375,561.0472010840049,536.7178213074121,550.2627689774245,4817096
2013-07-01,549.2870483398438,558.2495078403342,545.9928530489203,556.5196037636936,1354652
2013-07-02,552.3055419921875,555.2316703770574,547.1893777404794,549.5634030391274,1657242
2013-07-03,548.348876953125,559.0964671715429,539.2207533945427,551.2565843207292,1530906
2013-07-04,566.2000122070312,567.1937795722722,548.4222787557986,548.735128116689,1917060
2013-07-05,563.2189331054688,573.451265049582,560.2007865246879,567.5621634829624,1293012
2013-07-08,554.550537109375,564.9852724052068,552.1028720572053,562.4087923356066,1658796
2013-07-09,553.9065551757812,560.1085033319298,550.3731048998079,550.3731048998079,1097326
2013-07-10,556.501220703125,561.9670745608261,551.3666824534426,555.783505009812,1322624
2013-07-11,575.8621215820312,577.8680787878778,559.464636788264,559.464636788264,2335274
2013-07-12,592.535400390625,598.0380545315517,581.290928323123,587.0695890646957,3251536
2013-07-15,604.2766723632812,606.3194712287072,588.6521770161672,589.3146735909859,2060570
2013-07-16,607.0741577148438,613.3313261957092,595.3879754049924,598.1116930238927,2224986
2013-07-17,617.8032836914062,620.1773087218701,605.49140423159,605.49140423159,2999250
2013-07-18,611.14111328125,622.8825106237301,605.1047792467533,618.3552488652954,3445532
2013-07-19,641.4700927734375,647.4327872248953,625.7167358057544,632.710040500054,8550804
2013-07-22,642.8319702148438,647.3592330959902,636.1331379963322,640.8075924099874,2974772
2013-07-23,644.04638671875,655.327652181621,641.7643346798918,643.383845336123,1646502
2013-07-24,656.19287109375,659.5790850314056,642.279856796765,643.568097197217,2181644
2013-07-25,660.9594116210938,666.2043909420463,650.2669972087303,655.1623292137251,4088808
2013-07-26,653.1377563476562,662.1370159989428,644.1568731689417,660.6831629439521,2379064
2013-07-29,656.3473510742188,662.028424313902,648.2500080530594,648.5266832592281,1774262
2013-07-30,661.1798706054688,665.8464222803856,654.9638659831772,656.6423799671472,2617484
2013-07-31,669.7382202148438,675.640622596247,660.1283533249191,660.3312664194824,2826750
2013-08-01,669.7012939453125,676.8579653554397,660.3312217917493,667.727687288766,2141178
2013-08-02,680.9345092773438,682.4285732846058,670.1810581126513,671.2877588493585,1846854
2013-08-05,688.8103637695312,692.5731724371394,678.7762973860922,678.7762973860922,2355184
2013-08-06,689.8802490234375,694.2517073491277,687.8697609635997,690.9500686005009,2305290
2013-08-07,672.3947143554688,697.5537476550634,668.9823857910283,691.3193221363772,2694980
2013-08-08,680.7685546875,684.7342325167361,658.0073814299384,665.9018560684462,2158628
2013-08-12,669.184814453125,679.1451176450954,667.0267577678819,679.1451176450954,2077574
2013-08-13,671.32470703125,680.5656314683451,667.6910034671857,671.4722311089266,2168296
2013-08-14,676.3784790039062,685.4165334001951,664.7581233515348,673.058377388943,3302068
2013-08-16,656.9744873046875,675.0874812094728,647.6228746451071,672.9478416716199,2779930
2013-08-19,655.70166015625,666.6026793728671,647.6227815838383,663.2825774833509,2121352
2013-08-20,640.5584106445312,660.2576932327088,638.1974400103933,660.2576932327088,2724844
2013-08-21,633.6968994140625,643.2513803453897,627.5547009355157,641.9233483847835,3623994
2013-08-22,656.2548828125,662.9688923465303,625.3594962394593,628.9747356063799,4260988
2013-08-23,674.8845825195312,678.0386978481274,658.2287713154363,661.8070859301091,4032884
2013-08-26,679.5140991210938,693.0158360581906,669.1848945741933,672.5418770455843,2663238
2013-08-27,678.333740234375,693.1081669759087,675.0874002967447,678.4075022654173,1945284
2013-08-28,703.8248901367188,717.9168635591888,674.3497472122779,674.3497472122779,4444684
2013-08-29,718.2855224609375,726.7333454833137,692.9052174143832,701.2792333826291,5905182
2013-08-30,750.0477294921875,756.2452697152385,711.9772539270294,715.2973551111451,5282942
2013-09-02,758.7724609375,763.2545626288301,744.2562011134194,745.1784516724199,2154034
2013-09-03,738.2060546875,762.5165827071062,732.6910156554651,756.2822064210684,2355064
2013-09-04,763.291259765625,766.8695728487049,735.568362238045,737.8002259341968,2626516
2013-09-05,734.38818359375,763.2546285849397,730.8098691283167,763.2546285849397,3927492
2013-09-06,733.6688232421875,747.0229940615937,728.5779818625421,741.1205901578971,2759596
2013-09-10,733.3367919921875,743.9610918255804,730.7913713441004,732.6358725337624,4300972
2013-09-11,735.51318359375,744.4405497755799,731.7134937957695,740.7515480423016,3008494
2013-09-12,725.958740234375,737.2655408013452,717.8060545102338,735.9559270287638,1905568
2013-09-13,720.7388305664062,734.111464019014,718.0827669002502,724.8889581896293,2096320
2013-09-16,701.851318359375,732.267131580315,698.7156656548749,719.3556204441381,2460506
2013-09-17,718.4146728515625,720.2960998874773,699.8405568816559,700.9103764626092,3327816
2013-09-18,721.015625,724.8153160428965,714.8918891227529,716.4228343500082,2109818
2013-09-19,725.3685302734375,734.1114475913416,710.6862833089044,718.6176381446902,3907240
2013-09-20,719.4659423828125,734.074378541337,716.0351531571476,719.3552543309829,3591858
2013-09-23,721.2366943359375,729.389378871535,715.6663109222244,719.3553125249163,2988758
2013-09-24,715.4818725585938,729.6476479512563,710.5017203134063,721.1998251364015,4940300
2013-09-25,722.6940307617188,727.0839075775867,708.3622204603553,716.219813558718,4333858
2013-09-26,716.736328125,728.2459982879581,713.8588880683753,721.126250249637,4919704
2013-09-27,718.6544799804688,723.7637388107094,714.7256837929089,716.8099789564278,1784666
2013-09-30,711.165771484375,723.7267953553029,708.2883321224239,720.8309380037584,1987350
2013-10-01,719.0051879882812,721.1447828290226,707.0712265896212,712.7154195083768,1591994
2013-10-03,746.875244140625,751.4127340557816,723.1918722234475,727.3973429930487,4672354
2013-10-04,750.195556640625,763.2546347972067,747.7423609153724,749.6053252334094,1934032
2013-10-07,770.9091796875,773.8419182143409,747.1335802192337,750.7118940849683,1993878
2013-10-08,760.469482421875,773.9528059917816,758.6619070319651,768.4193016591425,1828106
2013-10-09,771.31494140625,773.8233904624459,754.4377139266005,758.2742846260247,1775858
2013-10-10,767.3123779296875,773.9525812002329,762.6089006130512,770.2635793832633,1164320
2013-10-11,782.82470703125,788.7086473559285,768.1977596967524,775.7971400325152,2284448
2013-10-14,816.2839965820312,820.8030244695603,783.9130008978947,784.8352514871863,4374460
2013-10-15,817.2618408203125,833.2906338917252,811.9497115362786,824.4923240725047,4665092
2013-10-17,777.8074951171875,822.6473258932649,773.1040182538964,822.6473258932649,6687214
2013-10-18,782.3081665039062,787.1592581310907,760.5062189059743,776.4611524213553,5346166
2013-10-21,764.2321166992188,785.0012174229993,756.2454628366252,783.9129797696723,3685372
2013-10-22,770.7618408203125,777.5126439353155,766.1505872917336,770.2637894138078,2044614
2013-10-23,760.358642578125,775.7971526105512,754.8251843815689,770.4480994898412,2455496
2013-10-24,741.0098876953125,768.1794441755079,738.4829300794228,753.2942835942528,3617758
2013-10-25,764.3154296875,765.8863839015838,737.4243899052412,737.4243899052412,2527402
2013-10-28,762.9107666015625,772.4659003432782,758.6969491922231,764.4078115538804,1803942
2013-10-29,765.0731201171875,770.987300053943,756.9780773044308,763.2988480875159,1829076
2013-10-30,773.260498046875,776.2360877652861,765.2394098552778,765.2394098552778,2114874
2013-10-31,780.6904296875,786.9557474392718,768.6217493537222,772.1702942229398,3523076
2013-11-01,775.3492431640625,791.7425611259556,772.9466068912106,779.9326978026646,1346480
2013-11-05,754.7975463867188,778.084640129306,750.9902733293573,776.2364580862435,2261286
2013-11-06,772.9464111328125,777.5483644720455,761.0995510776212,762.559596240391,1667750
2013-11-07,784.349853515625,794.0343080676411,768.9545352687365,776.2363534885262,1956948
2013-11-08,772.853759765625,787.9718418011794,765.5903554654228,787.3249785558869,1609346
2013-11-11,774.2586669921875,791.02170988542,757.7544417126687,772.5398942338915,1961138
2013-11-12,771.486572265625,784.2575278697665,768.474071718147,775.0721175221224,1000682
2013-11-13,757.3847045898438,778.5278808323347,755.4071596026705,775.8480179195597,1208338
2013-11-14,748.95703125,765.8863913467557,747.3491224160424,765.8863913467557,2129704
2013-11-18,755.5367431640625,761.4139253721953,751.1935157999834,756.2760159068845,2831602
2013-11-19,750.3245849609375,759.6024452188507,747.1087227184321,757.7357642269683,2077864
2013-11-20,747.9959106445312,757.7173170007446,745.556320405257,756.589953504929,1658696
2013-11-21,734.3195190429688,752.0990173679028,731.8799283062722,747.8481996024875,2302882
2013-11-22,739.5867309570312,743.3385481682803,733.764959632491,735.9458226768006,1494494
2013-11-25,744.1703491210938,749.1973942371128,736.7221679697159,742.2297583683875,1950998
2013-11-26,736.9439086914062,745.3531349206967,734.4673634109889,740.4184991027779,2047412
2013-11-27,734.2642822265625,744.3368751347654,730.0319630715863,742.5996019295276,2120978
2013-11-28,733.5801391601562,737.9973197002244,728.1834585928773,736.7220474840341,2805722
2013-11-29,740.8803100585938,744.7060357126011,732.5450408034114,736.3153120029768,1924812
2013-12-02,744.410400390625,747.0348085561839,737.4242667340856,737.4242667340856,1253260
2013-12-03,746.9608764648438,754.7971461232589,744.8354682424106,745.2051044550076,1449184
2013-12-04,739.2909545898438,750.9529504902409,736.9252737103864,746.6282246787154,1519036
2013-12-05,734.522705078125,751.6738366130264,733.007205432332,745.1867021837633,1397190
2013-12-06,739.3837280273438,742.9691831511117,735.9460913700813,735.9460913700813,1446962
2013-12-09,741.0653686523438,750.3432312791078,739.2726415209796,749.9920948230338,1826340
2013-12-10,769.85986328125,772.1700897345007,739.2724650402113,739.2724650402113,3653334
2013-12-11,760.7301635742188,771.375709278241,755.1671180528823,768.4740276220961,1556062
2013-12-12,749.9548950195312,762.929116612013,748.5502594112347,755.9060288137435,1655964
2013-12-13,739.9379272460938,755.90619657747,737.4243824802213,753.3002427411113,3463350
2013-12-16,746.35107421875,753.9840721226831,741.1761665037601,744.3365294995889,2858500
2013-12-17,756.0355834960938,763.6131726305547,750.3616754181178,750.9530844630892,2995474
2013-12-18,759.898193359375,765.5166461078525,753.3186502983116,754.0579227716171,1587990
2013-12-19,769.3978881835938,779.9325217715027,762.4302084676326,767.3463888573026,2161986
2013-12-20,783.832275390625,787.3253203831139,771.0059138067401,771.8375954832011,1965812
2013-12-23,779.5814208984375,792.2968729394211,775.4784220588514,787.3067831177136,1321224
2013-12-24,780.191162109375,786.9555230759568,777.8070265066144,783.5548878543804,870156
2013-12-26,776.34716796875,782.5200763609274,773.0758504941301,781.7808037332836,2297194
2013-12-27,798.6544189453125,802.0735537932259,778.0842005251512,778.8234729247001,2479946
2013-12-30,796.9542236328125,804.0512213060745,793.4980887334497,802.1106310696157,1668776
2013-12-31,802.8685302734375,807.6368023678053,795.0506685109336,798.4513946096534,1245776
2014-01-01,795.9376220703125,807.4702530930847,795.1244405049446,805.8438899623487,529952
2014-01-02,801.001708984375,809.1337060299016,796.991119798725,800.6320727550328,1726948
2014-01-03,821.4055786132812,823.9561226417452,793.7013623581664,800.1514962588303,2618174
2014-01-06,827.8377685546875,829.4641327176112,812.091220846966,823.9195863759159,2311810
2014-01-07,815.4730834960938,834.0658073514848,812.8302200602232,827.9853082923601,2897486
2014-01-08,825.2686157226562,829.4640246720206,816.8963879345657,817.6356606838278,2550020
2014-01-09,828.7064819335938,833.7150742478487,821.3692520078175,823.8272984836591,2582206
2014-01-10,843.103515625,853.7860602987126,826.1372432370293,835.3781519980699,3369334
2014-01-13,875.5761108398438,881.2130652209763,844.6190662877226,844.6190662877226,3814316
2014-01-14,860.0509643554688,881.5083622175129,857.5559201911196,876.7770011609206,2974964
2014-01-15,869.9757690429688,879.0687651309245,860.1434103350648,865.8542713967265,3048854
2014-01-16,868.7561645507812,879.7713437132275,859.4043486437746,879.7343439880359,2997962
2014-01-17,818.0236206054688,849.4242058135044,815.4361665407627,849.4242058135044,7564756
2014-01-20,864.2833251953125,868.645050305061,818.9289825322819,820.2042093447259,6010558
2014-01-21,842.8818359375,864.6718819876728,840.9597448544481,862.7312910373959,3132282
2014-01-22,840.5715942382812,848.9993214125551,836.8937304536006,845.3953668522557,2384030
2014-01-23,832.5872802734375,841.5509607033297,826.9873263289653,838.3721426143421,2290762
2014-01-24,831.2010498046875,843.9720007898444,826.137051030462,829.4637774104505,1850266
2014-01-27,825.6096801757812,836.681463334232,822.0918780506761,824.2765821562294,2532948
2014-01-28,819.22216796875,832.3676402851345,813.2048743027993,826.4984284554943,2852166
2014-01-29,818.2776489257812,829.4605362895951,816.5002154100703,829.4605362895951,1698076
2014-01-30,821.1660766601562,824.6468128563548,810.9459003841118,813.9267926649611,2225250
2014-01-31,829.8496704101562,840.4956522063985,822.4252371984002,823.943482937922,2174246
2014-02-03,812.5936889648438,831.0343945121566,811.242148635439,822.7953323408764,1362480
2014-02-04,796.6341552734375,805.3915955414989,782.0815442249122,805.021300555043,2694166
2014-02-05,812.5753784179688,814.6490667495007,792.4313649290598,801.24440473198,1853650
2014-02-06,805.4841918945312,810.9089774367399,794.2827682398665,807.2430931295613,1922652
2014-02-07,794.0602416992188,812.7971973067112,789.0983268613219,810.9457230531651,1990912
2014-02-10,775.2308959960938,793.912255379799,772.1019222121794,793.912255379799,4019270
2014-02-11,778.2489013671875,787.4322344797848,776.1382381705286,777.6194180143655,3568786
2014-02-12,779.637451171875,786.358358470383,775.7678871900874,784.2846706771385,3074348
2014-02-13,790.1170043945312,791.8388400878275,776.3235148040468,780.2116125409618,2094350
2014-02-14,802.7623901367188,809.0018962384279,788.0247233729671,791.6535415786902,1910062
2014-02-17,801.836669921875,809.4647822566334,795.0973197332094,799.8371133002416,1670394
2014-02-18,802.0587768554688,811.3161496261921,798.3003196721675,801.6884819446399,1526916
2014-02-19,813.8897094726562,820.2032560026028,800.6701987772586,803.5399844359584,1072918
2014-02-20,810.70556640625,822.7956645595946,808.2801155608697,816.8709433026398,1587924
2014-02-21,816.7593383789062,819.4625088839541,811.2234484127981,813.9080860944108,1717860
2014-02-24,806.4651489257812,816.5927496276067,803.576921306997,816.129881047158,2450424
2014-02-25,810.5387573242188,814.4639208150721,807.2431677094145,810.5758229889487,3305374
2014-02-26,808.039306640625,812.7976341914813,806.1878313918972,812.4273391417357,3859712
2014-02-28,842.6989135742188,844.2726674499478,799.8927719927641,800.2075589295339,3988192
2014-03-03,829.4794921875,851.3083685503766,825.0174184994514,841.2363606961883,1606078
2014-03-04,829.7012329101562,834.6447059950302,823.5358589764628,826.9425539813511,2030332
2014-03-05,833.8673706054688,846.5870414855316,830.4051661982008,834.9598133048296,2302006
2014-03-06,829.7384643554688,836.8666426166951,826.5538914122114,834.2190697098582,1314562
2014-03-07,825.2023315429688,833.1822061392593,797.1710207039648,831.4973459635343,4698472
2014-03-10,793.4122924804688,825.202144250751,790.5795727957609,825.0540624596119,3829768
2014-03-11,796.7450561523438,806.3727244070147,785.7658475543046,797.9855803390793,2550254
2014-03-12,807.0389404296875,810.8529947456192,797.2446615765809,797.2446615765809,1669788
2014-03-13,795.9677124023438,815.389668952112,791.264983527801,795.4122698485617,2019884
2014-03-14,792.2646484375,800.0223102454391,786.6176499504633,792.8015580816872,2161246
2014-03-18,785.7659912109375,796.8008003087537,779.1932549508083,790.7649737186414,2565842
2014-03-19,755.1796875,768.362181427703,745.422422573842,768.362181427703,8652662
2014-03-20,780.6558227539062,786.0991406280688,744.8112974641524,754.6611344375056,5728956
2014-03-21,787.6173706054688,794.2826798066434,772.0649824693946,786.8767806942271,4680776
2014-03-24,797.0971069335938,799.0781310748015,787.3027311996254,791.3019355502213,2183014
2014-03-25,794.893798828125,804.2808141046448,788.7284226716821,793.9125531493363,2249968
2014-03-26,775.212646484375,799.2818234709928,773.0094091333351,795.4122584824178,3192350
2014-03-27,775.490234375,783.1738549376269,764.6776394231003,777.971192572244,5012476
2014-03-28,778.3970336914062,786.0806537374284,770.2320121400063,776.5084933257083,2971162
2014-03-31,789.8947143554688,794.264213277336,770.9541619560641,779.1006516597306,2683268
2014-04-01,806.02099609375,809.0944622462486,794.2455986539347,794.2826643103905,2755932
2014-04-02,804.3731689453125,815.3894432121432,800.2258837727246,810.945904012077,3763016
2014-04-03,802.244140625,807.9837132904454,795.2456010848854,804.5955501044014,1581194
2014-04-04,792.0054321289062,809.8350987588934,788.728285485342,804.280674213222,1694656
2014-04-07,797.5411376953125,802.0401843655889,785.2843408970418,788.7651670423148,2594986
2014-04-09,792.5794067382812,800.5778151511827,779.4709994880849,796.8748650348497,3350500
2014-04-10,787.302734375,795.6343724706536,783.248021915927,792.5794385022473,2152886
2014-04-11,801.35546875,805.3545825419789,777.6195224045069,784.2848325965456,2340742
2014-04-15,834.1820678710938,836.1261166365241,805.0398692205961,807.6134014102122,3597244
2014-04-16,813.27880859375,838.347758376042,808.7982035821562,838.347758376042,3475910
2014-04-17,823.1287231445312,824.6469688131727,793.4310820880197,822.0549038011869,7681438
2014-04-21,822.7027587890625,830.5344603784953,818.833194860487,822.0547426630893,1842594
2014-04-22,822.4436645507812,833.1266202363872,822.0177710911184,827.2204335216285,1486274
2014-04-23,819.7404174804688,830.9047736788926,815.0562226850524,826.2760869624586,1938992
2014-04-24,819.7404174804688,819.7404174804686,819.7404174804686,819.7404174804686,0
2014-04-25,816.5927734375,827.6090459733873,812.1307021110672,824.6466869721403,3160448
2014-04-28,811.4457397460938,823.0544302534325,807.2799222521629,816.5928025325404,2550766
2014-04-29,812.51953125,817.0001354089314,806.0948789930566,809.4645985245528,1846180
2014-04-30,810.6499633789062,816.7228568758436,807.6135618324734,809.1318078077255,2397378
2014-05-02,817.7776489257812,822.0175069061183,807.7056470185482,807.7056470185482,1917778
2014-05-05,819.7218627929688,825.3873932636067,816.1855281551103,818.6480436650069,1314478
2014-05-06,814.241455078125,822.6472219991689,810.9458664855273,819.7218379187423,961232
2014-05-07,801.8921508789062,815.7596770124056,792.468163612474,811.3346709714239,4716182
2014-05-08,800.59619140625,807.9095164557065,795.2638900391602,801.7256090516572,2606900
2014-05-09,799.80029296875,808.9836288709602,796.8749980501755,796.8749980501755,1799440
2014-05-12,799.596435546875,802.3180491838967,786.1916860486843,797.2450264553974,2886064
2014-05-13,818.7036743164062,829.0904666669832,801.9848920010206,801.9848920010206,2547484
2014-05-14,820.6105346679688,828.6088499791557,815.0561113668563,819.9809610372894,1389228
2014-05-15,812.1124267578125,823.9063584322723,803.9659369216282,820.6107691601636,2520196
2014-05-16,800.1148681640625,834.4226614761916,777.7120221504442,814.667478779338,5241798
2014-05-19,754.1798095703125,799.8372012208109,740.4048536300979,796.1342512151591,6516606
2014-05-20,765.843994140625,799.8370884819144,750.9581552969084,750.9581552969084,4702114
2014-05-21,771.2687377929688,773.5460151753168,761.2522430676007,763.2517992860516,4116946
2014-05-22,782.0445556640625,786.5066287715678,768.3992383103429,776.4160893958497,4216842
2014-05-23,787.950439453125,795.7636975873228,776.1380689357974,784.654851180799,3094780
2014-05-26,797.6152954101562,803.3919325970259,790.0613148464382,795.7638207225746,2650850
2014-05-27,789.26513671875,808.9463671452716,784.2846878254068,799.8925834824131,1795094
2014-05-28,796.3377075195312,799.3741075891513,785.9323847692671,792.4310782817759,1887488
2014-05-29,799.81884765625,807.243282162458,790.6540443381213,794.2829542378313,2820710
2014-05-30,792.9313354492188,802.4293672478642,788.7839585975058,799.3929659417678,2585648
2014-06-02,788.672607421875,799.003798688563,783.562519860406,793.9122439523944,1095158
2014-06-03,788.2100219726562,791.6907590265847,779.5450641936346,788.67289075132,2484628
2014-06-04,773.6387329101562,790.5426614044443,769.1026197220987,788.7282522908379,2141062
2014-06-05,779.15625,783.6923641104389,765.7701208479616,771.3616119538816,4348470
2014-06-06,779.1934814453125,787.9976289969948,768.6322647722502,785.1376341438213,3361586
2014-06-09,790.2408447265625,791.8109899083231,777.6047492961814,780.2216883563127,2666196
2014-06-10,806.821044921875,807.8678388998497,790.6895198320502,790.6895198320502,2628068
2014-06-11,825.064697265625,827.7003467052492,799.3626201039331,809.3817753463707,3544562
2014-06-12,836.4297485351562,842.6542878440049,816.4101485975895,840.7850458567733,2734338
2014-06-13,827.5321044921875,837.0465275627816,816.8774256018171,836.6726791806634,1904022
2014-06-16,848.542236328125,851.2339260159039,826.2047988920173,826.2047988920173,2439906
2014-06-17,852.3182373046875,858.7297002998201,849.0096427430959,854.2060985436381,1918144
2014-06-18,832.5791015625,857.2343854092475,830.4294732519447,857.2343854092475,1948824
2014-06-19,850.8974609375,855.7387782789559,826.2421832427088,833.6817280742995,1896354
2014-06-20,857.0101928710938,859.4776292723813,845.6452359348092,854.2063293567211,1155674
2014-06-23,848.2058715820312,859.8137899167942,842.6728977074309,857.2342727916404,1262734
2014-06-24,863.2349853515625,867.1416843212778,843.0284536083128,848.2623331429098,1479100
2014-06-25,863.7955932617188,867.3284430188336,857.2345344147351,863.5899583506489,1028422
2014-06-26,862.7112426757812,876.3567095751079,856.5427439404692,858.3559452288764,2036182
2014-06-27,897.0679321289062,899.8156630620168,865.4590321600617,866.206728948105,3058836
2014-06-30,906.7322387695312,910.3212213665232,888.488502504409,897.4421570434027,2146470
2014-07-01,893.778076171875,904.3392936357903,890.6190753971622,904.3018722865767,1092790
2014-07-02,897.83447265625,901.6289979093121,891.0677792129555,897.2362786285266,907740
2014-07-03,903.9278564453125,914.0591828745527,894.2452210371902,896.8621593930683,1526762
2014-07-04,901.1617431640625,906.7694702528246,897.6101826745132,901.8720187533324,536136
2014-07-07,930.3404541015625,933.8733032273497,901.1241468777577,904.7318387008125,2204902
2014-07-08,915.7229614257812,929.4431796956882,909.6666354922936,928.9945798620195,2500588
2014-07-09,896.5446166992188,924.3963260018,890.3574979184034,923.405664125849,1554242
2014-07-10,879.2169799804688,904.5639282479866,872.9363065016377,897.0682470620333,1990562
2014-07-11,895.1612548828125,900.9746155737139,882.6934658991279,886.3945284337244,1329446
2014-07-14,907.0498657226562,911.8164337960056,891.7220781926701,904.264712828235,1587924
2014-07-15,896.9744262695312,908.4515531517421,894.8995495296225,907.0309110694529,1389656
2014-07-16,897.9278564453125,906.2085623692186,892.3201301930278,900.8438010792318,1407240
2014-07-17,890.48828125,908.3769657702585,887.8900528234248,900.9747483387173,1790220
2014-07-18,912.6390991210938,929.0136845313428,910.3212562711549,916.6766818796187,3507488
2014-07-21,921.069091796875,923.349603783933,913.3304473621237,922.6579476629884,981072
2014-07-22,946.7335205078125,949.5748044628646,920.3772119587447,921.5361783468351,2399016
2014-07-23,966.8279418945312,970.622557677059,946.6962615929949,949.5748758362936,2065858
2014-07-24,970.2112426757812,972.7534297703872,959.668737210063,970.0990699138069,1481418
2014-07-25,974.155517578125,977.3706504893969,959.6688913453121,969.7627986559172,1806914
2014-07-28,985.0162963867188,988.9535667632128,971.9679410685104,980.3941621941165,1314922
2014-07-30,987.2041625976562,992.8913955025366,978.6637934988031,983.3048764658934,1899252
2014-07-31,981.49755859375,988.3260436690975,977.3890252874629,979.6145079170548,2407210
2014-08-01,957.2838134765625,984.502739821627,954.8491754383889,979.5763453202595,2381882
2014-08-04,960.9545288085938,966.984096007335,946.4796110373732,963.2179964415711,1828636
2014-08-05,960.0608520507812,968.163773722257,947.2788634550238,968.1256947734885,1404656
2014-08-06,953.5745849609375,964.3024450884292,947.3357679421671,957.1885553636884,1837562
2014-08-07,939.5565795898438,949.1430964984138,935.4670852862935,947.2410061246695,1672656
2014-08-08,942.9420776367188,953.9741996321771,937.7303696139619,937.7303696139619,1464790
2014-08-11,939.02392578125,949.3523320954322,933.9263607991877,947.5833323466194,1290896
2014-08-12,940.2982788085938,947.2028289994998,928.2960712190669,947.2028289994998,984552
2014-08-13,951.0639038085938,962.4574027082465,939.6323259641774,939.6323259641774,2768378
2014-08-14,950.9500732421875,963.218556035291,947.2600365275799,956.3710307554193,1578056
2014-08-18,946.3280029296875,952.9472400215523,939.6326079254427,947.6404266612034,1373260
2014-08-19,927.6491088867188,952.9088219231529,926.317646150978,951.044811243304,3234156
2014-08-20,926.7742309570312,933.9451467722264,924.4346976143974,929.9317186525266,2056758
2014-08-21,925.34814453125,935.8286835255134,924.4161386044705,930.8832473930614,2265450
2014-08-22,937.4263916015625,938.9480642095922,926.6225532347621,929.7419635061178,3096238
2014-08-25,959.4336547851562,961.8873333824122,938.4535371907308,939.632870656341,3143512
2014-08-26,963.9033203125,970.0660744456419,951.0451710251391,962.0772950090308,1815490
2014-08-27,970.0469970703125,976.6852735296296,956.3900260981302,963.9793476913179,1435460
2014-08-28,959.5474243164062,969.7996713206799,955.9904786998965,968.9246913046702,1766288
2014-09-01,965.1774291992188,973.8700170878718,959.8135914710164,960.7075179879756,810148
2014-09-02,965.462646484375,971.8917653537638,956.4087738717535,968.4680039160747,1407940
2014-09-03,991.5213012695312,995.1733507159266,965.8811687567805,965.8811687567805,3061690
2014-09-04,983.2854614257812,999.5292920441759,980.5083913492193,997.4560324435239,1701598
2014-09-05,988.5543823242188,997.3800625130829,982.6388630689617,989.0488514890405,1467060
2014-09-08,1005.3312377929688,1008.1083094469315,988.7260192045607,993.6524167076925,1697342
2014-09-09,1000.9749755859375,1014.574920622402,998.6354417718221,1008.8686499777316,1418098
2014-09-10,989.1439208984375,1005.349766410797,985.7391980453365,1003.5427807366124,1258768
2014-09-11,988.4589233398438,998.3687356926308,985.8530234804763,992.8907548848324,1075622
2014-09-12,991.9779052734375,998.3499060753489,986.4998309482983,992.8908712232216,1196210
2014-09-15,973.2235107421875,996.1627376109494,971.58769456074,994.4127774400057,1151544
2014-09-16,970.3896484375,979.5767093575766,967.7837470313301,976.1529461015697,1535608
2014-09-17,985.73974609375,990.8944319316195,974.2511335740004,974.2511335740004,1657700
2014-09-18,1005.1785278320312,1008.7924989321868,981.8588852106666,985.9293393483752,1483078
2014-09-19,1032.530517578125,1042.3453205584815,1005.0643565385066,1005.4447745387104,3587864
2014-09-22,1035.422119140625,1040.0632019054055,1018.0940541694738,1032.4548390531347,999584
2014-09-23,1022.6400756835938,1058.4944871425187,1020.7760638560991,1036.25906434071,2055990
2014-09-24,1005.4444580078125,1029.772162886977,1001.5451747332835,1024.465352029905,2442132
2014-09-25,1030.4000244140625,1036.6388412072872,1011.9116761876639,1012.2730546397798,2473158
2014-09-26,1021.0426635742188,1036.6017340768224,1015.7548866321606,1030.933538854744,1612712
2014-09-29,1052.97802734375,1055.8311624597713,1017.7323353606962,1025.378681746338,2089534
2014-09-30,1041.052001953125,1056.287669518679,1030.2290348665558,1054.880141404539,2788954
2014-10-01,1055.888427734375,1065.9314275892968,1041.2042531448628,1046.9105241705015,2142022
2014-10-07,1039.054931640625,1080.273173759991,1036.8675277402388,1042.1933807150922,3457674
2014-10-08,1020.7377319335938,1042.3264570906333,1007.8225572209151,1041.5846604400738,1962442
2014-10-09,1029.4302978515625,1035.992509310153,1021.9931062900596,1030.1720944848246,1685176
2014-10-10,1018.949951171875,1037.5713998769143,1015.145769909333,1029.4114496438656,2344362
2014-10-13,1033.4244384765625,1036.5628866789468,1015.7159636807406,1019.5201433199943,2209532
2014-10-14,1026.8245849609375,1040.709846530686,1019.0640923570937,1038.5414817921578,2369406
2014-10-15,1026.8245849609375,1026.8245849609375,1026.8245849609375,1026.8245849609375,0
2014-10-16,1018.79736328125,1049.4210086841665,1013.5285374499363,1038.5410180119457,3848014
2014-10-17,928.6571044921875,955.3625149428532,924.4154821256232,941.5342873501718,9892812
2014-10-20,921.8671264648438,948.6105353278368,919.8318526426613,947.2409931273302,3399242
2014-10-21,925.7094116210938,929.6467762944299,918.7097553968483,922.8373291292729,1950732
2014-10-22,932.727783203125,946.8602728249097,930.1599620534391,945.3386010325032,2067664
2014-10-27,934.7442626953125,958.5394325454024,930.1031806220553,958.2731584603525,2797208
2014-10-28,942.904541015625,945.3011012566143,933.3369680337029,945.3011012566143,2289958
2014-10-29,955.2737426757812,958.3041608486338,942.6754931498295,943.4378671839175,2425016
2014-10-30,975.152587890625,981.5183923287968,956.3982056589435,961.2774179871881,4111292
2014-10-31,994.0785522460938,998.7099370571536,976.2199041234238,976.2199041234238,3170070
2014-11-03,987.4075317382812,1009.7641063813504,983.6528035172046,1009.7641063813504,2541632
2014-11-05,990.8958129882812,1005.5715155464843,987.2745357336597,1005.5715155464843,2310642
2014-11-07,980.737060546875,997.0708684978553,974.6952090612668,992.9159672097486,2126740
2014-11-10,979.5169067382812,984.2246023053435,972.4078080871152,981.5944498497963,1541964
2014-11-11,983.7291870117188,988.7989922848836,974.0851381350772,982.7000008135814,1249940
2014-11-12,987.94140625,995.2792559925725,981.5565240064628,983.4624590045336,1320582
2014-11-13,986.683349609375,992.9538563718597,977.8016749942688,989.1801427634839,1645540
2014-11-14,993.5445556640625,995.336115443142,981.556246527849,985.4443342121336,1457174
2014-11-17,998.0618896484375,1000.6158238051231,988.1319501938401,989.2183703135481,1570552
2014-11-18,985.6929321289062,1001.2452950246362,983.367653045439,998.7104374373681,1467026
2014-11-19,981.0797729492188,990.3235551712755,974.8664079357721,990.3235551712755,1865746
2014-11-20,993.16357421875,994.9932902907939,976.0483164592468,986.5118801925389,1795386
2014-11-21,999.5294799804688,1006.3337053270078,985.9973411398972,994.1357210200138,2001594
2014-11-24,1013.0805053710938,1015.8631886280091,999.4721503124352,999.4721503124352,1942766
2014-11-25,1004.8090209960938,1021.3525010360594,997.1852803208578,1013.9575098063768,2371684
2014-11-26,1001.492431640625,1012.5659304795316,996.8038138271887,1002.5406956895828,1584800
2014-11-27,1011.4033203125,1017.0067496834951,1000.7300860579506,1001.4924599332755,1732418
2014-11-28,1007.4772338867188,1026.1172408298182,1004.5611905826004,1013.328491520699,1989768
2014-12-01,1026.5174560546875,1029.2048428681553,1008.3348557766622,1010.3360874155725,1896354
2014-12-02,1012.9281616210938,1033.378805490299,1009.8977437994193,1026.536517939921,1436572
2014-12-03,1004.5613403320312,1019.0654332911569,998.138301244609,1018.4936527099588,3094670
2014-12-04,1005.55224609375,1016.6257472552401,1002.4836720760021,1015.4821862347054,1285308
2014-12-05,983.0621948242188,1010.0693309936564,980.4701046121343,1006.6767108564525,2359676
2014-12-08,957.846435546875,989.1799792838017,953.5961458865954,989.1799792838017,3232574
2014-12-09,958.6281127929688,975.4574807156242,956.4362876604503,959.0664405941815,2487940
2014-12-10,955.9788208007812,965.1273086163344,951.5189516033452,958.6852856715079,2087970
2014-12-11,949.9749145507812,961.6964119594902,948.0118392019237,953.1960183705717,1938822
2014-12-12,934.1747436523438,960.5910151825047,923.4824321921345,952.9672769667706,2380786
2014-12-15,899.08642578125,909.1307376128633,896.6468668972149,909.0925816983728,3487788
2014-12-16,931.2584838867188,937.4336917890685,893.8830973855304,895.7890314950944,3339140
2014-12-17,931.6590576171875,941.5317623534193,916.8499074496201,935.204021785999,2287076
2014-12-18,937.9866333007812,940.9599098826702,928.1139293204916,935.8520423915576,1481444
2014-12-19,956.989013671875,962.0206633131104,940.7694886802403,942.0274243563566,1903130
2014-12-22,958.0753173828125,964.0218714903691,943.2090251771484,962.8783105514718,1643954
2014-12-23,959.3333129882812,966.9379750946073,950.9091360498154,952.9675086431914,1266476
2014-12-24,945.3056030273438,960.9152851106347,939.8736882833622,958.6853039378125,3288972
2014-12-26,954.8735961914062,956.7795315131456,939.6261136174916,947.6310419687968,626206
2014-12-29,961.696533203125,967.0522285427577,955.6356978334587,956.0168847891163,778920
2014-12-30,964.422119140625,969.1488003780318,959.0664235601656,962.4971063153491,701342
2014-12-31,975.1716918945312,978.2783288757997,962.4972235057917,965.4323449410629,1573792
2015-01-01,970.3304443359375,978.5068856756673,968.5960251273357,978.5068856756673,366830
2015-01-02,983.2526245117188,987.636274280441,972.2554372342026,972.4078747834802,925740
2015-01-05,968.3102416992188,991.0480082008667,962.3636874891783,983.8436113869436,1754242
2015-01-06,932.6117553710938,964.0596695160418,930.0958850142208,964.0596695160418,2423784
2015-01-07,921.5957641601562,945.019686008026,917.6885975251638,941.5318622859832,2636332
2015-01-08,931.5448608398438,933.5270147370503,922.6822625986692,931.0111431723251,1565408
2015-01-09,957.6561889648438,960.5531545394214,933.9082185100824,935.8141536498989,3197642
2015-01-12,956.664794921875,963.6405341735109,945.4388587357004,959.4474780517116,1596006
2015-01-13,952.1671752929688,964.5557554630491,945.3821196811882,960.5914470339244,1468432
2015-01-14,961.3346557617188,965.0893854046247,953.158212206073,959.0666114419035,1787096
2015-01-15,967.8720703125,984.1296606761784,961.8302183794586,965.5467920955787,5009920
2015-01-16,965.2225952148438,970.1208852398732,946.9828536623187,969.625323542429,5293830
2015-01-19,957.1605834960938,972.4080639181741,954.1110874116777,966.6902587598939,1135074
2015-01-20,953.13916015625,964.403256327987,946.5827613741003,960.5913857496155,2058566
2015-01-21,958.227783203125,961.3534976120585,948.4884379195894,961.3534976120585,2310480
2015-01-22,958.1325073242188,961.0676283201275,951.2520640447707,959.256990249916,2113214
2015-01-23,954.3397216796875,965.18447220857,951.4808194455414,958.3040288857471,3150380
2015-01-27,955.6573486328125,960.6035790280177,950.8829769676634,959.5914495347847,2738736
2015-01-28,969.99951171875,972.023770563213,955.9818828936599,956.0201151640778,3121980
2015-01-29,971.9285888671875,981.114500845954,959.8016818737693,969.3886598203222,3734392
2015-01-30,948.0184936523438,983.5207079355022,943.415980039103,978.05880729591,5817402
2015-02-02,960.2981567382812,963.0672927543358,940.3795122122394,947.9993919789384,3181802
2015-02-03,977.1231079101562,979.7012691447477,957.5864122989275,959.3242093463757,2345054
2015-02-04,960.336669921875,982.2605572862052,955.6768997058786,980.8473612800531,2245418
2015-02-05,974.88818359375,989.8988224760096,962.1311034441201,962.5130530683535,4530168
2015-02-06,983.80712890625,991.0832907399379,974.2966168476842,975.1177715607711,2136416
2015-02-09,959.8014526367188,981.2671023623982,954.8743383506085,978.3642470740335,2076432
2015-02-10,932.3968505859375,964.9008205236549,929.2839965696397,958.6941353842153,3799054
2015-02-11,939.5582885742188,950.0046530469195,934.7266608379028,937.705887968554,2937522
2015-02-12,940.4176025390625,947.1590720269677,934.6311007394571,947.1590720269677,3107980
2015-02-13,969.6754760742188,973.1130257678349,939.6924037465669,943.416415914651,4158326
2015-02-16,987.2637939453125,991.1596629880912,975.8816720364443,977.7914209054002,2364392
2015-02-18,1006.6859130859375,1009.4932813042176,979.7966855337285,987.3593099232432,2660014
2015-02-19,1024.026611328125,1026.4137977678554,1006.4378029902981,1006.8197528206549,2618002
2015-02-20,1021.925537109375,1030.805867622422,1009.206593466607,1030.805867622422,1801588
2015-02-23,1029.98486328125,1039.6673277516827,1020.187888473455,1020.187888473455,1614892
2015-02-24,1033.0787353515625,1042.722967930406,1023.2435278701677,1028.9727749467083,2199922
2015-02-25,1020.646484375,1039.6676076767346,1018.9850582918501,1035.0842089654484,1767994
2015-02-26,1014.6306762695312,1028.4954746915191,1002.7520916982234,1023.243664171787,1991994
2015-02-27,1016.8840942382812,1022.0021842932673,999.295287178894,1015.776383861078,2877376
2015-03-02,1019.5767822265625,1034.6829158132455,1013.140983898494,1023.5108839067699,2176038
2015-03-03,1060.2923583984375,1065.6396541540491,1022.154643870246,1024.3890868964731,3424308
2015-03-04,1048.834228515625,1074.081149466135,1037.24201392689,1064.8761213042835,3862994
2015-03-05,1029.908447265625,1058.2682179249093,1024.0264580582966,1050.361876269788,2173514
2015-03-09,1010.94482421875,1023.5491685529545,996.8890518870766,1008.3475467363534,2883174
2015-03-10,1009.3784790039062,1022.9568098313372,991.2549839315889,1011.7465485537583,3037052
2015-03-11,995.5711059570312,1015.9671846198087,992.2290457571742,1009.111205488277,2240200
2015-03-12,1000.3457641601562,1002.5801148125737,989.2883347534955,1002.1981649660605,1827636
2015-03-13,986.3276977539062,1008.3279412377746,983.5203305785045,1007.5831580839204,1586838
2015-03-16,978.66943359375,996.8884100236099,974.7353342453075,987.4160417305917,1556296
2015-03-17,986.8436279296875,995.6284728696303,976.9320497886436,986.385306843582,1267318
2015-03-18,977.5430908203125,992.8592192323664,974.6211194001412,989.6126464873629,1255170
2015-03-19,991.6369018554688,995.3036562502126,980.885055173643,983.9024204832692,2448964
2015-03-20,997.2518310546875,999.944595846949,984.991298185922,991.5417000835292,1963908
2015-03-23,999.6195678710938,1004.9096082397078,995.3608662381903,999.1803630387973,1566608
2015-03-24,989.7464599609375,1007.2015458407861,986.2325407186272,1004.5278974445459,2394878
2015-03-25,983.0431518554688,998.4166290238738,972.1384680339524,989.7845275251885,2224858
2015-03-26,959.8781127929688,987.9895630930596,955.25648275375,975.23247663276,3091642
2015-03-27,960.5274047851562,982.3366830761016,956.4405604512544,966.7149730826908,2751776
2015-03-30,979.3764038085938,981.572614847875,962.5133598241529,964.4231085539626,1339006
2015-03-31,975.4806518554688,981.4008736267772,962.8954248689344,981.4008736267772,2427028
2015-04-01,971.1644897460938,979.1664115686737,963.3727521843177,977.0274556794468,2075758
2015-04-06,972.9406127929688,978.8989729186065,954.9126033175679,977.0274564511425,1568542
2015-04-07,987.3399658203125,992.6872615733045,971.6800282579787,978.7269815111414,1886922
2015-04-08,1008.8823852539062,1014.649865796132,989.5748932372707,990.7779980708324,1652134
2015-04-09,1017.7247924804688,1026.4714093326709,1006.4954076194617,1015.6049515360871,2544450
2015-04-10,1013.598876953125,1020.1111370922426,1003.7636735309703,1011.5936413039478,1815544
2015-04-13,1014.2674560546875,1017.8959783038006,1003.7638390177815,1017.5140285933676,1308642
2015-04-15,1003.6683349609375,1036.5732646697754,996.6595205908418,1013.9618608366693,2913934
2015-04-16,986.5,1003.3821631588703,982.1266932718312,1003.3630470182432,3217570
2015-04-17,945.2685546875,977.791544745154,943.4160607502073,976.6839275606598,9668742
2015-04-20,927.6796264648438,948.7250029882448,926.1709435127632,947.2545523132118,2890722
2015-04-21,927.010986328125,936.5406121616944,917.0611785482171,927.6793982658425,2546032
2015-04-22,933.9053955078125,944.5617565123966,919.56316336943,928.7108414718531,4186812
2015-04-23,938.5462036132812,947.1591907814288,928.7873669748559,944.1799635088131,4342990
2015-04-24,952.219970703125,960.2218003898141,934.8412547453937,937.8013657052271,3625158
2015-04-27,954.9506225585938,962.513245278527,949.5269554612771,954.6832764181263,2733052
2015-04-28,952.9646606445312,958.693907101312,937.724902369276,958.693907101312,3088298
2015-04-29,950.02392578125,952.9649211163625,936.1782430596195,948.7634725663505,2019620
2015-04-30,941.0095825195312,951.0548796167793,927.0302775880876,947.2353821082783,3738054
2015-05-04,947.827880859375,956.7082168575901,938.5273626324139,951.4372890990729,1890630
2015-05-05,961.6925659179688,968.7967779081068,954.8747230952746,955.2566729845128,3255070
2015-05-06,940.761474609375,960.6037480920397,937.9923385562271,960.6037480920397,3394406
2015-05-07,972.1573486328125,975.4039206643924,937.189839454557,941.4676568933419,3205028
2015-05-08,965.2825317382812,988.4859796769896,961.1002005127998,977.7913863883668,3003664
2015-05-11,976.2637329101562,978.956497771715,964.4232885751738,968.2427867477488,2573082
2015-05-12,963.6209106445312,979.7010311455673,959.8396457188345,977.7912825468429,2467386
2015-05-13,960.7562255859375,972.8258732487515,947.4071023944257,972.8258732487515,1863774
2015-05-14,954.58837890625,962.5138400895269,949.1455923105057,962.5138400895269,1309050
2015-05-15,959.1334838867188,967.2499195139068,955.2567295810578,960.6040283472054,1461454
2015-05-18,962.6663208007812,964.5188147887095,953.7669643006344,960.2601114549391,4507752
2015-05-19,959.7249145507812,966.332662473709,953.6328359807245,962.2839586829401,1957722
2015-05-20,976.6649780273438,981.5729781297446,961.3296341016635,962.5137160521563,1897814
2015-05-21,976.072509765625,985.4302779085551,973.2651420229686,976.6454343458043,1579578
2015-05-22,999.9060668945312,1004.0502583753322,969.8657607530432,973.971719964659,2691632
2015-05-25,993.4514770507812,1007.1634382231678,987.607626182942,1000.7085235959427,982978
2015-05-26,996.4495849609375,1001.9496237430808,988.8296132895526,994.9790412087012,1961740
2015-05-27,998.8941040039062,1005.7309673681802,990.0137721357901,996.1249682600851,1620690
2015-05-28,996.697998046875,1001.8543203207331,986.2898660496429,994.5590418779341,2763608
2015-05-29,997.00341796875,1011.632111557885,992.0189552468722,999.5624625588852,4423532
2015-06-01,999.8491821289062,1011.0594471034093,996.2588909741016,996.6789798435732,882264
2015-06-02,993.031494140625,1004.5282232733194,989.4412024294807,999.1809247463892,3935820
2015-06-03,997.2327880859375,1002.8475252666823,989.4410487424733,994.5973715210965,1804684
2015-06-04,995.227294921875,1001.7777888611436,988.676894232054,999.6006940101165,4131468
2015-06-05,992.9916381835938,1005.770943883059,990.7364222995253,999.217434474852,2308534
2015-06-08,993.6083984375,998.4464492833587,987.5174707730424,998.4464492833587,1570320
2015-06-09,987.517578125,998.4465578233937,983.4120343658213,996.5190548160126,2578914
2015-06-10,1002.5907592773438,1006.1566400899229,988.346529881719,989.1946124408975,2763350
2015-06-11,991.2374877929688,1007.312840360063,985.6284365061581,1004.4215865128757,1847336
2015-06-12,965.9871826171875,998.041511907147,954.8076679911105,991.4687094847557,2571456
2015-06-15,965.6019287109375,971.6349754981782,956.4269955410807,965.7946790123364,2525176
2015-06-16,968.3775024414062,971.1916756308489,961.6119481213806,963.7514952641384,1267396
2015-06-17,969.0713500976562,974.9887273676275,964.4453432652541,971.8469353738276,1975720
2015-06-18,975.3357543945312,981.6001387754853,966.8354478420276,969.5339518830541,2165046
2015-06-19,982.8531494140625,984.954109022952,974.1986790993451,977.2440964278604,1999610
2015-06-22,999.0247192382812,1002.3014740573149,981.8699440092234,981.8699440092234,1102002
2015-06-23,992.5099487304688,1005.3856319843361,989.6571876300201,1002.3016269782493,898318
2015-06-24,990.8518676757812,997.6366194150687,986.4379061584784,994.5912033768401,1170246
2015-06-25,983.0263061523438,991.8928179333258,980.7710905093422,987.6523122989431,1930992
2015-06-26,999.525634765625,1000.8941802537295,983.1032771410231,983.1032771410231,1290102
2015-06-29,999.5645141601562,1003.8436086639088,980.4822335807155,991.5075888953816,1372756
2015-06-30,983.392333984375,997.9642695195025,979.1711229665036,996.5186428615796,1549952
2015-07-01,999.6416015625,1005.3855226149474,985.628617693929,988.3849092217346,1279708
2015-07-02,993.7240600585938,1003.4386552644105,991.1412251519077,1002.301447445386,1445880
2015-07-03,1003.8048095703125,1006.1564004900251,990.7363790265765,991.9121744864328,963470
2015-07-06,1015.138671875,1019.6490097299303,994.7071416233227,994.7071416233227,1182338
2015-07-07,1008.5657958984375,1020.381349898068,1003.4579137022963,1014.9265548596699,1642836
2015-07-08,1000.412353515625,1010.6666100210949,994.7840087473294,1001.5109734360343,2667850
2015-07-09,972.4254150390625,1001.62709003974,966.3151919303257,1000.3742128944964,3934122
2015-07-10,953.8633422851562,986.495926837441,946.4038688495184,986.495926837441,8263654
2015-07-13,967.4327392578125,970.9215373920829,954.2678415205221,954.2678415205221,2280308
2015-07-14,963.5587768554688,969.5340363238664,959.8965210522573,967.9920338804089,1703274
2015-07-15,981.3878784179688,983.0069616626022,963.7512308926335,964.1367313849906,2003660
2015-07-16,979.24853515625,986.4381773010931,974.0057838415862,980.5977871596074,1456608
2015-07-17,988.5772094726562,990.7746370931807,980.4432073266983,981.7924587558501,1070526
2015-07-20,996.4005737304688,998.2356367955969,985.8731066726288,990.547726102824,853786
2015-07-21,989.543212890625,1004.5908051767733,987.109415276536,995.1836548731764,1274500
2015-07-22,976.6593017578125,992.4794595656373,973.954998053274,989.3888267604505,1320628
2015-07-23,961.418212890625,980.4449126924361,959.2547331552687,972.5830812397861,1496780
2015-07-24,967.8121337890625,972.1970060161227,962.7706153919703,964.8567544308628,1574972
2015-07-27,964.6835327148438,967.7548315800764,958.5408406657081,961.1872339206507,2003738
2015-07-28,966.6146850585938,973.1629440438344,962.7899706087329,965.6295270494498,1891188
2015-07-29,968.4305419921875,971.6370926195667,959.4483897626799,970.0724407868287,2413318
2015-07-30,958.34716796875,972.3130204142014,955.3145413661163,972.0232736122455,2770574
2015-07-31,969.9758911132812,973.1631065276732,960.8005740112438,961.92089079309,1963776
2015-08-03,969.5315551757812,975.4809856379633,966.1704165228387,967.136239280896,1179324
2015-08-04,969.2608642578125,974.7081413004914,960.4139672108687,969.8403578019864,2342692
2015-08-05,984.0382080078125,985.1392837582906,970.0724476537521,973.5494098317225,988994
2015-08-06,994.1407470703125,997.8881206845729,985.1779303165857,990.9341964986177,2211366
2015-08-07,985.9312744140625,994.0248508183669,983.9802934451537,994.0248508183669,1188506
2015-08-10,993.6773071289062,1000.2062324483296,987.689204926145,993.6386364840107,1431182
2015-08-11,1006.078369140625,1008.3190971090401,982.0873851454224,995.9565641176649,2200306
2015-08-12,1032.1553955078125,1039.7660596036712,1005.228277199813,1005.6532769199297,3479784
2015-08-13,1018.2090454101562,1036.9073367052576,987.4572103646195,1031.4987291367504,1406426
2015-08-14,1044.3250732421875,1050.5643464054085,1018.7887697460004,1019.1364282980953,2293964
2015-08-17,1037.197265625,1041.8525511060238,1025.703972524211,1039.2641644647017,773644
2015-08-18,1058.8892822265625,1062.3662437645924,1039.2251708111519,1045.7540941940053,1916926
2015-08-19,1056.0697021484375,1063.5065403984024,1051.5495743545644,1062.405464280681,1690070
2015-08-20,1038.0087890625,1060.4737973517942,1032.2717619395241,1060.4737973517942,2349298
2015-08-21,1033.874755859375,1054.639948451454,1025.742602401485,1047.7246941342935,3536080
2015-08-24,996.2080078125,1021.8409944944922,992.5186384669033,1019.5230187035784,4692344
2015-08-25,991.7648315429688,1012.9550229737464,979.5375517734302,999.7811613395764,3925800
2015-08-26,995.4736328125,1019.5226222924954,970.4394851406805,988.2492966035226,3216158
2015-08-27,994.6621704101562,1010.2119165416843,983.5166325691689,1010.2119165416843,5264798
2015-08-28,993.1942138671875,1007.932631444297,988.1139295629047,1007.932631444297,2744152
2015-08-31,990.5673828125,1000.5926064730852,977.8185194867812,1000.5926064730852,3692044
2015-09-01,980.2714233398438,1008.7825298628925,977.4126257193412,987.457182347287,2987602
2015-09-02,1001.2875366210938,1012.3558249156245,984.3663072944618,988.8863378009704,3765950
2015-09-03,1006.6190795898438,1010.2505351819783,995.2802834656105,1002.9489533626053,2265074
2015-09-04,984.15380859375,1010.211681214457,980.9472589765708,1008.8595296919144,2426396
2015-09-07,981.179443359375,988.9832732035356,978.4558040307654,986.298304516777,1759184
2015-09-08,981.3917846679688,990.5864356720474,974.9014372345825,983.2075124874233,1787746
2015-09-09,985.0423583984375,994.4108365594973,982.8209666695265,990.1418822863042,2045076
2015-09-10,983.3622436523438,996.149777063652,976.2538245646107,982.0487621856907,2665818
2015-09-11,985.911865234375,992.2476247599973,981.5077512127385,983.7870551799905,1592672
2015-09-14,985.7767944335938,990.9343266094874,982.4350848218036,990.9343266094874,1589318
2015-09-15,980.2135620117188,988.5775497518205,979.7306506105898,985.7766636252721,1379900
2015-09-16,985.2744750976562,990.9341587839215,981.6815955412634,987.0708677165378,1756816
2015-09-18,985.6218872070312,999.0468203105862,980.8893568323969,990.9339110969271,2455294
2015-09-21,985.544677734375,987.8819871985036,978.6486669131692,985.1390133945494,1108840
2015-09-22,976.1765747070312,993.7931284318381,961.9596422549557,988.0368614727106,2081246
2015-09-23,978.4366455078125,988.1335465007104,970.6908202268015,979.0741453017139,1228352
2015-09-24,996.8836669921875,1000.5924644333721,977.374045581421,979.5375264752181,2354254
2015-09-28,1002.0219116210938,1011.7960581176501,996.5360564774641,1002.1378292314564,2366812
2015-09-29,999.9163818359375,1017.590939729879,992.807963492386,998.0234068053524,3325952
2015-09-30,999.8391723632812,1021.338351765421,993.2329061916907,1021.338351765421,3368336
2015-10-01,1021.6860961914062,1023.7529005292035,1001.4423923705809,1004.069449424415,2834408
2015-10-05,1047.5892333984375,1070.131573403171,1024.8151525321564,1024.8151525321564,4807306
2015-10-06,1043.0889892578125,1053.13354989511,1036.9077211733218,1052.7472206398293,3979590
2015-10-07,1025.2979736328125,1049.6560393425227,1022.5936702557799,1040.7511357872847,2065530
2015-10-08,1017.5137939453125,1034.724777453238,1012.1824324981959,1031.4988911336577,2357550
2015-10-09,1015.9102172851562,1024.0038868847173,1007.5462305146593,1023.9652162496567,2249724
2015-10-12,1001.5968627929688,1027.7706593285657,999.4333821046416,1025.7037609152778,2455912
2015-10-13,1003.895751953125,1009.0918607798576,991.9388821908459,1005.5376510374721,6179712
2015-10-14,959.5255126953125,984.3664912881694,958.0961139696468,984.3664912881694,8337128
2015-10-15,953.3633422851562,967.1746033475388,952.3009375880499,961.9591621071985,3215710
2015-10-16,955.00537109375,962.7319517660295,954.232713026522,958.4436617654696,2333828
2015-10-19,961.4765014648438,963.8717229061244,948.7663124125067,961.9594128166593,3130642
2015-10-20,976.1572265625,977.412796360196,964.1231106905034,964.3741869225846,2695084
2015-10-21,977.4125366210938,982.0484854113914,974.4184863606931,979.3441819503844,1929688
2015-10-23,982.3102416992188,986.5110821940295,978.496666482911,986.5110821940295,2335398
2015-10-26,982.0785522460938,986.8988119638384,973.77375376504,986.8988119638384,1414630
2015-10-27,979.9677734375,985.3106533520494,975.8056885107884,979.5612253072813,1530420
2015-10-28,979.193603515625,980.9164944868028,971.8179816584882,971.8179816584882,1255342
2015-10-29,966.12646484375,981.6325760931333,964.0744411847753,980.9163669971798,3130316
2015-10-30,966.0684204101562,972.5341529226802,962.1192977307309,967.926858884035,1516696
2015-11-02,974.6446533203125,976.7547157130922,963.1069421826928,967.9272007375376,1319294
2015-11-03,984.7494506835938,986.4336812993519,975.0895591257645,978.7676813460125,1364906
2015-11-04,981.013427734375,986.2014788339982,975.6704515946271,985.3497219477484,991434
2015-11-05,961.2094116210938,981.4584604758588,960.1834469571736,979.8517396948276,1596098
2015-11-06,970.1532592773438,974.9928944129186,961.5193312906533,964.8296606282113,908024
2015-11-09,956.8344116210938,968.9915346092673,955.7696921244699,965.9909614824181,2021556
2015-11-10,951.7237548828125,959.0219614340926,948.5683510349322,957.4539009693965,1361920
2015-11-13,928.2030639648438,943.9416107465173,924.0023182874424,943.9416107465173,2743232
2015-11-16,919.3759155273438,925.3383086605248,912.1745000854379,925.3383086605248,2043528
2015-11-17,925.5508422851562,928.6094526965185,919.530319603566,921.6597582384375,1985028
2015-11-18,910.41259765625,924.9121226457123,908.302536074453,924.9121226457123,1520352
2015-11-19,914.7105712890625,922.0861953759689,910.6258996456031,915.7946686458495,1866906
2015-11-20,928.5709228515625,938.3276059723253,914.4778521001493,916.2394977595886,2012126
2015-11-23,925.7446899414062,934.3978999497867,922.3375682553276,931.2618734224172,1088082
2015-11-24,916.8010864257812,926.2867711237689,915.8525368608068,921.485890963824,998640
2015-11-26,908.1285400390625,922.3957281088789,905.1473436158267,920.6534594106613,2915292
2015-11-27,911.1484985351562,913.5101838524328,903.0759490268091,909.0770968124107,1737206
2015-11-30,918.9692993164062,925.8222037809164,909.9094456051839,915.658969970462,4100048
2015-12-01,914.4586181640625,920.7114829118842,912.5808966146457,914.8457889401215,1721994
2015-12-02,915.7362060546875,920.7307652644905,908.4961321949462,920.6920103812411,1640296
2015-12-03,910.1417846679688,918.7563352194362,908.6898941255865,913.7231146725114,2283358
2015-12-04,901.4887084960938,908.8062954052135,898.6624364740996,905.9799288590715,1246092
2015-12-07,898.1588745117188,907.4896344280423,896.3972284006642,902.9597548025627,1382604
2015-12-08,901.720703125,909.4641183514921,897.1908241223244,898.0038260066391,1139964
2015-12-09,916.68505859375,918.6790452583841,898.2364047286967,905.1667253865609,5282806
2015-12-10,923.2280883789062,925.8027362172874,910.6256607758462,917.2075639362158,1723988
2015-12-11,923.7894897460938,926.0931370038811,914.9813544184644,922.6279773951976,1652378
2015-12-14,920.8662109375,924.1765396092499,902.3401480791507,904.1210767363689,2718532
2015-12-15,919.8597412109375,923.4023160603904,914.9039362911989,920.8663285307472,1135868
2015-12-16,932.4620971679688,934.8238768076128,923.0151676576305,923.0151676576305,1435934
2015-12-17,944.5999145507812,946.6325611544871,926.6352280914838,935.0174377047389,1618844
2015-12-18,935.7144165039062,942.4511506729996,929.4615513149109,936.953344169885,3024970
2015-12-21,947.1747436523438,948.5685965426317,931.8622119274634,936.9340934230676,1610104
2015-12-22,931.1653442382812,944.6969475951126,929.2101123886354,944.6969475951126,1560858
2015-12-23,939.1989135742188,942.7608659081448,933.2945590752048,935.0174501717328,849834
2015-12-24,942.470703125,944.000009177487,930.7587841480948,937.3406890276779,843160
2015-12-28,953.485595703125,954.9181088866775,937.0308352285085,940.05078664397,3704198
2015-12-29,950.8141479492188,954.4922708525179,946.9230621835346,951.8014524754565,1708524
2015-12-30,936.2949829101562,952.0528125084235,933.9719585608067,949.749165600139,1605762
2015-12-31,943.47705078125,947.9875520696723,932.1135518103885,935.3077103991468,1240318
2016-01-01,935.5593872070312,944.3094841978448,933.9526663617265,944.3094841978448,712262
2016-01-04,917.43994140625,934.6302866653439,916.0654661975067,933.1396413148258,1870184
2016-01-05,909.4447631835938,924.0217994189667,906.3667744604965,923.4022883760291,2678020
2016-01-06,922.0859375,923.847488872476,909.9287186885061,909.9287186885061,2653228
2016-01-07,918.07861328125,922.5891145732319,913.7229424749605,917.594649858329,3199580
2016-01-08,928.2807006835938,932.0556157916271,918.562676288138,923.402311042027,1907544
2016-01-11,914.6328735351562,923.0150825955599,909.4060683275053,922.4343264613765,2930228
2016-01-12,900.9658203125,915.6589331252674,891.1123424528258,914.7684213890742,3482594
2016-01-13,882.4397583007812,900.9465433298739,873.1089977852425,897.0748349356759,4746092
2016-01-14,882.2847290039062,890.0668044085347,871.1341924359049,880.0391197363607,2742052
2016-01-15,875.431884765625,887.2792538690552,873.0701052079661,886.175873865191,3269408
2016-01-18,881.8392944335938,887.3564768296889,875.0057694859631,875.7801108748888,2213922
2016-01-19,882.478271484375,890.4926867603976,878.2193934172601,881.5877598927937,967910
2016-01-20,882.7882080078125,884.6853071807385,868.4241330443749,880.349012982533,1615954
2016-01-21,874.9872436523438,888.7261937420843,871.591307355179,886.8245073167468,2675536
2016-01-22,890.9963989257812,893.4414913003499,877.1215775116043,882.1669671167596,1343178
2016-01-25,894.4508666992188,907.7823816458447,889.3472969394841,893.3835723214821,1397560
2016-01-27,900.31103515625,904.2697068226339,885.6211502110345,893.4221372689676,1626986
2016-01-28,904.7547607421875,911.6242337273804,895.7701241623456,898.6615015350426,3106660
2016-01-29,928.0802001953125,931.4567118251433,906.2491835119107,915.4278752919504,2235744
2016-02-01,932.5046997070312,936.4827965839781,915.5444422163422,928.0027152149778,1495274
2016-02-02,930.7192993164062,944.2641937465145,923.5780747028074,934.949627100433,1475588
2016-02-03,937.782958984375,943.0611573098778,916.048967078612,926.6054584823028,1308692
2016-02-04,939.2385864257812,946.9813039563583,932.2332344685133,939.9565276939594,1250046
2016-02-05,939.9756469726562,946.9615723578283,934.6004223473386,934.6004223473386,1402996
2016-02-08,917.0777587890625,936.1338574984687,910.8874687804891,931.4571474534188,1063658
2016-02-09,885.42724609375,905.686506705456,875.414161587723,905.686506705456,2489610
2016-02-10,880.5369262695312,888.725924753105,876.3842015192901,882.9431700241203,1890732
2016-02-11,853.0398559570312,888.3770211621869,842.8326217786347,884.8840577762281,1962408
2016-02-12,864.1591796875,870.6793022065558,839.8636408990462,853.8354944445017,2172568
2016-02-15,880.6730346679688,895.3047455915801,869.3597525746044,873.2408228985981,2479712
2016-02-16,879.2757568359375,885.6600974838284,870.5239257915106,879.4503860203134,1588702
2016-02-17,883.15673828125,884.7479198332247,871.8433644871561,879.0621912434676,1585178
2016-02-18,898.7975463867188,900.3111256383542,884.107659965156,886.8244087007821,1529140
2016-02-19,900.2721557617188,903.124779450908,894.7610565909782,895.4985165714792,879012
2016-02-22,898.8168334960938,909.3345695770766,894.5865057085623,900.5051366031635,1324884
2016-02-23,878.6741943359375,900.3693364098563,875.8604187577857,896.6241419896642,1306852
2016-02-24,858.0848999023438,878.0724045139012,854.3008577671459,878.0724045139012,1659328
2016-02-25,858.8223876953125,864.7021693027476,848.2658042607626,861.5197116876233,1830556
2016-02-26,857.9105224609375,875.9186493380527,853.6801940671353,865.3621579013753,1537536
2016-02-29,844.8313598632812,868.195382957464,820.8463276508878,868.195382957464,2191718
2016-03-01,883.5836791992188,886.863258837917,839.0872538030992,851.1185696531899,1999760
2016-03-02,899.9620361328125,904.2893916725714,875.6664978374417,894.5867157962563,1527486
2016-03-03,921.0360107421875,927.9637580035105,893.0341309770296,906.617874820661,2648284
2016-03-04,914.9815673828125,923.6945495403368,911.8767117541055,923.6945495403368,1512966
2016-03-08,913.7202758789062,918.649215541542,894.2760784093377,908.985389704978,1268152
2016-03-09,914.864990234375,919.5804511693897,890.7635138377947,908.5582531079316,2017784
2016-03-10,911.3914184570312,915.8740719364986,898.4480159204694,914.3992468206029,1661666
2016-03-11,917.9699096679688,927.9054849065266,906.2296751187854,908.170209755014,1530528
2016-03-14,913.9920043945312,930.6806057486564,908.1703992709992,916.7087534521795,1636742
2016-03-15,904.2503662109375,917.2907979392808,900.4469938134567,911.6826713301703,1623356
2016-03-16,903.144287109375,905.0653975404123,895.3238753004649,898.4675794622874,1918246
2016-03-17,912.846923828125,916.6309663963342,905.0653609296328,905.8415747897783,2221088
2016-03-18,941.4891357421875,943.0997414324594,915.9322591689729,915.9322591689729,3204070
2016-03-21,949.4063720703125,952.7828826801352,939.2185673623532,941.5472084384581,2336982
2016-03-22,959.8272705078125,964.4457049968717,945.6225192051822,947.7571072846522,1951984
2016-03-23,960.0995483398438,965.5718026549904,953.6957799531822,965.5718026549904,2278434
2016-03-28,959.9436645507812,976.9233431237045,955.3446541774889,966.7743845748997,3320882
2016-03-29,958.3914184570312,965.2027154747451,952.8027153799109,961.7291766645292,1838796
2016-03-30,966.1921997070312,972.2078571062916,954.7430453019871,958.9733729268513,2136504
2016-03-31,978.1461791992188,989.6729391874514,959.4587686135334,961.845683730249,4363964
2016-04-01,952.3759155273438,978.3597600576676,944.6914712276762,972.2082250043627,3041400
2016-04-04,959.1094970703125,965.6102898172736,949.6979016008314,953.1908648678553,1752352
2016-04-05,955.8104858398438,964.4070177332494,947.7766901291744,958.934766047516,1491794
2016-04-06,963.242431640625,965.9980284013299,954.490697261774,958.6239976501747,1763150
2016-04-07,958.9349975585938,964.3296480995756,953.5791008742049,962.5055637639512,2390942
2016-04-08,943.8958129882812,960.0604344575555,941.9358533457771,957.0720289866857,1399500
2016-04-11,972.8485107421875,976.8654566593274,936.5023229713775,944.264464065214,2400648
2016-04-12,977.3115234375,979.9700940690158,965.648984852801,969.4912059344164,1303628
2016-04-13,980.4359130859375,987.732343849588,975.1188659811747,981.9107386795511,1601468
2016-04-18,977.9328002929688,991.031414048257,946.9812611230653,952.0266530880652,7121504
2016-04-20,950.9979858398438,983.8123555243526,946.981040655662,983.8123555243526,6405024
2016-04-21,940.9264526367188,957.6150515037065,936.1915667924337,951.2501354182968,2525724
2016-04-22,938.0741577148438,945.1958651818474,933.0869442554929,938.8309475066102,1964126
2016-04-25,951.347412109375,953.5984519636309,932.3495908466546,932.3495908466546,2267654
2016-04-26,966.3087158203125,967.7446926037394,947.7571844148111,950.4739331006849,2554368
2016-04-27,974.5753784179688,975.9337527128232,960.9139382790092,962.5052146397645,1848670
2016-04-28,981.0374755859375,985.7917863666428,969.5301408626927,970.7720643201765,4992744
2016-04-29,984.0453491210938,986.5680447508659,974.1486201119878,976.8653692517424,2372178
2016-05-02,980.6298828125,981.9106547910244,970.2674454456762,981.5225478128461,1116692
2016-05-03,961.76806640625,981.9107833090221,959.40057562842,979.9702481641426,2153118
2016-05-04,961.7291870117188,967.9583235778895,953.5789396641618,960.1379103427865,1364892
2016-05-05,958.74072265625,966.3669871588592,956.1210004565118,961.7291275483777,1246566
2016-05-06,959.9436645507812,964.174087035409,943.4879682463193,956.6836041658482,885598
2016-05-09,975.1383666992188,977.2535311262166,953.3460994533451,959.9439191630933,1821276
2016-05-10,979.1552124023438,983.4438141408858,968.715170937152,976.0892046902794,1158534
2016-05-11,977.3695678710938,980.2027670253815,966.3861242950408,970.26719306731,1598716
2016-05-12,995.9600219726562,997.3959987166959,978.2429778582376,978.2429778582376,1513082
2016-05-13,979.34912109375,995.8825164384222,974.2067035790153,995.494409456178,1621730
2016-05-16,990.1190795898438,995.4167966941815,978.9998525648572,985.0155107272973,1111526
2016-05-17,997.5125122070312,1005.6821828503794,990.4489843257765,995.1838703943531,1756698
2016-05-18,990.099609375,995.8241864904562,980.377512001268,995.8241864904562,1500740
2016-05-19,992.369873046875,993.5536179875869,980.3968325879546,991.613083577455,1038792
2016-05-20,981.6386108398438,995.8045099439279,979.1159164788425,986.6839995618463,1230918
2016-05-23,966.94921875,988.0816270979404,962.5830147627112,987.3442616589413,1533016
2016-05-24,957.731689453125,965.7073077908236,954.5880793930128,964.0578529297321,1339158
2016-05-25,980.5328369140625,983.0555322229426,962.893394050968,962.893394050968,1548678
2016-05-26,989.1683959960938,995.455711106894,972.2469858678103,981.910813283235,1943248
2016-05-27,998.463623046875,1001.2580697735028,989.9059378928631,990.8955351264485,1104676
2016-05-30,1023.2051391601562,1025.3591517128343,1002.0921586906713,1002.4802656460124,1349464
2016-05-31,997.201904296875,1027.3190398528657,994.3299509267252,1024.6022913530658,3722608
2016-06-01,1022.0992431640625,1026.5430495129285,997.8231305473495,997.9007329994214,1911942
2016-06-02,1028.5416259765625,1030.1523267181715,1009.0780997610874,1009.0780997610874,1408756
2016-06-03,1020.5467529296875,1031.5883778276066,1017.0343657250727,1029.0268337964874,1554922
2016-06-06,1024.44873046875,1034.8402678304426,1020.8018699078812,1027.5857983515252,1322026
2016-06-07,1031.761962890625,1034.8402489888365,1024.644778555449,1025.0369120336563,1202194
2016-06-08,1024.68408203125,1030.7425254288755,1021.7038291518339,1026.3113977538428,938266
2016-06-09,1010.6254272460938,1028.330205341456,1001.9788698621686,1028.330205341456,1562138
2016-06-10,1002.1947021484375,1020.8210342826645,1001.1947430656763,1006.2140685563496,1396832
2016-06-13,998.7640380859375,1001.2541241390966,987.3921664312487,996.0191035485988,1029978
2016-06-14,993.9991455078125,1003.449500707729,987.4896943568685,1003.449500707729,977570
2016-06-15,1002.6262817382812,1005.782878892704,988.9603950039234,992.0974620776868,1270844
2016-06-16,1003.1947631835938,1005.7043783161414,986.783944278007,998.195062997351,1145070
2016-06-17,1020.5664672851562,1023.4682162707253,1003.4694120447457,1003.4694120447457,1878988
2016-06-20,1042.8004150390625,1046.2119566200317,1016.3314093899425,1020.5664694409411,1872838
2016-06-21,1039.6241455078125,1045.0356060672336,1035.7812186910817,1044.4474059137249,1027690
2016-06-22,1046.0745849609375,1050.0155446226538,1031.997034750401,1039.153469018168,1761712
2016-06-23,1037.329833984375,1042.8784817275007,1029.4675423955662,1041.1138819276232,1397014
2016-06-24,1009.3317260742188,1016.8802938768223,985.882130064967,1005.8809330744618,3766586
2016-06-27,978.7059936523438,998.7635748530618,973.5297571941297,998.7635748530618,4272566
2016-06-28,966.19677734375,981.4703494721381,964.0204184898355,978.7058864331361,4499524
2016-06-29,981.4706420898438,985.2351609992824,966.7264837885439,970.530158596308,2531264
2016-06-30,1001.1556396484375,1004.9984696805817,980.4706065626076,988.9602548334219,5121812
2016-07-01,980.6668701171875,1005.665374837067,978.1180029692782,1004.6457896836253,2197296
2016-07-04,978.0589599609375,990.4700376448155,973.2749523479424,986.6074859417498,1883484
2016-07-05,974.5691528320312,979.1767202568079,971.3732081981109,978.0591017786488,1559748
2016-07-07,952.8055419921875,977.137433183332,950.9232829447913,975.5100224948274,3316800
2016-07-08,951.5513305664062,957.6097748930932,942.4930070782266,954.8452141607996,2456356
2016-07-11,966.275390625,969.2752683010688,951.7076744463923,952.884074538415,1543632
2016-07-12,966.5890502929688,970.5300094785932,955.1780276229304,969.2359503188195,1465536
2016-07-13,977.6275634765625,980.0391449648434,961.2167466620276,971.7063123828676,2102300
2016-07-14,988.9213256835938,991.7055115191126,968.9617710414105,974.8437728890921,2699988
2016-07-15,958.903564453125,991.2349480629704,951.5314364905645,986.9998876814394,8336366
2016-07-18,954.23681640625,968.177175196247,953.1192938762861,959.5502420839273,2598850
2016-07-19,967.0792846679688,969.6674031687058,951.9037426044802,951.9037426044802,2362896
2016-07-20,978.3529663085938,981.3135918968151,960.0011085597532,960.7265934654133,2815252
2016-07-21,982.7060546875,987.9802304598608,966.3932648206318,976.2162269219382,2527148
2016-07-22,986.2549438476562,989.7448934900042,977.1966222571673,979.902304947463,1517216
2016-07-25,1006.04931640625,1007.7202008222459,985.1534708679263,987.5909771721666,1688796
2016-07-26,1003.5532836914062,1009.6077465819261,995.847516390973,1006.04972500723,2311290
2016-07-27,1013.362060546875,1014.4824785314505,1000.5650308378431,1004.4965240827855,1750510
2016-07-28,1029.7568359375,1033.8062950159583,1013.1659461043544,1014.522292693221,4632080
2016-07-29,1029.7762451171875,1035.9093181818353,1021.7952930810607,1027.6925340953799,2488084
2016-08-01,1064.74658203125,1071.331832746296,1034.7689481791747,1034.7689481791747,3961704
2016-08-02,1061.189208984375,1067.6761763321033,1057.4936417373603,1062.6438430716564,2578162
2016-08-03,1044.322998046875,1061.110461889275,1041.4726642755904,1055.9995185752475,2294702
2016-08-04,1042.63232421875,1054.8002802989872,1036.440220483288,1049.7090142021352,1415416
2016-08-05,1041.4923095703125,1055.3311518530911,1034.7694151739693,1051.2423397347932,1868484
2016-08-08,1041.6494140625,1048.9226785124551,1033.609527421326,1037.9144944800905,2058244
2016-08-09,1041.9244384765625,1045.6987108122728,1013.8732885900115,1044.9910227513606,2261914
2016-08-10,1051.83203125,1054.4268560902567,1041.0597743948545,1042.239222779743,2062078
2016-08-11,1065.3955078125,1067.4006081218047,1047.9593897231111,1047.9593897231111,2233138
2016-08-12,1076.6199951171875,1079.116532293169,1062.30939482054,1063.4691663967565,2327358
2016-08-16,1058.2403564453125,1077.22949409639,1051.2226963459216,1076.4431951955896,3183754
2016-08-17,1031.840576171875,1061.1105382926037,1029.2654276584053,1061.1105382926037,1848566
2016-08-18,1037.3446044921875,1044.8144447910688,1034.0225105033846,1035.9489046080125,1292064
2016-08-19,1023.5645751953125,1040.4503245811006,1022.1885521443489,1037.9145298696465,2416244
2016-08-22,1002.0200805664062,1020.0066696369773,997.1450653101824,1017.470874636895,2265274
2016-08-23,1022.6014404296875,1024.1346849576237,998.6782569670688,1000.5457169354879,1503374
2016-08-24,1011.2000122070312,1022.9748184571657,1010.0205639151899,1018.1784146004267,1116878
2016-08-25,1002.9440307617188,1018.1392202339889,993.0956167903822,1014.3256893583476,1939690
2016-08-26,992.6824340820312,1011.3963815731561,989.635526613404,1006.3837273505757,1250314
2016-08-29,983.0897827148438,996.6140841126013,969.801313374362,996.6140841126013,1488728
2016-08-30,1000.2310791015625,1002.4524309605634,983.3650070296651,986.805064525521,1444026
2016-08-31,987.3161010742188,1002.5309635597303,983.2077090673591,1002.5309635597303,3231668
2016-09-01,985.8226318359375,996.614569266855,977.7827416324782,992.6633965506749,1345736
2016-09-02,988.69189453125,990.5003237497276,981.320345039234,987.5910572770322,1742330
2016-09-06,976.6026611328125,990.7952950640396,975.0103870700856,990.6970077266333,2239066
2016-09-07,959.5010375976562,982.7557922788314,952.6012446314924,982.7557922788314,3854040
2016-09-08,912.9319458007812,927.8322645369382,898.2477823732074,927.8322645369382,7021516
2016-09-09,924.8643798828125,930.4470827277339,912.1263764347525,915.9202301329517,2742438
2016-09-12,927.4592895507812,929.3856835875929,913.6793812351432,918.7903244176117,2024454
2016-09-14,915.4288940429688,934.7522487131419,908.1753052819495,928.6190783878635,2069858
2016-09-15,914.8389892578125,920.7952603369964,910.8288845214138,919.949931525549,2818964
2016-09-16,928.5010375976562,934.1230939338233,912.1067247165278,918.6723013399351,4358004
2016-09-19,948.060546875,954.1740421141448,923.9015240907459,929.7987678615378,2802546
2016-09-20,946.1143188476562,950.203035457687,937.8188255911999,947.8834916857257,1184552
2016-09-21,948.8267822265625,952.9942045177044,943.8338037346257,946.5858497047676,1678020
2016-09-22,934.9092407226562,954.5667100397852,932.1965483503872,953.4855492273431,2857574
2016-09-23,942.8115844726562,945.0721934505784,932.2161316934921,936.4818409409793,1800726
2016-09-26,943.9910888671875,951.0677782631004,941.5928390672977,943.9910888671875,1753476
2016-09-27,957.751220703125,962.4296598226586,943.9909927236343,943.9909927236343,2038792
2016-09-28,952.6209106445312,958.3019016957801,949.5346486906926,955.7464299579248,1731328
2016-09-29,958.4197387695312,965.7716142138553,951.2644380482307,957.3189011238501,3603958
2016-09-30,955.6676635742188,963.1375028218623,952.6404321285024,958.1248475372594,2175364
2016-10-03,948.15869140625,966.2238929053569,943.9913640264118,963.216337428934,1818880
2016-10-04,945.5833740234375,953.4071057741775,942.7723938115375,951.4216818281571,1780718
2016-10-05,938.1923828125,949.6132994276987,934.1626002867621,946.7040314123806,1176354
2016-10-06,939.135498046875,944.5019482136521,932.8451085256819,941.592681453591,2267572
2016-10-07,930.8992309570312,938.8408301729678,927.1249580703749,938.8408301729678,1816512
2016-10-10,935.8133544921875,938.4080824386306,925.8863340677831,931.7245439350711,1202142
2016-10-13,915.6055908203125,931.7247160716183,912.460395649326,929.129987645798,5173334
2016-10-14,930.2700805664062,938.4476071907061,900.705265217389,910.1408507107183,7741214
2016-10-17,928.7958374023438,934.0444206055092,921.6994711033856,931.3316319900404,2728346
2016-10-18,943.63720703125,949.7310229659779,925.788261977222,934.1230103815203,2128632
2016-10-19,941.6324462890625,947.4903356971682,931.8823190735163,943.951990045187,1985058
2016-10-20,944.0101928710938,947.234093199423,938.0540206972775,942.3393087185525,1265854
2016-10-21,954.822265625,956.1000011933446,942.8705620869041,943.5585735467819,1259660
2016-10-24,957.0100708007812,959.8483234346919,947.0958679311034,957.2071730148211,1253190
2016-10-25,945.4797973632812,951.8462580092386,938.6009478421885,948.061856178271,1772466
2016-10-26,944.612548828125,947.1748781207209,935.2501917974863,945.538967915059,1437130
2016-10-27,953.2257690429688,957.719661040727,932.4905775640419,938.0882612121683,2941602
2016-10-28,945.5780029296875,952.0430123415039,941.360035419577,950.0325315582833,1752102
2016-11-01,926.3804931640625,945.9724358350545,920.1323138944899,945.9724358350545,2934776
2016-11-02,908.2670288085938,924.015481612552,904.6994583194568,922.8328679415462,2325076
2016-11-03,914.337646484375,920.4675459637931,900.560217881921,904.3051607884117,1463310
2016-11-04,918.713134765625,920.9206217836168,904.3049438960026,914.5542588660531,1183752
2016-11-07,897.6234130859375,924.3701317719936,890.9219363088617,921.6107001579036,2048052
2016-11-08,900.0475463867188,909.4296311842606,890.9020227466099,898.9634841908988,1933634
2016-11-09,855.3648071289062,896.8153783158444,844.7212839576853,859.3659449356223,4500226
2016-11-10,849.6880493164062,874.148457186277,843.9129920304,869.1420794080423,2172426
2016-11-11,828.2825317382812,846.3765713376588,822.3891952408749,846.3765713376588,2398424
2016-11-15,836.2257080078125,850.5156157141877,808.8678683368983,834.4911511207436,6290324
2016-11-16,863.150146484375,870.7582157665087,842.809157324631,845.6080475597042,4019958
2016-11-17,842.49365234375,870.6399051810272,839.7144919834141,861.3366425362844,2504688
2016-11-18,837.7239990234375,847.5396523141718,829.4850674491665,844.3860163985842,2140534
2016-11-21,840.7985229492188,843.5974126747095,829.800258729095,838.1573727278912,1793366
2016-11-22,841.6265258789062,858.3604860327772,836.5215973472498,840.4439124935964,1318860
2016-11-23,850.0427856445312,852.6444772127815,838.5516684338072,847.1453445039349,1275808
2016-11-24,862.6966552734375,870.2457277624931,842.4148568406287,849.4710775567594,3026234
2016-11-25,906.8084716796875,909.5284445679231,864.1751920126698,871.9804613215932,4276148
2016-11-28,899.8110961914062,914.3374721082537,887.7089428506632,904.3049883256164,1924296
2016-11-29,890.8427734375,903.5164052856279,887.9650623224926,896.8149310753942,1442296
2016-11-30,897.229248046875,904.6008535777346,883.924845036417,892.8732687018494,3445832
2016-12-01,892.2619018554688,902.7280475943985,888.5564191085904,897.603390555653,1123052
2016-12-02,875.8634643554688,895.1597588528587,869.2999005051379,890.1139210970412,1998032
2016-12-05,861.7308349609375,882.1703719902725,855.4235644397229,878.6816244867016,2249526
2016-12-06,860.2923583984375,868.8071191336534,855.3844346425677,863.3079847802405,1593444
2016-12-07,849.3331298828125,861.1198032323688,845.8246528928715,860.232843310841,2065706
2016-12-08,865.5746459960938,866.8558107914881,851.4818332467551,851.6789355229696,3239546
2016-12-09,865.3773803710938,875.0944822577297,856.7246113268434,869.2208740317784,1588718
2016-12-12,870.4821166992188,874.1876957183013,852.6640974795758,865.1998163579112,1311758
2016-12-13,867.3679809570312,874.3453797527836,860.548225428461,874.3453797527836,2147534
2016-12-14,870.2459106445312,876.9867499887548,862.9136682967775,872.7687810000299,1870366
2016-12-15,890.6260986328125,895.6719346456147,868.038165274544,868.038165274544,4295410
2016-12-16,899.8309936523438,902.7284356431958,887.7486624753175,897.6037764015532,1987230
2016-12-19,902.29443359375,905.7634516424815,891.4144496461552,898.7860528488904,1334210
2016-12-20,922.1622924804688,924.4092381180394,901.5651143603548,903.5164067234739,2922760
2016-12-21,912.0316162109375,923.9365734698341,908.8779800500994,923.9365734698341,2034902
2016-12-22,909.7054443359375,916.5251994770819,901.2300500181925,909.0353161265165,1868300
2016-12-23,901.9791870117188,913.6673097640348,898.3130665960281,906.6701811917937,1118954
2016-12-26,903.9502563476562,907.3009941487703,893.2672773322823,893.2672773322823,897408
2016-12-27,915.8944702148438,918.4962577677052,899.3773442476478,899.3773442476478,1294692
2016-12-28,911.952392578125,926.3408527381598,907.9117976016769,917.19533018607,1350418
2016-12-29,927.0504150390625,930.2828716853276,907.8526811088597,907.8526811088597,1963516
2016-12-30,932.5103149414062,937.6547020359613,924.6655889865622,928.311979988723,1405748
2017-01-02,930.85498046875,936.2752931933007,927.3267726476912,932.9245544181239,823132
2017-01-03,933.5748291015625,934.9348154103103,923.739445843302,930.8153975366049,1475324
2017-01-04,938.0095825195312,941.6954329919229,929.6524665925865,934.1463592751771,1420066
2017-01-05,920.230712890625,942.1287865595327,914.7118512904622,939.7832896277253,2216404
2017-01-06,899.3378295898438,918.2400065104489,889.7587401962384,914.9483614571989,3009896
2017-01-09,908.128662109375,911.12465406265,889.7193357747044,896.8150150143786,1854578
2017-01-10,912.72119140625,918.417425709091,903.3193780174223,908.2469329924246,1533914
2017-01-11,916.2889404296875,918.3388809102879,898.865120033944,912.5834564679939,1931296
2017-01-12,924.1533813476562,930.3226434315046,908.2471908755028,916.2889243815122,2570374
2017-01-13,886.6841430664062,929.5144206917095,882.1705210850812,925.5921054216844,10235580
2017-01-16,890.3303833007812,896.3813632076769,878.2874194102467,886.959916370312,3364808
2017-01-17,898.2935180664062,901.8610880940482,888.0639303837578,888.8917021015745,3009956
2017-01-18,904.73876953125,905.8819240633441,893.050548579977,897.9978342107476,3136574
2017-01-19,903.1226196289062,904.7585300068598,899.949253768672,904.6994378211872,2251676
2017-01-20,900.8953247070312,906.670382341498,892.8732243493447,901.5457236586982,2037246
2017-01-23,911.9050903320312,914.5933459665463,893.3642048295136,895.4198956620824,2318546
2017-01-24,916.5106201171875,918.3488605472515,905.3030093212251,910.8376128716606,2282638
2017-01-25,930.208740234375,932.9760420540268,916.3920168808506,918.1907823667899,4111648
2017-01-27,932.106201171875,940.388319670964,927.0657593113159,927.0657593113159,2871658
2017-01-30,922.2628173828125,929.7938527632228,916.4317156957106,925.4650203054599,2577956
2017-01-31,881.5043334960938,921.9267104474916,869.7432996153692,917.1629782615432,4666804
2017-02-01,857.0335083007812,885.5169756664343,852.1512541551659,877.6301831882499,4864152
2017-02-02,872.7476196289062,877.2346402844602,851.1429385004249,857.8833140977987,6009482
2017-02-03,882.5913696289062,886.7225364630749,866.1654379806496,873.5580675548184,2153372
2017-02-06,885.8331909179688,892.8502785621923,875.6336864755913,892.6526141215099,2408910
2017-02-07,887.3551635742188,890.5177943323686,880.0020084551878,887.117927661025,1814638
2017-02-08,897.7720336914062,902.3776727089826,887.1377262198627,887.47369783327,2212584
2017-02-09,916.0956420898438,920.3256418449837,897.4756130492726,899.3732109954201,4033202
2017-02-10,947.97900390625,958.4552207227181,913.6051721833112,913.6051721833112,5782160
2017-02-13,954.4228515625,960.2539531719219,941.8118975355818,947.2080987237238,3819812
2017-02-14,951.26025390625,956.5576230515319,947.9987901785714,956.5576230515319,2033328
2017-02-15,954.2051391601562,959.8583605041817,938.9455048474671,947.6031672687494,1924972
2017-02-16,967.666259765625,979.6249583083315,962.8630525110058,972.5090385143243,4175680
2017-02-17,951.9122924804688,978.676132646154,949.5798908885323,977.25291019003,2723324
2017-02-20,989.1915893554688,1010.0649668782676,951.9912114985178,958.6722288374947,3973948
2017-02-21,974.6241455078125,998.5612332708536,970.5917135015392,993.8568579513282,5501112
2017-02-22,953.335205078125,976.4619351204515,948.8481855148748,974.8410487675751,4505496
2017-02-23,981.126953125,985.6534482034396,954.7189721894341,954.7189721894341,4853352
2017-02-27,984.3096313476562,989.1128385399865,976.4821003725895,980.0598459702362,2139892
2017-02-28,974.9796752929688,984.3687345076501,968.5555821460814,984.1710701031305,2354828
2017-03-01,980.2379760742188,989.0735207271955,976.4625650720833,980.3762833055008,1130374
2017-03-02,988.8953857421875,992.2754668947375,976.4820977905566,983.0642848909137,1544942
2017-03-03,985.9696655273438,988.2032343070669,978.5967266002058,985.1592223053519,1013970
2017-03-06,977.4505004882812,981.9967818859012,970.3543675229873,980.4154666171638,1400694
2017-03-07,988.2427978515625,990.298487984537,978.4584115930327,981.5616842746389,1511672
2017-03-08,993.1448364257812,996.2284198857315,985.2382616647834,989.1125026008334,1791510
2017-03-09,996.1298217773438,997.8099693088662,989.9231784346499,993.9159417177125,858468
2017-03-10,1005.0247802734375,1007.9107002142268,993.8369543888023,996.0706203260514,1171420
2017-03-14,1015.0068969726562,1022.7750708397432,1008.5037562153763,1010.7768972699402,3402294
2017-03-15,987.6500244140625,1016.8450002785088,985.890830443104,1016.7857395609925,3022496
2017-03-16,996.5842895507812,998.9958337312115,990.6939292957721,990.6939292957721,1571818
2017-03-17,998.5016479492188,1006.5070555988166,992.1763875841045,1006.5070555988166,2593152
2017-03-20,980.4155883789062,998.5809304813884,974.8809842509608,998.5809304813884,3487540
2017-03-21,983.0640869140625,985.1593488130163,974.4854714382365,981.2060608964312,3373700
2017-03-22,980.0006713867188,986.7410492192118,976.4427108727072,980.4750468187491,1888716
2017-03-23,972.6477661132812,982.4123733345532,967.4491317342658,981.2066005536639,2620638
2017-03-24,959.5425415039062,976.3835957209917,958.0007969909616,976.3835957209917,5099814
2017-03-27,953.5527954101562,964.602215418861,951.1610370072866,959.4431555783143,2181270
2017-03-28,960.6293334960938,965.9464873014889,952.74254212894,952.74254212894,1153158
2017-03-29,966.4209594726562,968.8719790753928,958.9097112126301,963.0210927065214,1717764
2017-03-30,964.9976806640625,974.4855726492889,962.6257076677559,966.5394245053305,2986086
2017-03-31,961.3607788085938,964.9385244352766,954.7192343965802,963.9698914775655,1867044
2017-04-03,953.4146118164062,962.6257937455579,952.0309607781683,962.6257937455579,1196888
2017-04-05,949.2835083007812,956.6563535798409,946.8127027091602,956.6563535798409,2905568
2017-04-06,948.8094482421875,952.742952748076,945.8444805469134,948.7896624877105,1720704
2017-04-07,960.273681640625,961.9340437136391,945.6859873546533,946.7731418271541,2277012
2017-04-10,957.5853881835938,968.1604358186072,950.7659649423235,961.4398447982248,2543264
2017-04-11,956.4193725585938,965.8282211129866,951.1614780856219,955.628714638323,1557784
2017-04-12,946.1205444335938,959.8582186920571,942.0684246882917,957.6839105360414,1050538
2017-04-13,920.5826416015625,952.3473586072771,917.5781997495875,948.7893983634143,2500472
2017-04-17,915.1272583007812,922.2628686339343,907.3392007749089,921.2745462591645,2270882
2017-04-18,912.735107421875,922.7764198369518,910.0666381543762,921.1160582625602,1730620
2017-04-19,908.9204711914062,928.509038984444,890.5970331875906,894.8270334372271,5626812
2017-04-20,919.337158203125,921.9067954976081,905.6785283577465,911.3515354526655,1268842
2017-04-21,913.52587890625,923.3497424140706,909.6516370723115,920.7604157923895,1161154
2017-04-24,920.3650512695312,924.9310218624905,902.338018729332,909.2562729802688,2000020
2017-04-25,913.8024291992188,926.8284925446027,910.3235168063084,920.3253537424968,3148710
2017-04-26,913.3480834960938,926.6310754743994,910.462163473254,925.0695457580179,2187438
2017-04-27,910.3040161132812,920.2465954551348,900.4207940135308,911.6481922283518,5773186
2017-04-28,898.6417236328125,908.762180651182,896.605818691411,906.8843686411361,2540510
2017-05-02,905.2635498046875,910.0470677855691,901.3498325591214,906.8844367941335,2382696
2017-05-03,924.002197265625,927.0462102947685,896.8035514088198,907.2797665784622,3514406
2017-05-04,921.156005859375,929.0230131945528,912.7354800961854,929.0032274442926,2708208
2017-05-05,917.360595703125,922.104541899392,910.2446764087246,912.4189850820136,1682474
2017-05-08,926.0380249023438,927.9948833634063,916.2536360812009,917.5582405605193,1071782
2017-05-09,930.0308837890625,933.3713931908786,922.1243069725367,926.6310171516243,1790270
2017-05-10,922.0847778320312,931.4540524867645,915.5816374049257,930.9994629052677,1206388
2017-05-11,928.8052978515625,932.9760363000523,918.2500374220112,927.955379475671,2071302
2017-05-12,933.2328491210938,936.8896403487126,917.1825585071963,926.3739526739141,2314446
2017-05-15,934.9923095703125,940.0722274258487,925.7020815175225,938.9455981034146,1817604
2017-05-16,960.3131103515625,962.6258229061534,938.2933110363022,940.8827345037557,3601026
2017-05-17,970.6705932617188,972.8053301436674,957.8816681654399,962.0326205037549,2876198
2017-05-18,1002.633056640625,1016.7858494312097,965.4919287610311,968.5557274908491,5138594
2017-05-19,991.1487426757812,1004.3527849080499,982.7875756406044,1002.6330657087797,1786044
2017-05-22,1000.7155151367188,1009.5708409305284,992.2752073365155,992.2752073365155,1663940
2017-05-23,996.900634765625,1013.6823233441356,993.8566222504408,1001.446916052769,2748596
2017-05-24,1011.7056884765625,1015.9950446839896,1000.0434885473105,1002.0794898342839,2534548
2017-05-25,1037.580322265625,1042.6998124775766,1015.2046667823837,1018.7626270631631,4094094
2017-05-26,1019.25634765625,1038.4693634742841,1013.8798380606415,1037.7379666819186,1362550
2017-05-29,1017.1220703125,1026.4715608469373,1013.6233706957624,1019.5533046116893,1749290
2017-05-30,1008.5234985351562,1018.3473628471404,998.2053766297973,1012.0418868009034,927634
2017-05-31,1006.744384765625,1016.9833623241926,999.3912303034242,1001.3678743507015,2502730
2017-06-01,1009.5118408203125,1013.6232224610895,1000.1820408839924,1000.1820408839924,1080064
2017-06-02,1013.9788208007812,1024.6330093866004,1009.0767821890321,1010.5592652186928,1355648
2017-06-05,1029.416748046875,1035.7222251776734,1012.101321608417,1014.0187055254005,1500188
2017-06-06,1065.806640625,1070.9261302224606,1039.7149350310644,1040.1102639037,5946720
2017-06-07,1033.8836669921875,1067.387783530793,1018.5844613980773,1066.2017971046475,4927776
2017-06-08,996.861328125,1029.8119318911713,994.449783385232,1027.064415517723,3330714
2017-06-09,991.089111328125,1007.0603531755961,982.787208121946,996.2283847414739,3148034
2017-06-12,983.2616577148438,993.421587390197,976.6201153440145,987.1358988074783,1626506
2017-06-13,980.0039672851562,991.8165611577047,978.1850911398232,985.3805679034182,1175414
2017-06-14,987.4592895507812,989.7778516948956,981.3831283969987,981.3831283969987,1489142
2017-06-15,963.8741455078125,987.2594468739652,961.3957228307231,986.9796422740355,2997198
2017-06-16,959.2772827148438,973.3884364459627,954.0006174859507,965.3734525940228,2450426
2017-06-19,972.0687255859375,977.925101581607,961.4553799237136,966.1524263336255,1644742
2017-06-20,977.3854370117188,978.984431591697,951.521719199547,971.7889559817947,1670958
2017-06-21,961.9152221679688,976.2461531031884,958.2774703161059,975.3867325202752,1657818
2017-06-22,957.3383178710938,971.7891959176318,953.4007537077547,962.9947235563862,5775882
2017-06-23,944.0864868164062,964.9733564255962,941.0084413403473,959.1569933120959,1424756
2017-06-27,936.5512084960938,953.2806317420167,932.0540359684442,939.6492606818081,1974330
2017-06-28,939.4295043945312,942.6074872179521,933.4132666047151,939.3694835292422,1789726
2017-06-29,932.7138061523438,948.2240777569199,928.656395224619,943.0073368534786,2471826
2017-06-30,944.3463745117188,950.2026538917297,928.6562381359298,929.1758333667264,1753848
2017-07-03,948.843505859375,952.6211113662907,936.6511711197167,942.3674991676424,1475956
2017-07-04,946.1455078125,951.5820330590537,939.429708300946,948.7238681120907,1215134
2017-07-05,941.8080444335938,945.4057831432297,937.4108082329276,943.726857931048,815856
2017-07-06,938.4301147460938,944.1664502453006,935.4520063404537,943.0072180105901,1026788
2017-07-07,932.1941528320312,941.9879979927765,929.6157927066553,939.4096378674005,1232090
2017-07-10,973.3683471679688,977.3458283157471,950.9824137670902,961.7956386163208,783608
2017-07-11,989.6980590820312,1005.2882616601711,969.7905501171151,969.7905501171151,3537504
2017-07-12,975.167236328125,992.6962610673379,971.4296434299698,992.3764424933698,2646450
2017-07-13,977.9453125,988.1789196377729,970.0303652487328,977.385703282506,3131960
2017-07-14,958.377685546875,969.3907838681542,949.4033450255118,952.6013352403346,4508432
2017-07-17,957.578369140625,968.2317346160264,952.2816968453402,958.4778040586922,2211822
2017-07-18,962.7347412109375,976.5859934845826,957.8577293976081,957.8577293976081,1908002
2017-07-19,979.2244262695312,983.3817735914722,965.4330965179435,965.5929569553664,3915576
2017-07-20,977.265869140625,982.1427849681647,971.5894557152945,979.0847456945835,1182504
2017-07-21,995.8541870117188,999.3719959564698,973.2084566213138,973.3483101437947,2148416
2017-07-24,1014.4942626953125,1018.2224194744479,994.9716713132203,994.9716713132203,2271402
2017-07-25,1030.8504638671875,1034.2579026938922,1009.5639539312209,1012.5104254763947,2678832
2017-07-26,1024.636962890625,1032.2535913315178,1021.0290862607285,1026.2404636150236,1459826
2017-07-27,994.851806640625,1036.182072360182,988.7585241400357,1019.1047523979622,4255304
2017-07-28,995.8942260742188,999.4018838880404,978.9371864402749,994.5713184104513,1382752
2017-07-31,998.90087890625,1009.8046651649312,987.3556531565007,990.5626548719908,2019662
2017-08-01,1002.8495483398438,1010.5063049027312,998.5802659973037,1002.1881433132314,1747460
2017-08-02,991.6849365234375,1005.3948466768679,986.9545903183608,1002.1878455710406,1251024
2017-08-03,997.9583740234375,1002.9893754768046,988.7382478699737,994.1701243734914,1882548
2017-08-04,1011.327880859375,1013.5326942560254,997.3774056120407,998.4998756424999,1387890
2017-08-07,1003.5707397460938,1010.2052421604523,994.6512688579708,1008.8021793241182,1885520
2017-08-08,1003.41015625,1013.6525317465773,1000.7042500864942,1006.997967811341,1073958
2017-08-09,1006.9984741210938,1011.3480090669173,999.5021276655933,1002.187971856184,992946
2017-08-10,1006.7780151367188,1010.4460819884794,996.7161062020446,1005.7958904573671,1526172
2017-08-11,1000.6046142578125,1016.2186845309596,995.3731730534015,1002.1479251356371,1394736
2017-08-14,989.9209594726562,1006.1564014602382,987.3553979114675,1003.3904023436472,786504
2017-08-16,999.1212158203125,1019.7462226430215,988.2373968132327,995.7738691813407,1373340
2017-08-17,996.4352416992188,1004.1922147213762,986.9947105513559,1002.4684320642406,1752374
2017-08-18,1007.7202758789062,1022.1918144409779,990.7231056654443,991.7654205180874,2837356
2017-08-21,1013.7330932617188,1021.8307516727466,999.9029006635589,1004.3926827446319,2304834
2017-08-22,1001.20556640625,1018.0222562833793,998.980690158764,1011.4078175243023,1131326
2017-08-23,997.9583740234375,1008.9223457930105,991.4240911320056,1004.1920006272564,1562272
2017-08-24,1000.8248901367188,1009.3835154525111,996.6356667263061,1001.2657940584062,1623908
2017-08-28,997.0964965820312,1004.3522760114492,986.5534635616223,1004.031654278566,2036796
2017-08-29,990.5021362304688,1000.5841043843044,987.7360397199764,994.9718537988155,1312602
2017-08-30,995.9940795898438,998.178828938645,986.1927046386995,994.5709536533246,970782
2017-08-31,1000.7247314453125,1003.9516981442739,988.8186610564356,996.1747592921306,1784664
2017-09-01,984.7296142578125,1001.4060574715584,976.7522389608396,994.1702423834574,1702330
2017-09-04,984.6293334960938,986.5535534180632,977.3334267506046,983.3866794932837,1062544
2017-09-05,995.9141845703125,998.1790899437082,976.9527710387661,986.1528358480009,1165994
2017-09-06,983.4271240234375,992.1061317340175,982.1443428231244,989.420189316882,1228764
2017-09-07,986.19287109375,989.5200561225547,982.5649318705248,985.3509942371263,870636
2017-09-08,990.4024047851562,991.765341450009,983.1665871460234,983.6476178589166,1021134
2017-09-11,983.927978515625,995.3529201300616,982.1441036971771,990.6426371837588,732764
2017-09-12,997.5577392578125,1000.9852413361692,984.9502354677485,991.7249862991927,1396460
2017-09-13,997.8582763671875,1014.8754047374081,992.2460249839413,1002.1877470082426,1278980
2017-09-14,996.9564208984375,1001.2257999087,990.9232304005893,994.9721085074265,1081510
2017-09-15,1004.6131591796875,1009.002722366897,996.1747179506314,1001.7869698827476,2944072
2017-09-18,1001.806884765625,1009.784259681938,997.8782894213026,1004.1720085814467,726600
2017-09-19,1001.486572265625,1004.1924801462586,998.7806643849914,1004.1924801462586,782754
2017-09-20,999.6022338867188,1007.8001109992665,991.8853873725039,1007.8001109992665,1334642
2017-09-21,1012.1693725585938,1018.6234999985496,994.1701219977973,998.5998108653532,2438740
2017-09-22,1003.6311645507812,1012.9714781792288,998.9809732001163,1010.165351850015,2435396
2017-09-25,1006.4972534179688,1015.817600382807,999.2815009290616,1000.8048460284789,1599558
2017-09-26,992.025634765625,1012.7709234428231,988.5581039221339,1006.1966102370462,1449230
2017-09-27,1000.1836547851562,1007.0786888633976,991.665056522958,998.1792787234625,2010356
2017-09-28,992.7474365234375,1007.8003208742037,982.946056795365,1000.0634094176119,4332866
2017-09-29,976.5115966796875,995.7736631597958,970.7189715545271,993.7692878313743,1985014
2017-10-03,981.5225219726562,983.8676802237369,972.9438348288357,978.1351472865634,1923006
2017-10-04,979.0575561523438,983.7477765889907,972.1223953660565,981.9839647927917,1300778
2017-10-05,973.9660034179688,979.5180638124141,971.88137498451,978.5359395715803,1684686
2017-10-06,980.801025390625,984.1483716274186,973.3448072440217,974.1264941159377,1389188
2017-10-09,983.7877197265625,989.3397816908224,978.5562795782155,978.5562795782155,1773616
2017-10-10,985.8523559570312,990.1417011116183,982.6453542908093,984.1486363218509,1222010
2017-10-11,1002.327880859375,1007.9801598374236,984.8496910930637,986.1525348891571,1527746
2017-10-12,1021.5100708007812,1024.2360414832124,1004.9940336588702,1007.399284636913,5006356
2017-10-13,1025.6793212890625,1045.8633287970026,1011.4081250848043,1021.5101605057217,4066320
2017-10-16,1036.0218505859375,1038.266790903428,1024.2562219283493,1024.2562219283493,1218590
2017-10-17,1040.0908203125,1048.2686356422098,1033.2759415810997,1036.2624423923455,1443016
2017-10-18,1036.904052734375,1047.747650912368,1034.258236701812,1040.271365984962,1514144
2017-10-19,1035.8212890625,1040.5917621989777,1030.65003863505,1039.0684170136326,86822
2017-10-23,1037.4249267578125,1053.9009371947534,1021.209543931825,1035.8615525717926,1886088
2017-10-24,1033.6163330078125,1050.6535249937806,1029.8682094928388,1050.2927765467432,1339020
2017-10-25,1028.993896484375,1050.7403211146982,1027.0243000948942,1036.4705118570196,1105106
2017-10-26,1020.5324096679688,1032.7119127897754,1012.1111352788201,1019.0250357037526,3007552
2017-10-27,1038.802001953125,1042.3593464469238,1017.0958118646693,1020.1909341574201,1409270
2017-10-30,1051.6243896484375,1053.1518814702001,1037.7565499878565,1039.485024993106,1137252
2017-10-31,1054.7598876953125,1061.191350425162,1045.6352695746052,1045.6352695746052,1592634
2017-11-01,1046.2587890625,1055.9059873241713,1036.611590800829,1054.7603432760475,741882
2017-11-02,1055.624267578125,1074.858403545322,1047.8261568593,1048.5295982228768,1468422
2017-11-03,1053.192626953125,1059.8652129916495,1046.2385858124796,1058.1367371500698,666886
2017-11-06,1071.4615478515625,1073.9738378297666,1049.8357360919165,1053.1519588631459,1377000
2017-11-07,1089.349365234375,1112.643304972404,1071.6628387102471,1073.2505868050284,2696892
2017-11-08,1099.3782958984375,1109.0254911823727,1092.6453575231913,1094.55469825647,1402252
2017-11-09,1099.9410400390625,1105.4078234386072,1093.0674720914894,1105.4078234386072,1152432
2017-11-10,1088.8270263671875,1095.7609502083815,1082.6367799896,1094.233457503046,1356566
2017-11-13,1109.00537109375,1116.4216328267096,1086.1335182400492,1086.1335182400492,1496996
2017-11-14,1091.1783447265625,1108.0408204630837,1088.3243432054423,1108.0408204630837,1657252
2017-11-15,1087.4398193359375,1107.4175315851796,1085.852071540424,1087.7211762139732,6670834
2017-11-16,1104.0609130859375,1110.6331026219975,1080.0635399421078,1089.3288845840077,1653482
2017-11-17,1088.243408203125,1104.643653240904,1086.7561524867854,1104.643653240904,1325464
2017-11-20,1086.696044921875,1096.1221373786789,1083.420058014992,1091.338776471145,1014498
2017-11-21,1074.43603515625,1085.7112119457056,1071.64238839217,1085.7112119457056,1527740
2017-11-22,1077.5311279296875,1089.2082707944883,1074.2149053235025,1074.456124403936,1822624
2017-11-23,1077.7725830078125,1082.495688965982,1072.8484938173806,1077.6720913916813,793470
2017-11-24,1080.5057373046875,1086.474879110199,1074.4963596070222,1078.0738211011137,2287512
2017-11-27,1079.6214599609375,1083.6611436419103,1070.114896024986,1080.4856484386034,1856786
2017-11-28,1079.400390625,1086.2739571645943,1073.2502850943845,1079.6817474769725,911716
2017-11-29,1068.487060546875,1082.49563033132,1065.2110732929812,1076.265150468663,1447532
2017-11-30,1059.985595703125,1072.0244720149185,1054.3580650471358,1066.6782982644593,4299962
2017-12-01,1057.1513671875,1072.446206209923,1053.7547712066391,1059.181316852754,1031144
2017-12-04,1058.1163330078125,1068.627715517729,1046.2984615112978,1053.9559413532013,1259104
2017-12-05,1059.40283203125,1065.8945517721081,1056.4282210400913,1057.5738648232323,1167914
2017-12-06,1058.4981689453125,1063.201156323333,1050.2779754735948,1059.5834586269586,1407518
2017-12-07,1052.0469970703125,1063.5834179114381,1051.1425722949155,1058.0966135285762,1326300
2017-12-08,1045.715576171875,1063.2011143473417,1043.9067273951025,1052.3480216867072,1385548
2017-12-11,1069.6729736328125,1074.315607683233,1048.4692431121805,1048.4692431121805,1008002
2017-12-12,1049.996337890625,1070.0343992344967,1048.0869977717805,1069.6324328936873,1882246
2017-12-13,1056.528564453125,1065.7939106347458,1045.5147231181043,1049.6951348902614,2961458
2017-12-14,1028.1495361328125,1057.9754192832147,1017.4170543562525,1057.9754192832147,5504150
2017-12-15,1023.2457275390625,1038.8620636092812,1019.7285214687885,1030.541378590299,2718138
2017-12-18,1037.2744140625,1040.6710109044543,1002.6450439888108,1019.7888736588112,2180664
2017-12-19,1035.1842041015625,1044.2284491024056,1030.9233205355185,1035.465560985432,1801952
2017-12-20,1040.6707763671875,1042.1982681452375,1025.2754453254172,1037.8771298239335,1577570
2017-12-21,1043.38427734375,1048.3284842240682,1037.0935417600544,1039.8871889139818,1293648
2017-12-22,1063.90478515625,1070.7984710610306,1041.1735609948967,1046.7207180681496,3665664
2017-12-26,1064.9898681640625,1081.1891338529601,1057.814826743127,1079.681759839781,2175786
2017-12-27,1053.1114501953125,1068.6273883363417,1049.3330063013052,1064.9895737628922,739284
2017-12-28,1055.9454345703125,1066.6176602955004,1047.3835320848275,1048.649784910436,2605088
2017-12-29,1085.791748046875,1088.8868700644653,1052.5692604251085,1054.3982273879744,2609542
2018-01-01,1063.442138671875,1083.218862048595,1059.1812564124286,1078.1942830333555,1351760
2018-01-02,1057.654052734375,1073.0896225536526,1053.2324219970772,1069.2307055647493,1920290
2018-01-03,1060.6485595703125,1072.848278575599,1057.6539296376716,1057.9755223720406,1257120
2018-01-04,1068.0653076171875,1070.034904362409,1061.1916406899925,1065.2113059956364,913082
2018-01-05,1080.968017578125,1085.108291103656,1065.2109544081081,1065.2109544081081,1153706
2018-01-08,1091.0972900390625,1096.1018490040833,1078.0133654282613,1085.309014549321,1242220
2018-01-09,1088.9271240234375,1093.7507214720463,1075.8833322167595,1091.338922747742,2149396
2018-01-10,1128.1591796875,1131.9376254041247,1083.1589530377987,1089.7311443432466,3365850
2018-01-11,1121.687255859375,1134.3089617523021,1118.3509150625578,1129.5256007757905,2520744
2018-01-12,1115.99951171875,1127.5158104209224,1101.6090942258616,1127.5158104209224,3360314
2018-01-15,1103.8399658203125,1128.7216466249279,1099.3982174910507,1116.3209439806606,1457214
2018-01-16,1145.9459228515625,1150.2870813570232,1105.6286742838822,1107.8193714833894,4267752
2018-01-17,1161.260986328125,1175.7518968550949,1150.4882655604404,1153.6437415296143,4280806
2018-01-18,1173.018310546875,1178.9674328013,1152.8597351559963,1164.4966426271278,2209478
2018-01-19,1189.539306640625,1198.6639252099592,1167.169815351735,1177.982771479731,1820000
2018-01-22,1255.65869140625,1263.0321402845252,1177.3311549425002,1193.0450204602134,4367110
2018-01-23,1249.85595703125,1266.1137938856848,1245.0410899589094,1255.073743496573,3239610
2018-01-24,1279.1083984375,1313.1349335816687,1242.0598684040574,1245.0213663415097,5621538
2018-01-25,1257.531982421875,1281.2035041249715,1241.3950360381298,1279.269470763084,3833844
2018-01-29,1288.8790283203125,1299.415333459518,1257.914626685462,1261.702030480343,3141060
2018-01-30,1270.3446044921875,1290.8733304276343,1266.6578325694184,1281.2838280158533,1574758
2018-01-31,1254.0267333984375,1269.196615502786,1248.4865894418776,1263.958661216584,3043214
2018-02-01,1264.6033935546875,1285.3134199708675,1244.537979424909,1258.7207285231943,2400630
2018-02-02,1270.6671142578125,1285.3132782652788,1250.4405738786652,1257.1089116575768,2456490
2018-02-05,1250.3397216796875,1284.5073135585612,1239.7228523095441,1253.079593841633,2757742
2018-02-06,1207.6502685546875,1239.8434918503494,1202.7145055086303,1212.7874913169103,2657306
2018-02-07,1190.6474609375,1221.2491817296677,1187.5852329454972,1219.6375034957784,2180324
2018-02-08,1198.36328125,1219.8792437981913,1192.2389238899675,1200.5995043802402,2755004
2018-02-09,1197.356201171875,1206.3413282673146,1167.1170643683188,1188.6128651932459,2102458
2018-02-12,1195.5828857421875,1218.1665402500576,1190.8485822756343,1200.0149996257692,1974562
2018-02-14,1173.221435546875,1198.4643118199856,1165.4450667672363,1196.6713390833852,2847532
2018-02-15,1178.8822021484375,1185.7922330682807,1170.5216215041403,1181.339952376668,2465236
2018-02-16,1181.782958984375,1208.597269110477,1177.7335986787832,1177.7335986787832,2515756
2018-02-19,1177.9757080078125,1189.9423997032786,1166.532733064257,1186.5981475592703,1568224
2018-02-20,1186.4970703125,1202.7347440939827,1179.707838118385,1179.748169411665,1889068
2018-02-21,1225.802001953125,1233.9812873930496,1192.6618734179792,1198.2825807115348,3089228
2018-02-22,1228.9847412109375,1240.5888396708751,1217.8238934411238,1229.7100158088701,3463010
2018-02-23,1239.2998046875,1244.6183223575358,1205.5754625674135,1228.9044620234652,3362500
2018-02-26,1221.5311279296875,1245.0011907155513,1217.30047283524,1238.977563373929,1363882
2018-02-27,1225.822021484375,1240.4076858223907,1221.6517658516261,1225.2780408821884,1717800
2018-02-28,1222.8809814453125,1234.5253169169612,1217.4012363004017,1222.8608157943106,2706864
2018-03-01,1223.9483642578125,1233.416971105886,1216.8167098375322,1228.5013736074955,1718124
2018-03-05,1251.4075927734375,1254.5502862393757,1222.0347016304665,1228.5015794051078,2858168
2018-03-06,1226.00341796875,1259.9292186368805,1220.9064275064218,1257.9146212294022,1906764
2018-03-07,1219.8182373046875,1244.617944410821,1216.212128586618,1236.9624763163552,1917772
2018-03-08,1210.35009765625,1230.8788279543041,1203.7220910879141,1230.8788279543041,1951826
2018-03-09,1222.498291015625,1234.2231913309233,1199.5721087550528,1210.7732923312922,1872436
2018-03-12,1229.7706298828125,1242.5633231475817,1223.0620600065304,1226.0839560533263,2091340
2018-03-13,1163.148193359375,1184.462598513621,1157.1849642597176,1178.499369413964,88067154
2018-03-14,1163.188232421875,1177.753830957804,1158.4136955028403,1165.6259150019807,3668668
2018-03-15,1156.2581787109375,1169.4941248839793,1150.5770722456396,1166.4520626977842,2348906
2018-03-16,1138.5296630859375,1157.1848564553843,1130.1892487316688,1155.895533670743,7197482
2018-03-19,1140.6651611328125,1147.5147929728894,1136.2330464127629,1139.8593220928035,3489940
2018-03-20,1154.303955078125,1157.6682738413629,1135.8300568770896,1136.232976372257,4024984
2018-03-21,1151.040283203125,1162.1407351171479,1148.3205765743962,1157.3862653368255,3907678
2018-03-22,1140.805908203125,1158.7760548260158,1137.2601977295558,1152.3293442809795,2326094
2018-03-23,1135.487548828125,1141.9141935440991,1127.3889259048801,1128.9804382550262,3654122
2018-03-26,1135.024169921875,1139.214493146931,1120.7406940955957,1135.830008878156,2964210
2018-03-27,1147.3939208984375,1153.5586093543318,1137.461993874904,1138.2476672811692,2494574
2018-03-28,1147.9779052734375,1158.3934123459592,1138.2474399573339,1142.6392225904517,6865654
2018-04-02,1172.354736328125,1174.107475579224,1144.2914312439932,1144.2914312439932,1662988
2018-04-03,1172.9993896484375,1180.5137989455511,1165.283520602136,1165.283520602136,1937290
2018-04-04,1172.8583984375,1182.1658787527954,1165.2432588115487,1180.332575252022,2841820
2018-04-05,1191.8155517578125,1194.1525042108367,1176.6658396587338,1179.1639205420336,1809424
2018-04-06,1188.7335205078125,1192.6418203127348,1179.1641815779385,1190.224303109398,1129018
2018-04-09,1178.0963134765625,1194.0519653867882,1174.5103691926734,1184.4624613950473,1235866
2018-04-10,1183.6165771484375,1191.5339074113165,1178.8217752076837,1178.8217752076837,1184532
2018-04-11,1214.4599609375,1218.8316775417509,1186.8399036011613,1188.8545014152799,3124416
2018-04-12,1264.8651123046875,1269.1964971760024,1211.9617592724035,1212.7877639681801,6114360
2018-04-13,1270.526123046875,1305.7815805184582,1261.9842490247072,1269.1964689769995,8179118
2018-04-16,1284.3662109375,1289.3221400990149,1253.3817430001377,1255.4970702205028,6270274
2018-04-17,1275.885009765625,1287.3077193008166,1268.0683119435691,1284.3663870886262,3301724
2018-04-18,1272.8629150390625,1286.7031395731003,1267.5242321537748,1275.6430199864385,2433066
2018-04-19,1285.777099609375,1296.2731769645343,1275.5429790680862,1281.2442532018836,4820952
2018-04-20,1370.91357421875,1378.9317321155252,1305.459314379897,1309.4885097946499,18465662
2018-04-23,1373.41162109375,1433.5473611435857,1365.715917066912,1379.596475247156,15185910
2018-04-24,1364.1444091796875,1387.3122811659587,1346.7584715497726,1373.955538664091,8314336
2018-04-25,1398.2313232421875,1403.3685466040024,1355.844213687526,1363.8824376269158,8196574
2018-04-26,1426.03271484375,1434.3932937327822,1396.9217835313361,1396.9217835313361,12135034
2018-04-27,1390.858154296875,1427.9469194374471,1377.984894039523,1420.2914478038942,4501330
2018-04-30,1423.15185546875,1429.9611549542624,1385.0759667273644,1390.8578019222439,3458558
2018-05-02,1410.1177978515625,1423.1925185278608,1398.6547554926885,1422.5075749167631,3158046
2018-05-03,1402.905517578125,1420.6943769090522,1398.292009893786,1414.1670996724997,3761550
2018-05-04,1402.462158203125,1409.0096005850255,1398.1307732427906,1406.9950029290562,2347244
2018-05-07,1378.367431640625,1406.189042542965,1374.3180710276933,1406.189042542965,3484426
2018-05-08,1386.5267333984375,1404.7790086558111,1368.596813454315,1383.9077563279477,2992820
2018-05-09,1405.906982421875,1408.1028739471597,1386.1235963081754,1386.1235963081754,2615050
2018-05-10,1390.5760498046875,1414.710890684038,1386.123769254289,1411.4069701598287,3858678
2018-05-11,1392.8726806640625,1404.1745934067517,1387.0505129993523,1391.7646519318191,2627876
2018-05-14,1383.4444580078125,1398.5337756716328,1374.2780381298148,1392.8929019005575,2433894
2018-05-15,1403.126953125,1408.5261339299948,1383.5047913913234,1390.072399503362,1952890
2018-05-16,1407.7601318359375,1413.8442544672237,1400.2457239490507,1402.1394255622258,1648450
2018-05-17,1406.9141845703125,1423.5748451544034,1400.5480374535402,1415.4358917682048,2968048
2018-05-18,1411.044189453125,1417.349839989172,1393.2955666243759,1402.482150473724,1874996
2018-05-21,1433.083984375,1447.286897272791,1417.4910188248464,1421.7820723101872,3446178
2018-05-22,1413.8038330078125,1440.416678857642,1407.679477846249,1433.5872147512177,1857416
2018-05-23,1408.243896484375,1428.3495389401876,1402.5626925390106,1420.2911494398197,1507298
2018-05-24,1452.001220703125,1456.554231473932,1411.165381699682,1414.2476770327805,2962316
2018-05-25,1444.7886962890625,1480.648530138903,1439.4500131597324,1460.5831202884478,3769772
2018-05-28,1411.044189453125,1457.1583044236713,1404.577312103116,1457.1583044236713,3716798
2018-05-29,1419.68701171875,1427.9468623616433,1405.3833679225202,1422.2656574498953,3525312
2018-05-30,1415.8995361328125,1423.5146757753396,1403.1672398493124,1413.8647728664048,3779106
2018-05-31,1414.680419921875,1429.3062186321035,1402.53282203613,1408.951942418684,5049371
2018-06-01,1407.69287109375,1428.047153266259,1394.570354981363,1425.2032471288867,1603856
2018-06-04,1417.2808837890625,1421.1404705444002,1391.563827992297,1417.8902922241157,1681483
2018-06-05,1398.87646484375,1423.4966006420527,1390.3854152617314,1417.0774798351058,2449568
2018-06-06,1402.24853515625,1409.6833364491736,1393.6761518359167,1400.0140379975192,2236512
2018-06-07,1410.211669921875,1421.1403539521998,1400.6642718893202,1401.6392856303858,2414762
2018-06-08,1419.5963134765625,1427.8843259395837,1409.7645459904502,1409.7645459904502,2582138
2018-06-11,1421.7093505859375,1432.516234228776,1416.2653410441048,1419.5967543094464,2179378
2018-06-12,1447.141845703125,1450.392023907961,1424.3905982692747,1427.6407764741105,4608875
2018-06-13,1482.1622314453125,1488.2969813868667,1460.9548422819555,1475.5806415928982,5370983
2018-06-14,1452.4637451171875,1488.8251060964815,1449.579172895208,1486.9562143487842,3819998
2018-06-15,1495.1224365234375,1500.8508153130065,1453.3169655721665,1462.579992025841,9183574
2018-06-18,1486.1436767578125,1517.792240805985,1480.5777675708325,1517.792240805985,4674987
2018-06-19,1482.4873046875,1494.269198860133,1479.6433991975541,1480.577845124618,3245034
2018-06-20,1480.8216552734375,1492.075475727513,1477.6933788473748,1488.5814947710944,3107695
2018-06-21,1478.302734375,1488.5814415683185,1476.880781578742,1488.5814415683185,2910659
2018-06-22,1470.54296875,1484.5186934578328,1462.214388231148,1484.5186934578328,2949458
2018-06-25,1478.2215576171875,1480.7404256887664,1467.4553431670417,1472.249375476694,2083217
2018-06-26,1504.8323974609375,1512.1452978805642,1479.6435182377793,1481.2686072199185,4679712
2018-06-27,1509.707763671875,1531.76836789243,1504.2230879965332,1511.3328527608653,4081208
2018-06-28,1497.27587890625,1520.2709305180294,1483.9502269572722,1515.3956629696017,4888125
2018-06-29,1501.3787841796875,1517.3453000849163,1496.9504572608575,1499.0630526791292,3506276
2018-07-02,1504.3043212890625,1509.5452931089815,1495.9757397153203,1504.8324950800325,2650290
2018-07-03,1522.7490234375,1527.5023888111675,1508.935767268261,1511.2920669117902,3242233
2018-07-04,1516.330078125,1527.5025660286801,1509.017176951682,1527.5025660286801,2700614
2018-07-05,1527.8272705078125,1533.6775504956108,1513.0389029587166,1521.8956567302141,2472571
2018-07-06,1554.3568115234375,1560.897833791912,1528.9242306415454,1529.899244272381,3713781
2018-07-09,1530.021484375,1563.6608507091291,1524.7399444661112,1563.3358130310673,6151747
2018-07-10,1523.6021728515625,1542.9407716359678,1520.0676241123601,1542.2094617481007,5303302
2018-07-11,1608.7568359375,1623.4638711893413,1539.0811467710905,1543.8345121420161,22903802
2018-07-12,1601.8094482421875,1617.694731583203,1592.9933609811794,1612.0881551576945,6921701
2018-07-13,1609.7318115234375,1623.382598140494,1603.9627656890175,1604.7753101498529,4148185
2018-07-16,1616.3133544921875,1621.8386963391056,1606.7659573569247,1616.9634297168438,2582159
2018-07-17,1630.1142578125,1635.6913837681695,1612.8942913114704,1619.4077462990988,3315492
2018-07-18,1628.5667724609375,1637.8891121808804,1622.7047045984918,1632.4341351251992,2013869
2018-07-19,1613.2196044921875,1636.8715227203725,1603.937913440481,1630.0731255535768,1746318
2018-07-20,1625.59521484375,1628.3634525906377,1615.3365449699124,1616.069328401062,1934995
2018-07-23,1632.9635009765625,1636.4644225565532,1616.9648111399163,1629.1775362995834,2086201
2018-07-24,1627.54931640625,1640.5762243914926,1615.4587373099307,1640.5762243914926,2038423
2018-07-25,1613.3013916015625,1629.9921201041273,1602.6356288749719,1629.9107217937972,1535492
2018-07-26,1599.622802734375,1616.1507315831143,1591.8066780157892,1607.9681654541369,3503036
2018-07-27,1582.565673828125,1599.5820911759656,1579.756786727936,1596.488160971844,2033977
2018-07-30,1583.257568359375,1591.480782895754,1572.632557783811,1581.9548976366407,1579251
2018-07-31,1579.675537109375,1585.2120132743446,1569.742558599351,1581.1411041493463,2204803
2018-08-01,1609.230224609375,1613.3418821909443,1587.4916116969662,1587.6136594492061,2425180
2018-08-02,1586.3515625,1616.1505913086114,1583.5833249850123,1612.0796830181614,1509287
2018-08-03,1611.6319580078125,1613.7489099793806,1592.946527380271,1592.946527380271,1505131
2018-08-06,1608.45654296875,1627.5083134121062,1605.7697038614021,1625.9206990042946,1532249
2018-08-07,1601.7802734375,1611.3876568075384,1596.2031489282651,1610.614124595913,1353521
2018-08-08,1607.194580078125,1610.6956009345759,1597.424400260021,1605.5662167751077,1315062
2018-08-09,1607.479248046875,1612.7307784307534,1600.680852300392,1612.0793934663154,2060297
2018-08-10,1622.7454833984375,1625.5137209825768,1605.6070186999639,1612.8531561280483,2784105
2018-08-13,1628.4852294921875,1631.8233539335947,1620.221266971612,1626.571922747866,3559575
2018-08-14,1631.25390625,1648.3923726786486,1614.0339421353517,1621.8500671598424,3311765
2018-08-16,1635.2838134765625,1644.6876511133544,1624.2923614068918,1628.6075638262437,2152065
2018-08-17,1638.744140625,1646.1939227117573,1631.6200510806111,1639.6397205759556,1213731
2018-08-20,1636.464599609375,1647.9038931682044,1631.3759635756294,1647.9038931682044,1587032
2018-08-21,1642.7335205078125,1647.9035537758243,1631.619921821518,1636.6271585249476,1376866
2018-08-23,1656.9410400390625,1659.3021866787462,1644.8912113678537,1646.9266654732005,3046791
2018-08-24,1663.373046875,1665.8155917309105,1653.6028674513582,1656.9409922102882,1570533
2018-08-27,1669.80517578125,1676.4001270878853,1656.8597662087648,1663.3732198351381,1532702
2018-08-28,1684.704345703125,1686.9840936928017,1670.7004634448017,1673.1430079820016,1987983
2018-08-29,1686.9842529296875,1690.7295677501663,1665.4898390959602,1687.3913437243134,1525867
2018-08-30,1695.4522705078125,1697.5692229096396,1681.6926762205567,1683.7281309242853,2408020
2018-08-31,1692.1951904296875,1703.2681412209804,1688.6128704074154,1695.370618370859,2504554
2018-09-03,1671.4332275390625,1701.6394426091713,1667.7694105573682,1697.405738296394,1439711
2018-09-04,1708.885986328125,1713.6490290498161,1674.7311018552086,1677.0515993401023,4420803
2018-09-05,1692.8873291015625,1715.684417097159,1689.4678056571895,1709.7815996697277,1681106
2018-09-06,1689.6710205078125,1694.7189063928422,1677.4582971852603,1689.4267262864028,2238097
2018-09-07,1693.3758544921875,1696.7546289698896,1681.610770141898,1692.928014811151,1312182
2018-09-10,1694.1085205078125,1704.4078391881626,1688.8163396195266,1697.0802041120746,1530539
2018-09-11,1666.019775390625,1700.8260529216936,1662.722298816915,1700.8260529216936,3679745
2018-09-12,1664.1466064453125,1684.460399623001,1660.9306285616408,1670.9858518278138,2307661
2018-09-14,1681.610595703125,1686.617931803759,1643.1406145231717,1664.1871889878319,3642038
2018-09-17,1688.73486328125,1691.7067456978882,1672.777021512128,1685.3560887967326,1033857
2018-09-18,1685.9669189453125,1692.5211220215474,1675.260508060887,1687.7988279481506,1456507
2018-09-19,1691.7880859375,1700.8255823762865,1682.7915371137751,1686.9029957056869,1301268
2018-09-21,1712.3458251953125,1726.8790451845039,1669.1942036041862,1691.0550574484746,4508530
2018-09-24,1789.9378662109375,1799.748796259927,1708.2753952119647,1721.9944374981885,3032226
2018-09-25,1777.5216064453125,1800.8885835673805,1753.5847418373105,1795.189311158347,2868778
2018-09-26,1744.09912109375,1790.3854268503528,1738.3592995500296,1780.615247167677,1970951
2018-09-27,1782.1214599609375,1799.0970269159445,1738.9290866824708,1743.8954751365973,3311802
2018-09-28,1777.92822265625,1783.0576062098946,1757.6959302707537,1773.287427545731,2904371
2018-10-01,1836.427490234375,1853.036716654167,1783.3428855472928,1783.7905264422086,3772208
2018-10-03,1760.95263671875,1835.9793866915963,1755.0498205087658,1832.1527731793926,3902322
2018-10-04,1681.1226806640625,1755.9051624101398,1674.242883962389,1755.864612338569,4762419
2018-10-05,1711.939208984375,1726.0653421196794,1645.3799490707202,1669.0726185591238,3417624
2018-10-08,1691.5030517578125,1727.8561813094893,1667.565993043632,1711.9388910023602,2010154
2018-10-09,1703.1051025390625,1716.009761572836,1671.6776134185347,1693.7827630183383,1867130
2018-10-10,1663.86181640625,1714.626029006888,1651.9747826481196,1709.7816873144657,2749573
2018-10-11,1612.0394287109375,1638.9481805206617,1580.327083154796,1616.1510871006028,4700256
2018-10-12,1561.844970703125,1610.4515839104677,1549.3879495357025,1610.4515839104677,9373289
2018-10-15,1587.247314453125,1592.1731537733363,1563.2289529366506,1579.512587863074,2638151
2018-10-16,1597.668701171875,1605.4848251814656,1575.441502238049,1594.1676803008268,2815425
2018-10-17,1570.8824462890625,1619.4076635910776,1563.2291171919906,1603.938208785532,2779207
2018-10-19,1557.6923828125,1570.5564933789678,1522.5605220998796,1570.5564933789678,3428776
2018-10-22,1549.3875732421875,1559.9719339632322,1536.319918904706,1558.3435707753792,1778496
2018-10-23,1504.2279052734375,1548.5718690651988,1498.8021725357062,1540.4129024210197,2752811
2018-10-24,1508.1851806640625,1528.990548317259,1477.6706215200197,1511.0816540388053,2735913
2018-10-25,1511.8568115234375,1531.3567654932037,1489.052535181858,1504.5137401237014,2507233
2018-10-26,1467.8798828125,1512.5910663729073,1461.3527085465587,1512.5910663729073,2285970
2018-10-29,1526.5426025390625,1532.213044307867,1455.8451392685567,1475.7122023913357,2609483
2018-10-30,1545.9610595703125,1557.87313110551,1505.3293653181424,1523.2790921674643,2404883
2018-10-31,1581.3302001953125,1586.021606194119,1530.173417632877,1550.203721344748,2769190
2018-11-01,1579.3719482421875,1586.3886395483983,1551.2643483459342,1585.8175517292075,2769759
2018-11-02,1561.177490234375,1594.751659132017,1554.283203004635,1578.1073466450555,1818635
2018-11-05,1542.73828125,1572.5185113013956,1537.7613312155584,1558.3627232374142,1713366
2018-11-06,1576.8834228515625,1580.7997666282356,1542.860572229158,1545.3082621903886,1398710
2018-11-07,1584.5936279296875,1590.182499813169,1580.391740450543,1582.8394302911995,144530
2018-11-09,1557.709716796875,1600.7482615604024,1554.2829909861568,1599.9731996450676,2570479
2018-11-12,1562.319580078125,1587.8163487544814,1557.1386566024398,1557.1386566024398,2552008
2018-11-13,1578.7188720703125,1582.0232926905435,1552.6510190768975,1562.4417769481129,1418432
2018-11-14,1534.4161376953125,1574.5990498801773,1525.7268179836994,1570.6011361596907,2422318
2018-11-15,1528.0521240234375,1549.3878427783109,1515.6096992723214,1520.8314581036184,1829123
2018-11-16,1539.270751953125,1550.040648554564,1525.9308603278403,1541.22892402582,1829729
2018-11-19,1552.202392578125,1556.200305697739,1521.0760180534683,1549.3875892452102,1740628
2018-11-20,1532.4578857421875,1551.8354312161005,1529.1534644647745,1551.8354312161005,1190182
2018-11-21,1478.4051513671875,1526.5839021265606,1467.43137813422,1526.543067443713,3840461
2018-11-22,1478.8533935546875,1507.4505090733162,1476.7319827583317,1484.9317832683769,3194219
2018-11-26,1506.226806640625,1517.5677901530564,1455.9675922194242,1484.1160270367793,4333177
2018-11-27,1542.2486572265625,1548.4902865773565,1497.4559107992152,1512.6724033847622,3344839
2018-11-28,1618.65771484375,1622.8187686902666,1535.9257576970472,1541.2290870064924,5313249
2018-11-29,1599.60595703125,1629.345345251857,1584.9198197180135,1629.345345251857,4035441
2018-11-30,1605.8885498046875,1624.4501982274269,1599.034998160017,1604.052782378263,5268901
2018-12-03,1617.4332275390625,1623.6340209661178,1605.9291069078465,1618.738642008431,1610576
2018-12-04,1640.6458740234375,1647.6218307098504,1608.1324101555265,1617.9231706435357,3270615
2018-12-05,1637.3006591796875,1646.4794968105691,1619.55490642665,1636.688736670962,2501539
2018-12-06,1625.83740234375,1645.6637330667027,1615.1491749139848,1630.1616949267584,2321216
2018-12-07,1627.876708984375,1634.975068519266,1609.7638459442271,1619.5954389221179,1680420
2018-12-10,1612.0484619140625,1640.7679809664721,1599.1572564367407,1611.395704827838,2010786
2018-12-11,1631.7933349609375,1639.952301635742,1599.9733649291993,1607.3164349365234,2942014
2018-12-12,1645.500244140625,1649.742866470891,1619.5138586783107,1632.6906082185828,2219993
2018-12-13,1617.5966796875,1656.025392014432,1610.9879367364717,1651.37482094435,3748429
2018-12-14,1623.430419921875,1630.9366295432937,1611.5999180553756,1617.9231173288495,2473761
2018-12-17,1627.1429443359375,1635.7914300514778,1619.5550646477454,1630.9776192598706,1227921
2018-12-18,1621.880126953125,1633.4250844071225,1612.5381502001892,1625.1845482063384,1768742
2018-12-19,1606.0517578125,1619.391748024389,1599.1983054721945,1619.391748024389,2498833
2018-12-20,1594.302978515625,1611.3144047063581,1587.7349702747035,1594.099004341643,1940277
2018-12-21,1546.777099609375,1590.9986636527058,1539.230054666407,1589.3668701515235,3729956
2018-12-24,1565.2977294921875,1581.942041140307,1554.2831246716796,1554.9358818330802,1864116
2018-12-26,1541.3919677734375,1567.9902792146397,1525.9307655285886,1567.9902792146397,2446614
2018-12-27,1557.5057373046875,1584.2263503125955,1527.4399682365136,1557.5465719724075,4968201
2018-12-28,1546.9808349609375,1566.5215192820292,1544.4923104171255,1562.4420361588989,2239130
2018-12-31,1544.533203125,1557.5467149380836,1538.9034962841852,1556.7308182827992,1879740
2019-01-01,1552.48828125,1558.3626976537585,1537.9652801452014,1546.9401438489665,1094883
2019-01-02,1569.2142333984375,1578.311402334442,1550.2037995962596,1554.2832832794077,2100463
2019-01-03,1550.1629638671875,1586.8783169905673,1544.574091144427,1565.7058365281262,2611668
2019-01-04,1531.3153076171875,1551.1823672329726,1502.0654383646863,1550.2033312834894,4280862
2019-01-07,1548.49072265625,1557.384018649074,1534.702045338582,1543.5137715620162,1856423
2019-01-08,1544.941162109375,1555.4254142827472,1536.5782213350228,1554.6095176218348,1691756
2019-01-09,1539.5560302734375,1565.7055558150419,1523.0341243301052,1556.2411752927796,2414376
2019-01-10,1540.8614501953125,1554.2829084373461,1527.4398923565332,1542.0444603394142,3053461
2019-01-11,1503.3304443359375,1529.8062513539994,1497.1703846584476,1525.7267680170555,9209862
2019-01-14,1479.42431640625,1510.2244090268682,1476.7726528031505,1509.4085125336069,3615370
2019-01-15,1523.9317626953125,1525.1963427115534,1475.1411044676897,1476.7728977248441,7711653
2019-01-16,1525.84912109375,1529.8061998780831,1506.9610939599038,1525.7267166784081,2359280
2019-01-17,1548.8662109375,1551.8914599500738,1530.0603607905812,1535.53854677884,2625816
2019-01-18,1554.0579833984375,1556.9605651192144,1533.9030012925396,1537.9912289079248,1683728
2019-01-21,1560.6400146484375,1579.6911958055955,1549.8062111575346,1555.1618294110988,2409803
2019-01-22,1555.0799560546875,1568.448439670701,1545.3499548951518,1559.3316726202504,2457093
2019-01-23,1533.5758056640625,1558.5139922078865,1528.9970110475717,1554.3440203216223,2578169
2019-01-24,1554.7938232421875,1557.8190716346105,1533.0852955333391,1541.0982612687565,1962927
2019-01-25,1570.5335693359375,1582.144095903743,1554.3441479653827,1555.1617934929814,2327080
2019-01-28,1598.4970703125,1604.220589234335,1574.3765262847664,1580.5088679867326,2769033
2019-01-29,1621.1864013671875,1626.3376072620838,1583.492968749217,1604.2202594792193,2557626
2019-01-30,1620.08251953125,1626.7054269167932,1598.2105063771792,1618.6107179743633,2429575
2019-01-31,1646.8194580078125,1651.4391741371423,1623.0259985949883,1624.6612892736734,4094319
2019-02-01,1659.779541015625,1663.7042795719615,1633.7375502616812,1643.058729475295,3064163
2019-02-04,1676.3775634765625,1680.6292798407644,1654.0967252350133,1659.7793211193145,1590764
2019-02-05,1671.717041015625,1680.261396025089,1658.1849689240296,1676.173168784152,1111404
2019-02-06,1696.450927734375,1706.3035959590857,1668.8553920376346,1676.0914349591562,1789812
2019-02-07,1703.07373046875,1715.379335156047,1690.0732468794095,1696.4099994983333,1339945
2019-02-08,1685.494140625,1708.4700561165791,1676.990708348937,1696.6141978664282,1684474
2019-02-11,1689.1737060546875,1713.7849146872709,1675.2737329870902,1684.3496776029474,1778730
2019-02-12,1677.481689453125,1692.5262877179755,1650.0087191376206,1692.5262877179755,2422903
2019-02-14,1671.7579345703125,1696.61437721542,1662.3141891278597,1684.390617168735,1724085
2019-02-15,1659.5748291015625,1677.808361452748,1644.243977845598,1675.3554252517936,1930065
2019-02-18,1611.0067138671875,1669.590924831585,1604.751706819082,1666.0341874309684,2942184
2019-02-19,1557.4512939453125,1611.579389792005,1546.985390911453,1610.761744236555,4408554
2019-02-20,1565.5867919921875,1581.1629793963493,1538.2365887032615,1565.7912033764403,4645778
2019-02-21,1565.136962890625,1586.2322565356594,1551.1144225328453,1565.5867078359042,4683919
2019-02-22,1574.4989013671875,1578.0556389333071,1557.696248292795,1567.589737776911,2271955
2019-02-25,1623.1494140625,1627.114975825448,1578.4650556939837,1580.100347126974,2934880
2019-02-26,1666.933837890625,1672.2077112421669,1612.6013344386542,1622.2086690461606,6453309
2019-02-27,1682.79638671875,1696.5735944673547,1653.2793025082626,1667.996922411897,4732082
2019-02-28,1621.759033203125,1693.6301971297414,1616.9758266770887,1684.3498402491023,8454295
2019-03-01,1631.529541015625,1639.3789163638512,1619.2239386519968,1631.2433851069825,4148548
2019-03-05,1625.56103515625,1641.0145554159376,1616.1581116947236,1639.3792643791505,2449622
2019-03-06,1634.9639892578125,1647.5557504390983,1623.0673066283823,1626.5423001466781,2635047
2019-03-07,1646.1656494140625,1654.9553381350763,1635.4544140081723,1639.3791521518826,2539884
2019-03-08,1653.851806640625,1662.273596710384,1643.5086690769358,1655.73243154871,2031071
2019-03-11,1647.392333984375,1662.273443430881,1638.2755659189042,1658.9211165566956,3111689
2019-03-12,1645.4705810546875,1655.5685824259406,1637.7438713113377,1646.7788936508048,2658550
2019-03-13,1635.7000732421875,1648.2918358325467,1617.7936140879322,1645.9206435573724,1833163
2019-03-14,1624.988525390625,1641.668511897274,1619.7555747479191,1639.3381426053572,1905495
2019-03-15,1667.9559326171875,1691.6676526121369,1627.9322244808443,1634.3916440277242,5184318
2019-03-18,1653.9332275390625,1688.110846681223,1644.2849714720696,1670.4496254189153,2349915
2019-03-19,1653.9332275390625,1659.8202347530091,1631.2843890801842,1659.8202347530091,2373993
2019-03-20,1647.5966796875,1671.9216344196216,1635.2910744283283,1658.185149470325,3091165
2019-03-22,1639.91064453125,1648.3732551200421,1621.6362883762672,1647.555609656193,3148149
2019-03-25,1622.413330078125,1641.668924455215,1616.648888502491,1641.668924455215,2429205
2019-03-26,1621.1051025390625,1631.1620837422072,1600.9910403225172,1622.2089041599831,2316539
2019-03-27,1609.04443359375,1633.6555406454313,1603.4026602631084,1630.3849589824774,2266166
2019-03-28,1635.5360107421875,1647.2282791981524,1613.0507639304606,1618.9377704443511,4054489
2019-04-01,1661.1695556640625,1667.9559536551715,1642.0366303613166,1643.467510034232,2095740
2019-04-02,1700.130126953125,1705.6083112309734,1665.543686470514,1665.6254310487957,3719663
2019-04-03,1700.130126953125,1708.551914530946,1682.7960843277938,1704.7906658276986,2939886
2019-04-04,1647.1468505859375,1700.457296965243,1641.341587530284,1699.1899065231974,4397518
2019-04-05,1674.7833251953125,1679.7708429957183,1650.6627828355502,1658.7165710851511,3152103
2019-04-08,1693.1392822265625,1696.6142753205927,1662.0278335429757,1683.5319483783614,2194294
2019-04-09,1710.10546875,1715.4201642063113,1682.4280902562516,1692.526091471432,2690970
2019-04-10,1668.2015380859375,1705.2000037633734,1664.7265440720346,1703.1558896375482,3313062
2019-04-11,1651.2349853515625,1680.2613988103299,1646.4517794337846,1672.0849443149023,3422442
2019-04-12,1647.1468505859375,1667.1791652244856,1641.0145093700553,1666.3615197290349,3198471
2019-04-15,1727.929931640625,1733.2446263343068,1668.8141338160463,1692.5258486032415,9189201
2019-04-16,1743.0565185546875,1762.8025752854173,1729.7697806910292,1733.4082628280619,5771952
2019-04-18,1757.9788818359375,1762.0261874468083,1728.6662085677992,1757.8561152292452,3413728
2019-04-22,1767.2996826171875,1779.1964636007435,1754.340122266273,1756.3023914588223,2007135
2019-04-23,1762.0667724609375,1770.6111270311774,1744.896218931658,1768.567013515787,2163524
2019-04-24,1785.288330078125,1794.7321771301802,1762.9258416297018,1764.479288495184,3003071
2019-04-25,1794.7315673828125,1802.908020992757,1772.696064828102,1778.3786601629236,4211526
2019-04-26,1830.3406982421875,1834.7559048762644,1793.219466192893,1801.273355643045,2716958
2019-04-30,1848.164794921875,1853.5611346003466,1823.4310224393041,1830.340085902907,3488395
2019-05-02,1811.4114990234375,1847.387895823271,1807.8957835779993,1843.7903359914696,2457699
2019-05-03,1743.22021484375,1787.4139942670515,1737.4966963147133,1786.5554265635992,3780886
2019-05-06,1764.356201171875,1770.2022859169047,1724.0053209495582,1725.2317890460363,2891422
2019-05-07,1759.532470703125,1786.0243088445047,1748.7805105342543,1766.1554801435987,2201698
2019-05-08,1760.2681884765625,1772.6554379108184,1741.911887368231,1758.7554644585655,1824895
2019-05-09,1776.37548828125,1785.819332227584,1746.5723544728055,1753.8493184166568,2264162
2019-05-10,1746.32763671875,1792.2792827857775,1738.1921023437128,1778.379306596289,2039633
2019-05-13,1740.5628662109375,1771.837806731228,1734.7575032857749,1744.037859602081,1701744
2019-05-14,1710.8004150390625,1765.950556780861,1694.44750720633,1745.6729111441816,2456110
2019-05-15,1713.2943115234375,1736.6790528172878,1704.382055366119,1714.60262417978,2346876
2019-05-16,1724.2099609375,1736.6790549051573,1698.2906383189918,1713.7849807350326,1946529
2019-05-17,1713.3350830078125,1745.672999813701,1708.8789553211404,1727.3578219589242,1947908
2019-05-20,1752.9912109375,1759.0826306178296,1676.1734481990165,1737.4968670355659,2625116
2019-05-21,1725.02734375,1756.8745914377412,1719.140336926846,1756.3432017879077,1863157
2019-05-22,1702.1337890625,1735.0031034414174,1696.6146810638586,1725.2322780938514,2595795
2019-05-23,1679.4847412109375,1729.6064491513346,1676.1732370867435,1715.4202201990186,2541294
2019-05-24,1674.53759765625,1692.525794506073,1661.6596840023994,1692.525794506073,2274208
2019-05-27,1680.3841552734375,1691.6677036736469,1668.0786497562913,1680.0980991061222,2329820
2019-05-28,1695.592529296875,1715.0116119108839,1672.0852187641276,1684.3499025203437,5872979
2019-05-29,1723.2288818359375,1736.4337773367843,1698.331615296979,1700.702707492883,3281320
2019-05-30,1754.912841796875,1763.293709438489,1728.8298266326174,1735.8616588435427,4971725
2019-05-31,1795.9993896484375,1802.8675324847595,1759.777651519067,1766.1144045910953,4265370
2019-06-03,1833.40673828125,1837.7810223961217,1787.086996040084,1799.637935639337,3682419
2019-06-04,1799.447265625,1833.159516160742,1792.7706599143946,1833.159516160742,2408658
2019-06-06,1785.4345703125,1812.5527183002105,1773.81239189725,1812.5527183002105,3735467
2019-06-07,1798.333740234375,1804.969090030709,1765.6518302163786,1791.945709301951,2659446
2019-06-10,1839.3419189453125,1842.9275416074888,1801.4258408491958,1810.6575413558373,2080593
2019-06-11,1856.89794921875,1866.0883923771958,1838.928992771474,1843.874566037556,3048937
2019-06-12,1863.5740966796875,1868.5196692671723,1829.0375952714314,1850.4684098171986,2404448
2019-06-13,1857.969482421875,1883.4391035909607,1848.8613449779011,1866.1295976060985,3320916
2019-06-14,1858.2994384765625,1865.3881750680252,1841.4020605706987,1860.5661599029588,2131408
2019-06-17,1853.9312744140625,1864.4818752284204,1847.5432396956626,1859.5362999625625,1489497
2019-06-18,1855.2906494140625,1862.8325680336488,1839.0937764770158,1849.6443728617292,1877447
2019-06-19,1862.750244140625,1876.0209473291884,1848.9438509649817,1858.711439467188,1652817
2019-06-20,1877.6285400390625,1882.61536792897,1823.2684736685123,1838.1051972336268,2199377
2019-06-21,1854.4664306640625,1889.621133748494,1847.995891761886,1883.4391671168196,3871804
2019-06-24,1875.60888671875,1879.3180671143705,1855.2496479055274,1858.0108059029399,1382424
2019-06-25,1869.2620849609375,1874.7433487638411,1855.0023069178524,1871.0754217745055,1386077
2019-06-26,1858.0517578125,1868.4375417295983,1854.5898969187615,1866.9538295648865,1762224
2019-06-27,1856.69189453125,1866.1296566554074,1847.4189446030816,1858.7112967128726,2813464
2019-06-28,1835.796630859375,1864.4397407376762,1831.9226389791256,1862.8324697830478,2372928
2019-07-01,1845.9766845703125,1858.7114969295874,1818.8172818800986,1842.2262508370854,2769940
2019-07-02,1856.3209228515625,1860.3597270104447,1826.935855602314,1850.3860742091238,1771746
2019-07-03,1844.4107666015625,1861.8440379324004,1839.7537643144108,1856.4038253392423,1656881
2019-07-04,1848.531982421875,1856.2389163210462,1838.187650337876,1841.4021931888176,984140
2019-07-05,1782.9619140625,1854.5902295447727,1763.9213738781393,1852.1174425720462,4088470
2019-07-08,1793.0997314453125,1804.1449645707592,1757.4093427158004,1771.3392920190904,2788062
2019-07-09,1758.4398193359375,1792.2756211660103,1734.7010280733914,1791.945996785151,3977224
2019-07-10,1737.7098388671875,1753.9067147195465,1707.2946387718027,1714.4656809400885,6343581
2019-07-11,1733.052490234375,1754.854184691325,1719.4521642374718,1754.0299225096944,2400346
2019-07-12,1737.2154541015625,1747.2301614176513,1725.263649718708,1732.68201105979,1560725
2019-07-15,1768.6197509765625,1775.1315445291712,1729.302475643112,1751.5575599340386,2900415
2019-07-16,1739.950927734375,1761.8448971479368,1734.9938025841345,1756.4746782351763,2735399
2019-07-17,1749.2454833984375,1755.648436519863,1728.4669484674107,1741.6032490277041,1802969
2019-07-18,1706.86181640625,1748.3777332007312,1701.9460417240055,1748.3777332007312,3072096
2019-07-19,1715.9498291015625,1732.5149263205335,1704.0114618674775,1715.9911788115155,1953177
2019-07-22,1743.1727294921875,1749.4104847567394,1709.216548085204,1715.9912444819865,1920167
2019-07-23,1745.2794189453125,1759.7790472106924,1736.976195775745,1758.043973101507,3538588
2019-07-24,1732.3499755859375,1752.1784754170487,1715.578329137603,1743.2556101518626,2413196
2019-07-25,1758.0443115234375,1763.9103234923664,1728.838704239993,1742.3467489256132,2544464
2019-07-26,1742.470947265625,1759.6143394652797,1730.8629714832227,1759.6143394652797,1720592
2019-07-29,1759.779296875,1769.6935464348592,1737.720131945498,1743.91653792041,1647090
2019-07-30,1800.386474609375,1805.2197523403509,1751.8893069586277,1759.7794382082138,2851672
2019-07-31,1822.3211669921875,1827.278290465008,1773.9478634287402,1794.2721503496523,3000677
2019-08-01,1801.130126953125,1832.070808954828,1789.7286989395245,1817.6125274861877,2375236
2019-08-02,1821.9912109375,1825.8742515838476,1789.1089103189238,1795.3053161500907,2500816
2019-08-05,1857.7650146484375,1860.7805178889514,1813.9770837135438,1817.5295280661812,3039682
2019-08-06,1829.92236328125,1860.5326463190997,1827.0720571365064,1844.7112385361122,2885467
2019-08-07,1828.72412109375,1849.4201519673259,1823.6018005047488,1842.3975603695048,2165362
2019-08-08,1865.6136474609375,1884.5332561985508,1833.2269435083356,1841.488816617492,2073298
2019-08-09,1855.823974609375,1873.7108562198293,1851.7757358813724,1867.184054587507,1744550
2019-08-13,1817.157958984375,1855.8235722498978,1812.9031742701552,1854.7908379303376,1647281
2019-08-14,1821.2474365234375,1832.3598184953228,1790.6785025111826,1801.997431334502,1945002
2019-08-16,1788.7783203125,1851.8162540398241,1770.7260459504412,1851.8162540398241,3755507
2019-08-19,1787.04345703125,1806.0457684097607,1782.664623198496,1801.0886437023232,974884
2019-08-20,1806.6658935546875,1821.7438185837823,1789.9355931799385,1794.4796253804875,1843611
2019-08-21,1806.2109375,1819.2647393679838,1802.9475374594836,1805.1782032019937,1214408
2019-08-22,1830.831298828125,1847.0658007369038,1792.8266780040756,1806.8718639607896,2131601
2019-08-23,1857.021240234375,1867.1006854219686,1829.0960678544661,1829.96360490099,2826425
2019-08-26,1880.650390625,1885.3596183928632,1838.2669373024194,1856.4430598285555,2345475
2019-08-27,1847.7681884765625,1879.4525571214042,1841.571782747265,1875.4454674007586,3432106
2019-08-28,1850.04052734375,1860.6982663790136,1830.8316662247405,1850.6601680250085,1294621
2019-08-29,1845.2484130859375,1857.4346785891053,1835.9538038038604,1835.9538038038604,1670652
2019-08-30,1866.8531494140625,1872.1406681474725,1832.4836725291675,1851.4859829296054,2583625
2019-09-03,1860.243408203125,1897.091240815865,1848.1396432161112,1875.445173863986,2545060
2019-09-04,1855.1212158203125,1875.4455077318448,1844.8765721432642,1871.314570490145,2228092
2019-09-05,1830.253173828125,1861.937342819114,1823.6436739554688,1852.4775364675604,2055943
2019-09-06,1815.54736328125,1845.2901187206696,1811.499124473272,1830.8318348265072,1890550
2019-09-09,1803.4437255859375,1819.9674779729871,1800.9238130057201,1817.612762575448,1703945
2019-09-11,1779.60791015625,1813.4815983254266,1773.452853500843,1806.0459106785343,2627440
2019-09-12,1762.7532958984375,1788.6954963174085,1751.8063142235158,1780.4336233552033,2118859
2019-09-13,1769.652099609375,1782.8710982971168,1747.8408324569657,1763.9101373955696,2291174
2019-09-16,1776.3033447265625,1795.636053935622,1756.8052366322972,1784.5238710272451,2597948
2019-09-17,1753.70654296875,1781.7144158787405,1739.6202096531179,1780.3924354023293,2796530
2019-09-18,1766.8431396484375,1770.4782835981605,1745.8578582487453,1756.8048415158287,1454663
2019-09-19,1736.6044921875,1764.5710151858502,1727.5577808784556,1763.9100249524165,1652691
2019-09-20,1706.4490966796875,1759.2837520767066,1699.4678519702466,1739.0421563677758,6941979
2019-09-23,1665.4287109375,1734.167466803089,1631.7202224564558,1734.167466803089,6323401
2019-09-24,1689.3055419921875,1702.7724385920105,1663.115438566578,1664.7678135676376,4620978
2019-09-25,1725.4512939453125,1728.384299996341,1701.9876489489611,1706.0772368510727,4002232
2019-09-26,1724.7490234375,1740.7769794908318,1704.4247312242933,1733.258592916974,4234281
2019-09-27,1698.7655029296875,1722.7662923426528,1694.8411119454902,1722.601095168719,2046795
2019-09-30,1734.4154052734375,1738.2984460617627,1701.9461971897488,1703.4747246996926,2620039
2019-10-01,1701.9051513671875,1731.647905755159,1685.1748520239537,1731.647905755159,3342877
2019-10-03,1702.1524658203125,1719.4197005296041,1690.5032445065838,1710.2077923786176,2317618
2019-10-04,1717.932861328125,1725.0379519878234,1697.773767621887,1702.4418474838428,2163251
2019-10-07,1691.7841796875,1730.449796772031,1686.2487635291072,1718.4700774818928,2177916
2019-10-09,1668.98095703125,1701.945850718176,1665.1805155934387,1701.945850718176,2066920
2019-10-10,1656.0516357421875,1684.6378063706798,1649.9791772681604,1675.5083933732892,2881452
2019-10-11,1641.5106201171875,1648.244068437035,1590.4109432287178,1595.3680682465736,12593069
2019-10-14,1669.7249755859375,1679.4326789323673,1625.9370370871475,1648.244100095965,3510704
2019-10-15,1683.1917724609375,1691.2057505763182,1671.1293547202313,1678.8129385300824,2261310
2019-10-16,1690.7103271484375,1698.641707948809,1665.5942039031124,1683.7703311282455,3034082
2019-10-17,1715.6727294921875,1721.6283545970912,1688.93604190866,1701.3540265743582,3818774
2019-10-18,1737.974609375,1743.507646390046,1710.646422304936,1721.2059681216333,3087901
2019-10-22,1732.9482421875,1783.7186251195176,1723.3602975471028,1757.1085674869034,5552505
2019-10-23,1748.7454833984375,1760.3609847087134,1733.877559224826,1740.2132872122493,2348134
2019-10-24,1758.7978515625,1773.158833059408,1741.3112859291944,1760.4873787974302,2798671
2019-10-25,1795.0806884765625,1799.3467866603016,1752.9270598676942,1768.9352916744936,3954245
2019-10-27,1787.26611328125,1798.5015091899786,1781.4373275703538,1798.5015091899786,224405
2019-10-29,1854.1298828125,1859.9163910163045,1792.1663764587427,1792.1663764587427,5064173
2019-10-30,1903.083740234375,1909.1659977400086,1838.9239772665176,1879.5992676865128,5195136
2019-10-31,1917.3179931640625,1930.2429199927155,1889.7365387846546,1900.7184677091968,4879261
2019-11-01,1859.239990234375,1921.837050962153,1854.255967851396,1912.544652034424,4172620
2019-11-04,1853.3695068359375,1883.1474309317314,1842.34529794373,1864.3937157281448,2646411
2019-11-05,1860.0428466796875,1867.7723512542386,1832.292279452937,1855.9456606538047,2693475
2019-11-06,1848.7652587890625,1867.6035295419697,1840.740004067337,1858.480040820625,2540719
2019-11-07,1846.1041259765625,1862.2812656333895,1837.5296521088892,1862.2812656333895,1915598
2019-11-08,1799.3038330078125,1849.6940955347618,1794.2775318292925,1849.6940955347618,2788759
2019-11-11,1774.8067626953125,1806.9500719366274,1766.4014027206583,1803.57101616863,2983768
2019-11-13,1840.401611328125,1844.794339725522,1789.2088671924816,1789.2088671924816,3823365
2019-11-14,1855.7763671875,1858.479568948665,1813.4536363254665,1847.9200259432748,2995915
2019-11-15,1836.896728515625,1868.195270681219,1832.0816157765742,1855.1014308912308,2724180
2019-11-18,1818.4381103515625,1848.1314668029556,1815.1856881695123,1840.2328450700354,1611089
2019-11-19,1781.4376220703125,1820.1699115846911,1778.227478959832,1818.776134062004,2975313
2019-11-20,1781.2264404296875,1803.5703977863564,1769.357469865819,1792.5461908748468,2894129
2019-11-21,1789.2940673828125,1796.4745588003727,1780.2549308407392,1784.1409263396383,2052574
2019-11-22,1750.0972900390625,1779.9174962698935,1740.635975825399,1771.4698574646259,3742049
2019-11-25,1758.375732421875,1761.2901260892618,1733.6241134844977,1752.504665651689,2737010
2019-11-26,1728.9354248046875,1772.2294557394196,1719.1361877694555,1765.429273822161,6561580
2019-11-27,1735.39794921875,1750.0967537391389,1728.851031150906,1733.4549516407144,2907521
2019-11-28,1754.8701171875,1769.2731746132724,1740.2133831388724,1746.1690090235743,2924429
2019-11-29,1734.51123046875,1761.332480471128,1728.2177815589432,1761.332480471128,2064271
2019-12-02,1707.3096923828125,1746.7178359200682,1703.0435945114295,1740.2131967725916,3809860
2019-12-03,1732.6103515625,1741.9027522778524,1697.9750398052781,1712.9273160717537,4664774
2019-12-04,1755.8411865234375,1758.7978591974004,1727.9639870260723,1734.2997141845644,3334301
2019-12-05,1791.99755859375,1796.6437596711082,1747.2673549245064,1759.6430625704566,3902721
2019-12-06,1793.9403076171875,1797.6571854666206,1774.8485651622977,1794.2781306067209,1829461
2019-12-09,1740.59326171875,1797.6148094147732,1734.7221954634597,1797.6148094147732,2244747
2019-12-10,1700.382568359375,1740.931328494229,1692.272857580631,1740.2131968631472,4520045
2019-12-11,1724.923095703125,1730.0761338762002,1695.2296297148753,1710.9844940385951,4943024
2019-12-12,1707.18310546875,1760.1919283583677,1676.0113020593574,1732.6950329268784,7137306
2019-12-13,1749.7166748046875,1754.9118886510507,1695.440611385882,1708.9568295135223,5711133
2019-12-16,1796.601318359375,1804.4153831036206,1757.3620831351507,1770.6248328582344,5574177
2019-12-17,1828.8714599609375,1832.292794809439,1790.0546022135552,1796.3903311029378,6059673
2019-12-18,1831.2364501953125,1861.3944720410652,1818.7761860318337,1836.516223145939,8251081
2019-12-19,1883.020263671875,1889.313710975753,1831.067304483407,1841.4156581428986,6251505
2019-12-20,1877.825439453125,1897.9308599007834,1865.4497318121323,1875.375706837058,5548338
2019-12-23,1885.259033203125,1893.9178607843976,1866.9277028890467,1866.9277028890467,2247329
2019-12-24,1871.65869140625,1895.2697975307526,1867.8993276366298,1891.426081128821,1805896
2019-12-26,1860.1270751953125,1882.9779706862714,1854.4249211791025,1872.3338673595715,1880367
2019-12-27,1857.2120361328125,1880.7808487049037,1838.2048626904707,1865.2372871418013,2720261
2019-12-30,1844.2882080078125,1879.5993745853316,1839.135272792967,1864.3936268358773,2288830
2019-12-31,1826.1260986328125,1855.9463058327553,1822.5358520238963,1849.1881945689129,1909289
2020-01-01,1831.1104736328125,1844.8799614242748,1819.6216010830672,1831.4482967261324,1354908
2020-01-02,1822.7042236328125,1841.5424944487077,1815.5660119731094,1841.5424944487077,2380752
2020-01-03,1859.029052734375,1877.9096028982917,1828.0685473107976,1828.0685473107976,4655761
2020-01-06,1858.8602294921875,1880.4017036924106,1848.2584038826742,1862.70394554869,3023209
2020-01-07,1863.4217529296875,1870.8555071515375,1844.7946754672855,1858.9021854561104,2429317
2020-01-08,1905.1531982421875,1909.1658255303596,1860.2118138628832,1862.7038253515234,5197454
2020-01-09,1870.6025390625,1902.3655297156722,1866.9277345545934,1899.6623271853582,3734173
2020-01-10,1869.926513671875,1887.2018880957914,1865.238034429502,1882.1333064804937,1915807
2020-01-13,1850.3282470703125,1874.4883650709278,1845.555208435388,1873.5592487484832,2843893
2020-01-14,1864.3087158203125,1883.653926103317,1854.2561114256578,1854.2561114256578,2948452
2020-01-15,1881.2041015625,1884.6677150458122,1853.5803712813672,1869.4619692498352,2620681
2020-01-16,1891.25732421875,1899.8738741293057,1871.1519036000054,1881.246790228981,3117214
2020-01-17,1874.614990234375,1903.7170550523824,1869.4618497697436,1892.9040397069828,3281059
2020-01-20,1833.4326171875,1894.1287533168495,1821.4790894453859,1854.1713969393252,5817599
2020-01-21,1834.0242919921875,1847.1181294839687,1823.0423637732745,1833.0949694156698,1902980
2020-01-22,1864.3087158203125,1866.92756549007,1836.2626054059695,1842.4294209655397,1773686
2020-01-23,1855.03759765625,1877.728713064251,1848.8991541122455,1870.9976335544377,2069866
2020-01-24,1848.644775390625,1855.0372636860925,1837.2993230839143,1855.0372636860925,1319430
2020-01-27,1836.6646728515625,1857.1543330576778,1833.0662748524296,1853.9792759996194,1549101
2020-01-28,1848.9417724609375,1852.370875819301,1822.0596196157699,1840.6866231620277,1743024
2020-01-29,1824.260986328125,1851.651022997194,1820.3661667294791,1850.000034559959,2306761
2020-01-30,1810.0784912109375,1833.0658158717151,1799.1985490657712,1828.832407520972,2098567
2020-01-31,1760.294189453125,1815.5825633852219,1753.9864501243133,1811.3913222700005,3287223
2020-02-03,1780.14892578125,1858.212965750666,1772.2747417474332,1822.0596852705114,4728073
2020-02-04,1784.593505859375,1809.1049018296153,1766.686269056046,1802.5854935237146,3509339
2020-02-05,1817.4449462890625,1826.0386842874132,1781.6726385235697,1790.7320928761392,2439322
2020-02-06,1802.035400390625,1840.8556392361354,1791.1554559207095,1816.1325705270253,2640065
2020-02-07,1808.97802734375,1821.2125379186132,1794.1187205251238,1811.0523563960546,2083442
2020-02-10,1830.483642578125,1834.7594269315478,1794.1187012773187,1812.6609496732926,2383032
2020-02-11,1823.2452392578125,1841.3643610960692,1818.3346482089319,1831.3734704930407,1335820
2020-02-12,1837.934814453125,1850.0000320534737,1820.3661642631434,1821.2975970774796,1620407
2020-02-13,1855.884521484375,1860.160306817816,1838.146575376185,1839.7975638924138,1645948
2020-02-14,1849.3223876953125,1872.8601836051105,1838.1462290265347,1852.5398199493588,1500115
2020-02-17,1865.4522705078125,1877.0941489689415,1854.403028153716,1860.1181321255428,1774724
2020-02-18,1876.03515625,1880.4802356002483,1850.888748696194,1862.6575427683215,2486223
2020-02-19,1859.6102294921875,1888.1009981936918,1854.6570567458664,1876.0357788106155,1760463
2020-02-20,1826.1241455078125,1874.892914471698,1821.4250181226416,1866.5108436729172,2317278
2020-02-24,1791.0286865234375,1844.877532741083,1783.7047638719052,1825.4462239715879,3092877
2020-02-25,1825.573486328125,1842.9304689892313,1787.3458730534364,1791.1559424180696,2674567
2020-02-26,1798.013916015625,1832.1350340739677,1788.9966290002187,1823.7529652461767,2686842
2020-02-27,1782.6888427734375,1794.9233555887888,1766.347839823601,1794.9233555887888,2349001
2020-02-28,1693.49072265625,1752.2080882726752,1684.8968812092892,1750.9380654978945,4298076
2020-03-02,1694.464599609375,1739.042320849433,1681.2562787259355,1722.9977395064852,2667076
2020-03-03,1724.013671875,1744.1647427692733,1703.5240108989212,1710.2974662106465,2757585
2020-03-04,1763.8077392578125,1773.3329108840348,1714.5308927200456,1740.778032312303,3237002
2020-03-05,1799.2415771484375,1818.4612166906686,1764.5276160801952,1765.9245586589109,3937056
2020-03-06,1791.9599609375,1798.0560295988737,1753.9863997344999,1776.3387203960235,2595027
2020-03-09,1669.9530029296875,1761.0135780696148,1638.3294550496732,1756.8649194977118,4940975
2020-03-11,1654.1624755859375,1682.6110716385983,1625.629335364402,1636.636200655932,6796449
2020-03-12,1498.5001220703125,1615.8079549068545,1488.7632790375558,1612.0825334233741,8728786
2020-03-13,1529.362060546875,1540.96156505179,1275.1457364222597,1429.114869929697,8029720
2020-03-16,1436.31103515625,1559.7995557861104,1418.9116827157602,1485.9265682750029,7844271
2020-03-17,1403.7989501953125,1465.6067447455282,1374.292099084413,1464.760062628402,5713248
2020-03-18,1400.7508544921875,1450.832120219064,1378.1867563784579,1419.716553764198,7258778
2020-03-19,1395.5908203125,1437.4666269722372,1319.173852491675,1330.218453737501,5135111
2020-03-20,1532.988037109375,1594.0108037441826,1387.616681483031,1390.1752863044503,8547498
2020-03-23,1424.0338134765625,1492.5191629998783,1379.7273576817445,1381.6463108913158,7003490
2020-03-24,1452.562255859375,1509.5764647953495,1392.605589653216,1409.8335869151078,6350865
2020-03-25,1492.775146484375,1543.691332777904,1432.818474622585,1449.875837415711,2765520
2020-03-26,1527.444091796875,1562.49705421843,1469.1079966725633,1562.1132011050556,4556067
2020-03-27,1556.0579833984375,1577.8061218345351,1492.8604725296366,1552.2200766155968,4331250
2020-03-30,1516.825927734375,1624.7137432296793,1504.075591183426,1506.165076400847,8513547
2020-03-31,1557.4224853515625,1582.0703953517955,1518.105285027599,1567.0599369510269,3927593
2020-04-01,1457.3385009765625,1564.7998915386968,1451.581640767877,1557.2520289759525,4941878
2020-04-03,1410.814453125,1483.990582092841,1407.2324485363147,1483.990582092841,5735369
2020-04-07,1514.01123046875,1523.0942954818,1454.1399385715106,1458.4042785673214,5427577
2020-04-08,1454.5238037109375,1540.27972952061,1450.7285824554583,1501.0477984254007,6285615
2020-04-09,1506.29345703125,1517.0822624797054,1476.485645735641,1492.9033614715797,5307397
2020-04-13,1500.408203125,1524.0752928716072,1489.107700813557,1501.9007222982093,2990438
2020-04-15,1479.85400390625,1545.3968921123296,1473.5854446194899,1522.3694549782053,4761399
2020-04-16,1463.564453125,1505.2270420759608,1428.5968584332818,1458.3618740414963,6245533
2020-04-17,1540.4501953125,1579.4689077146468,1495.0776577259724,1535.1624551664293,9895823
2020-04-20,1551.068603515625,1560.7486357074638,1537.2947627665046,1560.7486357074638,3244282
2020-04-21,1481.9864501953125,1530.5572525952164,1473.50034912997,1505.3123746692006,5122541
2020-04-22,1509.1500244140625,1526.6338195542085,1466.208138635727,1481.9861976646391,3829836
2020-04-23,1601.899658203125,1620.449541107913,1501.7729131042697,1518.1053595642554,5934366
2020-04-24,1550.983642578125,1579.4693596647924,1541.815308625227,1569.8745915745503,2987102
2020-04-27,1566.37744140625,1599.1275953816398,1556.4841928381295,1562.7101712534297,3374741
2020-04-28,1585.5247802734375,1593.1579095558848,1562.9663523322579,1590.5993047760842,2678505
2020-04-29,1625.268310546875,1631.1531219647657,1577.8488593206253,1598.2750111219048,4241510
2020-04-30,1718.0601806640625,1733.0280581448462,1656.4404576320915,1688.678914924604,5915544
2020-05-04,1646.419189453125,1676.7386921893083,1632.0910677741979,1676.7386921893083,3729348
2020-05-05,1648.3809814453125,1686.120398560281,1643.476989390825,1667.4425645220822,2905528
2020-05-06,1623.5196533203125,1666.248323228811,1614.9909725357868,1654.3935402262186,3517431
2020-05-07,1613.3280029296875,1649.830696065595,1606.2491558769693,1628.9781121379376,3166754
2020-05-08,1614.8206787109375,1654.1378821039598,1608.7226502287158,1653.7967140002902,2686530
2020-05-11,1650.555908203125,1664.2870657264177,1628.1254323678259,1628.1254323678259,2449841
2020-05-12,1662.666259765625,1668.636336102306,1629.1911888778072,1648.935105013233,3256595
2020-05-13,1662.794189453125,1700.6188660787916,1642.3253565615048,1700.6188660787916,2656665
2020-05-14,1622.4534912109375,1640.1505029988223,1612.858725783771,1628.9779525233844,2263146
2020-05-15,1614.3941650390625,1635.2894350128163,1590.7696544803578,1634.095398763768,3173682
2020-05-18,1659.340087890625,1665.6086473518733,1596.6542850584005,1626.4194013748595,3727694
2020-05-19,1661.9417724609375,1677.1227651763684,1623.008315176629,1623.008315176629,3198693
2020-05-20,1666.1630859375,1674.0948008476576,1647.4852538757461,1663.0927816241688,2778505
2020-05-21,1698.231201171875,1704.0307468591966,1655.5452081421636,1659.6815982922906,3400908
2020-05-22,1723.0924072265625,1733.0283435021838,1672.687912742942,1686.2058541475913,3663418
2020-05-26,1657.1229248046875,1726.2052495134778,1641.771297091623,1718.5294356569457,4575317
2020-05-27,1710.2564697265625,1714.2649082162516,1655.6302254103475,1670.76863442569,3482160
2020-05-28,1709.403564453125,1717.6763433306783,1681.2589173181138,1695.9282069081696,3475681
2020-05-29,1682.1541748046875,1707.9961167845202,1673.6681798696861,1690.3843718062415,7237735
2020-06-01,1744.3287353515625,1756.908541657117,1689.6172179532232,1697.2077659697393,3747773
2020-06-02,1745.94921875,1774.818787528131,1739.893875135914,1757.0790866911973,2443886
2020-06-03,1750.22607421875,1765.2806576112569,1727.8579907327626,1755.1017757530449,3699799
2020-06-04,1789.0599365234375,1796.287814773662,1750.7390880419011,1750.7390880419011,4048593
2020-06-05,1752.022216796875,1794.5771321078207,1745.2220258653115,1789.1028144749243,3573289
2020-06-08,1772.1239013671875,1792.0113784791881,1763.8696126792577,1777.683841204951,2957841
2020-06-09,1772.380126953125,1792.438632517968,1762.2866583847024,1764.724561102675,2909439
2020-06-10,1803.7723388671875,1823.6598110088175,1773.620364975039,1776.6569885092654,5168397
2020-06-11,1768.6162109375,1800.5645538944307,1763.6123919894196,1796.2876784695034,2269513
2020-06-12,1744.5377197265625,1752.8348173969925,1720.159526535973,1720.33055980954,2842642
2020-06-15,1736.3262939453125,1761.2176935981672,1711.563117051139,1744.1957047195453,2399022
2020-06-16,1749.9263916015625,1774.0051167245538,1737.2667985703847,1766.3495514760434,2146528
2020-06-17,1751.636962890625,1761.0888983860686,1733.4602441808433,1750.0972461276745,2703527
2020-06-18,1743.3399658203125,1761.3883594994413,1732.305606176288,1749.2420748778984,1944389
2020-06-19,1748.89990234375,1787.7339526285268,1738.1221970053427,1746.6759479748573,5681758
2020-06-22,1734.657958984375,1755.4436164800434,1727.1307204644606,1753.5190224310336,3196138
2020-06-23,1740.9451904296875,1748.38691292086,1719.3041560523134,1733.8455344865868,4205944
2020-06-24,1746.8468017578125,1765.7078624741791,1737.7798475448421,1739.8327684497906,2560937
2020-06-25,1724.52197265625,1762.0729659695623,1718.6626732399725,1740.6885853145918,3043931
2020-06-26,1812.4112548828125,1823.6593516853118,1727.8145489638268,1732.1342341288725,6300722
2020-06-29,1797.6990966796875,1819.89624884091,1788.846089194922,1803.1308124034804,3076341
2020-06-30,1781.01904296875,1806.4664502225112,1774.9460055282743,1796.287570853725,3071725
2020-07-01,1789.4876708984375,1808.2203036382577,1778.7526707201755,1778.923703988262,2503466
2020-07-02,1845.1722412109375,1851.887019015841,1794.5768895589997,1797.9983898250798,3758699
2020-07-03,1881.5257568359375,1886.1020971576843,1847.824061399042,1850.7322532088733,4185208
2020-07-06,1935.8846435546875,1941.6156142448747,1886.1018606985258,1886.1018606985258,5190366
2020-07-07,1941.6160888671875,1969.6724372790977,1909.3256749687353,1945.978585933223,5630055
2020-07-08,1897.9923095703125,1945.4656422203734,1888.326735033188,1941.7020741556414,2793358
2020-07-09,1885.54638671875,1919.8896171211532,1874.1698549066218,1906.6313016542883,3443998
2020-07-10,1900.943115234375,1924.4659326896792,1861.2963920997026,1886.3161161203443,9610320
2020-07-13,1898.9326171875,1920.2741829881797,1890.3788666596286,1898.9326171875,2963503
2020-07-14,1857.8316650390625,1915.1845998007936,1851.8868506336394,1890.378725127179,2976738
2020-07-15,1910.822265625,1933.1476382543754,1865.6586294604278,1868.9945086662876,5569321
2020-07-16,1915.8377685546875,2000.066904145021,1903.278495161335,1923.7677380631922,8582118
2020-07-17,1886.6893310546875,1923.6814748184065,1877.51632925131,1917.7662313162948,4509135
2020-07-20,1892.8192138671875,1909.1077987913955,1878.1596130155679,1886.9039693779814,2952646
2020-07-21,1907.521728515625,1919.1807993303903,1887.0322798591048,1911.7652912257834,2665286
2020-07-22,1878.287841796875,1912.6225009418738,1872.5011085466026,1912.6225009418738,2861534
2020-07-23,1861.3565673828125,1878.2881227588935,1854.3267989095082,1878.2881227588935,2265766
2020-07-24,1849.5260009765625,1854.3269311202926,1821.8355720806046,1847.0399320844522,3665100
2020-07-27,1891.876708984375,1898.9064789198603,1854.7558316673217,1856.0417728494344,4248480
2020-07-28,1980.134521484375,1988.9217836751814,1898.9059270864338,1898.9059270864338,8092319
2020-07-29,1951.244140625,2007.7826406746285,1925.5253194378784,1964.9179386960923,6090431
2020-07-30,1954.20166015625,2021.4992387139448,1947.9862786970998,1959.6882580000727,7098496
2020-07-31,1955.8302001953125,2001.6098195779987,1935.2980533555435,1974.4763423339818,4723290
2020-08-03,1932.46923828125,1975.0769186658217,1912.365735301378,1963.5890531771101,4012337
2020-08-04,1928.654296875,1945.7572705537968,1907.5220831999904,1937.4415604977205,2927928
2020-08-05,1937.0555419921875,1971.7759444930432,1931.4831317142723,1937.4841889366426,3800641
2020-08-06,1978.720458984375,1988.4935273278613,1942.0711387458468,1950.3439425181652,4748047
2020-08-07,1967.7900390625,1995.7806068952666,1960.6315498150666,1978.63472539273,3165491
2020-08-10,1957.03076171875,1993.2085262272028,1951.244027287768,1987.207468298777,2929353
2020-08-11,1954.54443359375,1982.0636536820273,1950.8582369721994,1957.2021286142165,2774423
2020-08-12,1935.2125244140625,1968.6896847294406,1925.9537081683363,1961.788636076637,3415751
2020-08-13,1932.726318359375,1971.7760999377642,1929.3400490912775,1948.629163112408,2695682
2020-08-14,1922.1815185546875,1955.7447017933775,1914.4231758592866,1952.058296001479,2270405
2020-08-17,1931.8260498046875,1946.0572127013804,1918.83813054135,1940.0561552172792,2625630
2020-08-18,1945.8431396484375,1962.3460498536288,1927.4542244227137,1939.8849879538966,3493374
2020-08-19,1934.5697021484375,1958.573933875812,1931.0547130682417,1951.501258456139,2843005
2020-08-20,1931.354736328125,1951.6725608447966,1920.3813320367567,1934.9124224587908,2895164
2020-08-21,1927.7113037109375,1946.9146049093479,1921.238692380574,1937.4843712440008,1975294
2020-08-24,1927.282958984375,1937.4417685369099,1911.7658519813497,1929.4261942444436,2167966
2020-08-25,1922.6099853515625,1928.9111789228136,1914.8087368302963,1924.6247096363186,1663419
2020-08-26,1931.912109375,1937.3987074831466,1900.149323493487,1922.0532279648326,2618149
2020-08-27,1927.539794921875,1960.9315645116892,1921.838873396945,1942.6282534258849,3579393
2020-08-28,1919.095703125,1954.5875942887815,1916.1380804114037,1944.6858058125567,2941136
2020-08-31,1935.126953125,1951.372633166244,1910.0511026968657,1920.3386310776389,6018154
2020-09-01,1925.78173828125,1952.9149994837546,1921.4523633450908,1945.1993563778046,3610908
2020-09-02,1941.8995361328125,1944.9858784369007,1921.7531259319235,1926.3397328254396,2084137
2020-09-03,1971.34716796875,1992.3508668664383,1944.3424122431506,1944.3424122431506,4654146
2020-09-04,1962.174072265625,1992.5650953207626,1940.0129440305054,1950.343376080342,5231303
2020-09-07,1994.9656982421875,2009.0681402340026,1957.5019988057907,1962.3456253448398,4620401
2020-09-08,2013.0972900390625,2049.317953642136,1994.9656096122972,2002.5954408287039,7453998
2020-09-09,1995.4798583984375,2022.3561031330428,1988.9216444547094,1993.2081135160342,3866535
2020-09-10,1998.4805908203125,2013.3547237021112,1992.60825318678,2001.7812560546859,2308813
2020-09-11,2035.3018798828125,2042.9317131779167,1997.6236390920992,1998.309516189484,4145424
2020-09-14,2135.8623046875,2148.1645579804117,2041.945909291565,2043.8748208970546,7512131
2020-09-15,2135.8623046875,2175.8122909924314,2112.8869916712433,2135.8623046875,7318770
2020-09-16,2145.806640625,2149.75027630151,2123.774229163415,2133.7616194198476,3074003
2020-09-17,2109.757568359375,2139.5914405839812,2100.884701288022,2126.089060462095,4828176
2020-09-18,2100.28466796875,2143.5780187015507,2088.7111979708725,2130.3757736833554,4183256
2020-09-21,2113.4873046875,2147.436027364296,2102.2137610623663,2113.230074583063,4598809
2020-09-22,2162.9091796875,2190.3854856632033,2107.227993643896,2130.3749244121564,7499613
2020-09-23,2115.330322265625,2160.2526594732817,2065.2215231023065,2151.808228720128,7502280
2020-09-24,1999.424072265625,2100.3704478725613,1974.0053870961883,2100.3704478725613,8424708
2020-09-25,2076.62353515625,2091.7975988286735,2016.441531345095,2030.07242378127,8228267
2020-09-28,2080.052978515625,2095.227044135589,2028.3580959184956,2091.797867303943,4347166
2020-09-29,2133.290283203125,2152.70811767689,2080.052451949216,2087.3823574313583,6995811
2020-09-30,2136.633056640625,2147.5206443948796,2108.9424292261097,2133.803945668206,3917166
2020-10-01,2163.3388671875,2177.527127139756,2136.63423830511,2151.8083028034594,2610337
2020-10-05,2319.66650390625,2338.7842049072824,2231.579531855379,2246.1106255307136,17412105
2020-10-06,2326.95361328125,2345.5568549564737,2271.9153692903647,2345.5568549564737,9846367
2020-10-07,2345.513671875,2374.7045768548846,2317.2658740934125,2350.700342865016,9656101
2020-10-08,2422.455322265625,2473.292892204616,2400.4229109784833,2400.4229109784833,19839329
2020-10-09,2411.525146484375,2426.013540851065,2383.2773506807894,2408.9961710118773,7739245
2020-10-12,2426.1416015625,2446.7166540139137,2401.06575638734,2413.710840706438,4623203
2020-10-13,2423.184814453125,2447.4889779543214,2410.8825597164855,2439.001849614284,4209878
2020-10-14,2418.9228515625,2446.817520356493,2399.938880486718,2446.817520356493,4395936
2020-10-15,2359.517333984375,2434.548968629276,2347.8083414205767,2420.1280703092193,6629355
2020-10-16,2379.06103515625,2386.2498350684095,2351.5106599600113,2367.696547426338,5273773
2020-10-19,2334.505859375,2388.272072169572,2330.2442046733445,2388.272072169572,3331194
2020-10-20,2358.1396484375,2376.133401035261,2340.0166273556647,2346.086360712737,3406273
2020-10-21,2303.38330078125,2366.749243094682,2292.7507047607205,2358.1397514864802,4570143
2020-10-22,2299.7236328125,2313.068341126068,2271.2694390463653,2290.9850853164644,5262294
2020-10-23,2313.197509765625,2326.283890798957,2298.8197054028337,2314.058458651931,3499091
2020-10-26,2314.40283203125,2333.128470938704,2299.1640782692225,2315.9094926329994,2672752
2020-10-27,2264.425048828125,2340.1885648616803,2259.216475254929,2324.3471864953563,3537502
2020-10-28,2257.580810546875,2286.6378442493988,2243.633476408196,2281.51523886482,3569445
2020-10-29,2266.5771484375,2285.8194413712863,2238.682486789336,2245.3548410908907,3105968
2020-10-30,2294.30029296875,2302.4793094178826,2257.064244397699,2269.548006346375,3427003
2020-11-02,2242.427734375,2294.2999089624423,2238.5103745875494,2290.124222449726,2571196
2020-11-03,2267.39501953125,2294.4287298699405,2239.371091880248,2241.910848998621,2879269
2020-11-04,2284.226806640625,2343.374172424832,2247.07694053225,2247.07694053225,4893928
2020-11-05,2312.250732421875,2333.171835569009,2296.151027845958,2311.6481101486306,2816502
2020-11-06,2330.9765625,2335.9701092408595,2308.4628279622434,2323.7015847566868,3884421
2020-11-09,2347.4638671875,2362.4442972401707,2320.343970918161,2351.3381380831197,3646592
2020-11-10,2281.1708984375,2335.884047483179,2271.48522072707,2322.151950901146,4760020
2020-11-11,2314.058837890625,2318.3635830276367,2275.832574958379,2296.968915619634,3242441
2020-11-12,2299.637939453125,2335.754709079128,2291.6310714675155,2312.5090853617908,2437505
2020-11-13,2287.412109375,2294.342579685137,2269.4612412012066,2286.4649815326648,2548093
2020-11-14,2299.035888671875,2315.0925079317017,2290.1680694553174,2305.578976784706,298819
2020-11-17,2295.33349609375,2320.257931651249,2281.5583098576017,2320.257931651249,2827273
2020-11-18,2261.41162109375,2293.7402982870026,2244.537146702465,2290.9853035080814,2893762
2020-11-19,2270.236083984375,2304.028328512575,2265.0275112621366,2270.322262951934,4167501
2020-11-20,2290.33984375,2303.8997920778124,2262.1868502126913,2285.8198609740625,2711471
2020-11-23,2345.440185546875,2350.3906420273356,2294.4289600743036,2315.952683902393,3706418
2020-11-24,2343.546630859375,2361.5834731674927,2328.867406094811,2354.179226542401,3120516
2020-11-25,2325.681884765625,2352.930840159304,2314.403367289931,2349.530133195957,3302249
2020-11-26,2342.2978515625,2351.2085472853,2307.3432393078774,2312.508933127224,2341099
2020-11-27,2307.04150390625,2339.8006497168144,2297.9155722035734,2328.8666413504707,6086808
2020-12-01,2347.6357421875,2355.4702518616264,2259.5175292010153,2306.48233852835,3605017
2020-12-02,2367.222900390625,2371.6567046663813,2326.6721092420767,2340.920860453286,2509032
2020-12-03,2332.697998046875,2388.1861136357334,2325.2508740017015,2388.1861136357334,2852548
2020-12-04,2348.281494140625,2358.010259908781,2323.7013580772364,2333.8605983467037,2686527
2020-12-07,2357.0205078125,2362.4445296384692,2329.8575193781594,2337.477003632815,1996400
2020-12-08,2408.333251953125,2415.4360828907415,2352.5006119603636,2359.000820493324,4277818
2020-12-09,2419.95556640625,2445.095235948603,2404.7596899686655,2423.571510280042,3659996
2020-12-10,2397.140625,2434.1614363591725,2393.6537391008965,2426.154567677844,2127801
2020-12-11,2396.537841796875,2417.2865876316614,2380.1367204780763,2404.3723519779046,1795408
2020-12-14,2408.6767578125,2414.100778061359,2372.9904670226892,2412.3788802168074,2483658
2020-12-15,2377.55419921875,2406.094579848288,2371.9149401718228,2398.6043641810156,2365509
2020-12-16,2422.88330078125,2427.704700585632,2376.607279291461,2392.577929676707,2565149
2020-12-17,2443.545654296875,2456.890365132334,2414.9621866749385,2420.12788119189,2863460
2020-12-18,2463.17529296875,2495.030408606584,2450.4332046750874,2469.2019364677994,6076692
2020-12-21,2428.00537109375,2485.1294244456963,2397.743096165343,2463.175223744721,2705195
2020-12-22,2473.076171875,2482.6756698053955,2426.713980972715,2439.929633104874,2881737
2020-12-23,2504.285400390625,2513.110127628787,2467.0062667021075,2476.132410166916,2790988
2020-12-24,2504.802001953125,2515.13338972514,2482.288059984368,2504.5005857327255,1807144
2020-12-28,2522.064208984375,2539.541517749589,2498.474287725912,2505.3618805246047,2108994
2020-12-29,2523.010986328125,2541.521389401339,2513.971022036555,2513.971022036555,1994151
2020-12-30,2504.759033203125,2537.819391590143,2498.4740633003353,2526.3687275523416,2637968
2020-12-31,2464.682373046875,2501.0574774958245,2449.4005244322275,2496.7527314071917,4040956
2021-01-01,2521.073974609375,2531.1901256216383,2478.672235260101,2479.533184282421,2681440
2021-01-04,2616.8115234375,2626.540289649769,2532.008042807982,2539.799673675922,5113293
2021-01-05,2662.9150390625,2681.210203815193,2616.9404503021897,2616.9404503021897,5801309
2021-01-06,2627.185791015625,2680.564627339718,2614.874178663641,2668.941816204633,3726716
2021-01-07,2611.086181640625,2652.4548233256423,2583.062249518992,2647.418187574669,3717827
2021-01-08,2686.936279296875,2693.049102705534,2634.504556994544,2660.3330330435106,5879039
2021-01-11,2734.76220703125,2780.8660814731584,2709.019908496546,2780.8660814731584,9508039
2021-01-12,2733.384765625,2763.6470471892667,2711.9900930361964,2734.7621582868046,3611458
2021-01-13,2719.695068359375,2735.235241372653,2691.5420753356175,2733.513343203706,3572801
2021-01-14,2804.0126953125,2817.641617749543,2691.61751993429,2721.4631268941703,6931542
2021-01-15,2789.04736328125,2824.1114607421646,2768.905861020876,2790.4705484120045,4131692
2021-01-18,2779.040771484375,2809.231328480403,2749.4108120240853,2803.4088639168835,4160906
2021-01-19,2812.63916015625,2828.4245543162547,2787.8829397835116,2788.7455273267615,2975735
2021-01-20,2854.129150390625,2870.6476143956615,2818.1592989480555,2820.6607181001477,3453446
2021-01-21,2823.98193359375,2854.4311013086226,2813.846531321214,2850.851447721759,2778546
2021-01-22,2849.212890625,2868.103472870908,2796.4223664998394,2796.4223664998394,3052459
2021-01-25,2839.0341796875,2880.8696719465147,2828.1223218457994,2854.2587642828466,2272887
2021-01-27,2812.941162109375,2852.1025525039727,2783.570014017095,2846.538904944659,2786662
2021-01-28,2757.303955078125,2824.973898403804,2746.3059650919727,2786.1574631585613,3083938
2021-01-29,2683.811767578125,2774.8147510394783,2674.0213149781584,2768.9491137784144,5445659
2021-02-01,2707.96435546875,2730.0896422661626,2625.8028899313563,2674.021450560854,3985846
2021-02-02,2763.255615234375,2780.981828748928,2717.150359974914,2737.852457955675,2881837
2021-02-03,2760.3232421875,2791.333221488159,2728.062342505683,2771.493708480054,2505866
2021-02-04,2750.317138671875,2792.929088556471,2739.5779661560728,2774.1246384838455,2057261
2021-02-05,2724.0078125,2765.3258749331653,2699.035949619647,2759.3738955726767,2366135
2021-02-08,2772.442626953125,2782.7073341843807,2721.5929242725,2751.2228897647497,2526592
2021-02-09,2740.3544921875,2799.7869048334064,2729.227196262817,2755.967412155405,2658751
2021-02-10,2771.751953125,2777.0136095650437,2723.447061886596,2747.3406891842124,2127983
2021-02-11,2765.454833984375,2776.927286986236,2747.383672493421,2773.2181195445305,1165882
2021-02-12,2752.343994140625,2799.52748410672,2744.7531826922145,2746.650832906159,2777404
2021-02-15,2708.394775390625,2768.042602007056,2701.235258795116,2768.042602007056,2630853
2021-02-16,2681.6123046875,2732.3754572987605,2674.021491882332,2717.15087078366,3435770
2021-02-17,2650.8173828125,2702.356979177696,2627.053058185839,2678.4201791921864,3678426
2021-02-18,2637.231689453125,2672.209440285452,2614.5024270724384,2643.8303988706775,4189909
2021-02-19,2649.7392578125,2662.936676901493,2601.6929699093357,2637.7923377748643,3725028
2021-02-22,2551.921630859375,2670.570568892352,2538.724001627138,2670.570568892352,5366696
2021-02-23,2570.683837890625,2611.9155723333174,2560.160310001746,2561.885485412798,3832829
2021-02-24,2542.994140625,2590.6520971446007,2519.7472404187038,2563.6098964027583,3774549
2021-02-25,2583.708251953125,2613.553651608383,2560.5476944966717,2565.335097001332,4224073
2021-02-26,2496.58740234375,2563.9124085176977,2484.2523572016084,2553.259367123875,5553153
2021-03-01,2522.378173828125,2557.5717838320993,2503.0562992261116,2523.9308733533635,3265871
2021-03-02,2593.23974609375,2609.3269170643844,2542.9076864482,2553.2587353753975,3306469
2021-03-03,2638.741455078125,2642.968049510322,2585.0883451289606,2617.9530124881944,3509857
2021-03-04,2630.6328125,2658.0199630833813,2601.606830055768,2607.6017705058875,3916760
2021-03-05,2594.70654296875,2642.278162500534,2584.829957559571,2601.650414921177,3203686
2021-03-08,2593.757080078125,2616.227523444832,2584.311790385993,2601.563537985365,2003125
2021-03-09,2631.7109375,2645.469164158386,2580.9477962993865,2593.7570925981777,1942397
2021-03-10,2648.962890625,2668.155461410439,2639.517600154739,2652.456411920203,3053778
2021-03-12,2637.74951171875,2688.685347801896,2623.4306849869185,2652.4566713156337,2938317
2021-03-15,2644.822265625,2673.158345880826,2623.1282768065803,2623.1282768065803,3097083
2021-03-16,2682.690185546875,2709.387225449249,2639.5176408388097,2639.5176408388097,4894756
2021-03-17,2685.19140625,2721.463248559308,2661.340948863385,2678.3338785345964,3838390
2021-03-18,2619.246826171875,2714.0882754209074,2576.591918330186,2696.4052324647,3656306
2021-03-19,2631.064208984375,2673.158518840698,2592.075298198224,2613.6399845393075,5776626
2021-03-22,2699.596923828125,2708.050323567808,2603.8497099558917,2629.7705068209143,2821646
2021-03-23,2710.767578125,2733.539804025609,2693.7314748970084,2708.5247663743808,3305973
2021-03-24,2692.22119140625,2719.133871899528,2683.638279663349,2683.6814511450275,2207104
2021-03-25,2643.701171875,2700.631942315349,2630.8916642888676,2684.5445603732155,3179786
2021-03-26,2645.383056640625,2689.547489004796,2624.8966060749212,2665.9556395899776,3697370
2021-03-30,2724.52587890625,2750.317161758501,2640.294080434551,2659.3573490419767,4694008
2021-03-31,2741.173828125,2764.5929950000286,2701.6241061903556,2721.463619102992,3530069
2021-04-01,2730.089111328125,2773.218481175331,2712.837363389243,2752.602726625417,4285076
2021-04-05,2793.834716796875,2814.6231608798503,2718.0133557868244,2735.265106696293,5317862
2021-04-06,2816.08935546875,2824.9740487941745,2786.157611482499,2824.9740487941745,2291562
2021-04-07,2821.867919921875,2827.1729580050037,2790.2973520938363,2811.1719219764927,2491268
2021-04-08,2861.504638671875,2876.72922333794,2817.2538591748644,2820.6610375757314,2578118
2021-04-09,2865.73095703125,2893.4200964931333,2853.4390867211605,2893.11810666952,2911129
2021-04-12,2800.433837890625,2879.403775437518,2771.666456957369,2865.7316776281973,3791828
2021-04-13,2677.514404296875,2772.355844796707,2650.7741954640505,2772.355844796707,8654596
2021-04-15,2776.6259765625,2792.411369848915,2663.1957209025627,2726.0353041877324,6062760
2021-04-16,2756.09619140625,2800.8214346787513,2745.2708874426585,2785.2948606645173,3224657
2021-04-19,2727.32958984375,2750.791931082202,2704.2985424170074,2733.540178613828,2679106
2021-04-20,2712.44970703125,2782.1468227930536,2696.7506558291448,2781.844832915207,3141893
2021-04-22,2690.237548828125,2715.4250580742028,2678.5494477715747,2715.4250580742028,1988980
2021-04-23,2682.21533203125,2690.40991175606,2666.3006377368515,2678.333689003708,1615309
2021-04-26,2674.71142578125,2719.7384522344405,2663.713434894479,2675.789660181914,2490260
2021-04-27,2701.6240234375,2705.160716389788,2676.6089861834494,2679.196748658006,1471417
2021-04-28,2694.80908203125,2718.012596283586,2684.3716914105107,2717.1068374954057,1639037
2021-04-29,2687.175537109375,2723.490552768404,2678.765309523526,2713.35515029315,1621395
2021-04-30,2618.51318359375,2701.666729816196,2605.013775912573,2673.158176010948,3072305
2021-05-03,2619.67822265625,2635.2047975682726,2591.212835317542,2609.2408297283305,1545831
2021-05-04,2630.676025390625,2665.3951695899764,2617.952860746142,2641.9328335166438,1990777
2021-05-05,2670.311767578125,2673.503298834241,2632.961691102309,2648.14331355387,1939289
2021-05-06,2683.897705078125,2703.349094381819,2651.5938468824866,2678.765351819636,1791671
2021-05-07,2702.400146484375,2725.6470468101074,2684.1996775869275,2702.486489466706,1912540
2021-05-10,2713.26806640625,2729.398405098987,2695.5850286185123,2713.6561885318547,2137153
2021-05-11,2693.51513671875,2698.2593667798046,2666.386598168276,2695.5852619628977,2415625
2021-05-12,2663.32470703125,2691.2724521045225,2648.6607225165776,2691.2724521045225,1978558
2021-05-14,2632.185546875,2672.7271561501516,2622.2657914140586,2672.7271561501516,2043935
2021-05-17,2647.927978515625,2652.6290382727884,2618.8156503863306,2635.204812888748,2890462
2021-05-18,2664.360107421875,2694.7231429706226,2655.0441210190706,2674.021044561117,2098538
2021-05-19,2658.494384765625,2689.5475313754764,2645.641916655821,2660.2195595772832,1986041
2021-05-20,2639.517578125,2664.3601386258806,2632.7032215557847,2645.64203321326,2329027
2021-05-21,2657.20068359375,2663.8425649498754,2635.291046239091,2640.3802280410546,1685566
2021-05-24,2658.0634765625,2678.334283539368,2649.8688950186597,2658.0634765625,1652260
2021-05-25,2699.236083984375,2711.588079551741,2671.5850346966977,2680.166336441775,1841613
2021-05-26,2737.80908203125,2743.44332582837,2690.394795786189,2704.43702261754,1923753
2021-05-27,2756.44580078125,2789.167759579833,2740.669958334037,2740.7998947132687,5959785
2021-05-28,2724.894287109375,2772.0484983674514,2718.0030028761844,2764.680639631953,1763701
2021-05-31,2738.37255859375,2748.08096384286,2711.8917807222774,2730.441361193668,1652799
2021-06-01,2733.042236328125,2747.7345713920113,2714.8392908911155,2746.56450901616,1377441
2021-06-02,2712.62890625,2738.633114164246,2700.1035884291955,2731.1787015358336,2240078
2021-06-03,2722.857177734375,2734.385751842096,2706.7344847268523,2734.385751842096,1281706
2021-06-04,2725.023681640625,2736.3789345535747,2708.7710553087722,2711.371475521869,1836060
2021-06-07,2759.21923828125,2765.5035872962007,2716.2257499250245,2726.107262347712,2559821
2021-06-08,2773.91162109375,2800.6526947971643,2762.6865156629224,2772.0480711734235,2574057
2021-06-09,2773.9990234375,2791.118461204203,2761.8203431067545,2775.515935644676,1710925
2021-06-10,2788.344482421875,2794.585449786669,2767.7144358464125,2782.4501531684887,1874324
2021-06-11,2837.751953125,2868.263508106389,2783.3164474250875,2783.7932334575407,3452954
2021-06-14,2839.96240234375,2868.003473953107,2834.7615618028526,2842.2593556002153,1847360
2021-06-15,2828.173828125,2858.7287671921695,2818.46563449062,2858.7287671921695,1304985
2021-06-16,2838.229248046875,2855.8686414284375,2819.722836145472,2827.610863557855,1635552
2021-06-17,2875.8486328125,2891.711241629549,2825.79053363537,2830.5579716522398,2273413
2021-06-18,2858.1220703125,2910.737200128449,2838.792236575542,2904.5827872718105,3380431
2021-06-21,2837.1455078125,2848.327231222669,2818.595714756018,2830.124287870364,1130569
2021-06-22,2861.502685546875,2883.9097269133786,2847.460457123967,2863.929787012964,1708688
2021-06-23,2827.003173828125,2885.599389057044,2822.6691405012143,2885.599389057044,1467104
2021-06-24,2924.259765625,2932.407665621721,2841.8263469526496,2846.5937847773375,4155204
2021-06-25,2930.50048828125,2946.839669579688,2903.8027963662275,2925.689668189585,2722861
2021-06-28,2892.3173828125,2939.7750517145705,2889.0668575452346,2939.7750517145705,1355238
2021-06-29,2895.871337890625,2917.9315267632273,2883.4325767119,2896.8680809773546,1497322
2021-06-30,2900.11865234375,2931.5403966902977,2893.8343034744407,2900.3353540288986,1693146
2021-07-01,2896.435302734375,2914.2048444689417,2888.5041041214736,2910.7376168134165,990310
2021-07-02,2882.522216796875,2894.8742119230924,2856.3013148622726,2887.333036170578,1682274
2021-07-05,2878.6650390625,2924.6057939767766,2862.19571182908,2896.867979688912,1972858
2021-07-06,2827.783935546875,2884.7331013836533,2822.409775579186,2871.730999063715,2159420
2021-07-07,2838.748779296875,2845.4665317412073,2809.8409005907183,2838.7921619597746,2640710
2021-07-08,2824.489501953125,2858.7283650272843,2801.432360145236,2858.7283650272843,2485811
2021-07-09,2780.84619140625,2844.8599591707584,2774.648607344789,2817.122141165437,6365067
2021-07-12,2767.801025390625,2804.9869544453836,2763.6836928709663,2804.1201475991397,1892226
2021-07-13,2762.99072265625,2785.9177257097294,2752.1122523734884,2785.9177257097294,1809339
2021-07-14,2786.39404296875,2792.8517117716633,2760.7798578500147,2762.5134715755094,2044279
2021-07-15,2782.398193359375,2807.5037106455648,2774.6233831528752,2803.8117415227093,2232968
2021-07-16,2775.31787109375,2797.0788098448206,2772.8854729987643,2791.1281405842824,1256526
2021-07-19,2766.45751953125,2779.661695228817,2758.986627079998,2762.4614213206532,1597058
2021-07-20,2784.87353515625,2792.8655184842964,2741.7425298362173,2766.4571704217306,1811945
2021-07-22,2794.038818359375,2801.50949904565,2771.1485254858558,2771.1485254858558,2859334
2021-07-23,2790.99853515625,2815.930143928845,2785.612433872691,2805.8966321307703,1776193
2021-07-26,2777.707275390625,2800.901485798644,2771.8870371361213,2779.835544562506,1259611
2021-07-27,2765.023681640625,2788.5220170674083,2746.0860130641854,2779.835032590563,1121367
2021-07-28,2777.924072265625,2783.7008323872246,2721.111063799001,2769.4107846512215,1660654
2021-07-29,2776.1865234375,2801.943347409682,2771.4086820063676,2780.052189087591,1731997
2021-07-30,2751.558837890625,2800.2494279850853,2747.12860308686,2796.340284995809,2999943
2021-08-02,2796.68798828125,2801.465830240041,2751.1682697258793,2762.4613507193862,2608669
2021-08-03,2853.587646484375,2858.018093712723,2796.297022250731,2805.0274846803595,3804735
2021-08-04,2844.075439453125,2871.22226784343,2832.9995334698806,2866.7050780162026,2929598
2021-08-05,2852.76318359375,2879.736321876218,2834.129638045599,2844.9883722909844,2534521
2021-08-06,2875.2177734375,2887.5532472996674,2836.300045858428,2842.858760663158,2292362
2021-08-09,2886.423583984375,2898.846011165942,2875.391158813086,2887.465979449818,1510489
2021-08-10,2896.154052734375,2910.053229734612,2880.2570387080414,2880.2570387080414,2040777
2021-08-11,2905.101806640625,2918.8272868947324,2890.2471878777355,2910.140300921831,1929707
2021-08-12,2911.66064453125,2925.776997324159,2889.291654720948,2889.291654720948,1310205
2021-08-13,3008.64990234375,3023.070380371302,2916.654828188691,2919.478097940475,4363584
2021-08-16,3016.946533203125,3035.5368090935935,2985.282514035125,3005.6969295974195,2083489
2021-08-17,3086.529052734375,3093.261465683802,3008.302715337347,3024.8949404723467,4336019
2021-08-18,3093.044677734375,3122.9713004918467,3072.239389790579,3104.598410915286,2631309
2021-08-20,3092.13232421875,3105.5971510274003,3040.4447632436086,3045.656954266312,2836148
2021-08-23,3159.803955078125,3190.729707647399,3094.2172159201127,3109.9407441812386,3744176
2021-08-24,3138.78125,3185.8213991107027,3122.4496764479563,3176.8302851679027,2511141
2021-08-25,3178.56787109375,3212.229938599867,3133.4390255895655,3136.001643795692,2123263
2021-08-26,3189.730712890625,3203.4127144407685,3168.9252138816178,3179.436550700011,1902533
2021-08-27,3231.68896484375,3239.811381469187,3171.7054970558997,3184.649021173358,3944728
2021-08-30,3215.313720703125,3249.2364387035072,3203.412593965281,3227.214847440969,2033114
2021-08-31,3289.283203125,3304.6158580161027,3217.1812317850963,3222.349945144956,3207480
2021-09-01,3227.171630859375,3315.5617081836626,3220.2655198145953,3297.579690643702,2643336
2021-09-02,3332.978759765625,3352.437520105116,3233.2956131746023,3243.7199945174543,3403717
2021-09-03,3337.583740234375,3350.4837881277463,3305.0075403754054,3322.772385614903,1746812
2021-09-06,3346.2265625,3368.4653285384056,3313.216020086968,3344.228513568609,1723693
2021-09-07,3314.86669921875,3361.819898080558,3308.221240170939,3356.651184145082,1585039
2021-09-08,3278.597900390625,3314.08431398627,3262.8311096546345,3309.7408220937587,4147175
2021-09-09,3293.58349609375,3308.612022962336,3270.649939914643,3292.1067510211997,1441148
2021-09-13,3340.449462890625,3346.5736169166,3272.3868587098586,3272.3868587098586,1691473
2021-09-14,3375.67529296875,3384.8835815661164,3322.771641085691,3344.445625451803,1991188
2021-09-15,3435.3115234375,3457.419856737662,3358.3882327004526,3372.374362683401,2461369
2021-09-16,3390.79052734375,3458.93987481296,3381.0611476226836,3413.9847323450576,2946666
2021-09-17,3325.247314453125,3427.015248990457,3305.3974708260303,3405.297788603952,6477148
2021-09-20,3321.46875,3362.7319291879166,3307.873703164557,3308.87262161632,2002008
2021-09-21,3355.739013671875,3363.209906018723,3319.861721221568,3351.438998276078,1568129
2021-09-22,3355.044189453125,3385.188200327856,3346.61785550958,3355.348318794824,1744067
2021-09-23,3361.211669921875,3369.6814802938434,3331.458746307525,3361.863193796642,2003869
2021-09-24,3362.9921875,3426.49391383993,3348.8323610402954,3379.2368053039554,2320754
2021-09-27,3333.152587890625,3391.3988633473587,3303.573362252145,3387.9240694299947,1673362
2021-09-28,3282.941650390625,3344.4890201802423,3258.705048558736,3344.4890201802423,2253075
2021-09-29,3294.017578125,3306.2663111425195,3233.425861046127,3266.132485042677,2489161
2021-09-30,3279.814208984375,3305.3973338425376,3257.7058776440495,3305.3973338425376,2252412
2021-10-01,3240.419189453125,3309.7413740348698,3235.9019995485273,3285.200640749703,1578374
2021-10-04,3277.860595703125,3286.851499307704,3220.6567058620135,3235.7287119847933,1356860
2021-10-05,3329.982177734375,3335.8024155737935,3250.3225635085573,3261.0943406416723,1877966
2021-10-06,3310.523193359375,3350.9611529611852,3296.710971356703,3332.32761162696,1678154
2021-10-07,3381.75634765625,3387.055493405651,3318.4717883990315,3327.115296164053,1647233
2021-10-08,3418.89306640625,3466.019958648897,3387.9240506234883,3409.6415124864593,2934339
2021-10-11,3201.675537109375,3264.1348795108815,3179.4367688648904,3261.963133084061,11845402
2021-10-12,3173.225341796875,3220.265279866949,3153.896800529802,3219.3965813830355,5752877
2021-10-13,3175.266845703125,3192.857991053429,3166.4061630547076,3170.749655733795,3545655
2021-10-14,3143.280517578125,3194.240445106672,3140.4518305354554,3155.0740091312496,6442299
2021-10-18,3174.353271484375,3179.183842238578,3134.577612848602,3136.3183437516254,3590107
2021-10-19,3163.038330078125,3211.7354441500183,3155.248602254649,3193.370649232762,3135441
2021-10-20,3141.017822265625,3159.425962920744,3114.4281204926015,3143.7593878979965,2933693
2021-10-21,3074.565185546875,3139.799017261379,3056.0699243457793,3136.8834212257602,4871211
2021-10-22,3045.27783203125,3099.8932567069073,3033.2231871659847,3098.5005871767303,2691670
2021-10-25,3040.142822265625,3058.9428001547594,3002.760670331834,3048.890037151424,2595594
2021-10-26,3031.134521484375,3071.5193896414444,3024.519659678101,3041.491784387086,3878763
2021-10-27,3037.357421875,3056.070276540897,3031.482455875242,3031.482455875242,2510813
2021-10-28,2978.08544921875,3061.9452338402966,2972.297604765382,3061.9452338402966,2424942
2021-10-29,2957.28369140625,3012.3342965071097,2947.0133383911043,2959.2855740900413,3960501
2021-11-01,3025.737548828125,3034.9635051049436,2970.512918427399,2992.2720488052664,2020718
2021-11-02,3032.5263671875,3058.1152313923385,3019.9496326293856,3041.055988589113,3087414
2021-11-03,3039.533447265625,3063.5989646219014,3016.729917190848,3049.9342708836666,1537639
2021-11-04,3053.8076171875,3057.811383209604,3050.6308683269517,3057.5502310791953,328991
2021-11-08,3048.67236328125,3088.0563970942476,3029.915946668684,3088.0563970942476,2526082
2021-11-09,3051.23974609375,3076.7414931890703,3042.7972447493607,3053.2416288846557,1782692
2021-11-10,3032.6142578125,3063.4251085051474,3029.045674614578,3044.538221499019,1516489
2021-11-11,3036.0078125,3055.0253768933417,2990.5747920916688,3028.8708604420863,1284514
2021-11-12,3068.95166015625,3076.0014917098492,3033.832334714238,3051.500793099573,1747259
2021-11-15,3092.669189453125,3106.8561869215628,3070.64890396437,3070.64890396437,1809157
2021-11-16,3095.367431640625,3112.03505658905,3082.834254844541,3106.334120705863,2013204
2021-11-17,3065.33935546875,3100.9809832225665,3051.8486938011238,3090.319008678797,1632914
2021-11-18,3025.12890625,3064.426030619223,3004.1532281043856,3059.464777964114,2136598
2021-11-22,3010.070556640625,3060.1601103077332,2994.317075931246,3027.477858523792,3167936
2021-11-23,3015.16357421875,3029.69863504423,2966.0314860207664,2998.409038950305,2153461
2021-11-24,2996.928955078125,3040.229629838049,2980.130861868933,3022.082427881749,2161746
2021-11-25,2999.19140625,3014.074736407611,2988.87770595789,2997.450675821812,1849619
2021-11-26,3000.018798828125,3037.574977522078,2969.5993607935234,2981.0012315223835,1941251
2021-11-29,3048.01904296875,3071.823617064497,2964.855602539076,3000.27942498904,2981745
2021-11-30,3071.64990234375,3101.764629552227,3038.44554802296,3038.44554802296,5588446
2021-12-01,3113.99267578125,3124.6110887936125,3076.7410024750475,3076.7410024750475,2102118
2021-12-02,3170.6533203125,3175.0922678546226,3110.7723642014284,3123.9147513020857,3152938
2021-12-03,3168.521728515625,3190.7160465699467,3160.166348037167,3173.743920998995,2486263
2021-12-06,3077.95947265625,3183.7959681863304,3065.426298510731,3168.521016108567,1849642
2021-12-07,3119.824951171875,3131.57488473048,3067.4289936532964,3100.676911298592,1484458
2021-12-08,3156.728271484375,3173.7439580228324,3134.185891998146,3134.185891998146,1428660
2021-12-09,3134.8388671875,3163.5609280238123,3103.723301281495,3142.019382396578,1567957
2021-12-10,3165.344482421875,3169.8703393647284,3111.6429873202883,3120.259518567422,1510718
2021-12-13,3141.714111328125,3187.2778211020996,3134.7947494906152,3176.8334371989795,1883864
2021-12-14,3154.02978515625,3163.777833920644,3113.0354949388247,3137.6668751812713,1747007
2021-12-15,3107.50927734375,3153.3339319320626,3096.8906491750763,3150.722835659417,1603233
2021-12-16,3117.300537109375,3140.6697186213864,3107.2042143295057,3117.648598243218,2072320
2021-12-17,3119.69384765625,3178.0083208796227,3110.424330014637,3135.4908923462717,4333992
2021-12-20,3095.802490234375,3138.5375147693103,3055.112909309398,3123.741303523864,2312310
2021-12-21,3140.539306640625,3169.1742414013142,3104.0708713088916,3118.2143081191102,2340989
2021-12-22,3160.078857421875,3165.344610059244,3138.754907271951,3154.203891564243,1224328
2021-12-23,3187.88720703125,3194.676099434365,3159.4263018517217,3175.0928785551187,1792861
2021-12-24,3195.023681640625,3224.7032213873817,3172.3072763209016,3207.295916548583,2209923
2021-12-27,3216.957275390625,3220.351615069357,3179.5315674317108,3195.1110213296242,1534135
2021-12-28,3226.052490234375,3242.110687247403,3214.998893611058,3229.0552079698964,1456218
2021-12-29,3215.739013671875,3237.7157401092845,3207.296511756607,3213.6066609317045,1456923
2021-12-30,3249.7265625,3255.1663458319385,3202.94442584533,3204.1195040416433,1966475
2021-12-31,3253.730224609375,3272.573548475662,3247.5941067076774,3257.6033077203024,1207141
2022-01-03,3322.8369140625,3333.4988883136334,3259.5178424894407,3263.869668714393,2346158
2022-01-04,3381.151611328125,3384.981133665279,3317.571383436288,3334.456597811897,2488606
2022-01-05,3360.437255859375,3368.314105244627,3318.180973100179,3363.9622782352676,1733031
2022-01-06,3313.872314453125,3337.8509209336266,3283.0179071086413,3317.8325190610126,1810293
2022-01-07,3353.952880859375,3363.874960866469,3304.2549343090877,3324.7956415940866,2460591
2022-01-10,3376.886962890625,3462.3132338266632,3360.4804916552907,3462.3132338266632,3937092
2022-01-11,3408.263671875,3416.1840817490493,3356.1288711399575,3356.1288711399575,1906106
2022-01-12,3359.52294921875,3419.665276673529,3339.200046881566,3416.1838154603215,3203744
2022-01-13,3392.5966796875,3414.442932824278,3356.9988253640686,3410.0911065015353,6684507
2022-01-14,3453.739990234375,3461.4428081583696,3359.653628525893,3375.146173409217,3348123
2022-01-17,3498.128662109375,3518.886959817252,3448.6485215692674,3475.10754208303,3442604
2022-01-18,3473.280029296875,3517.755570912798,3464.0540716471287,3511.0102394918767,2389041
2022-01-19,3413.1630859375,3498.0421346447133,3409.544807459659,3498.0421346447133,3102539
2022-01-20,3336.348388671875,3417.8268980433213,3322.7903848069127,3409.1079518748434,6176776
2022-01-21,3342.408203125,3358.1459444240563,3288.0020610960582,3319.3029944689906,3112358
2022-01-24,3288.22021484375,3356.4894006591326,3260.9735050308036,3348.075701814863,3258414
2022-01-25,3286.956298828125,3321.3961452874414,3245.3669571958144,3286.6076260352775,3330501
2022-01-27,3181.761962890625,3255.1318220283392,3160.7057895166804,3253.0393597437615,5718297
2022-01-28,3217.33544921875,3251.9932675177347,3178.9284407068867,3178.9284407068867,3143862
2022-01-31,3257.616943359375,3276.5806552410922,3244.669220445881,3268.7336020486573,2739393
2022-02-01,3313.7666015625,3320.1751129374843,3257.74736547893,3287.0431133861125,2105169
2022-02-02,3362.20068359375,3369.0015056035154,3313.766884903713,3337.5260181924546,1984212
2022-02-03,3334.648193359375,3385.1308058721415,3327.1934519093306,3357.6661257987425,1960538
2022-02-04,3326.191162109375,3334.7357731436837,3286.1712786456783,3326.5400477247117,2307366
2022-02-07,3294.890380859375,3340.9264679175108,3274.967499946627,3305.353118242363,1919149
2022-02-08,3263.894287109375,3312.938365711903,3244.3202929778845,3305.832508802573,2946443
2022-02-09,3278.8037109375,3293.974593822682,3266.204874886914,3269.605179127238,1638721
2022-02-10,3287.3486328125,3304.3069440401177,3276.5806469242366,3304.3069440401177,2112459
2022-02-11,3221.60791015625,3271.785502541707,3217.29207311896,3271.785502541707,3851488
2022-02-14,3255.437255859375,3307.314997198145,3234.7297540644877,3246.9362814383157,5951745
2022-02-15,3328.7197265625,3343.7162732725105,3267.861432131778,3300.993431710489,3931683
2022-02-16,3324.621826171875,3360.3695095219214,3318.431288543338,3351.5632877458197,3256906
2022-02-17,3299.42431640625,3343.716615581994,3294.890505941162,3334.9976674318455,3134372
2022-02-18,3307.881591796875,3327.1069146820982,3276.2319808945354,3286.1714964542043,3688883
2022-02-21,3242.925048828125,3337.4385616421955,3230.8494350012497,3321.918793472412,7465922
2022-02-22,3126.96337890625,3198.022804045737,3112.664389545629,3182.4159725046347,5408531
2022-02-23,3107.258544921875,3158.7873968002073,3100.1524750080293,3148.4119344468936,2426203
2022-02-24,2965.880615234375,3037.5505321408286,2956.68229614939,3028.9622839273047,5039136
2022-02-25,3069.723876953125,3077.7889045358324,3018.5000531170117,3023.7314223598487,2549723
2022-02-28,3098.888427734375,3107.215065572524,3013.181127091719,3042.912824650469,3288942
2022-03-02,3091.869140625,3114.3640652601866,3056.8626554299713,3097.405756821156,2761341
2022-03-03,3090.34326171875,3120.162228552476,3077.8753387197994,3106.429888039803,1928039
2022-03-04,3072.8623046875,3104.9914980604067,3040.3405883905943,3052.939424780361,2370257
2022-03-07,3038.46630859375,3093.482959335582,2991.950845591034,3008.0372631645314,3054130
2022-03-08,3138.77734375,3146.6680335114793,3016.755720684322,3016.755720684322,3300992
2022-03-09,3167.244873046875,3185.9033350740265,3136.2489729035888,3143.180493415946,2719654
2022-03-10,3157.08740234375,3212.0604115144542,3151.899670907913,3212.0604115144542,2005441
2022-03-11,3138.079833984375,3173.5661198059825,3132.5870674744247,3141.654687525225,1623423
2022-03-14,3176.312255859375,3180.9769774502593,3121.382892115444,3121.382892115444,1765688
2022-03-15,3133.502197265625,3190.2626259339454,3126.0910925046414,3190.2626259339454,3651133
2022-03-16,3187.559814453125,3198.109825687102,3152.9892740297114,3174.1327209416286,3090475
2022-03-17,3202.251220703125,3234.7292978853975,3191.3961743923683,3223.0459941926397,3600452
2022-03-21,3162.100341796875,3238.173151385832,3151.8992167802776,3222.5226847081344,2413831
2022-03-22,3226.83837890625,3235.6009624851517,3160.61802452403,3173.6964439358535,2907611
2022-03-23,3236.82177734375,3251.9928727405686,3217.291421341195,3232.9855258355424,1596195
2022-03-24,3269.474365234375,3276.7545581252484,3221.6508566813804,3226.010330100435,1879046
2022-03-25,3232.506103515625,3295.3261619554955,3201.5974776294693,3278.2369399463614,1690133
2022-03-28,3232.723876953125,3237.3449613508205,3192.1807741513976,3221.6508570404744,1760990
2022-03-29,3230.67529296875,3245.1922553919017,3218.163518176117,3221.433123484478,2689063
2022-03-30,3253.5185546875,3259.1422326604416,3231.4159399540727,3259.1422326604416,1583455
2022-03-31,3260.8427734375,3273.6595838693274,3243.622851883413,3260.8864107485983,2168110
2022-04-01,3277.234130859375,3280.9396832520993,3250.4670067366783,3267.861263042484,1387014
2022-04-04,3287.3486328125,3295.7623324570554,3258.358130814035,3280.068226112022,1472994
2022-04-05,3326.10400390625,3344.239456565145,3288.786867502642,3288.786867502642,2314947
2022-04-06,3274.27001953125,3321.308698504881,3253.1699963861447,3321.308698504881,2051729
2022-04-07,3212.19091796875,3265.681745359496,3207.7007452082726,3265.681745359496,2494829
2022-04-08,3213.498779296875,3230.370027745647,3175.8766062249715,3217.291606580685,2296773
2022-04-11,3222.871337890625,3236.7782280173724,3187.734153364789,3217.2912972094496,2291660
2022-04-12,3218.25048828125,3260.014157655668,3180.9769912928095,3211.1880563374766,4483476
2022-04-13,3192.83447265625,3234.598352823879,3187.254432214075,3232.1133680019534,1621672
2022-04-18,3076.088623046875,3147.5403623845255,3071.2495641272826,3147.5403623845255,3820792
2022-04-19,3027.13134765625,3107.04063053991,2998.5767941194913,3095.2264139082035,3170014
2022-04-20,3101.155029296875,3111.922800837386,3034.193475539571,3051.631369077155,2640370
2022-04-21,3163.80029296875,3177.183960384715,3110.3967480802858,3121.382705317585,2280996
2022-04-22,3149.763427734375,3153.64331680634,3113.9721056051544,3122.342380367201,1581465
2022-04-25,3093.656494140625,3124.8703645740266,3080.4910129016785,3102.2011041167375,1960694
2022-04-26,3092.000244140625,3128.270936257901,3067.4562804026878,3117.1542787359804,1943469
2022-04-27,3104.99169921875,3111.312936478098,3057.1247601525597,3091.738940916967,1727648
2022-04-28,3125.132568359375,3142.6575260875848,3084.8074339349073,3128.358536540344,1703660
2022-04-29,3092.34912109375,3159.092707941327,3083.761085375679,3136.205470355331,2051115
2022-05-02,3088.599853515625,3093.4389119139187,3045.3103646568115,3068.9822217914025,1324161
2022-05-04,3033.9755859375,3091.259025222723,3021.376750080482,3085.199399623491,2305825
2022-05-05,3063.314697265625,3080.403918216015,3038.8582216741816,3062.181404468486,1612262
2022-05-06,2992.8662109375,3029.398518342552,2985.803777828197,3015.884148783102,2010812
2022-05-09,3003.764404296875,3013.2679710271254,2918.1007532108174,2962.6980803096562,2481830
2022-05-10,2998.22802734375,3020.9409278192593,2983.6237904966374,2994.08652734233,1622685
2022-05-11,2974.9052734375,3006.6857986302757,2948.879126623255,2994.958855292442,1841769
2022-05-12,2971.983642578125,3007.7749608828694,2920.9343806143934,2945.2601564408105,2807195
2022-05-13,2977.433349609375,2999.230718747237,2948.8787960387763,2994.958519542189,2187823
2022-05-16,2944.214599609375,2990.5993634905226,2935.3213146291287,2977.5209406181148,1195813
2022-05-17,3009.431884765625,3022.858978236571,2921.1959692768205,2938.2851908443163,1754076
2022-05-18,3006.990234375,3047.2717235989503,3001.9768402660748,3021.114884769775,1866781
2022-05-19,2844.07666015625,2968.8012301822614,2816.2196691596782,2961.8260731069436,4642963
2022-05-20,2871.149169921875,2889.3716835160767,2851.139229667737,2885.9713794234453,3065125
2022-05-23,2896.216064453125,2911.1689726105033,2848.479832187359,2881.437492653417,2293690
2022-05-24,2866.789794921875,2898.9192000018056,2855.9783857074317,2890.4616510569685,1711510
2022-05-25,2780.461181640625,2890.357885421766,2768.523667729061,2890.357885421766,3548046
2022-05-26,2832.51318359375,2845.2847498563847,2791.7848372931185,2800.957469317206,2813186
2022-05-27,2862.66455078125,2878.113137542295,2834.488114923966,2855.554544933507,3103153
2022-05-30,2962.685546875,2972.648296384456,2884.6520809710146,2894.000221627102,2094624
2022-05-31,2953.118408203125,2969.839714625581,2918.5781569271903,2944.165004523289,4840965
2022-06-01,2945.087158203125,2973.877991535847,2931.789058688959,2973.877991535847,1493835
2022-06-02,3004.59912109375,3012.499031140447,2937.2743749999877,2944.9109118520396,2657939
2022-06-03,3019.65283203125,3052.2620346027693,3011.796853027463,3036.5498622964137,1913622
2022-06-06,3011.577880859375,3030.9327068602524,2964.3539226711787,3000.210828858483,1084210
2022-06-07,2951.669921875,3000.9567154912565,2945.7889201087964,2985.3324048192408,2308256
2022-06-08,2988.05322265625,2996.655390105723,2937.4499938250347,2966.986795089598,2185707
2022-06-09,3008.197998046875,3016.8878132150094,2943.2431833311603,2971.243889360723,1279197
2022-06-10,2949.212646484375,2978.2668532896387,2942.2783649357116,2968.6114051946824,1527582
2022-06-13,2826.06103515625,2890.4891000419943,2802.229512994808,2887.8557968837417,3030921
2022-06-14,2818.11767578125,2843.0022662978668,2786.6496119457593,2800.0795032064775,2611493
2022-06-15,2814.38671875,2838.7008420388174,2809.7345069159724,2825.0954422083905,1404536
2022-06-16,2757.946533203125,2848.225040609445,2750.090553952072,2843.967780896921,2032028
2022-06-17,2711.336669921875,2737.5381225214655,2654.2380502201972,2714.0578356188767,5240434
2022-06-20,2731.96484375,2755.0941146293767,2693.869800970946,2715.813999414828,1502769
2022-06-21,2819.34619140625,2841.992643096797,2743.3753468292443,2747.413164355795,2964461
2022-06-22,2829.001953125,2853.2284323936533,2793.9351690902718,2808.769360580185,3336315
2022-06-23,2904.358154296875,2912.4335752382617,2829.0017025634374,2829.0017025634374,3692578
2022-06-24,2890.5771484375,2936.1332102856513,2876.883885414416,2930.8666036304303,2132118
2022-06-27,2909.537109375,2951.845477755388,2902.3394557167258,2940.5223579770245,2037686
2022-06-28,2912.5654296875,2922.9670648721058,2872.5832738577947,2902.778403463079,1400046
2022-06-29,2888.294921875,2925.600053064694,2871.178449917376,2871.178449917376,2133994
2022-06-30,2867.75537109375,2906.20143071572,2857.134294601676,2872.0563477532055,2719603
2022-07-01,2909.887939453125,2925.599896381452,2854.54464022768,2861.5228509461544,1502879
2022-07-04,2839.62353515625,2912.390419811633,2830.8458547732685,2907.1677428435264,2622535
2022-07-05,2823.165283203125,2872.0569183233747,2814.958066619802,2857.1348622073915,2170627
2022-07-06,2862.180908203125,2868.983607593932,2810.831499898323,2825.0952244274345,2182144
2022-07-07,2885.96875,2913.6621507610735,2865.9556026660175,2871.1782778598463,1989921
2022-07-08,2866.30712890625,2901.022892001612,2852.7456577928106,2896.634052528085,2136916
2022-07-11,2733.193359375,2830.8010937637823,2726.3467278233516,2814.255085372196,6974600
2022-07-12,2707.650390625,2752.8554340083,2703.7443666293075,2734.158936312343,3734815
2022-07-13,2667.3173828125,2729.8583498303165,2664.025752969457,2724.591742081448,3863530
2022-07-14,2639.15478515625,2690.4197342968428,2611.212087556013,2689.5396493330554,4764908
2022-07-15,2635.5029296875,2665.689676763467,2598.891303536101,2656.580924885841,4574806
2022-07-18,2696.14013671875,2707.977235850919,2652.8400018798093,2660.496697666323,3202795
2022-07-19,2705.6005859375,2709.736941355733,2666.7008823385627,2666.7008823385627,1865074
2022-07-20,2785.29296875,2791.5854903684417,2726.5472967341943,2735.1281252308854,3402251
2022-07-21,2796.29345703125,2802.189982174116,2767.03063765082,2787.228540686377,2420640
2022-07-22,2790.7490234375,2813.6312292430425,2766.5466903739457,2803.070211178946,2075886
2022-07-25,2787.0087890625,2804.3464181965073,2771.475376902359,2785.468640525085,1797504
2022-07-26,2742.25634765625,2788.9008455480016,2725.1827872039253,2785.2045320841903,2639367
2022-07-27,2806.45849609375,2811.078941286618,2737.063723775086,2741.4641477682935,1389808
2022-07-28,2869.516357421875,2872.5966540791287,2817.7232833962703,2830.3525856367887,2106333
2022-07-29,2905.95166015625,2919.5050938055115,2882.2774670596104,2895.4787379011045,2430257
2022-08-01,2903.223388671875,2928.0417337033286,2878.756991567054,2928.0417337033286,1306913
2022-08-02,2897.0634765625,2915.6331387759437,2879.3296371550764,2895.4792807916037,1269114
2022-08-03,2939.04345703125,2947.4042633920217,2884.082199243072,2886.6784066664172,2895824
2022-08-04,2952.640625,2981.6393778391775,2910.748715052076,2948.284247964706,2150567
2022-08-05,2961.529296875,2972.0462668986875,2952.6844019677515,2958.1408845663077,1106933
2022-08-08,2969.802001953125,2973.7183361972407,2935.9627856015595,2961.485243869679,1068836
2022-08-10,2952.024658203125,2979.0872677998295,2935.0830245531556,2979.0872677998295,1878359
2022-08-11,3012.09033203125,3017.5468150068145,2970.3303498018386,2992.2884233473337,1449248
2022-08-12,2993.652587890625,3009.0100251572753,2975.7868229198702,3009.0100251572753,1472354
2022-08-16,2985.864013671875,3005.3580232327295,2981.2876151396117,3001.969610403311,839942
2022-08-17,2993.256591796875,3008.0858922168222,2966.854046980335,2979.1752345613872,1622326
2022-08-18,2975.78662109375,2985.2475323475046,2958.844989313771,2983.4873628119226,1430659
2022-08-19,2979.746826171875,3011.209854758051,2966.9855977942652,2980.8469320664967,1398410
2022-08-22,2952.288818359375,2978.2953698990436,2945.996082460912,2961.4856625107705,1536532
2022-08-23,2890.72705078125,2941.155745444211,2877.877724840754,2921.837924178498,1849256
2022-08-24,2864.98388671875,2911.320261402616,2860.4513214801914,2897.2389058456506,1691923
2022-08-25,2832.2890625,2885.0501070521514,2829.252812696223,2883.158010542912,1946930
2022-08-26,2835.8095703125,2866.436568329258,2831.0571977170034,2846.4586837304396,1457962
2022-08-29,2756.90966796875,2765.842442693576,2711.5412538067208,2750.264984792601,2539173
2022-08-30,2826.08447265625,2839.5938614918264,2765.314783665754,2776.6677926566595,3431525
2022-09-01,2756.161376953125,2807.470361006476,2746.7445130724805,2807.470361006476,3546935
2022-09-02,2755.017578125,2783.708430697643,2746.1288498985514,2783.708430697643,2052900
2022-09-05,2757.65771484375,2770.462992067452,2739.0440066723772,2749.076887768465,2147912
2022-09-06,2752.0693359375,2764.214549676102,2733.8516227618284,2759.506009846509,1936453
2022-09-07,2771.914794921875,2782.739664597648,2730.022678195288,2730.022678195288,1291534
2022-09-08,2789.560546875,2801.7498066300514,2781.1559093890387,2789.868662483827,1346113
2022-09-09,2831.804931640625,2845.754362458832,2788.548847209157,2811.8710957340245,1561185
2022-09-12,2854.0712890625,2877.701654619494,2838.273808049508,2851.3869871393563,1785928
2022-09-13,2842.10205078125,2872.1128147669933,2838.273595799271,2872.1128147669933,1972678
2022-09-14,2746.216552734375,2764.698333727928,2740.408121912217,2759.065876894723,5090269
2022-09-15,2732.09130859375,2761.4860546857367,2728.2628538047275,2754.6653975512245,2138023
2022-09-16,2647.91162109375,2723.2910281150525,2640.2549247847733,2707.141382879321,5322221
2022-09-19,2665.601318359375,2677.2183966341995,2629.517835695995,2671.937886976144,2072220
2022-09-20,2675.721923828125,2710.61720102937,2666.6570072003938,2684.258703617558,1544295
2022-09-21,2641.310791015625,2676.690161452811,2638.626489065098,2664.8971095952425,2253818
2022-09-22,2646.76708984375,2666.6130461683933,2622.036834497055,2631.453699411689,2017983
2022-09-23,2624.45703125,2660.056419935131,2621.772729524154,2643.7748504500028,2652374
2022-09-26,2635.326171875,2663.00501422092,2575.2165443379304,2604.9194100878144,2925489
2022-09-27,2655.611572265625,2662.256254816649,2619.132103912181,2648.5268473584333,2227447
2022-09-28,2671.6298828125,2684.215140995731,2622.653239635574,2622.653239635574,2739767
2022-09-29,2637.878173828125,2689.407181056036,2631.453511913106,2687.7789382550586,2493902
2022-09-30,2644.259033203125,2657.5922330079447,2596.3384551119543,2632.2019134840502,2817353
2022-10-03,2627.009033203125,2658.4720642332236,2617.372147790572,2635.8539282558045,1763331
2022-10-04,2720.473876953125,2726.502543409668,2660.4961874523647,2666.6127334648536,2145875
2022-10-06,2729.978759765625,2749.3846708538535,2721.617954908675,2737.943569470659,1790816
2022-10-07,2697.37158203125,2732.663065375268,2691.3871778053895,2725.9743355335677,1939879
2022-10-10,2744.58837890625,2752.02505217605,2644.6547111573486,2649.0551349695907,3064063
2022-10-11,2701.46435546875,2767.8667110161023,2687.2070246042927,2728.2628948012457,4730645
2022-10-12,2728.92333984375,2736.9760309872313,2694.8640961111873,2714.97390779249,1665247
2022-10-13,2731.16748046875,2737.064006255312,2686.3271983230893,2728.9232210277037,2054781
2022-10-14,2727.51513671875,2772.2675415495582,2702.7408317773634,2767.867116880432,2245977
2022-10-17,2745.69140625,2760.3826551550005,2710.132155751458,2711.190947627584,1517005
2022-10-18,2774.765625,2784.1629159418735,2760.5155551789203,2779.442189863882,1793722
2022-10-19,2754.603515625,2787.3831970318834,2745.9121586461606,2787.3831970318834,1194289
2022-10-20,2785.883544921875,2788.2658809132267,2739.735936783408,2739.735936783408,1587601
2022-10-21,2768.32373046875,2788.6180658364588,2759.1472476011204,2786.324052829806,1021913
2022-10-24,2789.76611328125,2804.148668415452,2783.8543262588896,2797.1780892342567,260949
2022-10-25,2790.118896484375,2809.663142136303,2780.45685356415,2806.3542823473385,2069643
2022-10-27,2785.971435546875,2800.618740078452,2765.6331510594896,2788.8832750526153,2438421
2022-10-28,2791.133056640625,2804.58908417995,2775.0299417165147,2779.4417540244904,1355739
2022-10-31,2817.515625,2822.6775315995496,2803.9714903854647,2822.6775315995496,1919414
2022-11-01,2876.23681640625,2878.7957967468583,2826.603928917729,2836.354077010689,2991060
2022-11-02,2860.354248046875,2885.3251479156916,2843.0159124546703,2885.3251479156916,1405955
2022-11-03,2829.515869140625,2848.3102329584,2819.1481100504548,2848.3102329584,1422652
2022-11-04,2838.912841796875,2841.251231526313,2793.6917665316887,2838.559982987403,1464013
2022-11-07,2853.295654296875,2861.325239443402,2819.2365900807545,2849.148593513063,1474498
2022-11-09,2837.721435546875,2867.5011644054493,2825.015288648254,2867.5011644054493,1162267
2022-11-10,2828.54541015625,2845.6192115940316,2797.0892715513423,2797.0892715513423,1573092
2022-11-11,2925.86962890625,2948.5023542732615,2872.133843597439,2884.972259916198,3265394
2022-11-14,2943.1201171875,2955.032010931176,2919.737510949914,2932.972948442887,1342074
2022-11-15,2940.5615234375,2947.0467589345967,2904.737517701037,2930.326031678355,1400708
2022-11-16,2960.635498046875,2971.708976572207,2930.7232760284523,2946.1204606366173,1748235
2022-11-17,2955.032470703125,2964.738459708122,2927.4586383025658,2947.0912069717638,1417986
2022-11-18,2950.135009765625,2967.164649978448,2930.3260137026023,2955.9145275229503,1164540
2022-11-21,2897.237548828125,2941.5321075260067,2887.972741682489,2931.6496896547724,1304194
2022-11-22,2924.98779296875,2928.517243290538,2872.310790000173,2894.1492638662367,1149739
2022-11-23,2919.119873046875,2938.267096023946,2903.8549588633055,2938.267096023946,1150011
2022-11-24,2982.517578125,2993.8118614360064,2919.1199604786734,2926.1346994104915,1296591
2022-11-25,2990.900146484375,3002.988685816619,2954.149832260228,2985.032521665577,1588981
2022-11-28,2995.84130859375,3015.0326931639333,2969.6351851613313,2970.0322052062625,2195437
2022-11-29,2997.6943359375,3025.6210229911208,2985.0323478503824,2985.0323478503824,1576028
2022-11-30,2991.914306640625,3013.179110074334,2977.9729383930853,2985.0318372100173,3410702
2022-12-01,3066.783447265625,3070.6218106972183,3017.6800553403696,3022.0918682867737,2180856
2022-12-02,3034.576904296875,3060.827188659679,3011.5032111008086,3051.297846000532,2411749
2022-12-05,3022.885986328125,3034.5772909373013,3006.2094191292977,3029.1508470416434,1475065
2022-12-06,2987.10595703125,3007.047220155349,2971.7968815829117,3000.07664261676,1166999
2022-12-07,2982.915283203125,2994.4741047527577,2959.444350368291,2972.0621794423473,1167505
2022-12-08,2956.399658203125,2982.914693880783,2946.6053484812223,2964.737940576892,1285619
2022-12-09,2905.399169921875,2977.1794466521255,2890.928510850785,2977.1794466521255,1797896
2022-12-12,2899.84033203125,2908.2669373884346,2855.413507309817,2872.5312544502576,1527610
2022-12-13,2940.1201171875,2943.9582647380803,2883.384166419189,2891.6782875951694,1378016
2022-12-14,2969.458740234375,2979.7381772420185,2947.8848046662138,2954.8555977030205,1213311
2022-12-15,2916.29638671875,2968.929223708033,2910.86972808808,2963.679209913898,1415694
2022-12-16,2859.0751953125,2904.737456359463,2845.7955961171497,2889.7372933102192,2703680
2022-12-19,2825.368896484375,2863.7075041646976,2818.7070165010405,2847.383797855332,2120965
2022-12-20,2862.339599609375,2866.7955730239714,2791.485852458228,2822.589128527509,1529971
2022-12-21,2884.0458984375,2896.8401542703996,2858.854406799651,2866.7956690407614,1432566
2022-12-22,2876.23681640625,2906.5018913277986,2863.3544539726518,2906.5018913277986,1384101
2022-12-23,2848.57470703125,2882.5456590355952,2838.559807739689,2838.559807739689,1360281
2022-12-26,2870.23681640625,2887.090025891861,2845.6631506643457,2848.574989923709,870157
2022-12-27,2876.060791015625,2888.678618824853,2851.3546391063023,2884.619664842959,835883
2022-12-28,2873.942626953125,2881.883888463998,2846.5010704529063,2867.5013384213157,910795
2022-12-29,2884.22216796875,2886.6486646301387,2848.2658992590823,2851.0013089364893,1037927
2022-12-30,2873.58935546875,2910.91332509161,2864.3245510087736,2899.486776008404,1163131
2023-01-02,2877.781494140625,2882.5463814916634,2854.619475605265,2877.3844740498453,709547
2023-01-03,2921.8115234375,2929.4438738683607,2863.5314297904347,2869.443216210816,1245178
2023-01-04,2924.72265625,2935.9288318835124,2899.6194872236865,2917.707917742617,1231668
2023-01-05,2921.590576171875,2944.70843071638,2895.869579901462,2938.443570763314,1826057
2023-01-06,2833.75146484375,2913.1640936237372,2823.560134399543,2911.7963885995287,2488376
2023-01-09,2929.39990234375,2935.620602249584,2842.2224274885925,2849.149060614339,2885060
2023-01-10,2899.79638671875,2910.031879132558,2850.119544259817,2898.5611652366442,3864655
2023-01-11,2937.1201171875,2955.473300937228,2886.3401103867363,2903.061052704587,2720512
2023-01-12,2942.10595703125,2955.9148461892505,2925.5174963028508,2937.385230735527,2250391
2023-01-13,2977.576416015625,2981.502886054615,2916.208061086269,2949.6495136518442,1742837
2023-01-16,3008.71044921875,3025.8112471276013,2976.223361566918,2993.324159475769,1843607
2023-01-17,3048.732421875,3051.8007788267178,2996.933656676586,3005.0554281038935,1688475
2023-01-18,3059.2001953125,3076.3009900989787,3043.182259186601,3050.1760059457965,2421189
2023-01-19,3043.94921875,3056.492753081922,3033.029862151857,3050.175820908443,1585044
2023-01-20,3034.925048828125,3063.3961884764685,3028.1569071715403,3036.639556587615,1529349
2023-01-23,3081.670166015625,3085.370171575479,3028.156902323591,3057.395186106383,1067916
2023-01-24,3100.98193359375,3115.104700447892,3083.8359754698736,3090.7845565408666,1387863
2023-01-25,3095.07177734375,3099.809477418407,3072.7369055632244,3091.056056581995,874110
2023-01-27,3078.196533203125,3109.736034820771,3052.2519856113963,3091.687653887394,1785879
2023-01-30,3098.591064453125,3120.971100823279,3055.1848405969054,3086.27313262084,1953798
2023-01-31,3030.95458984375,3112.4430679566062,3024.0060077479234,3112.4430679566062,2820375
2023-02-01,3075.76025390625,3085.3709292765457,3027.6161063828054,3034.8354592445226,2205161
2023-02-02,3122.73046875,3130.491359902265,3086.363161059032,3092.5897637316407,1813847
2023-02-03,3142.49365234375,3162.0761001103447,3115.9624021902155,3162.0761001103447,1804469
2023-02-06,3122.324951171875,3134.2368393436204,3101.4792019506117,3134.2368393436204,1138714
2023-02-07,3133.6953125,3152.1497379876287,3123.6332079139006,3130.401350781037,1455647
2023-02-08,3176.605224609375,3194.4729446376878,3138.658461421749,3138.658461421749,1986946
2023-02-09,3195.33056640625,3201.421894965321,3163.249525265047,3172.0029459457633,1655427
2023-02-10,3192.352294921875,3196.683950073236,3165.8210448180002,3176.5147978181903,1187821
2023-02-13,3142.58349609375,3202.684683091803,3134.4617259760194,3202.684683091803,1087939
2023-02-14,3158.556884765625,3180.8917554026953,3153.954459659008,3162.9786498154,1579818
2023-02-15,3177.101318359375,3181.929348066534,3122.504969647513,3146.7350075745903,1429449
2023-02-16,3210.851806640625,3226.147763863208,3182.831654026723,3183.012093754283,1618931
2023-02-17,3159.504150390625,3193.570467173406,3149.442266805479,3182.0646250812088,1061369
2023-02-20,3147.005615234375,3178.319508405955,3135.9509832133717,3160.271129596154,1296082
2023-02-21,3114.247802734375,3166.497771917962,3108.6076842854936,3153.0518176626792,1139541
2023-02-22,3069.62353515625,3110.638436535389,3063.712646370074,3081.7158621873755,1218430
2023-02-23,3080.67724609375,3115.5104784820846,3075.443173155831,3087.174617184888,1441570
2023-02-24,3068.630615234375,3098.861651446193,3052.2517986673643,3088.5289980581183,977592
2023-02-27,3006.724853515625,3059.2004305919913,2992.4214241424907,3059.2004305919913,1128022
2023-02-28,2989.57861328125,3061.004982816527,2977.8921119899733,3003.701381280899,4116217
2023-03-01,3055.320068359375,3058.2980952242915,2991.5190869485177,2998.7384391945475,1669307
2023-03-02,2997.339599609375,3041.0617569146098,2994.2262980645087,3033.030315791083,1556538
2023-03-03,3016.019287109375,3030.322715031711,3006.047734357381,3026.7130393735433,1043190
2023-03-06,3042.8212890625,3072.691222785889,3031.2251179450036,3033.8420446565137,1334132
2023-03-08,3059.561279296875,3064.614913806922,3005.8224042793245,3035.7375059029696,1844590
2023-03-09,3011.23681640625,3054.68820151513,3005.8223026074047,3054.68820151513,1648500
2023-03-10,3005.957275390625,3011.597393364564,2968.958101481584,2989.623405611254,1024404
2023-03-13,2961.69384765625,3040.9714410429538,2952.7148231102783,3007.7623794090946,1901233
2023-03-14,2901.2314453125,2981.9527675921568,2896.222976618514,2959.933835721557,2670334
2023-03-15,2886.747802734375,2942.2016217694713,2880.521200296672,2932.861497795797,1780522
2023-03-16,2874.2041015625,2905.608322308614,2862.47265625,2894.9597355769233,1901060
2023-03-17,2869.06103515625,2907.05274636702,2837.2055974572454,2843.07132149779,6739966
2023-03-20,2836.57373046875,2860.3523392948427,2793.0320130478685,2860.3523392948427,2289468
2023-03-21,2803.00341796875,2848.7108468749984,2795.1973623365025,2836.5733568003143,1815297
2023-03-22,2825.293212890625,2836.753889168361,2803.003509518878,2824.616398697249,1123939
2023-03-23,2819.743408203125,2839.326076534462,2798.4012872223343,2810.944823053039,1372218
2023-03-24,2815.998291015625,2860.668028367099,2802.9132164379207,2841.6269006823486,1329577
2023-03-27,2817.623046875,2845.1016629132937,2802.913572280926,2829.0837247587583,1524217
2023-03-28,2811.846923828125,2842.213451587019,2806.6580152242736,2821.8638616076223,1303530
2023-03-29,2832.6025390625,2842.619476774167,2801.1985382394446,2823.6686802623394,1740616
2023-03-31,2893.065185546875,2899.472449020155,2844.4248861847273,2878.6716455574356,2382581
2023-04-03,2887.740478515625,2910.2557859956287,2864.0519824028015,2910.2557859956287,1521830
2023-04-05,2923.656982421875,2945.8114118907883,2874.6555889687143,2874.6555889687143,2655065
2023-04-06,2906.42041015625,2939.4941939275836,2901.2766666613607,2910.3008553601517,1703464
2023-04-10,2944.953857421875,2952.7147483714607,2901.276869197508,2905.78896386189,2203187
2023-04-11,2900.1943359375,2953.572333679193,2880.6568316583844,2945.4957273871946,2348779
2023-04-12,2925.326416015625,2942.7431464979895,2886.8383344135827,2912.963319978562,2417727
2023-04-13,2877.678955078125,2914.813409301973,2869.6924586935834,2896.765029058617,4174070
2023-04-17,2833.14404296875,2854.7117658395036,2770.6515362079326,2828.2710691965544,5505048
2023-04-18,2825.248046875,2848.8012689229336,2807.064393679631,2847.08654077672,2617302
2023-04-19,2788.114013671875,2833.59584613262,2771.7801405720834,2825.248469834299,3298034
2023-04-20,2801.830322265625,2809.230113386837,2777.6454510133904,2788.4744781128575,2419999
2023-04-21,2852.4111328125,2855.6597089636048,2798.2208287767953,2806.523039363576,1929184
2023-04-24,2865.0,2870.5497889454005,2821.097181701511,2843.612712906917,1640676
2023-04-25,2866.08251953125,2879.799243193542,2840.363580045532,2872.399452036514,2024090
2023-04-26,2886.071044921875,2895.3208390571563,2870.5946482272543,2870.5946482272543,2000029
2023-04-27,2876.866455078125,2887.018668292053,2861.254563139059,2874.20436323212,2434446
2023-04-28,2905.112060546875,2912.3314117884297,2884.356425727405,2888.1013760571154,2931312
2023-05-02,2905.24755859375,2919.325382723846,2896.7649083596743,2919.325382723846,2321159
2023-05-03,2869.60205078125,2902.1794643631756,2863.510722614443,2902.1794643631756,2468285
2023-05-04,2906.42041015625,2909.8044809182966,2867.8871684758333,2869.8272809192304,1953253
2023-05-05,2915.4443359375,2927.4465498879426,2896.8094760818485,2905.7884989639874,1710027
2023-05-08,2933.40283203125,2937.2381121830967,2915.9861039841476,2928.349198292563,928235
2023-05-09,2962.866943359375,2976.177622538405,2929.2518383140277,2935.2078913616624,1107375
2023-05-10,2966.07080078125,2983.8484109430083,2947.3456066100516,2968.9584975056696,1559987
2023-05-11,2961.874267578125,2986.7359537053417,2952.714803365684,2986.1043045039883,1719623
2023-05-12,2954.79052734375,2968.9584613481547,2941.8858917917887,2959.1671272317485,1027479
2023-05-15,2937.4189453125,2970.7632825646147,2931.372782209103,2963.5439307236315,1150390
2023-05-16,2940.216552734375,2964.446592461722,2933.2679700818376,2938.456879642463,986306
2023-05-17,2895.591796875,2959.93431554151,2886.161562402632,2938.2310945607733,1588815
2023-05-18,2887.60546875,2913.865728945654,2883.228648558824,2911.1584719986504,1369364
2023-05-19,2908.36083984375,2918.873931901369,2890.492901561237,2896.7646688524947,1152449
2023-05-22,2976.809326171875,2985.6079108748772,2903.126907529479,2914.813188789529,1333243
2023-05-23,2975.320068359375,3003.20472227489,2969.048301510356,2983.3966728810387,1687418
2023-05-24,2981.00634765625,2993.504720527318,2956.32509610494,2956.32509610494,1016555
2023-05-25,2972.116455078125,2983.396690599144,2948.2926857845728,2972.5676644989658,1374917
2023-05-26,3004.062255859375,3012.8608403328844,2969.8606669045807,2972.1167142054805,1791115
2023-05-29,2996.3466796875,3042.9565276981425,2988.811393753336,3032.849480091868,1210372
2023-05-30,2992.601318359375,3002.30232090628,2979.200530752283,2991.518459812908,1344224
2023-05-31,2968.5068359375,3002.979192279251,2946.5328485995083,2986.1040036835957,5815424
2023-06-01,2999.640625,3014.0793283694343,2975.7265225443743,2990.6164353941035,1177314
2023-06-02,2983.0361328125,3010.379250409834,2975.681286269555,3001.670995775546,2030661
2023-06-05,2967.96484375,3002.3470851513293,2964.4906638639477,2991.518060497943,1861468
2023-06-06,2916.888671875,2967.920505036819,2906.3304147456515,2959.9340095974917,2022849
2023-06-07,2955.33203125,2958.896762718088,2924.740113866195,2935.5691423655453,1567196
2023-06-08,2920.6337890625,2950.9099891306146,2917.520487724549,2942.7882185183284,1759366
2023-06-09,2896.1328125,2932.8612150372,2892.568302163605,2928.3491208602195,1775689
2023-06-12,2930.063720703125,2936.8318621815274,2897.6669716200145,2901.2766470751626,2324605
2023-06-13,2927.176513671875,2946.398082746791,2922.9351883665713,2941.885987673672,1371928
2023-06-14,2933.809326171875,2938.140981423725,2911.068411496085,2927.176458412748,1658544
2023-06-15,2924.035888671875,2952.3552093195044,2918.3083232724543,2950.4006679163926,2273810
2023-06-16,2886.397705078125,2908.6713974620043,2869.2152311642453,2906.4895735209416,4156189
2023-06-19,2918.672119140625,2922.7632059010452,2886.4889920742507,2900.1259479423184,1468186
2023-06-20,2934.39990234375,2938.76377229002,2910.171667991738,2921.9448612962487,1528452
2023-06-21,2962.12841796875,2965.0375906543964,2930.9907039438817,2954.673593600641,1645987
2023-06-22,2944.21875,2970.7198119240816,2936.5821435529915,2963.7650532654006,1529603
2023-06-23,2924.08203125,2954.1286173145772,2917.5361139538345,2943.128271216813,1119505
2023-06-26,2899.807373046875,2921.8537828251756,2884.6704423318647,2913.76261193622,1978803
2023-06-27,2906.80859375,2917.990721723186,2893.126134859427,2911.0359619393075,863542
2023-06-28,2923.262939453125,2937.354458913725,2903.2165722164345,2916.4899632002866,1575872
2023-06-30,3002.175537109375,3009.221296943608,2922.035789841607,2927.39956983638,2672406
2023-07-03,2974.947509765625,3017.2220741820643,2971.720052392161,3013.130987303054,1687264
2023-07-04,3008.176513671875,3013.767577408775,2979.4934022921266,2991.0393151357075,1656681
2023-07-05,3018.267578125,3026.495253047851,3004.676122356007,3018.31307903841,1453008
2023-07-06,3020.949462890625,3025.9951812448,3001.9487253976645,3006.085313308048,1848238
2023-07-07,3026.721923828125,3051.8592867824045,3001.9481241962812,3001.9481241962812,1789326
2023-07-10,2974.62939453125,3022.631527699752,2968.492763863689,3022.631527699752,1407431
2023-07-11,2975.03857421875,2995.5850124032454,2964.492793539697,2995.5850124032454,1110172
2023-07-12,2963.673583984375,2990.265643534798,2954.764285186682,2982.810819949394,1515240
2023-07-13,3036.995361328125,3061.4508783669453,2975.356280703942,2985.583996893055,4585146
2023-07-14,3195.274658203125,3204.547964647963,3047.4047065554155,3059.223400226424,6306101
2023-07-17,3174.410400390625,3227.3217423976093,3161.0917295383088,3191.0475301955958,2743228
2023-07-18,3179.092529296875,3203.775329331685,3150.136639084645,3160.137072859517,2600090
2023-07-19,3154.727783203125,3197.2751275399046,3132.5448697161914,3181.9561925165294,2405370
2023-07-20,3156.779052734375,3170.9982338938335,3131.940826772371,3147.4818530276434,1715404
2023-07-21,3070.18701171875,3130.892412746542,3061.755687476042,3102.772940548675,3770223
2023-07-24,3094.2958984375,3111.3408007755556,3073.650637395516,3081.7628492870426,1680132
2023-07-25,3098.306640625,3105.2797075197404,3081.033863241791,3096.8027636160755,1272980
2023-07-26,3088.41650390625,3118.085690977951,3085.4085278953876,3099.4000558754824,1066803
2023-07-27,3096.25537109375,3109.699914070163,3085.454295510359,3094.4780014441108,1701769
2023-07-28,3058.4287109375,3093.3389965593196,3036.1883330260416,3085.4090385149057,2599831
2023-07-31,3118.633056640625,3123.3727839050766,3063.4420158387807,3066.6322468385074,2743678
2023-08-01,3146.5244140625,3153.770750326194,3112.753500683223,3112.753500683223,1956167
2023-08-02,3136.133544921875,3141.3746384347655,3111.477796074465,3130.9380706417523,1914899
2023-08-03,3099.035400390625,3129.3882090010948,3069.913198256954,3117.3109079687597,2026351
2023-08-04,3138.77734375,3163.7978265667507,3100.2210768107634,3100.2210768107634,2248493
2023-08-07,3175.692626953125,3179.2929859139754,3136.680615761602,3148.256552023698,1853889
2023-08-08,3163.432861328125,3181.070146163837,3150.6719384869994,3175.692417693925,1634225
2023-08-09,3156.049560546875,3160.1512856075137,3121.9141376043485,3158.2370582327517,1794589
2023-08-10,3137.455322265625,3158.237218937404,3126.4717689822373,3144.656039836463,1096701
2023-08-11,3143.562255859375,3159.8322990598804,3111.8422029571116,3133.80930927876,1679974
2023-08-14,3144.519287109375,3149.213394617888,3109.1076379281085,3136.178979187144,1190425
2023-08-16,3152.31201171875,3159.2394578812937,3131.165387032337,3144.655548093036,1328445
2023-08-17,3131.66748046875,3154.5004640383327,3111.113233332602,3149.213751006194,1843241
2023-08-18,3069.0927734375,3108.1957927852245,3059.4308441300896,3108.1957927852245,2526749
2023-08-21,3100.584716796875,3107.967910164372,3073.558997895524,3076.293480989737,1375579
2023-08-22,3082.810791015625,3109.1074942796968,3067.224369814653,3099.081055570498,1222012
2023-08-23,3097.48583984375,3100.9039438382806,3077.205089476201,3088.143022258699,1330046
2023-08-24,3087.91552734375,3110.9763829614676,3079.1196943322775,3106.373291177773,1152881
2023-08-25,3082.0361328125,3086.137857710432,3053.734186510207,3076.2936734488317,1158046
2023-08-28,3076.795166015625,3093.6121942799687,3062.712621128665,3093.6121942799687,1037485
2023-08-29,3077.341552734375,3089.555710512283,3067.178479771432,3081.8080085574366,944517
2023-08-30,3090.832275390625,3106.464539813538,3083.6315577486384,3097.258356216005,1188200
2023-08-31,3059.70458984375,3114.941019553153,3047.7183044022304,3099.9925997056025,3417652
2023-09-01,3080.121826171875,3089.0545157816123,3059.7044406634573,3068.0901446211,1277950
2023-09-04,3115.943603515625,3129.023637156642,3071.7817443830672,3079.028080349797,1828332
2023-09-05,3125.833740234375,3141.921529082659,3103.7753953952833,3117.311177679923,1501842
2023-09-06,3126.334716796875,3139.095639063221,3097.349371389577,3130.071933045149,1314818
2023-09-07,3149.441162109375,3153.770760697037,3119.407464834157,3127.1551675699734,1885092
2023-09-08,3137.272705078125,3158.3283161992513,3131.029101522507,3149.441245179643,1518917
2023-09-11,3172.593017578125,3177.1961089834826,3140.098329969077,3155.5937353709564,1783604
2023-09-12,3263.87890625,3272.1733710440712,3174.734717228666,3182.9381661103935,4476016
2023-09-13,3252.07568359375,3271.2170677568156,3231.247945622234,3255.0380406666054,1754929
2023-09-14,3244.9658203125,3279.2834969091505,3231.794770182642,3254.0807646975677,2604721
2023-09-15,3279.830810546875,3288.079880546778,3247.153642645778,3252.075846625595,2952897
2023-09-18,3286.985595703125,3298.971881144957,3258.820506435336,3263.195724267092,1395753
2023-09-20,3286.89453125,3304.167306178493,3263.1500568604156,3263.1500568604156,1649396
2023-09-21,3267.980712890625,3285.937106943507,3215.7520425233542,3270.9430695057613,2004073
2023-09-22,3284.70654296875,3312.1426120639135,3249.5229943898644,3266.7957679083775,1989083
2023-09-25,3260.55224609375,3299.6098718496296,3243.689598958607,3283.658719154224,1238778
2023-09-26,3268.345947265625,3276.7772718114297,3223.044712861221,3251.8480295119207,1726062
2023-09-27,3271.627197265625,3294.141066523065,3241.0008935775677,3272.2651988981193,1541134
2023-09-28,3223.72802734375,3283.9322808574702,3215.160068443675,3281.38005186612,1755753
2023-09-29,3216.299072265625,3252.6219888175337,3195.2890828619466,3224.1377902043046,2243791
2023-10-03,3202.854736328125,3221.40351413728,3172.091799849083,3221.40351413728,1948148
2023-10-04,3224.639404296875,3233.982222159653,3169.539610773689,3177.7430606044213,1788138
2023-10-05,3271.6728515625,3303.2560467713934,3236.8992030912727,3239.451432181438,2990768
2023-10-06,3300.88623046875,3313.2370259636054,3258.638592157678,3273.176885530309,2075691
2023-10-09,3316.3359375,3353.388098061812,3309.636364246382,3322.4429058385053,4233074
2023-10-10,3307.722412109375,3325.1320466518578,3282.6109158249983,3317.8857096422857,1848148
2023-10-11,3290.4033203125,3326.9543322636387,3285.9370870713474,3326.9543322636387,2426417
2023-10-12,3229.01513671875,3271.034902918443,3224.959030384727,3258.5930910385287,4241281
2023-10-13,3254.81005859375,3260.4156604701616,3213.0179488837907,3217.575421151711,2890357
2023-10-16,3212.152099609375,3258.2735858136334,3207.6402465342494,3250.3892477395666,1671104
2023-10-17,3196.65673828125,3221.3581049971613,3193.284253235353,3217.5754919446927,1672065
2023-10-18,3178.608642578125,3210.921072479593,3175.64628596808,3200.256633189991,1408245
2023-10-19,3157.955810546875,3177.3296712861907,3154.5288620352453,3170.6127629599455,1514545
2023-10-20,3193.5048828125,3198.0284103099434,3147.3553086674356,3153.158141056141,1481211
2023-10-23,3116.375244140625,3179.248365587948,3108.2877801873806,3173.810985687688,1106272
2023-10-25,3098.052734375,3129.946110609001,3086.2638983706042,3098.418186283159,1518537
2023-10-26,3049.298828125,3083.065649974906,3043.1303207181386,3077.9024700555783,1984471
2023-10-27,3062.27587890625,3072.3739998809515,3049.5276732905218,3061.407763117545,1108851
2023-10-30,3087.497802734375,3091.427414880595,3046.5571476248833,3061.407257455826,910972
2023-10-31,3078.54248046875,3106.186535395408,3061.4534729540014,3106.186535395408,999811
2023-11-01,3043.723876953125,3081.146329295186,3025.7667578631294,3065.9762828845664,1563475
2023-11-02,3070.636962890625,3085.1213962845673,3055.1927163012497,3055.1927163012497,1245384
2023-11-03,3062.22900390625,3096.0415546975414,3056.197709792408,3090.6499128688465,1402598
2023-11-06,3089.05126953125,3100.063241613325,3069.631895379179,3084.253541799562,1099852
2023-11-07,3080.095947265625,3110.8927502240704,3076.0293458419023,3086.995582368968,1191144
2023-11-08,3090.239501953125,3108.8820129756928,3079.273266502525,3081.009497872084,992899
2023-11-09,3059.0771484375,3099.3324172908847,3054.14243153224,3098.0531123476367,2112352
2023-11-10,3046.283203125,3059.0771449775716,3036.139568807074,3050.441278848814,1338557
2023-11-13,3044.546630859375,3066.890289328859,3040.388555601047,3066.890289328859,1030990
2023-11-15,3111.029541015625,3118.9800168000415,3066.936137613749,3091.6559037281313,2059802
2023-11-16,3196.5205078125,3225.3068746335257,3120.0765776114918,3134.5612355569488,3951984
2023-11-17,3200.72412109375,3220.874622639635,3191.6770664120663,3196.5205315189633,2021292
2023-11-20,3216.396728515625,3229.464646386725,3190.4889097792343,3190.4889097792343,1475621
2023-11-21,3207.806640625,3234.171387970376,3199.39923794906,3216.396992381275,1807236
2023-11-22,3226.037841796875,3228.3224741290987,3181.2135339255397,3198.485265113703,1798051
2023-11-23,3206.024658203125,3238.694901638103,3198.485371256592,3225.9009601530765,2729804
2023-11-24,3159.28125,3202.643529603171,3155.5343635105573,3193.230799217134,1989733
2023-11-28,3171.206787109375,3181.350644295862,3137.2572385975423,3159.28118436596,1689195
2023-11-29,3211.050537109375,3214.9344118251956,3176.3698651510044,3181.121855475698,1441634
2023-11-30,3187.153564453125,3213.7008135539186,3181.1220458782195,3197.982587796699,3266235
2023-12-01,3209.131591796875,3213.9750570070746,3189.3925021316686,3198.4852942750963,1172141
2023-12-04,3209.862548828125,3242.1673378334053,3196.657419148335,3239.288567355795,1625213
2023-12-05,3227.363037109375,3233.2116065096975,3201.044028590681,3233.2116065096975,1377656
2023-12-06,3293.61767578125,3301.6138895051217,3221.4688031800893,3228.2771864947563,1896572
2023-12-07,3303.487060546875,3317.788993602691,3282.285715953096,3294.440005254403,1967653
2023-12-08,3314.270751953125,3330.994307087806,3291.744363920943,3320.0280706858707,1641155
2023-12-11,3329.07470703125,3338.304710750083,3303.5782998526,3310.797648664154,1102503
2023-12-12,3355.75927734375,3379.793429797475,3318.199834425044,3325.464920258755,2236866
2023-12-13,3283.9765625,3335.5635208236113,3256.0583081354866,3329.6692134701866,3850968
2023-12-14,3351.327392578125,3361.151312264597,3315.093210605896,3317.286368548256,3290396
2023-12-15,3528.38623046875,3560.3253463636993,3350.824558139156,3350.824558139156,8531230
2023-12-18,3526.7412109375,3590.5281905815186,3500.1937384877283,3525.736106571666,2521612
2023-12-19,3487.44580078125,3522.9948166196496,3463.502896618964,3513.764812005255,2004435
2023-12-20,3454.409912109375,3562.929950670811,3442.0728971992326,3497.543727025331,2586083
2023-12-21,3461.218505859375,3478.764440198039,3420.8719820246365,3432.6605973951887,1517562
2023-12-22,3494.573486328125,3514.6325128426206,3437.9146065811733,3472.6410167486597,2413058
2023-12-26,3468.57470703125,3503.712309330165,3463.639767096589,3490.7813789656334,1285231
2023-12-27,3482.876220703125,3489.2731911736523,3443.3978189924524,3471.727259647645,1293976
2023-12-28,3472.549560546875,3507.367445431527,3465.421686382815,3494.5735047759663,1682889
2023-12-29,3466.609619140625,3493.2943032121766,3441.0217370731516,3465.3303142807017,1574996
2024-01-01,3482.784912109375,3501.884348671573,3447.9670270192705,3463.5025264784085,825907
2024-01-02,3457.28857421875,3482.785206409597,3442.7126637044803,3482.785206409597,1344068
2024-01-03,3373.716552734375,3446.9162616362587,3369.4214885871284,3442.483985684402,1803075
2024-01-04,3350.915771484375,3398.6188470061647,3336.4768514169155,3382.8548848897744,3598144
2024-01-05,3415.890625,3424.892165201283,3358.2723788278463,3358.4093675177683,1963127
2024-01-08,3361.425537109375,3417.5817593808756,3356.0336705400387,3415.891042086117,1067805
2024-01-09,3372.026123046875,3429.096421850745,3365.4921632868704,3390.348920468523,1370944
2024-01-10,3393.181640625,3407.9860133570014,3370.2895802803837,3372.1172861265227,1292227
2024-01-11,3413.74365234375,3447.9674029085904,3387.6531043154373,3403.188605468219,1777909
2024-01-12,3548.30810546875,3568.824058571868,3492.3803522837784,3516.505979741258,6813450
2024-01-15,3567.4990234375,3623.4267767315314,3550.3185441619166,3618.85751219593,2801505
2024-01-16,3528.660400390625,3563.1126115927123,3523.405745987789,3563.1126115927123,1432672
2024-01-17,3549.953125,3573.1191625440915,3484.109977812694,3490.0042844962854,3458696
2024-01-18,3566.40283203125,3572.068676049219,3529.3003107278364,3562.1990189583394,2239110
2024-01-19,3628.4716796875,3647.336180140823,3602.7055327268636,3630.266062846807,2941975
2024-01-23,3550.436767578125,3620.051280568456,3536.173365803367,3588.8559304230384,2618854
2024-01-24,3535.29931640625,3573.8103676439687,3501.9874154730123,3570.4516563375996,2657709
2024-01-25,3506.312255859375,3552.9673375818998,3477.2332310375527,3533.550617096936,2205154
2024-01-29,3497.75390625,3515.2380746842937,3479.2115753809107,3497.5699073043315,1646747
2024-01-30,3497.340087890625,3540.820457055553,3484.871069366822,3503.6895122527035,1411621
2024-01-31,3511.511474609375,3528.12148113154,3493.5671947757637,3507.140432085803,2459358
2024-02-01,3546.6640625,3593.3652043166217,3501.4814177274175,3515.238654965433,2363107
2024-02-02,3649.8662109375,3666.5220470962186,3563.089477541039,3565.8961916127014,2826510
2024-02-05,3656.30810546875,3701.1227492201515,3646.0016922235036,3665.2341894937504,1691523
2024-02-06,3806.027587890625,3818.818548187844,3671.675550213635,3678.1170862666413,4474396
2024-02-07,3757.6240234375,3823.511826118587,3748.927994541734,3821.671387213115,2124267
2024-02-08,3804.279052734375,3826.272206190014,3760.0624663137096,3763.697287955064,2345173
2024-02-09,3803.91162109375,3850.8886480018823,3772.9000434452996,3806.533887272955,2100596
2024-02-12,3791.94873046875,3827.745179692485,3778.007045373113,3800.5065922172184,1013716
2024-02-13,3818.4501953125,3837.314691999789,3755.875279471736,3796.3190996609246,1257415
2024-02-14,3772.99169921875,3786.6107667795436,3726.428507128435,3779.341123293365,1391283
2024-02-15,3775.844970703125,3815.506073147937,3757.2563563905555,3798.6662354102896,1091582
2024-02-16,3798.9423828125,3817.0250573555095,3772.9924597709924,3785.093257607137,1307556
2024-02-19,3776.396484375,3798.941861408623,3731.489953932272,3794.110709187132,772291
2024-02-20,3709.082763671875,3771.059638965151,3690.0803202172415,3756.4282382838423,1193648
2024-02-21,3673.05615234375,3739.174013609637,3663.0258496095253,3692.840871691211,1885939
2024-02-22,3761.029296875,3768.2528853223134,3654.1917205441428,3654.1917205441428,2982052
2024-02-23,3728.821533203125,3800.5065425299695,3723.5761023123614,3800.5065425299695,2538072
2024-02-26,3681.84423828125,3726.888937419443,3665.0041766684662,3714.0058645493514,1379284
2024-02-27,3776.94873046875,3794.985122078048,3679.957687485479,3679.957687485479,2960475
2024-02-28,3790.33837890625,3823.4200011181556,3762.777624498999,3768.8511632078385,1939225
2024-02-29,3768.390869140625,3807.9603066412583,3740.278119193048,3771.979635234801,3772719
2024-03-01,3767.700927734375,3809.7088594718166,3760.7532253406666,3779.525838576427,2043265
2024-03-04,3755.1396484375,3789.371768720034,3750.722549928762,3777.5010270993284,1749271
2024-03-05,3692.01220703125,3739.771502246439,3662.4730755267788,3737.9310635150186,2070859
2024-03-06,3740.0478515625,3747.1334961978687,3642.6425356235145,3675.4024369976914,1744204
2024-03-07,3780.81396484375,3794.985255418292,3715.5702668526733,3740.6923043829674,2688905
2024-03-11,3793.466552734375,3821.671187622541,3762.777145723229,3762.777145723229,2304068
2024-03-12,3857.79052734375,3892.482985177985,3792.2707136347426,3793.467268682179,4039801
2024-03-13,3817.99072265625,3902.650917036673,3802.2548792703546,3869.5230148878118,2837260
2024-03-14,3871.915771484375,3887.9275013882175,3760.0169871413627,3822.0859739649068,2919608
2024-03-15,3882.6357421875,3900.8100755188275,3843.756472149597,3858.1119847979994,3373143
2024-03-18,3821.211669921875,3915.3041186273567,3789.326152475134,3878.9554465113024,1526904
2024-03-19,3659.98876953125,3734.2504323086932,3650.1424666014186,3728.0389511805306,8931209
2024-03-20,3654.099365234375,3697.441791681991,3644.2530619412323,3667.994768950826,1817913
2024-03-21,3655.98583984375,3688.6075746001366,3633.0264093675964,3671.721682393882,3829582
2024-03-22,3598.88623046875,3623.824267937054,3547.4460520308135,3586.095269718309,5852485
2024-03-26,3568.15087890625,3631.8300192271254,3562.583506361182,3565.8503303060525,3440925
2024-03-27,3534.470947265625,3584.2549115114957,3523.8884231366437,3578.2734848298974,1968575
2024-03-28,3567.046630859375,3602.65907796181,3534.1027302458065,3542.9369266623094,4311783
2024-04-01,3604.269775390625,3619.499453254275,3577.8595203158884,3586.7395487458493,1569676
2024-04-02,3573.948486328125,3597.9202488822098,3564.0100709420926,3579.653802211397,2142666
2024-04-03,3632.38232421875,3663.3936751293795,3543.7651451703696,3543.7651451703696,3973090
2024-04-04,3683.91455078125,3707.241978924869,3621.2935725878497,3658.7004031789797,3394637
2024-04-05,3661.783203125,3682.7181953650183,3644.529088641468,3660.632928826098,1636819
2024-04-08,3655.61767578125,3710.9227277310406,3644.068877210029,3665.2339237190768,2302538
2024-04-09,3631.6923828125,3695.4636403269888,3611.9076631803105,3666.1545588206272,1876992
2024-04-10,3666.75244140625,3671.859704425388,3605.419903259126,3640.756241235992,2101965
2024-04-12,3682.166259765625,3693.163062647417,3630.7260789894453,3654.1916765092096,4354821
2024-04-15,3626.768798828125,3739.95578953719,3606.386028171306,3682.165963982411,4200329
2024-04-16,3563.82568359375,3615.2658574140637,3554.6695456341977,3590.6960447365877,3051420
2024-04-18,3553.8876953125,3621.983938050233,3542.84506135503,3567.5069887926393,3476284
2024-04-19,3520.94384765625,3545.1917216335364,3497.6622490979976,3531.802482817412,2957749
2024-04-22,3556.280029296875,3568.6108795518617,3507.8763983629956,3530.8818836618084,1728883
2024-04-23,3565.574462890625,3584.2549637317557,3552.5995026977444,3567.737068587587,1807586
2024-04-24,3525.40673828125,3587.015384991863,3519.3332000987416,3579.6536294557072,1317312
2024-04-25,3544.869140625,3564.6078018941175,3506.95614613986,3507.1401450879403,2856271
2024-04-26,3516.480712890625,3567.5068368634634,3499.1805421614235,3547.583950815871,2039178
2024-04-29,3561.433349609375,3568.42710744999,3514.502156616341,3531.8023275934233,1110693
2024-04-30,3515.836181640625,3572.061677179968,3506.0359348375546,3563.0895379766434,2203078
2024-05-02,3555.084228515625,3562.2619859302818,3476.6355119648906,3476.6355119648906,2491044
2024-05-03,3536.771240234375,3582.966434995953,3494.6253703944135,3579.791498256479,2962234
2024-05-06,3608.226806640625,3625.618865765193,3545.6058231496777,3545.6058231496777,2053831
2024-05-07,3661.507080078125,3669.8351109068294,3601.278762922236,3617.198604098228,2062112
2024-05-08,3659.666748046875,3666.4304509643703,3624.3764664424393,3644.9892925462136,1247685
2024-05-09,3644.253173828125,3654.191589237616,3598.1042563399305,3645.9096138402,1726486
2024-05-10,3583.2421875,3656.5838525037266,3575.0983807084344,3646.4614392288563,1672489
2024-05-13,3632.8427734375,3639.4683092448704,3561.2496477313903,3574.5928311660427,931326
2024-05-14,3589.960205078125,3631.0020839186186,3582.322338430397,3621.983888045264,1058317
2024-05-15,3570.81982421875,3613.656088871118,3566.3108383239633,3592.9972050666793,1115021
2024-05-16,3615.82080078125,3623.745907431527,3562.569994938758,3606.6908950730917,2599399
2024-05-17,3553.857177734375,3633.4784647992665,3550.0567653523444,3632.5515570276343,2765804
2024-05-21,3540.97314453125,3563.728776359017,3531.5651208470945,3550.613121462056,1908117
2024-05-22,3551.910400390625,3560.4842968425073,3538.516629030364,3554.6911235642083,1311168
2024-05-23,3608.869140625,3619.574971009692,3545.8858006651926,3560.206480963538,2095742
2024-05-24,3568.1318359375,3599.92482105189,3563.311960285678,3594.780437128097,1309452
2024-05-27,3565.86083984375,3622.680335515065,3560.577510431646,3573.229711889253,1841538
2024-05-28,3559.233154296875,3587.1331694666214,3550.056857637509,3576.0102759178876,1801993
2024-05-29,3525.633056640625,3567.5756380844864,3522.2499334071467,3567.5756380844864,1568095
2024-05-30,3463.02001953125,3517.0585585131757,3443.879239356087,3500.930454720642,2919230
2024-05-31,3402.63232421875,3475.7190986563346,3386.6895544695403,3466.635356473782,10956800
2024-06-03,3432.200439453125,3477.340801445973,3425.8510308716222,3459.961281200074,2156773
2024-06-04,3443.462158203125,3471.2693896287224,3328.989055501083,3429.5585424903265,3395997
2024-06-05,3472.61376953125,3507.2338672517226,3429.5589463958036,3444.389471569407,2799670
2024-06-06,3550.427490234375,3559.233114194575,3468.0254786409455,3504.6383361596722,4328036
2024-06-07,3609.33251953125,3628.8439736397468,3556.8232840964106,3556.8232840964106,4552445
2024-06-10,3576.6591796875,3620.409183775903,3561.0870829656333,3610.305978999996,1734661
2024-06-11,3570.54150390625,3596.355749469534,3560.2527371623205,3563.9603682346064,1419898
2024-06-12,3551.585693359375,3608.9150234305935,3547.692726393443,3591.210996364809,2177001
2024-06-13,3594.687744140625,3605.6716931586984,3570.4491933283566,3574.8983964608374,1932323
2024-06-14,3551.957275390625,3604.7446322415467,3548.2032533352126,3604.7446322415467,1860730
2024-06-18,3536.24609375,3561.179823442644,3517.661546809407,3546.395689059985,1774045
2024-06-19,3523.8251953125,3553.6254156533255,3515.7147523909116,3547.8784064893566,1509050
2024-06-20,3510.43115234375,3531.471911667912,3503.7574622284674,3518.5415946390854,2846526
2024-06-21,3532.214111328125,3594.363328315842,3520.4424268191765,3547.2763639841855,4642195
2024-06-24,3537.821533203125,3575.0831793648726,3514.185385660008,3530.359880582307,1702154
2024-06-25,3557.889404296875,3566.416911288198,3515.668706319215,3538.0072761024458,1338808
2024-06-26,3574.017333984375,3584.3058742192884,3560.252663395376,3563.496840516408,1639845
2024-06-27,3646.59423828125,3653.8705550444147,3539.0267689087714,3550.9837890347926,4526556
2024-06-28,3618.787109375,3670.555002133022,3612.94777109011,3631.4395370159273,2731571
2024-07-01,3687.424072265625,3709.2064026567145,3600.109414425187,3600.109414425187,2658723
2024-07-02,3723.75927734375,3729.320724102144,3691.4566765329196,3701.699052905465,2307449
2024-07-03,3675.4208984375,3731.8233246647856,3665.920094147989,3726.1690969595234,1821198
2024-07-04,3727.049560546875,3751.520060191937,3691.03933131472,3707.4919433847676,2518001
2024-07-05,3718.569091796875,3732.426319394209,3696.5086389132935,3716.9006123476197,1668616
2024-07-08,3701.327880859375,3736.596765041914,3687.285319349085,3728.0228685887946,1758882
2024-07-09,3694.19091796875,3714.0730443794923,3684.551167677433,3693.7274640836704,1305801
2024-07-10,3623.421875,3710.6903883157474,3616.7945741280314,3692.5229032169505,2669716
2024-07-11,3636.907958984375,3689.092911509367,3610.8619865173036,3643.6744309405326,4872189
2024-07-12,3878.13623046875,3892.966755879167,3681.0291429084155,3689.0931958411575,13509164
2024-07-15,3864.46435546875,3930.089249638286,3853.20206311634,3926.103726954822,4848030
2024-07-16,3873.037841796875,3887.9606943936283,3841.939815447988,3867.0591058147356,2029521
2024-07-18,4000.11669921875,4008.876158798929,3855.936374706022,3855.936374706022,5613364
2024-07-19,3997.190185546875,4049.5428404415234,3981.2568871814256,4011.1260943754664,3903354
2024-07-22,3983.20849609375,4013.4959657428576,3962.443898651249,3994.9147516811868,1896386
2024-07-23,3997.14404296875,4052.2838814085662,3963.6511354841136,3979.1666292711343,2365208
2024-07-24,4000.766845703125,4031.2865743722073,3965.323277758002,3983.3469610338807,1809793
2024-07-25,4015.8642578125,4034.909999231854,3970.990814364529,3990.315092493855,2810342
2024-07-26,4076.578369140625,4108.723954458355,4029.3818216621617,4041.4133370768022,3552210
2024-07-29,4070.3076171875,4116.66765190009,4060.924014095079,4101.8026818187545,1746803
2024-07-30,4055.67431640625,4086.0080507932844,4020.3232924395934,4079.5976241161015,1797906
2024-07-31,4074.256103515625,4100.873599699461,4036.768416559619,4041.413719685694,2330091
2024-08-01,4085.172607421875,4105.797481325745,4055.395941895072,4087.3092654244533,2202244
2024-08-02,3979.212646484375,4086.0083392177967,3967.088587644382,4055.349340765276,2811282
2024-08-05,3860.29296875,3938.2877856411073,3818.9035015045465,3938.2877856411073,2787771
2024-08-06,3875.29833984375,3956.1728957972837,3865.63574523415,3875.066074658768,2203067
2024-08-07,3902.47265625,3943.8158516524645,3883.7517228332504,3928.0680935195514,1237666
2024-08-08,3876.551513671875,3931.7843462117903,3864.891984934085,3884.4022569734157,2441283
2024-08-09,3928.7646484375,3951.8981645067097,3907.2102630563363,3917.8481873983887,1302536
2024-08-12,3898.012939453125,3938.2878064043034,3889.372857499192,3929.9262611677764,936912
2024-08-13,3899.220947265625,3933.642459984778,3886.260370835221,3914.132187982019,1495593
2024-08-14,3990.54736328125,4000.7207578523953,3891.044886752686,3910.4158901229916,3226545
2024-08-16,4102.77734375,4112.950737444536,4018.279565434088,4041.4130806152543,3457058
2024-08-19,4171.48193359375,4175.430440991918,4078.901139092339,4107.376754658791,2055210
2024-08-20,4202.41943359375,4241.161440255413,4180.772504085293,4185.417806867609,2212298
2024-08-21,4228.61962890625,4236.516644581457,4173.851321089861,4197.496096539259,1896990
2024-08-22,4182.63037109375,4237.398669027107,4178.171062150779,4236.5158800949575,1829872
2024-08-23,4147.2333984375,4186.346939264392,4138.964850071652,4180.772575829952,1809253
2024-08-26,4183.04931640625,4229.223358650871,4166.837026562577,4170.553269172667,1844164
2024-08-27,4178.125,4190.06352004845,4168.509131570201,4185.4182168111465,930697
2024-08-28,4186.39306640625,4238.838715366386,4141.101365063979,4179.611105918801,1848058
2024-08-29,4191.7353515625,4232.8000107357375,4143.61019488178,4143.61019488178,2133641
2024-08-30,4230.70947265625,4266.47830377286,4169.437748026632,4180.772468175268,3637222
2024-09-02,4200.330078125,4262.5308791017715,4191.922259482823,4251.382149688253,1216500
2024-09-03,4192.24609375,4232.706495676609,4176.962867593396,4200.328647636382,1717263
2024-09-04,4161.49462890625,4168.694848446134,4121.9632824379705,4159.357971016076,1265505
2024-09-05,4158.42919921875,4179.843865751271,4138.1754048562225,4163.120774045665,1688793
2024-09-06,4140.59130859375,4198.379066063604,4125.02954174146,4156.5713342216295,1649179
2024-09-09,4133.90087890625,4171.713821913821,4116.202458212613,4138.96443998131,1184938
2024-09-10,4188.0654296875,4217.888362209953,4125.446843253818,4127.30496423786,1385591
2024-09-11,4161.58740234375,4226.621639858806,4154.061921274154,4200.700941634944,1325919
2024-09-12,4197.21728515625,4211.0601974701785,4116.94608580757,4190.295602177849,2742216
2024-09-13,4201.76904296875,4224.438028089181,4185.417487693372,4208.643999833735,1458786
2024-09-16,4193.08251953125,4223.555524057743,4175.6163626806965,4205.857102070119,1155120
2024-09-17,4186.021484375,4214.032568613279,4149.184325105708,4193.082435128378,1699364
2024-09-18,4037.83642578125,4178.031572295144,4014.4706436360752,4178.031572295144,2961779
2024-09-19,3991.383544921875,4108.4919039466795,3978.0514347871863,4078.622243199174,2927551
2024-09-20,3980.931640625,4023.4828879317256,3927.6036533634933,4010.661579574174,5447908
2024-09-23,3965.695068359375,4003.693555186361,3951.294629432452,3994.960476501186,1702319
2024-09-24,3968.2958984375,3986.598571588942,3939.2164864919864,3950.039950496355,3012026
2024-09-25,3971.501708984375,3985.29834930729,3939.2168538730334,3950.69084274909,2713073
2024-09-26,3987.992431640625,4010.5684216660406,3957.7979636084015,3957.7979636084015,3964251
2024-09-27,4003.043212890625,4067.426924969442,3995.0064765407783,4027.477322919719,3012477
2024-09-30,3965.695068359375,3993.799150781273,3957.8443250356186,3982.7896922279247,2503416
2024-10-01,3983.718994140625,3991.01221083208,3941.9579909083504,3953.663791959934,1823365
2024-10-03,3932.4814453125,3975.4505001458124,3911.3453156377354,3960.2139962956594,3350119
2024-10-04,3950.598388671875,3993.1029159884106,3924.3986952950054,3925.2814844232284,2965463
2024-10-07,3969.736572265625,3992.4055595878863,3929.368708787632,3970.7119044131277,1472619
2024-10-08,3951.5263671875,3975.8212072770098,3905.7238683642827,3969.5037776609793,1541867
2024-10-09,3951.247802734375,3990.3146130064583,3945.4411749506053,3957.7974974173485,1082504
2024-10-10,3927.510986328125,3989.24724931777,3900.754220484527,3951.527295380479,2378875
2024-10-11,3854.858154296875,3941.028518940875,3820.7151796266107,3849.0977975212186,5759183
2024-10-14,3843.19921875,3869.9097164105488,3829.774562546389,3846.311663119039,2137590
2024-10-15,3824.756591796875,3874.1365268299264,3804.5032516700458,3837.995705676313,2759474
2024-10-16,3804.456787109375,3823.0844981328532,3778.675354588552,3795.212679191423,2359151
2024-10-17,3817.510009765625,3836.974010815032,3802.5985417542856,3821.0402585925135,2522659
2024-10-18,3839.908203125,3861.4219511234783,3799.814751434331,3809.128022883925,2361000
2024-10-21,3799.67529296875,3855.6481475353057,3790.501629279664,3848.802801800323,1595450
2024-10-22,3739.744384765625,3808.942041444194,3731.2228318055472,3786.7764085311996,1928049
2024-10-23,3787.0087890625,3831.0603786284396,3720.7913418501003,3724.9359293106554,1966476
2024-10-24,3769.919189453125,3798.8835556125446,3729.034017325969,3729.034017325969,2676744
2024-10-25,3778.906494140625,3810.990668738502,3755.762923689694,3778.440830569176,1759676
2024-10-28,3809.919677734375,3850.106352412569,3772.8062006829505,3789.5234771784344,1532534
2024-10-29,3795.390625,3821.700614609533,3781.2811109026725,3814.576053505887,1445885
2024-10-30,3804.1455078125,3824.960761415852,3781.234995410785,3795.158291397516,1935002
2024-10-31,3695.925048828125,3798.23142349314,3688.055380171151,3790.501362953683,3740372
2024-11-01,3710.593505859375,3724.3305810268316,3703.003280699814,3715.855640568731,154895
2024-11-04,3691.92041015625,3717.7647384247807,3644.51594943524,3693.9228999424704,2269192
2024-11-05,3698.626220703125,3712.2700726947464,3670.453574014962,3670.453574014962,967590
2024-11-06,3855.3681640625,3864.8210432401042,3702.258078759821,3728.6612931693503,3792017
2024-11-07,3865.845703125,3916.975471746434,3804.5179478782275,3883.3549260647524,3724349
2024-11-08,3862.21337890625,3883.401069856363,3834.878838313008,3869.663995504092,1648039
2024-11-11,3910.36376953125,3943.5186546704363,3834.8794257124828,3844.7052007056577,1406487
2024-11-12,3909.15234375,3928.3377732797053,3878.3721644817633,3926.4751190486577,1587640
2024-11-13,3865.333740234375,3908.5472291817673,3847.358853332509,3891.1780687289943,1098813
2024-11-14,3861.18896484375,3874.3207680121654,3833.7616543718636,3851.0375903197846,1825432
2024-11-18,3743.469482421875,3923.6812860911455,3716.181551430071,3923.6812860911455,3313944
2024-11-19,3762.142578125,3848.383334503383,3738.440347986104,3743.8418634756777,1776233
2024-11-21,3793.15576171875,3811.409636894372,3747.660340835974,3767.124986745769,2384347
2024-11-22,3953.111572265625,3962.750899853068,3775.6005148315166,3791.4330774245445,3096553
2024-11-25,4018.770263671875,4030.877517790061,3960.189871234577,3986.0805866028463,4052167
2024-11-26,4053.787841796875,4066.733198149224,4014.0199908461996,4024.3109738880953,2060669
2024-11-27,4035.021240234375,4076.7913536382084,4027.1049595017485,4059.6086406624336,1558993
2024-11-28,3953.390625,4041.913545627335,3942.3079225932315,4022.4020594566896,2558544
2024-11-29,3977.55810546875,4003.495653998375,3907.5221314685823,3930.200035419068,2017425
2024-12-02,3982.960205078125,3993.7173066183545,3939.560268502564,3976.766970418375,1670944
2024-12-03,4007.26806640625,4027.9900963818563,3972.529744122267,4018.0715527591838,2010905
2024-12-04,4055.370849609375,4085.6858211811555,3994.5085294279797,4017.3260445950987,3302642
2024-12-05,4157.490234375,4180.727025606259,4060.585839082934,4098.583799897478,3746747
2024-12-06,4140.21435546875,4158.375232745017,4109.713394915021,4147.199308267314,1842087
2024-12-09,4146.40771484375,4162.47310676674,4112.321053205062,4126.198190317889,2066639
2024-12-10,4128.15380859375,4185.1975942064855,4109.108442002176,4122.193406026578,2087828
2024-12-11,4123.404296875,4143.148158287083,4104.358476029229,4127.502045111503,1635256
2024-12-12,4149.01611328125,4177.002312539005,4122.054010099808,4125.825703197917,1914642
2024-12-13,4166.66455078125,4186.222421425734,4092.624040484277,4130.389630221359,1967048
2024-12-16,4111.99609375,4167.689279201268,4095.0457565693796,4152.788043789598,1646224
2024-12-17,4031.249267578125,4128.526563027335,4021.470333233763,4107.152424631981,3225027
2024-12-18,4049.270751953125,4062.448939888911,3995.020946646264,4015.6033671632454,1575404
2024-12-19,3978.53662109375,4064.3119481632502,3969.3165726562265,3987.94311687329,3015763
2024-12-20,3883.913330078125,4081.0754644719555,3867.3358891418975,4031.7151268140337,4116989
2024-12-23,3872.73779296875,3927.4068826253215,3832.3182826130205,3911.620704363013,2195338
2024-12-24,3892.481689453125,3928.337783494026,3872.737372652853,3872.737372652853,1181886
2024-12-26,3882.7958984375,3911.527430384508,3858.62777832456,3892.48160931481,1208464
2024-12-27,3878.837646484375,3893.832103292384,3862.446199068469,3877.1146004513926,858100
2024-12-30,3873.202880859375,3910.9216276232846,3829.6169553875666,3865.938711530591,1527169
2024-12-31,3813.59814453125,3855.6476983079733,3755.1573706922877,3851.0374473961565,1555429
2025-01-01,3830.036865234375,3850.1067852265496,3804.8908025424075,3813.2261358114647,763161
2025-01-02,3888.989013671875,3895.7411349313184,3815.6006224345697,3837.0675295044302,1720835
2025-01-03,3818.347900390625,3892.900907869697,3811.269950829448,3892.900907869697,1791953
2025-01-06,3813.7841796875,3864.681110818162,3787.148135736603,3823.563113481571,2085593
2025-01-07,3751.6650390625,3856.020287112112,3736.065309985075,3832.364669490885,2669054
2025-01-08,3826.264404296875,3842.655853224678,3741.839688389106,3757.8118581960475,2181277
2025-01-09,3761.49072265625,3853.5988861539504,3748.8711943929684,3819.3726136468736,2392472
2025-01-10,3972.71533203125,4001.9125274108405,3883.633986340052,3911.5737991914198,7894300
2025-01-13,3996.418212890625,4026.0810749677194,3937.0924887364367,3953.4839382998034,4003771
2025-01-14,3942.354248046875,4017.6521397931906,3929.3156678223904,4006.5694375522967,3441709
2025-01-15,3957.767822265625,3964.1475039910265,3918.512475086078,3928.3377943076216,1653474
2025-01-16,3917.44140625,3999.118983314416,3903.984001105146,3967.4538586211947,2637705
2025-01-17,3911.750244140625,3946.179768328342,3888.7499900580783,3945.5156582213353,1761466
2025-01-20,3867.64697265625,3932.142300220547,3858.446917151911,3932.142300220547,1287799
2025-01-21,3827.859130859375,3899.136119079718,3822.3105229606576,3884.2452782424407,1971591
2025-01-22,3942.38623046875,3948.598485486215,3835.77871966863,3841.2798581228535,2409223
2025-01-23,3931.810546875,3975.3449548724125,3926.688470425829,3953.198226312215,1822998
2025-01-24,3938.355224609375,3962.683237549143,3892.49689011529,3892.49689011529,1910099
2025-01-27,3855.648681640625,3942.148791419916,3832.7908361324735,3890.599675788401,1551782
2025-01-28,3832.07958984375,3890.599779117484,3820.69802052405,3861.007745197988,2468272
2025-01-29,3888.5126953125,3896.148108723218,3845.0732274227375,3845.0732274227375,1217089
2025-01-30,3888.75048828125,3917.0622374954364,3849.3419857109207,3888.6083112735987,1531251
2025-01-31,3900.46337890625,3915.6865044368305,3874.7126731511203,3898.1871578608666,1492943
2025-02-01,3863.236083984375,3922.752200523697,3846.970018860413,3901.032467350315,437172
2025-02-03,3858.96826171875,3866.8880293594016,3792.623246059982,3823.1637429283855,1265713
2025-02-04,3895.38916015625,3906.5813140143973,3856.5023649775358,3873.2426631324765,2547132
2025-02-05,3880.26171875,3936.126163727403,3865.939817675396,3936.126163727403,1693912
2025-02-06,3872.341796875,3926.1671344471406,3842.749763323274,3893.8244160755,2284536
2025-02-07,3821.7412109375,3879.218228908592,3801.444171507491,3879.218228908592,1548940
2025-02-10,3828.90234375,3843.1767756673025,3807.46719267282,3831.7952057492353,1339511
2025-02-11,3759.28466796875,3831.794697050472,3751.1752541669844,3811.307781294286,1810908
2025-02-12,3746.575439453125,3814.4855628593755,3737.090798282343,3766.445947952812,1678002
2025-02-13,3708.636962890625,3779.1078947757164,3701.144188811121,3763.5057059907817,2277310
2025-02-14,3732.064208984375,3744.536419785488,3699.010141125482,3722.721744594235,1681975
2025-02-17,3703.2783203125,3731.2580130898646,3657.4674549788515,3657.7520405391615,1799806
2025-02-18,3673.591064453125,3722.1523795147264,3665.33947318774,3697.492313192335,2149879
2025-02-19,3589.08349609375,3675.251330310773,3573.95530675462,3672.6430537431497,4366672
2025-02-20,3584.625244140625,3592.782128290818,3557.9735409942346,3567.6478288188787,2888572
2025-02-21,3590.885498046875,3620.2878885485798,3580.4523917398187,3581.495794993982,1833931
2025-02-24,3486.175048828125,3569.2603724469545,3480.863556771993,3550.2436192378755,2508516
2025-02-25,3442.498046875,3469.4818051991183,3434.625748244206,3438.1824887498096,4101954
2025-02-27,3426.3740234375,3450.512388419143,3415.1346312530945,3425.5677363307773,3823856
2025-02-28,3303.737548828125,3414.470731581497,3278.8403664103434,3400.1963006835795,7085018
2025-03-03,3313.03271484375,3341.6762855972443,3297.0035319217445,3305.397532195103,4990439
2025-03-04,3350.022705078125,3367.996053645755,3285.7642616440216,3294.9643171966636,2797737
2025-03-05,3364.24951171875,3414.8026927498004,3339.3997995005207,3339.3997995005207,2501894
2025-03-06,3415.988525390625,3423.4338299242468,3353.8641244726305,3373.6869322947687,2786513
2025-03-07,3425.093505859375,3438.1823567291294,3390.1899807262357,3414.4707542689284,2051315
2025-03-10,3404.654296875,3435.4321442725973,3397.9678097594306,3420.636010676855,1004626
2025-03-11,3391.043701171875,3403.8004968476407,3355.3338893126197,3374.6352261327497,1995450
2025-03-12,3325.505126953125,3385.3058409889845,3307.1524836446633,3381.274868144773,3174167
2025-03-13,3330.105224609375,3342.6723750664873,3304.544161123429,3321.806162986754,1693004
2025-03-17,3317.443115234375,3348.505317121511,3298.1420081114443,3309.1915231821918,2690906
2025-03-18,3317.443115234375,3317.443115234375,3317.443115234375,3317.443115234375,0
2025-03-19,3316.8740234375,3364.2022912119846,3284.294187734508,3364.2022912119846,3051244
2025-03-20,3379.519775390625,3394.505554527131,3331.0059291540974,3331.0059291540974,2845192
2025-03-21,3393.699462890625,3429.883275405574,3286.428081377204,3295.9127223046994,4161925
2025-03-24,3441.9287109375,3461.6568103088644,3382.792113898217,3414.470721860925,1834751
2025-03-25,3469.244873046875,3518.802126718312,3450.512705391164,3457.1519546868594,3135390
2025-03-26,3448.42578125,3490.8220797184467,3438.988609875757,3459.7598808023267,1734499
2025-03-27,3463.0322265625,3474.2241497420814,3424.4297823215356,3428.5556939598323,2528474
2025-03-28,3420.3037109375,3472.279589767322,3406.7880975546004,3462.8424183134416,2051919
2025-04-01,3367.806396484375,3399.2953585160476,3343.3359762190476,3388.577667798288,2618493
2025-04-02,3361.3095703125,3380.421262394588,3348.126010889205,3361.3570398330285,1764313
2025-04-03,3227.765380859375,3321.521146037298,3221.1261324235493,3311.088041352429,4537821
2025-04-04,3129.362548828125,3224.446080623458,3125.663631237096,3189.3056688327865,5317367
2025-04-07,3105.318603515625,3121.774314969891,2898.553451648533,2940.2383981100197,6623955
2025-04-08,3123.2451171875,3176.4065815025783,3087.535532954112,3131.8762339649347,5557558
2025-04-09,3079.283447265625,3101.4774131953245,3046.513968346596,3092.514474322123,2990265
2025-04-11,3064.961669921875,3128.9355257101774,3040.7758359181594,3120.020055994998,7108961
2025-04-15,3080.80078125,3143.5890530173965,3071.695665599668,3143.5890530173965,3512160
2025-04-16,3105.081787109375,3109.1602290119804,3062.5905495252055,3080.801013758816,2384391
2025-04-17,3128.88818359375,3133.3461501914685,3052.1575291360596,3078.240292358944,2932346
2025-04-21,3150.41845703125,3181.148601343861,3114.851053170071,3120.5418377878595,2432946
2025-04-22,3143.58935546875,3162.0844056249766,3125.189244347029,3151.3669464223676,2710498
2025-04-23,3237.108154296875,3244.6009284823726,3165.3094642241085,3191.581874951358,3543923
2025-04-24,3226.295654296875,3236.633820616935,3213.1118640484187,3225.8214222352462,2252175
2025-04-25,3270.3046875,3298.5689680598452,3229.5207253299013,3243.74768887761,2742991
2025-04-28,3266.0361328125,3279.5992157727555,3229.520264912607,3257.9741879514845,1593296
2025-04-29,3293.54150390625,3314.881945616226,3253.6110736832507,3276.943382576269,1578332
2025-04-30,3275.710205078125,3329.013837756505,3192.5299551721982,3293.0671433029925,2809332
2025-05-02,3254.18017578125,3311.562251162995,3243.7470711663877,3293.067202073011,1721761
2025-05-05,3276.27978515625,3323.892639545098,3268.786779377753,3272.2013429677813,1284443
2025-05-06,3281.685791015625,3294.01582433447,3259.871116682284,3281.685791015625,1324763
2025-05-07,3267.5537109375,3281.211501134211,3244.3163408615387,3244.3163408615387,1477128
2025-05-08,3271.15771484375,3297.809648457028,3251.9987864937443,3270.304189784248,2543591
2025-05-09,3263.001220703125,3268.5970664946117,3222.976080385976,3223.8296054868374,2531757
2025-05-12,3433.819580078125,3443.3991607952385,3321.7111617690016,3324.3669077502577,2228678
2025-05-13,3333.851318359375,3436.2854413701325,3329.5832299005933,3433.819342081611,3062887
2025-05-14,3365.814697265625,3377.4808526725133,3327.7814236222675,3339.5422865093847,2119499
2025-05-15,3395.40625,3414.470469410984,3332.9975027782,3380.3257647168743,3548330
2025-05-16,3377.765380859375,3408.6851728219754,3363.3487722739774,3408.6851728219754,1666727
2025-05-19,3337.45556640625,3367.0476004136544,3323.133665679634,3367.0476004136544,2537377
2025-05-20,3318.011962890625,3374.635222590325,3313.93352100354,3349.785509814958,2038374
2025-05-21,3344.0947265625,3354.7174780325026,3318.0119641520128,3327.212019490534,1440153
2025-05-22,3297.8095703125,3317.5376692737764,3273.4340900331863,3314.881923566922,2034383
2025-05-23,3333.47216796875,3352.820743852965,3286.9974249846496,3297.8098235860703,1274331
2025-05-26,3355.002197265625,3362.3053247198645,3329.204019365113,3339.542185709067,967470
2025-05-27,3318.39111328125,3357.5627247146417,3303.595213090552,3349.9750123424055,2467680
2025-05-28,3317.443115234375,3347.1300903725864,3312.985379901231,3338.5939127547476,1222933
2025-05-29,3317.822509765625,3350.4495836467595,3306.820233088302,3324.0822341714443,3188072
2025-05-30,3284.910400390625,3325.97894134562,3275.1414056184462,3310.139637529337,3404365
2025-06-02,3272.011474609375,3281.6857620470387,3242.41944121709,3272.201121116267,1877585
2025-06-03,3229.709716796875,3294.4898573234195,3225.2519821011338,3268.4070961095445,2848125
2025-06-04,3235.1640625,3248.465034332547,3224.7340073768614,3242.9150002967904,2544807
2025-06-05,3225.78662109375,3262.0528233362247,3218.7054627680072,3262.0528233362247,3584683
2025-06-06,3238.322265625,3244.733411943636,3213.9214562860475,3225.787088056256,2070390
2025-06-09,3274.396728515625,3285.975243758928,3244.7330032516393,3253.440835404879,1718678
2025-06-10,3313.629638671875,3335.5426613582063,3275.6409764041855,3291.7168496023487,2419874
2025-06-11,3322.241455078125,3338.604442179547,3300.424450431947,3320.423449229873,2847013
2025-06-12,3286.16650390625,3324.920724772973,3275.6406661399797,3322.241373890929,4060134
2025-06-13,3297.1708984375,3301.76403815699,3246.933943792306,3246.933943792306,2178493
2025-06-16,3345.590087890625,3357.7426005937496,3278.5116939874692,3291.716884024651,1934088
2025-06-17,3363.770751953125,3368.268108670322,3337.743272382211,3358.6991651797816,2111940
2025-06-18,3302.625244140625,3385.4923927635227,3294.683207501011,3367.4071820205213,2696327
2025-06-19,3276.40625,3302.242397415304,3265.8804121641356,3301.2855030665887,2672768
2025-06-20,3287.60205078125,3297.7452248908758,3263.871022884297,3277.3633274014865,2351248
2025-06-23,3247.31689453125,3277.3632849229502,3224.7340934862314,3267.7943410253647,3123421
2025-06-24,3244.25439453125,3293.726017546798,3236.2165757260095,3286.549310178985,3403048
2025-06-25,3296.31005859375,3301.2858630262535,3253.441140373699,3260.426516604334,1757699
2025-06-26,3293.439208984375,3302.625255099875,3268.081507258558,3296.3098921986184,2879106
2025-06-27,3292.769775390625,3316.979019479463,3283.1050474410818,3306.0705155665805,1778433
