Date,Close,High,Low,Open,Volume
2012-01-02,97.56524658203125,99.53565637209024,96.39664108543647,98.60589284323069,123532
2012-01-03,102.35054016113281,103.34853690914109,97.43730697958702,97.58231149425393,594128
2012-01-04,103.10970306396484,104.73038827167524,100.99427820679446,102.35906575012952,638504
2012-01-05,101.56575775146484,104.25268266988985,100.82365884375717,100.82365884375717,406480
2012-01-06,102.179931640625,103.38264848856086,99.80008146172955,99.80008146172955,362456
2012-01-09,103.03292846679688,104.57684224451312,101.52312604659738,101.52312604659738,407148
2012-01-10,104.4573974609375,104.91801522001315,103.21203123269586,103.21203123269586,340888
2012-01-11,105.98426818847656,107.28935026356451,101.5060596734705,101.5060596734705,500348
2012-01-12,101.74488067626953,106.60693463430306,100.99424361950334,102.79405449339839,399996
2012-01-13,102.70023345947266,103.89442222062932,101.70223701693446,103.89442222062932,251092
2012-01-16,102.93055725097656,104.3294664414756,101.63401336466139,101.63401336466139,280344
2012-01-17,103.94560241699219,105.42981057063216,102.35903938896325,102.35903938896325,458308
2012-01-18,101.07103729248047,104.06503751892636,100.14127380919635,104.06503751892636,269788
2012-01-19,104.0650634765625,105.08865426485654,101.54020828127128,102.31642921322681,662140
2012-01-20,102.75141906738281,104.91802093172502,101.75342254547147,104.91802093172502,223476
2012-01-23,102.28227233886719,104.2868036114067,101.60840655198147,103.89442935970754,439700
2012-01-24,103.80061340332031,104.35505828259167,102.35905463471445,102.36758247343371,439520
2012-01-25,107.30638885498047,108.75647519085858,102.41021290898621,104.91801136059298,1558384
2012-01-27,108.73090362548828,109.52419047853441,106.0525166431641,107.65613561450768,500280
2012-01-30,107.36609649658203,109.01237518511299,106.65811939976543,108.32998160022964,451824
2012-01-31,111.23018646240234,111.91258024438027,107.57937556381931,108.80768645388014,737496
2012-02-01,111.90402221679688,113.43940781205363,110.03596766006783,111.7846012546658,603880
2012-02-02,113.92560577392578,118.01996724226093,112.35609846189737,113.19203476001566,1287240
2012-02-03,111.4690170288086,116.3481279049847,110.34306115642063,116.3481279049847,625840
2012-02-06,109.79712677001953,113.59294119404717,109.46446821791379,111.92107894596423,886624
2012-02-07,109.79712677001953,111.55429863114249,109.35357509221184,110.38569333624518,542180
2012-02-08,110.9401626586914,112.54379214826133,108.57737844653488,110.121292235029,1337008
2012-02-09,112.46700286865234,113.1067469122738,108.15939297493452,110.44541585580882,1200612
2012-02-10,110.931640625,113.77210894441293,109.9080499387255,112.10023582682891,544600
2012-02-13,111.30692291259766,112.05754958969361,109.57534506926926,110.37715959395088,224096
2012-02-14,112.34757995605469,113.94268132474625,109.87390303014315,112.59494973114595,656968
2012-02-15,112.69732666015625,113.6185624122839,111.74197954961855,112.94469648364446,400240
2012-02-16,112.39876556396484,114.53978407852763,111.40076896564375,112.94468259392308,766852
2012-02-17,112.83379364013672,115.06010082986295,111.64813259656582,112.75702227238739,1338784
2012-02-21,113.05555725097656,114.46299399481228,111.24720803563939,114.28386776446037,583392
2012-02-22,107.87789154052734,113.90002324904397,106.71782453028185,111.74194937474554,434332
2012-02-23,104.71330261230469,110.53924251423489,104.23562914389989,106.81166098556555,836704
2012-02-24,104.41474914550781,106.87137028245998,103.72382770464628,106.0866113911419,404812
2012-02-27,100.84074401855469,106.56433059514573,99.80009759326732,106.56433059514573,310876
2012-02-28,102.3846435546875,103.91149104829366,100.82366388287109,100.99426229891655,268844
2012-02-29,102.44435119628906,104.74742986598082,100.99426462648313,101.85578456486759,289368
2012-03-01,101.76194763183594,103.21203406078916,100.67011368503576,102.01784523694533,399540
2012-03-02,102.00078582763672,103.89442387112528,101.54016807280172,102.53816453119437,750164
2012-03-05,103.56177520751953,104.06504266026216,101.40371130804965,102.01786149317503,394340
2012-03-06,103.00730895996094,105.94160344049057,102.35903714057059,103.53617023268704,480852
2012-03-07,103.61293029785156,104.43181091799975,102.01783948099965,102.5722842607877,336616
2012-03-09,109.34506225585938,111.46901472319206,104.07356677428682,104.33799224973754,893276
2012-03-12,108.16793823242188,111.537257404758,107.32347387634856,110.54778854044585,541696
2012-03-13,109.9250717163086,110.56481569792558,108.20203209082005,108.65412200282927,394064
2012-03-14,108.64558410644531,111.63959428015062,107.9290791747036,109.2512167410123,437776
2012-03-15,105.48101043701172,111.22165194841655,104.96921513124018,110.88898291716463,393824
2012-03-16,103.28881072998047,106.82872778247896,102.87084253766724,105.77954338264176,248036
2012-03-19,105.52363586425781,106.45339920584729,103.41674983664198,103.87736758878262,520436
2012-03-20,110.66719055175781,111.57136004145912,105.38716768442106,106.62400615582867,1184772
2012-03-21,116.8769760131836,118.7365029981261,110.58190042069761,110.71837707727562,10232104
2012-03-22,123.65827941894531,124.51980990125347,115.8448726745924,117.71292774080574,8163896
2012-03-23,126.50727081298828,127.77823127061032,120.1866007078037,123.68386871988315,5956136
2012-03-26,122.91621398925781,127.59914469633233,121.99497796368374,126.66938082862445,1756080
2012-03-27,119.7174301147461,124.53683503208357,118.6597179264941,123.6923708490235,1440796
2012-03-28,119.88805389404297,122.52380187858965,116.04106114863784,116.04106114863784,1282588
2012-03-29,121.06517791748047,124.28948194112985,114.33506788805512,114.33506788805512,1599640
2012-03-30,122.95880889892578,123.99945507632349,121.53431628375826,121.53431628375826,593776
2012-04-02,122.24227905273438,124.79272716547891,121.29546003370541,122.48112097307492,461116
2012-04-03,122.33614349365234,124.27244213541675,121.67081579070268,124.27244213541675,296716
2012-04-04,123.60709381103516,124.19566049340128,121.03958945064315,123.15501420646567,458500
2012-04-09,121.61961364746094,122.78820861972369,119.80273637124135,119.80273637124135,266792
2012-04-10,121.48312377929688,123.8459180088623,120.01598161608345,120.01598161608345,355940
2012-04-11,121.32959747314453,122.83086147534293,119.38477133478447,120.26335735617106,332532
2012-04-12,123.43647766113281,124.34918540352426,121.50871770769479,122.70290657951489,648644
2012-04-13,120.45099639892578,122.82231828772973,116.01543806663052,120.7836653563479,261208
2012-04-16,121.38080596923828,122.9844356804251,120.70693996041497,122.12290511550336,231292
2012-04-17,120.81779479980469,122.38730223813535,119.67478338208016,119.67478338208016,198240
2012-04-18,121.37226867675781,123.30855690875543,120.87752900943973,122.79676156153108,429472
2012-04-19,121.0737075805664,122.18259737306666,120.46808523793202,121.70492385264384,130516
2012-04-20,121.33811950683594,123.79474078381993,120.47659961603621,120.47659961603621,395968
2012-04-23,118.87297058105469,122.3105327241988,118.35264751053553,122.3105327241988,184256
2012-04-24,119.08622741699219,120.80927774148591,118.25882922818924,119.5980226873861,210448
2012-04-25,117.69583892822266,119.92214593930154,116.51870581719251,118.56588659289721,192612
2012-04-26,121.76461791992188,123.15499915819349,117.03051193424366,117.5423071759386,962024
2012-04-27,118.89854431152344,120.10126082105268,117.28638752055924,119.40181162047507,354856
2012-04-30,119.7174301147461,120.23775316491434,118.13939487632585,118.38676464484854,228300
2012-05-02,118.09674835205078,121.46606692186371,117.38023295343856,121.46606692186371,315044
2012-05-03,117.65320587158203,118.9071001080074,116.51872220052948,118.05410799819386,483112
2012-05-04,116.39075469970703,118.39528583597901,114.30092436614689,118.39528583597901,270324
2012-05-07,116.61254119873047,117.20110779636518,113.77208391666828,115.21363215272206,312536
2012-05-08,113.8488540649414,117.36318784602557,113.36265272165498,117.36318784602557,233412
2012-05-09,111.72490692138672,114.89803329733729,111.07662460990133,113.78914359216625,179368
2012-05-10,112.304931640625,113.41382130977327,110.19804543424353,112.93614784248645,349360
2012-05-11,108.70531463623047,113.3114719478292,105.78807542471723,112.7826106015894,472092
2012-05-14,106.97374725341797,108.45795572970279,105.97575056742592,108.33000690265241,187512
2012-05-15,108.66265869140625,109.30240272513478,104.86684409128353,104.86684409128353,280496
2012-05-16,108.45792388916016,111.40074604737961,106.64104691343371,106.64104691343371,308768
2012-05-17,103.706787109375,110.19805512234012,103.27175279400089,109.07209926563887,488380
2012-05-18,104.2441635131836,109.13181246063456,102.35905303561135,104.86685191748408,1776844
2012-05-21,104.26121520996094,105.34451087337546,103.63852689162039,104.83271567884894,326472
2012-05-22,105.41277313232422,107.20405663152619,103.72384452521881,104.45741568524879,571648
2012-05-23,104.33798217773438,106.53870580614411,103.28028037803405,105.8989617760832,663216
2012-05-24,113.62709045410156,115.81928668598168,104.59390084842249,107.45142475802099,6549440
2012-05-25,113.7720947265625,114.88098449811767,112.2025871212456,113.61855197780805,1518544
2012-05-28,113.87446594238281,116.75758392674926,112.98735191546214,113.77211103687405,525832
2012-05-29,113.32001495361328,114.98334976098661,110.99988031038075,111.23871188137385,423528
2012-05-30,117.61056518554688,119.07770756069209,112.11729349924376,113.29441645255734,2149044
2012-05-31,114.90653228759766,117.51668531735764,113.6782219169758,116.34809062490741,930808
2012-06-01,112.00638580322266,114.45447927357,111.7419603459728,114.45447927357,380272
2012-06-04,112.6888198852539,114.47157602053362,108.93565345835117,111.75052827852822,385004
2012-06-05,114.1729965209961,115.11981570213646,112.59496108159495,113.78062222396963,416464
2012-06-06,114.94068145751953,116.30546876981661,113.95974057680601,113.95974057680601,341740
2012-06-07,114.394775390625,116.42490087682505,113.10675932396111,116.00693263996011,368648
2012-06-08,115.81927490234375,117.37171640490804,114.00239751101715,115.11981511231357,749984
2012-06-11,113.75501251220703,117.37170072159336,113.27733906851452,115.70836630003008,341236
2012-06-12,115.3757095336914,116.17752419137442,112.68878441472789,112.68878441472789,274180
2012-06-13,113.80621337890625,115.47808639475771,113.44796082551082,114.69332733553101,324232
2012-06-14,115.61454772949219,116.16046473905504,113.10674895079785,114.26681608830586,594604
2012-06-15,119.58951568603516,120.1013110456045,114.69333799698785,115.17101158341859,1719284
2012-06-18,116.9111099243164,136.13755637157436,116.20313263930912,136.13755637157436,778688
2012-06-19,116.91963958740234,118.02000163518048,116.10076913760327,116.85993429692324,201108
2012-06-20,116.97933959960938,118.56590283562905,116.52724961804135,116.85991862216676,196264
2012-06-21,117.030517578125,118.22470653300384,116.00692704537173,117.41436402790748,211376
2012-06-22,117.43141174316406,118.2076428412072,115.19657672984377,116.32252207453172,210160
2012-06-25,117.58496856689453,118.56590954514573,117.03052366614385,117.71291739014468,242108
2012-06-26,117.26083374023438,132.38438963332018,116.17753780965342,132.38438963332018,222012
2012-06-27,118.53181457519531,119.36775124109326,116.85995165590367,117.71294400375699,935348
2012-06-28,119.64066314697266,120.61307616888244,117.38876204689227,118.78767109485892,727148
2012-06-29,120.8348617553711,121.61962075404267,119.42742475598885,119.42742475598885,434964
2012-07-02,125.27894592285156,127.69291773780523,120.10128802593839,121.12487854888673,1159112
2012-07-03,124.03359985351562,126.29402929530397,123.07825270727042,125.56898588944733,454396
2012-07-04,124.70742797851562,127.00197849646159,124.12738926477842,124.53682958182819,1119920
2012-07-05,125.66280364990234,126.43049661103059,123.80328694711524,125.00600383704905,528652
2012-07-06,123.15499877929688,126.05517180664559,122.34465631577295,125.50925480135037,551500
2012-07-09,122.59202575683594,124.00800103416714,120.88604148294452,123.17206457495968,605920
2012-07-10,123.0867691040039,124.70745421348144,122.18259949384843,122.18259949384843,238304
2012-07-11,122.48967742919922,124.84393377082544,121.80728368307555,122.65174802640404,428296
2012-07-12,121.25281524658203,122.66025207498062,119.7600792164623,119.7600792164623,419192
2012-07-13,121.593994140625,122.481107790338,120.65570305991866,121.44898968406076,160276
2012-07-16,120.5192642211914,123.24883912984602,119.77715479539977,121.6366818669215,287460
2012-07-17,120.53630065917969,121.27840996651469,117.74702090962815,120.94574099512316,441284
2012-07-18,120.91161346435547,121.57695137540263,118.95825974281937,120.9286691389978,280412
2012-07-19,122.34468841552734,123.17208677247399,121.17608272980992,121.57699535392605,208668
2012-07-20,121.65371704101562,123.68384220216153,120.71542582430958,122.84790586227788,365648
2012-07-23,122.29345703125,122.71142518744853,119.95626731648649,120.84337065311213,320096
2012-07-24,122.4726333618164,123.15502717263583,120.78370451503706,122.50674472235481,199588
2012-07-25,123.71797943115234,124.87804663432611,122.2167153792509,122.56644006669647,574344
2012-07-26,122.13995361328125,124.32361153440394,121.47461554092641,123.71798916277454,537068
2012-07-27,122.1570053100586,125.90164297983176,121.79875276739318,123.00999747116856,508980
2012-07-30,121.61107635498047,123.59855206105931,120.27188295796661,120.27188295796661,248276
2012-07-31,121.65371704101562,124.18710957362208,120.86044071439153,124.18710957362208,327340
2012-08-01,124.18711853027344,124.52831536095624,121.2954733077365,121.2954733077365,389480
2012-08-02,123.50951385498047,125.22492376963297,123.01204079171875,123.62959464301238,294784
2012-08-03,130.6456298828125,132.532581005159,123.68106901925572,126.08264317496943,4063436
2012-08-06,128.81015014648438,132.4725465660268,128.33841236330977,132.4725465660268,897928
2012-08-07,129.51348876953125,132.33534104931138,128.68151889061494,130.01953694548533,1093080
2012-08-08,130.35403442382812,131.4947760047743,129.29047793126625,129.50490422129752,533392
2012-08-09,130.7828826904297,132.77275440827682,129.8308216180646,130.1996390127676,1096372
2012-08-10,137.19851684570312,138.22776304930184,132.00082561153633,132.2924474632294,4218500
2012-08-13,140.20904541015625,140.64648337751458,137.06127195073995,138.26205906420077,1980944
2012-08-14,140.08041381835938,140.66365756211854,138.27923283738102,140.32057547050363,714936
2012-08-16,145.0293426513672,145.46677011371693,139.74588186860177,139.74588186860177,1961200
2012-08-17,145.63832092285156,147.26796055626392,144.24025747038476,145.12369788072135,1610672
2012-08-21,149.0691375732422,149.4979900979063,144.78918728308798,145.44104102657096,1312896
2012-08-22,146.7876434326172,150.4414648287503,146.1529396055818,149.19779251403142,996760
2012-08-23,148.4944610595703,149.24066017242,145.92992118444033,148.26287444280138,845940
2012-08-24,149.47225952148438,150.61301146145493,147.87693017290374,148.91475122165554,1229212
2012-08-27,150.1155548095703,152.0539768716592,148.63173114606542,149.96117416084232,1486032
2012-08-28,144.6005096435547,151.47072562577958,142.93655960099755,150.09839742078952,1941728
2012-08-29,143.2195587158203,148.28859223841124,142.82500611244714,148.28859223841124,687604
2012-08-30,136.04061889648438,140.6636519919334,133.99070138625365,140.6636519919334,35747140
2012-08-31,136.99264526367188,138.4335939237536,134.24798912639795,135.70608769932474,4078732
2012-09-03,139.04257202148438,139.96032276284396,137.57589839075166,137.71312911309494,2430328
2012-09-04,140.8609161376953,143.23675513363514,139.29131157905599,140.15759165681564,4984824
2012-09-05,142.7050018310547,143.91436412385318,139.80595393566327,140.83520022230618,4720592
2012-09-06,143.78567504882812,145.15800311329792,142.2846912283143,143.23674172903378,4123596
2012-09-07,147.32798767089844,147.69680501894695,144.6262168473811,144.76345802714093,3653920
2012-09-10,150.96466064453125,152.32841373992554,147.01921749586202,147.17360858969235,6114304
2012-09-11,153.10894775390625,153.69219145733393,149.9868988420943,149.9868988420943,4099092
2012-09-12,158.78695678710938,160.12497471176303,153.37482897662954,153.5978406890997,8177076
2012-09-13,156.7884979248047,159.90197173791125,156.33391001742513,157.31169596063464,3873488
2012-09-14,156.2138214111328,159.60175628200156,154.50698630623302,158.11792239105125,4477880
2012-09-17,154.9873046875,157.80058147858438,152.15687798319036,157.80058147858438,4180036
2012-09-18,154.61846923828125,159.0184998792637,153.56349841754115,157.10581362689973,3539172
2012-09-20,154.21536254882812,156.9257083171927,153.529198533038,154.38690355277564,2953324
2012-09-21,156.67698669433594,157.50039196775683,154.89296636533427,154.95300153442275,1905180
2012-09-24,157.15728759765625,157.98925723984263,151.98532238273677,151.98532238273677,1804136
2012-09-25,159.1042938232422,161.9347206136287,156.9600311032524,157.8263111481217,3831228
2012-09-26,160.94839477539062,161.39439733015945,157.0115254710503,158.34096864665304,2255392
2012-09-27,163.33279418945312,164.59361655871598,161.07702548059856,161.07702548059856,4034876
2012-09-28,166.74647521972656,168.1102286584629,164.15620955800293,164.15620955800293,3267252
2012-10-01,175.9239044189453,178.90870146548502,167.33826784639197,167.34684280353073,10472304
2012-10-03,170.54612731933594,176.3442131680125,169.9371586382979,174.86896421084685,4442868
2012-10-04,166.7035369873047,172.39870012010448,165.88871726036888,171.54099514438255,3335868
2012-10-05,162.4150390625,168.07589284171917,161.76318526677838,168.07589284171917,1687348
2012-10-08,161.25714111328125,166.68641883196923,160.39086101676958,161.59164821154752,2084888
2012-10-09,163.38427734375,164.31059274407312,160.67393081163914,162.22637524081992,1628612
2012-10-10,165.5885467529297,167.92151093852183,162.77528026887705,163.6158249962325,3788188
2012-10-11,168.0244140625,168.79634858346094,161.9347083971414,162.1062494017994,2088296
2012-10-12,164.99673461914062,170.0571949765883,164.35345576014305,166.2146822075295,1593976
2012-10-15,161.3428955078125,166.3090098612126,160.47661549784877,162.10625509937688,1050480
2012-10-16,162.04624938964844,163.6415789850241,157.05439878923738,158.68403868699372,1166736
2012-10-17,163.05833435058594,164.57647884473067,162.114858625537,162.94683895600977,919592
2012-10-18,160.9998321533203,163.80453428526195,159.5674687360222,163.30706110857741,1194004
2012-10-19,159.18150329589844,161.59165270993262,157.6033237019645,161.58307775230932,1515140
2012-10-22,160.8454132080078,161.91754439381805,158.24656302559134,158.8469564896451,590340
2012-10-23,159.77333068847656,161.89185836891969,159.19008695772976,161.2743148058043,569720
2012-10-25,156.38534545898438,160.26216758888341,155.61341101515245,159.61888888569015,1656920
2012-10-29,159.4645233154297,160.37369907072457,156.5997967416844,157.7233882956421,1036496
2012-10-30,160.1764373779297,160.87975141561853,157.6633570907605,159.53315851295807,941708
2012-10-31,162.6981201171875,163.63302098627636,159.72187645027282,161.2485960691545,1290900
2012-11-01,161.8146209716797,163.72730728328227,161.24853777350242,162.44932475692212,689504
2012-11-02,163.23843383789062,165.77724936270172,162.14915252625647,162.4493493174979,1195196
2012-11-05,163.89886474609375,165.17684740083925,159.53314382379102,162.10625904675538,1545380
2012-11-06,165.24546813964844,170.68332075416467,164.66223493366425,170.68332075416467,2328976
2012-11-07,166.2404022216797,167.41546451846216,164.0103689089916,165.36554718702303,1027464
2012-11-08,163.76161193847656,165.5370570148199,162.9639421389419,165.12535444666693,833632
2012-11-09,161.0856170654297,164.8509451171062,160.75110993190316,164.5078630252912,687592
2012-11-12,162.5608673095703,162.96398455703994,160.21932797502663,160.5624100477783,482944
2012-11-15,157.50894165039062,161.7717311325765,156.61692639400886,161.15418774663672,775376
2012-11-16,156.2567138671875,159.0957155553638,155.3046528632995,157.4746508787816,1109112
2012-11-19,151.5135955810547,157.29452965477418,149.69526508108663,156.23954826571574,2404956
2012-11-20,151.67660522460938,154.15537560094756,149.5838022278729,152.0282622986839,1279712
2012-11-21,155.18460083007812,155.65633867428934,148.74322661763972,152.58574997304643,1496864
2012-11-22,156.1194610595703,157.02863674227874,152.5514103273491,155.22745622903886,1140924
2012-11-23,155.01304626464844,157.56900116997096,154.12960582731895,157.56900116997096,784276
2012-11-26,155.74209594726562,156.7713420652913,155.12454199443044,155.7163606063018,786476
2012-11-27,153.37481689453125,156.70271676423692,151.30774976356892,155.74209127093664,1884840
2012-11-29,151.07620239257812,153.5721225358191,150.18418685295683,151.8138268016754,2374248
2012-11-30,150.97323608398438,153.9837891330854,148.82897349632393,150.2784970995888,2775572
2012-12-03,152.99742126464844,154.76429146113358,150.68161777711106,151.32489652364922,1826440
2012-12-04,152.50857543945312,154.47272264651133,151.81383624893115,153.1947396710867,886344
2012-12-05,152.3026885986328,154.00094886434803,150.6301636736232,154.00094886434803,900008
2012-12-06,151.35919189453125,152.83445072520976,150.46718710159934,152.32840269881441,864668
2012-12-07,151.01612854003906,153.23758678083752,148.46874865238723,149.9268472815557,2303496
2012-12-10,149.9525909423828,151.9853478972389,149.06915047708873,150.9561017489506,1118428
2012-12-11,150.8702850341797,152.63715495364957,149.2406457984495,149.24922075305258,1683172
2012-12-12,156.8056640625,159.79905737297278,150.0984134331031,150.4414955209502,16469336
2012-12-13,157.53469848632812,158.63256525082733,155.84502355271871,156.96004023196218,3580800
2012-12-14,162.65521240234375,163.28133090161998,154.9015554824175,154.9015554824175,3587752
2012-12-17,163.42713928222656,164.07899309387247,158.675450718068,163.30705846875756,4174144
2012-12-18,162.3721466064453,163.68443956690408,161.24855504561273,163.43570299968886,1179128
2012-12-19,162.01190185546875,165.86299945441962,161.42865825913478,162.95537736892953,2237088
2012-12-20,158.87274169921875,162.61233435524616,158.09222157490424,162.37217270622102,4809536
2012-12-21,155.48480224609375,160.04778970453302,154.95301874211822,158.10080309603387,1617832
2012-12-24,155.01304626464844,158.33236079979454,154.1038704864131,156.93429730461094,1083132
2012-12-26,156.91717529296875,157.80061588738747,155.0130738283432,155.0130738283432,939260
2012-12-27,157.75772094726562,160.6910685306685,156.0165752107211,156.97720084258654,4514996
2012-12-28,157.94639587402344,159.4302299010921,156.58264265626065,159.4302299010921,900880
2012-12-31,159.9191131591797,160.373701042416,157.6461946830637,159.51599595708922,1509632
2013-01-01,160.15928649902344,161.01699164715717,159.40450178065237,161.01699164715717,543928
2013-01-02,161.1970977783203,161.62595032616622,158.73547787166515,160.04777085608674,1199844
2013-01-03,161.48016357421875,164.1733601589752,159.38737113577884,159.38737113577884,1138816
2013-01-04,161.67739868164062,164.25908873634367,159.10428358325908,162.09767624171604,1099620
2013-01-07,159.027099609375,162.86104766699538,158.03216379293488,162.86104766699538,989776
2013-01-08,158.91558837890625,159.49882150345994,156.53116426402238,158.82981787793966,996520
2013-01-09,161.1456298828125,162.08052001651262,158.94132160997106,159.80760162130707,1256708
2013-01-10,167.35540771484375,168.9250121682433,162.14914217012642,162.50937410859558,4860944
2013-01-11,169.714111328125,173.5909448307088,167.93866588194214,168.53048452068091,3472872
2013-01-14,171.88409423828125,173.08488132377823,168.11019196957648,169.99714310392886,3108168
2013-01-15,171.50669860839844,175.27202584785175,170.34879679829518,172.97337214052277,2345300
2013-01-16,171.1807861328125,174.06267314259654,169.09655857509367,170.72619824688002,2558020
2013-01-17,174.69740295410156,176.33560735610126,171.0264204338075,171.54961852267232,4187708
2013-01-18,171.3608856201172,176.15545870822214,170.28875436025615,174.97182160932283,1831904
2013-01-21,172.28721618652344,174.45721423896418,170.53750618965148,171.89267394154317,1627760
2013-01-22,168.24742126464844,172.70748754454755,167.68133802312929,171.2236640834467,1920612
2013-01-23,165.8801727294922,168.4532881286053,165.40843490632145,168.29032205932145,1365436
2013-01-24,169.91993713378906,174.19988722005579,165.70860763621258,166.3175760982192,3062560
2013-01-25,172.65602111816406,173.25641463422323,168.79634851492642,170.17725150785614,1737524
2013-01-28,174.29425048828125,176.96171124320392,171.79833075258233,173.196394247269,2316044
2013-01-29,171.806884765625,175.54647643482565,170.64898302701732,174.61158637004922,1100908
2013-01-30,173.42796325683594,175.12622346487137,171.92697940075553,173.25642224471247,1836600
2013-01-31,171.3608856201172,175.48644461405613,170.21155881553977,173.49657318376674,1546092
2013-02-01,172.36441040039062,174.11413085371527,170.34022851008794,171.36089964703007,1615692
2013-02-04,169.88563537597656,173.92543454488575,168.9678951588122,172.0556333444555,412560
2013-02-05,165.80299377441406,170.76910908593766,164.33631994407662,170.17729039087956,700316
2013-02-06,168.03302001953125,170.10008741301172,166.0602981020123,166.0602981020123,1471792
2013-02-07,169.8084716796875,172.37300173077494,167.25250611615536,168.13594661852596,2912724
2013-02-08,171.87550354003906,174.88604593465783,164.95381804913006,170.68329152033795,2837520
2013-02-11,171.42092895507812,173.4279608632288,165.63141987581605,172.390139848212,1468188
2013-02-12,169.83421325683594,172.3816041133328,166.7293244618184,170.82914924578932,1352164
2013-02-13,171.64395141601562,172.398736140365,169.30242262508457,170.68332583051063,1910584
2013-02-14,171.88409423828125,174.2856684092752,171.53243725724934,171.53243725724934,1641432
2013-02-15,171.30946350097656,173.25645011374607,166.12034704955,173.25645011374607,2042084
2013-02-18,169.2423553466797,171.42950321214423,168.62481190209084,171.4209282556979,1051144
2013-02-19,177.45916748046875,178.56559857302614,168.77919692269927,169.78270760154078,2535504
2013-02-20,180.5040283203125,183.4545253252411,178.2139600178753,178.2139600178753,5371924
2013-02-21,178.07672119140625,182.33094668467493,177.4505923067023,179.25177294101874,3075060
2013-02-22,178.30828857421875,180.27244563782932,176.86736088990259,177.37339847664884,1661144
2013-02-25,178.05955505371094,181.66191599410394,176.8072973984062,178.3168665494533,1683880
2013-02-26,176.1211700439453,179.17460880457884,175.34067090854987,177.83658037237595,824396
2013-02-27,176.4642333984375,179.74068353037913,175.6837343458014,176.68724509351367,1789236
2013-02-28,180.29815673828125,183.54884995729483,176.67862528146694,176.67862528146694,3691908
2013-03-01,189.2097625732422,190.75363189614262,180.46116974347305,180.46116974347305,5004444
2013-03-04,186.2592315673828,191.9543845562062,184.97267403014283,190.2389745065529,2211628
2013-03-05,183.1543426513672,189.96453385714864,182.69977569055843,189.55283121220387,1615136
2013-03-06,185.19569396972656,188.14621228433492,184.20076854811037,184.20076854811037,2326956
2013-03-07,188.05186462402344,190.86514186091642,184.4237674491928,185.26432273107895,3608420
2013-03-08,190.4791717529297,192.6577345477188,188.6779908636721,188.6779908636721,2703008
2013-03-11,190.10171508789062,192.60623027214854,188.37774071742837,191.94578071434532,2375440
2013-03-12,188.2490997314453,191.2596317516856,187.8373971387449,190.58205316999596,1785908
2013-03-13,186.13914489746094,188.56645436568718,184.9555077459518,186.9968499434727,1452048
2013-03-14,189.43276977539062,190.06746321696545,185.10135872283794,185.10135872283794,1384524
2013-03-15,189.03817749023438,191.71421283838117,187.89742567943588,188.69509549841908,1438240
2013-03-18,186.9625701904297,189.46706500566,186.43079719282284,188.43781883994342,1194200
2013-03-19,187.0997772216797,190.41052719671174,186.29354282489092,188.35203501080133,1587016
2013-03-20,183.3087158203125,187.88887326945525,182.7083222960479,187.0997678855132,1077604
2013-03-21,182.66546630859375,185.72746958488455,181.83349647969547,184.39802656816977,1099500
2013-03-22,179.7063751220703,183.26585142092887,178.5913584501387,182.34811111742928,1137068
2013-03-25,179.4061737060547,182.35669184907604,177.97381036008554,180.97577824567733,1542324
2013-03-26,178.2568359375,179.74066978882703,174.15700181269975,178.76287351601525,1237004
2013-03-28,181.74771118164062,184.74967903976116,177.87088830716672,179.14886053359737,4002396
2013-04-01,182.03073120117188,184.22644337517158,180.46971233323595,181.19017613687933,747780
2013-04-02,176.0353546142578,183.33443207548683,174.88603836347025,183.33443207548683,2020564
2013-04-03,167.60414123535156,177.54494482972783,166.82363173614522,174.50866686761876,2612396
2013-04-04,167.59559631347656,170.3231030412899,165.13398657406097,167.42405527323757,3446784
2013-04-05,164.99673461914062,168.60768165700722,164.18191473107703,168.60768165700722,1188644
2013-04-08,168.78781127929688,170.0657941430892,165.2797948574896,165.67433716220847,1787424
2013-04-09,165.90586853027344,170.48600447306006,165.23685449794033,170.1943931733552,1417476
2013-04-10,171.2922821044922,172.39872376895624,166.06028103488705,167.44118414121888,1055748
2013-04-11,170.97491455078125,173.25640772684125,168.49614503929686,172.39870273809453,892204
2013-04-12,168.11021423339844,169.56831303032078,163.50434163348675,166.39480388407804,1530756
2013-04-15,166.38623046875,168.58195364222783,165.53710024395812,167.08096957265826,766528
2013-04-16,166.849365234375,168.11018745225402,164.85090830777156,166.22323636860628,776852
2013-04-17,163.85598754882812,168.60767598820595,163.30705418026596,167.7328104873632,830496
2013-04-18,163.01544189453125,163.83026180292393,160.64817772836562,163.83026180292393,726348
2013-04-22,159.6875457763672,165.1940085396764,158.71833478851048,161.2485649296945,1118852
2013-04-23,158.5210723876953,162.87821903326017,155.5534144614016,159.3101674612409,1360908
2013-04-25,159.11285400390625,160.20214564652235,157.0372120717263,158.67542654365712,2447340
2013-04-26,158.89842224121094,162.36355244875648,157.98925705790248,159.3615850236606,1232772
2013-04-29,162.24349975585938,163.6501382583762,158.51248245279893,159.65323445990887,854772
2013-04-30,163.521484375,165.32266516276553,159.22438373248033,162.10627089889852,1217432
2013-05-02,165.64859008789062,167.93865851600478,164.499263160322,164.499263160322,1134208
2013-05-03,169.25094604492188,170.47745801585612,164.35344170780039,165.7943904167662,1447848
2013-05-06,171.82403564453125,173.73671138791087,169.25092081215686,169.808429025838,2079144
2013-05-07,172.49307250976562,174.62876032682627,171.4295160797803,172.7160737442707,844288
2013-05-08,168.7620849609375,174.0712826174069,167.76714895277058,172.91338051573902,1211580
2013-05-09,168.69345092773438,170.0400438079606,167.79286053177796,168.7620610568348,758536
2013-05-10,167.43260192871094,169.80845121643156,166.05169888221963,168.96789607333298,566044
2013-05-13,163.79595947265625,172.16717068330766,163.02402478503726,171.18938465165004,989880
2013-05-14,164.4134521484375,167.08091225730732,163.22981521445467,164.1647156367999,1013372
2013-05-15,163.65013122558594,166.0431305214761,161.50586849988383,165.06534462454934,2196868
2013-05-16,161.6431121826172,164.67939053969965,160.8282922815093,163.30706228520216,1301320
2013-05-17,159.16432189941406,163.82166450772516,158.01500550873652,162.9639594579465,1635352
2013-05-20,158.17796325683594,160.56238751586446,157.4746492944055,159.82476325696686,1694632
2013-05-21,156.07659912109375,160.37371022052886,153.53779401723838,158.69259978105296,5450172
2013-05-22,161.8146209716797,168.0158322240669,160.0992109953658,165.0224397213929,10670120
2013-05-23,163.39279174804688,164.81657986034912,160.85398720911755,162.44074135470225,2547880
2013-05-24,163.2126922607422,165.5113354592361,162.1662858420714,164.45636455430343,893304
2013-05-27,163.59010314941406,164.53357878962555,162.1062690908863,163.13551524384428,872084
2013-05-28,168.7277374267578,169.31098106321556,163.3327809046703,164.1647506357622,2392500
2013-05-29,168.68487548828125,171.11218536340485,166.78934911284884,169.31100446484268,1390380
2013-05-30,167.90435791015625,170.5117836576808,167.09811297591705,167.5955861504569,1574152
2013-05-31,165.96592712402344,169.31097681799602,164.8680604723477,167.93864873841753,478088
2013-06-03,161.29144287109375,167.25249327233863,158.71832758998085,165.1082305380779,1137708
2013-06-04,161.67739868164062,162.9639562308314,161.24854616524368,161.42008717180246,2076636
2013-06-05,157.40602111816406,162.87818333502062,156.46254559594962,160.99123229059174,2322816
2013-06-06,158.6754608154297,161.7460495965203,155.94795411177785,156.27388627335833,2205108
2013-06-07,160.725341796875,163.21268629305044,159.36158875496557,159.61890025456992,1684840
2013-06-10,161.30857849121094,162.96395336338867,160.06490621554298,162.775262447507,1997832
2013-06-11,166.0517120361328,167.71566207099738,158.41813643116595,161.07702231604205,3673796
2013-06-12,167.90435791015625,170.16870159800743,165.1940117327431,167.73281688031955,3230292
2013-06-13,166.6778564453125,167.59559682538048,163.1784150257351,166.5577756227716,1603524
2013-06-14,165.66574096679688,169.65406970350722,165.05677243648856,168.29031649307709,1402700
2013-06-17,166.6349639892578,167.1924723476622,163.13552272079815,165.6228677044486,701076
2013-06-18,167.74136352539062,168.91642566345797,165.88014785382322,165.88014785382322,914452
2013-06-19,173.65098571777344,175.2634756169701,167.41547335243496,167.7671303762926,2670276
2013-06-20,168.8563690185547,176.2497814864096,168.21309030719732,173.77102256133742,3189196
2013-06-21,170.76907348632812,173.239268189864,168.29887878279226,168.81350180685953,2749988
2013-06-24,171.88409423828125,173.84824092213637,168.79635601843188,168.79635601843188,3723316
2013-06-25,173.230712890625,175.72664336745353,172.0985462287906,173.93403742785404,3499744
2013-06-26,178.19683837890625,179.92939867205268,174.11415330469984,174.11415330469984,4262064
2013-06-27,185.40155029296875,188.35204758031307,178.44555327451792,180.45257491369128,4884608
2013-06-28,181.79917907714844,187.83741452890055,180.13521864011332,187.83741452890055,2368636
2013-07-01,177.45059204101562,183.44596299315998,175.91530835485153,181.14730923717525,2511240
2013-07-02,171.9184112548828,178.78862696859235,167.475494676861,178.2311186571048,6041132
2013-07-03,171.38661193847656,176.17261011100445,165.5370679231931,173.00767651110903,7461580
2013-07-04,176.93597412109375,177.8880351442275,173.58235979306983,176.0010839517622,4093568
2013-07-05,178.17108154296875,181.40462552627505,176.9960297642159,181.40462552627505,2688100
2013-07-08,179.3804168701172,180.24670730360944,174.28565750222904,177.0303135258862,1445516
2013-07-09,178.86581420898438,181.49040020613927,177.65646257505304,179.77498999625138,1433184
2013-07-10,185.13565063476562,187.23702818424525,178.86581781518964,179.43191157189236,3622536
2013-07-11,182.93994140625,186.67954461115264,181.00154013697565,186.2935772549614,3318772
2013-07-12,192.4518585205078,193.47251912859687,183.8919581463897,184.4065811635904,13563240
2013-07-15,190.7364959716797,194.22735211984497,189.02964997545217,192.48620628995303,4288428
2013-07-16,187.3914031982422,190.39337086821564,185.60737250921645,187.32278260634413,2340128
2013-07-17,187.73448181152344,193.8241875458387,185.66740430596252,186.97969719446868,3903792
2013-07-18,187.2026824951172,191.49120705571215,185.63307831792713,189.32977392512322,3634500
2013-07-19,194.23590087890625,195.8054844239495,189.1754409046636,191.01092140065086,7496204
2013-07-22,200.99461364746094,203.21608251875048,193.84136117311692,194.18444322829058,6764312
2013-07-23,202.2726287841797,204.82000913185095,199.07338408501928,202.41843448541385,5640780
2013-07-24,207.16152954101562,209.53736862393257,200.71159098628664,201.38058425276202,6371408
2013-07-25,202.36692810058594,209.1084984021278,200.58291828710742,206.38957748786547,9851600
2013-07-26,208.89405822753906,210.24065092483622,202.58992631223455,202.89870849635673,4271748
2013-07-29,214.1861114501953,214.59781408249142,207.26443554370124,207.26443554370124,3542040
2013-07-30,211.38140869140625,216.48475371763416,208.73967296040476,214.76934362478443,4929400
2013-07-31,213.7915802001953,215.23250800669442,209.96620710325192,211.85315831087917,3372392
2013-08-01,214.7007293701172,216.2789192661592,211.13268883571504,214.18610632707276,2827760
2013-08-02,211.54443359375,218.71485850751517,205.93504912805645,215.5413487958375,4426048
2013-08-05,216.7935791015625,219.0579124992152,210.7896425804407,211.16702450002657,3169924
2013-08-06,211.57867431640625,217.03366557114785,211.00401615244058,216.8278247464646,3710664
2013-08-07,210.89251708984375,216.1330822622221,207.6160880613079,211.6816015299002,4400120
2013-08-08,213.50857543945312,215.28402114695385,209.2457844677047,210.82395377657872,4629664
2013-08-12,217.25669860839844,221.63099455353398,212.9167024907279,214.42627182036958,7414256
2013-08-13,228.32968139648438,229.60765361021984,219.26372180296732,219.69257434986727,6483108
2013-08-14,226.63143920898438,231.04003536691567,223.26065373333356,229.86498348264846,4027120
2013-08-16,227.19752502441406,229.00729139611872,222.57450231195807,225.57647055123303,5017596
2013-08-19,221.9740753173828,228.79283072222515,219.9155831196946,226.43414174570736,5220728
2013-08-20,214.3919677734375,222.48010983526592,212.93386915375595,221.09921723595957,5285768
2013-08-21,212.66799926757812,219.57252596289575,211.19275054677848,214.42629488564037,5495908
2013-08-22,218.01148986816406,219.5296237305634,210.41221418894244,212.53932705775975,4350392
2013-08-23,234.359375,235.49156268623943,218.94641578855843,220.49887067282305,7482564
2013-08-26,236.66661071777344,241.87287732900447,233.41589529884914,235.01123541896177,6304768
2013-08-27,233.79330444335938,241.85573390406907,231.357408935869,236.8467226112458,4399208
2013-08-28,235.05406188964844,241.01511180803217,230.92849234708675,231.23727453183443,4111024
2013-08-29,234.24781799316406,238.44198701462625,231.5803471005363,234.80532623618387,4311672
2013-08-30,235.86891174316406,244.96058615944605,234.15350147594106,235.35428866299716,5942356
2013-09-02,235.87754821777344,239.27404871788585,232.2408651001908,236.72666810778372,2625912
2013-09-03,240.22605895996094,246.16137432001196,237.76444940477418,238.99095099863575,6256104
2013-09-04,240.02015686035156,244.29153191341982,238.55349388638854,241.87280802122027,3642560
2013-09-05,237.13832092285156,240.86075284857975,235.9375337287371,240.4233357919067,3071968
2013-09-06,233.34725952148438,240.8607436862333,232.09500169065987,236.3835272207903,2991140
2013-09-10,232.7469024658203,235.01123592498217,228.56129670366806,232.96132877597086,4428808
2013-09-11,228.7156524658203,239.64280716526068,227.309003524719,232.0950022151737,5393056
2013-09-12,224.9503173828125,230.15658326737676,222.14562583156243,229.84782198856192,6873240
2013-09-13,221.16781616210938,226.51988690105023,219.57247651143075,226.09103440786384,7408376
2013-09-16,219.25521850585938,223.0033866237911,215.70430586249913,222.55738403855784,8412544
2013-09-17,225.19908142089844,227.29187369321633,219.74406807623404,220.5245881694719,5773968
2013-09-18,225.3877716064453,227.97803706453746,224.03259323272079,226.26262670287804,2652176
2013-09-19,222.9770050048828,227.5918534797767,219.64501062560842,225.23277245157135,3136720
2013-09-20,223.2352294921875,231.37150255209679,221.3238552630761,221.3238552630761,5641860
2013-09-23,228.40118408203125,232.23255188381498,223.51942301950018,223.51942301950018,4832724
2013-09-24,230.24365234375,233.32597010112636,228.1945123137587,230.74302578266372,4449612
2013-09-25,230.01983642578125,230.70000343374144,227.10109639579446,230.05426727932718,2423328
2013-09-26,226.19703674316406,231.5092879542113,225.23274174703474,228.96939273955627,3244452
2013-09-27,224.9658660888672,229.3654903209904,224.0274045852917,227.42828178787394,2909736
2013-09-30,230.01121520996094,231.5868156102449,226.10236748078276,228.05679134537186,3513176
2013-10-01,228.28062438964844,230.74303986488565,226.6103287031265,230.74303986488565,1703012
2013-10-03,236.42555236816406,239.33567444182043,229.94235657881987,230.74307368779304,7402820
2013-10-04,241.19534301757812,243.26169856630892,235.90892514676415,236.42551403394683,5269548
2013-10-07,248.5223388671875,249.44358497527656,241.47950517440532,241.9186141984768,5358412
2013-10-08,248.36732482910156,250.76085756194433,245.73273409644992,249.16804181434057,5413788
2013-10-09,254.1703338623047,255.53928591453945,245.89629399323607,245.89629399323607,4200324
2013-10-10,260.5502014160156,261.9966544517021,254.67831214858194,254.85050843806712,4846024
2013-10-11,266.87841796875,269.211686124774,262.5993443323293,265.1822887028112,6437288
2013-10-14,268.4281921386719,273.01722763660644,267.59304430607784,268.62622208332135,4217272
2013-10-15,272.6900329589844,274.5669766711265,269.6507643220821,269.6507643220821,4488788
2013-10-17,263.4259033203125,274.4808971696892,259.43093662149306,273.7921119823123,5559084
2013-10-18,264.5365295410156,266.0432469590686,261.08398579219863,262.9437139847882,3580628
2013-10-21,266.1294250488281,268.4540754779185,257.0891178245878,263.8219900485339,4034012
2013-10-22,266.2843933105469,270.1760259364677,265.19095088313946,266.90429585820584,3032356
2013-10-23,267.3434753417969,270.3310780755966,263.0729970745348,266.00033528449524,2294056
2013-10-24,264.6829833984375,271.66555321904343,263.460393618989,266.55992766156527,4819892
2013-10-25,265.4233703613281,267.24864686399127,252.6119619519814,261.73836548535223,8259256
2013-10-28,260.8946533203125,268.970665337598,258.5527874548037,265.5267387647734,3311492
2013-10-29,262.1430358886719,264.1146961566726,259.66340493829176,260.18861206689934,1615648
2013-10-30,267.82550048828125,268.850081045098,262.6596116910531,263.4603286586345,2726588
2013-10-31,267.0850830078125,269.8918701224003,263.8047350419897,267.93744629591123,1907192
2013-11-01,262.7456970214844,268.98781234699095,262.2549418136968,267.1625359316813,2539252
2013-11-05,261.5834045410156,268.2129623296296,261.0668156224223,266.90427460653797,2709328
2013-11-06,270.89923095703125,271.97545791230175,262.599377086008,262.599377086008,5852168
2013-11-07,272.1476135253906,276.63333521214025,266.0432635560266,271.209152168765,8744772
2013-11-08,288.4288330078125,290.5468561298634,277.06387600571367,277.06387600571367,16198272
2013-11-11,292.268798828125,295.5749594980884,288.4288127930662,288.4288127930662,7020720
2013-11-12,290.2454528808594,294.5589571529565,288.9797933862392,292.73368075929176,2817096
2013-11-13,285.92327880859375,292.21706068029437,284.98481757565537,287.93798771406,2317452
2013-11-14,287.9122619628906,291.8211102214682,286.36249500256406,287.74006563396546,2710692
2013-11-18,298.56256103515625,299.6215725213552,288.42881262831605,288.42881262831605,4208356
2013-11-19,301.0680236816406,302.2045150899333,295.86768266179115,298.7605889920423,3150080
2013-11-20,290.357421875,303.53905837468824,289.289813115573,301.34355532872183,5962104
2013-11-21,285.4842529296875,293.19003743446706,282.5741312255472,291.88134974492914,5210432
2013-11-22,287.11151123046875,290.5726528328165,283.7967322865675,288.428817196602,3717380
2013-11-25,288.1188659667969,292.4926565735819,285.18293140689127,285.5273240370309,4176196
2013-11-26,296.10009765625,298.2525509815984,286.25045862742445,287.2750390223215,41095392
2013-11-27,290.91705322265625,294.93785395599883,289.3500709749591,294.36097949014777,2498768
2013-11-28,291.3905944824219,293.6894320930477,287.7917083316733,292.1827143437915,3307500
2013-11-29,292.3118896484375,296.22935617267507,290.5468772583964,290.5468772583964,1954816
2013-12-02,290.9858703613281,294.28343322316414,290.56399789667717,290.93422409099196,1892848
2013-12-03,291.166748046875,293.53444733591596,289.8408238329775,291.08924709447183,1664504
2013-12-04,292.0880126953125,294.4470939108266,290.1594222870133,290.83958935438926,2981268
2013-12-05,289.68585205078125,294.43846586052496,287.9552707790543,293.5946997627673,2762988
2013-12-06,288.3857727050781,292.0535625483113,287.791703838384,287.91223284841954,1901340
2013-12-09,288.20489501953125,290.9772718434505,286.1902070243127,289.84075962045245,2617148
2013-12-10,294.46429443359375,296.16042380307556,288.4288056447658,289.4619834560306,3877504
2013-12-11,290.2196350097656,297.4777129283029,287.6625242752069,295.6438182127923,3833632
2013-12-12,287.5936584472656,291.5369579733561,286.92208866438494,290.3229656343004,2993436
2013-12-13,291.26141357421875,292.3893077098614,287.8174876883546,287.9983022053847,2080024
2013-12-16,300.49114990234375,301.6620720842485,288.721516444291,288.721516444291,3518708
2013-12-17,297.1936340332031,302.27342549270895,296.7200941513848,300.4825795538206,3001040
2013-12-18,297.50347900390625,300.13809026971626,295.8676144843639,297.7273425567065,2068648
2013-12-19,309.03216552734375,309.781215401707,298.51097336612844,299.621631350178,5167240
2013-12-20,317.8743591308594,322.9541498103612,309.43674071405974,309.90166230043263,13409204
2013-12-23,316.2471618652344,320.5865007481214,313.8191769221303,317.7194277983295,1956612
2013-12-24,315.498046875,317.8313151067779,314.6543018359596,315.46361602363106,1306388
2013-12-26,314.4993896484375,317.50420727852395,313.25956342755336,316.3246665907849,2012532
2013-12-27,320.5003662109375,321.66269124622227,315.46362439137005,316.2729386005088,2549024
2013-12-30,318.06378173828125,322.8594444924709,316.6173286133046,322.0070812149245,1293328
2013-12-31,316.4709777832031,319.9407375641345,315.4205845172785,319.9407375641345,992016
2014-01-01,314.7921142578125,317.70223650898,314.27552525535884,317.70223650898,698232
2014-01-02,312.72564697265625,317.14248557602895,308.80818176464504,314.79200224721166,1395500
2014-01-03,316.0663146972656,317.8571604555409,311.7183580390766,313.05287938960987,1327296
2014-01-06,312.6826171875,317.44384863025596,311.6752731330422,316.84116163800974,1485056
2014-01-07,310.6507263183594,314.3184946943756,307.54257486647407,312.8031799498437,1914320
2014-01-08,316.94451904296875,320.25070075548217,310.8143347065083,311.5031199357748,3080984
2014-01-09,314.9557189941406,319.23479376996227,311.8992340085451,318.53739019621054,2114704
2014-01-10,323.5396728515625,325.76100960416835,315.7908383797227,317.650546040929,4740028
2014-01-13,324.5039367675781,328.03396102002455,322.5495129098691,323.88403427359884,2825948
2014-01-14,326.0106201171875,328.2233381994599,323.7290193161561,325.25295225094726,2811512
2014-01-15,324.4264831542969,328.16313486781706,319.8460442537774,327.1730060337675,2997644
2014-01-16,321.361328125,325.70928447337576,318.56313839584726,324.4178122906899,2719424
2014-01-17,305.6914978027344,321.93821536618555,304.78746717974366,321.5766073210007,3568576
2014-01-20,314.8954162597656,315.928594226631,301.8257317949661,304.6669712038459,3220348
2014-01-21,314.8867492675781,319.42411729577395,311.847480551292,315.2311418468728,2171752
2014-01-22,317.21142578125,319.596340388869,314.25825496211525,314.7576284479842,1580516
2014-01-23,315.2311706542969,318.4684485834724,312.63101064701755,317.18559451638816,2466672
2014-01-24,308.8427429199219,317.8744322204362,307.7148485254168,313.4145429706444,1847484
2014-01-27,303.1085510253906,308.74798010994203,302.63501117859624,308.2313911861663,3250360
2014-01-28,299.40631103515625,306.32859375789644,296.22067954463125,303.23767863862554,1896884
2014-01-29,301.26605224609375,305.00270363704004,300.3017361270887,301.34353217491605,2850888
2014-01-30,295.8849182128906,301.04218912085224,293.3536199265672,301.04218912085224,3146452
2014-01-31,307.7061462402344,309.9533161906383,296.8922320429493,300.4825204181466,3665588
2014-02-03,303.5992431640625,311.8474488024391,303.16875248377204,309.43670099281223,3975364
2014-02-04,304.93377685546875,307.2067803532254,292.1137722754459,300.9904778572846,3782528
2014-02-05,316.81536865234375,318.55454713488245,312.54491288552214,314.3960231707116,10358796
2014-02-06,317.7882385253906,318.8042007935032,313.6555277561631,316.6689626920582,3016132
2014-02-07,313.9396667480469,322.0070586388104,312.55347822128573,318.5631328779675,3547404
2014-02-10,315.489501953125,316.9703861483394,310.12558221005526,313.9569504522395,2472804
2014-02-11,320.5778503417969,323.2124621976748,313.9999599453703,313.9999599453703,4193188
2014-02-12,322.9800720214844,324.40069183834476,321.1892258665209,322.6959438541001,2903348
2014-02-13,312.3296203613281,323.023005120985,311.0295300422649,321.99842464528416,3491476
2014-02-14,315.4377746582031,318.75255329351586,313.22505650045997,314.94701942789516,2972888
2014-02-17,314.0429992675781,317.4783070132984,312.16605541064484,315.9802076249518,1461116
2014-02-18,313.7502746582031,315.82522744685264,312.6051650670929,314.94703052692324,1553416
2014-02-19,317.3319396972656,318.7267254900531,313.25949309519433,315.1192214989481,2200696
2014-02-20,315.506591796875,320.27641970637325,313.42302129178864,315.81655346740564,1749768
2014-02-21,318.2532043457031,318.5631661045303,315.11923998448134,315.11923998448134,1601648
2014-02-24,315.36895751953125,318.23603059394304,314.2238687507046,317.70222617944205,2017476
2014-02-25,316.7723083496094,318.0465651698941,315.98020957593707,316.02325865081116,1487976
2014-02-26,313.5608825683594,317.8313597406072,312.2521947317217,316.84123089406324,3393952
2014-02-28,321.5335388183594,325.6145826904254,316.3418162074002,317.35777857396505,17263412
2014-03-03,328.2835998535156,330.7890642138075,322.0070536594586,322.0070536594586,4467620
2014-03-04,327.1729736328125,330.7546651206048,324.27147014960644,327.77566068950455,2343364
2014-03-05,327.8359375,332.3388751680763,325.8901318273715,328.0339674586453,2369100
2014-03-06,331.16796875,333.52707104956943,327.19023778744037,330.9441261362113,3514700
2014-03-07,316.15240478515625,333.19983837651273,314.3012945719534,333.19983837651273,5247672
2014-03-10,309.8844299316406,317.7365763147523,308.42076151079544,316.5742513923164,3840996
2014-03-11,306.810791015625,314.9040179990595,303.45296279909365,311.43425797129873,3200908
2014-03-12,310.4268798828125,311.33091045798085,305.82062885695467,307.58564093228335,3084372
2014-03-13,306.60418701171875,314.2583055526342,302.5145241312393,309.9533972573927,2931680
2014-03-14,307.4134521484375,311.649477028785,305.64844002995466,308.05918828934585,2415784
2014-03-18,308.9804382324219,311.3653528724178,303.9695299194214,307.0604452117547,2845732
2014-03-19,306.0789489746094,309.75533608458255,298.07182035164493,309.0923844778756,3824476
2014-03-20,313.7674865722656,314.9470270019139,303.18601151667417,303.18601151667417,3855660
2014-03-21,311.4944763183594,318.54592714015257,310.2116223414557,314.60262782006083,4484292
2014-03-24,317.5816650390625,318.3909792933861,312.02833400487555,313.56948258153386,3069820
2014-03-25,314.9126281738281,317.15118026096474,311.8819562244276,316.35046319501583,1699352
2014-03-26,312.5965881347656,318.44266586366626,309.1354462754786,315.8080537358183,2969424
2014-03-27,315.7133483886719,322.98864322881496,308.4036226910371,311.50315658742943,9480328
2014-03-28,316.2815246582031,318.56312542135606,313.74162946903283,318.3564982885639,4413904
2014-03-31,309.1526184082031,314.70594900070256,307.7061653056805,312.92372152619066,3370412
2014-04-01,313.31982421875,315.29146368576863,309.28180788010025,310.9865556616593,5192828
2014-04-02,315.4292297363281,317.53001644797126,313.1820593355465,315.29146427127733,2538864
2014-04-03,311.9077453613281,315.3258375102429,310.81430312498253,315.1192103704809,1980852
2014-04-04,312.2091064453125,314.9470318116006,311.0467814235912,312.53628361840083,2009040
2014-04-07,308.7479553222656,311.8388703933481,307.7147775576624,310.9865071455726,1867688
2014-04-09,299.234130859375,311.15872505417383,298.3301002525491,309.264565687491,6646300
2014-04-10,294.14569091796875,299.27714871125846,292.7336897636015,299.2340996392344,6020084
2014-04-11,299.5440368652344,301.3262640972458,288.6612197356573,292.73366582004684,9009652
2014-04-15,303.7886962890625,304.95963950716305,298.4506111254701,300.48253582156946,5604608
2014-04-16,301.44683837890625,305.9928248999454,299.4579837272403,304.78745080073344,3022520
2014-04-17,305.097412109375,306.63856058312655,300.48254287101264,301.3435243692104,2343092
2014-04-21,305.47625732421875,308.79965455205996,304.3655995204373,308.2227800911232,2115596
2014-04-22,305.424560546875,307.8869759775364,304.12449112947303,304.9596389576157,2232556
2014-04-23,303.926513671875,307.54263649743274,302.2906485841227,303.926513671875,3186596
2014-04-24,303.926513671875,303.926513671875,303.926513671875,303.926513671875,0
2014-04-25,310.7712097167969,312.01963263988694,301.1712679288975,301.6878567246589,2664884
2014-04-28,314.30126953125,316.63453760350865,309.52282261740686,312.3640613229352,2686628
2014-04-29,317.926025390625,320.1129099120721,311.2792316393435,314.60262851498425,3228552
2014-04-30,315.489501953125,319.94077276306643,313.3973123943923,316.43658174332785,2315740
2014-05-02,316.4279479980469,318.56318653341765,313.41451244975775,315.1192601925158,1522832
2014-05-05,313.39727783203125,318.1585099107985,311.77862834690933,315.98022242954795,1680004
2014-05-06,310.1944274902344,313.741667163039,306.92269770093816,311.7097423595586,1698704
2014-05-07,299.0103454589844,310.8144137348912,297.3228338302451,309.6090392771936,2861884
2014-05-08,300.5342712402344,303.06554895129204,297.3228053953464,298.4162479162438,2097408
2014-05-09,305.89813232421875,307.1810074702145,298.7606035466462,298.7606035466462,1520704
2014-05-12,308.989013671875,309.9533086503319,304.1158504667398,306.337186716078,2550420
2014-05-13,313.83642578125,315.8941634913629,309.28182029685314,309.9533901795875,2272692
2014-05-14,316.4279479980469,318.90757916750783,309.9533706811631,315.1192601925158,2603540
2014-05-15,315.16229248046875,322.5409000687197,312.46741605827987,317.22864817491796,4349324
2014-05-16,313.83642578125,320.2851698522404,303.935136928291,317.70222493407715,9898872
2014-05-19,299.40631103515625,316.1524008975108,298.0115252352078,316.1524008975108,21047348
2014-05-20,304.9682922363281,310.7368687916192,297.8996250941349,299.621588244968,3493332
2014-05-21,300.7408142089844,307.14650765528506,298.76055691530945,304.9596232259441,4090308
2014-05-22,300.9732666015625,303.8747697426179,299.6301482170657,300.4825114029953,2339980
2014-05-23,307.60284423828125,310.9865056046015,299.27715766378594,301.5157094760007,3266264
2014-05-26,310.88323974609375,314.8609705265853,306.50944902232527,309.95337541583456,2282744
2014-05-27,319.3294372558594,320.6295277986189,308.2658243874054,308.2658243874054,4400452
2014-05-28,324.9085998535156,326.63918115857757,318.0637966040328,318.0637966040328,4078172
2014-05-29,323.341552734375,327.861704916123,320.00955904441133,325.4509570858574,6109444
2014-05-30,331.13348388671875,333.8886246782879,321.8520991411089,321.8520991411089,5580708
2014-06-02,326.4669189453125,333.7163778514917,323.7720430625734,332.5540530060337,2151900
2014-06-03,327.3796691894531,329.6268398069489,324.9086559447362,325.7954712888846,2552716
2014-06-04,324.7794494628906,334.6118543593406,323.8840370771761,327.0007860205965,6500784
2014-06-05,327.9306640625,330.78911866632865,321.679929466248,321.679929466248,2567424
2014-06-06,328.9207458496094,331.13346396067624,323.55682723978714,329.5836973586762,1984008
2014-06-09,336.7729187011719,342.52427941016543,326.31199332160077,326.31199332160077,3511524
2014-06-10,345.1072082519531,348.6974967926964,337.7113647820204,338.8823079940872,5324376
2014-06-11,347.67291259765625,352.6924174166037,346.2350568227049,346.63111668048566,4282500
2014-06-12,344.18597412109375,349.55849029294313,342.6706382674664,348.52531248912163,2975516
2014-06-13,348.0690002441406,349.4207370473363,341.2844615580963,342.6706502346563,2117324
2014-06-16,348.2928161621094,352.1413988847856,344.5647624295628,347.99147266673117,2919528
2014-06-17,349.05047607421875,351.8917146803174,346.6311099440345,349.5584466897119,1480304
2014-06-18,346.4331359863281,350.7638773107943,345.0383501038312,348.18093270614935,1263288
2014-06-19,349.6531982421875,352.9421222810457,344.76281921791076,347.09606642329277,2268420
2014-06-20,345.9510498046875,352.14149954265787,342.4726712802985,346.4590205769328,1446776
2014-06-23,344.8317565917969,347.6041132006281,343.1183905581597,346.1146107959273,1071016
2014-06-24,343.4541931152344,345.59802898266355,342.17993608886485,345.42583265531795,951432
2014-06-25,347.5265808105469,348.18093518974734,343.4369184906871,343.4541549375533,2773580
2014-06-26,352.5202331542969,354.37996147677416,347.82788429606455,348.18089509525623,3502040
2014-06-27,366.0376892089844,367.72522146169223,353.00243689837,353.00243689837,4967764
2014-06-30,370.5664978027344,372.23679377607044,365.2284116355017,366.3476877673408,6308064
2014-07-01,363.1447448730469,373.0460317036803,361.61221468400174,370.22202931933515,5962584
2014-07-02,361.7327880859375,366.4337558619261,359.6147650176222,366.4337558619261,2511296
2014-07-03,363.9282531738281,371.0657812310961,362.47320288144743,364.7117547282212,2628796
2014-07-04,364.3501892089844,367.28614497403197,361.95667709467216,366.6059778946513,1164380
2014-07-07,368.0351257324219,370.21339190620387,364.7117290474335,367.9748402170553,2532544
2014-07-08,362.5936279296875,371.6855981549799,358.3834381098226,371.6855981549799,2877452
2014-07-09,355.9900817871094,363.28257077278784,353.69124408085816,362.5937854873334,1698812
2014-07-10,348.086181640625,354.72435702105554,344.39257963209275,353.53621943736874,3417100
2014-07-11,352.9851989746094,359.2015025802756,349.11940022399034,353.00243542165146,1783152
2014-07-14,351.0393981933594,354.98269795064266,347.8365509872899,353.0024403583883,1020688
2014-07-15,355.19793701171875,357.9788905908925,351.1082746658075,351.1082746658075,1056720
2014-07-16,357.7292175292969,360.20886962934236,354.22504782794067,356.4291269744945,1701596
2014-07-17,361.6897277832031,364.530966873472,356.79075121436847,358.1683216823776,1460288
2014-07-18,365.36614990234375,368.3279181149739,362.64543971488314,362.64543971488314,1426672
2014-07-21,363.1878662109375,368.0610306721882,362.3010719430939,366.08939113641526,1003220
2014-07-22,367.6993713378906,369.2232833079696,361.97384459152516,365.0561414223964,1130700
2014-07-23,370.2737731933594,371.92683272115465,366.79541576933013,369.3611242452424,1892776
2014-07-24,375.1554870605469,377.54042285334083,371.16054093712313,371.4274536349629,1842172
2014-07-25,378.2923583984375,379.2134628298217,370.4369825947594,376.693483356388,1562068
2014-07-28,380.78631591796875,382.0810556077464,376.6240131544919,379.19609639205765,1591140
2014-07-30,375.6333923339844,380.32576859532304,372.9570169197345,378.51835174798777,1987956
2014-07-31,373.7564697265625,377.9795743497525,371.23648992327816,377.4755953609424,9444104
2014-08-01,369.69842529296875,371.19305101203395,352.82325402955036,354.5350981772976,7392920
2014-08-04,376.6240234375,378.8659194753934,366.5527601205968,370.17633416632475,3036296
2014-08-05,380.2041320800781,380.6038615164529,374.5211514008932,377.1280271647045,1626824
2014-08-06,383.1847229003906,384.6445564987843,377.16281384036563,382.3418160159609,1820816
2014-08-07,384.21002197265625,387.8161999466165,377.44084337010963,382.3417610945805,1936348
2014-08-08,380.3692626953125,386.67791114281977,378.3185541721601,383.5583579948487,2032508
2014-08-11,375.5986328125,383.38450985763546,374.7818202665417,383.2107181487245,1317556
2014-08-12,376.3633117675781,378.5183118143269,373.65214435298566,378.5183118143269,1044036
2014-08-13,373.2872619628906,377.98833702322986,372.08811592684896,377.1280763947979,2036336
2014-08-14,373.7738952636719,378.42282441478625,372.3488114490683,375.3727708222423,1217764
2014-08-18,382.79364013671875,383.7668482618611,370.8193657748989,373.6521791539429,1574388
2014-08-19,384.2795715332031,384.9486866737626,380.603893370447,383.384561084569,1916104
2014-08-20,386.1130676269531,386.6865888063878,381.12525359658804,384.09710907117295,3033864
2014-08-21,388.64178466796875,390.5100459022586,386.6866275623166,387.1993047174293,1916544
2014-08-22,400.8418884277344,404.4133166199492,386.70395801656076,387.5555204394013,2949260
2014-08-25,402.09320068359375,403.13595101572383,400.9375027039975,402.1540447581492,2411252
2014-08-26,408.9927062988281,410.9304667447047,401.63261097357264,401.63261097357264,2520348
2014-08-27,404.8650817871094,410.43507073462024,403.73543595894176,408.29746718808013,2040288
2014-08-28,410.6697998046875,413.18977953264687,404.93467352726276,406.6899867234117,4039112
2014-09-01,412.2078857421875,413.8849587775646,407.55025941236795,407.55025941236795,1056464
2014-09-02,418.2557678222656,420.71494577617415,409.8703184979701,413.87622557301216,1714096
2014-09-03,424.5992736816406,425.7897640754973,417.2044690696614,418.14292749618227,1904628
2014-09-04,429.0048828125,429.700049728137,421.92286985944776,424.5992455128018,1344788
2014-09-05,428.96142578125,438.5112725963204,427.5276440481616,430.63849895780214,1715668
2014-09-08,432.3416442871094,434.3402490251766,427.52762223003623,433.0889571533538,1170068
2014-09-09,423.87786865234375,432.2198685274206,423.1827019960873,432.2198685274206,1687300
2014-09-10,424.80780029296875,430.12580137379746,422.4876638998695,425.6159148049282,1050500
2014-09-11,424.7294921875,426.658596909117,417.2825437643889,424.9206800174302,1847676
2014-09-12,425.0511169433594,427.6319410650018,421.0017612123037,424.9207731479152,1156840
2014-09-15,428.9179382324219,430.2300741225813,421.97496793698974,422.5050411358826,1436064
2014-09-16,421.1407775878906,430.7253737942016,419.0118290578373,425.98089387092034,1373812
2014-09-17,421.4101867675781,424.48629183971457,420.05460281539,422.3138952591633,1593768
2014-09-18,421.6360778808594,423.66943236951903,416.58742029992493,420.57593149491424,1757388
2014-09-19,430.69921875,433.6710733655939,423.3652185478353,424.05168717845254,3422044
2014-09-22,429.1265563964844,432.55894326527897,426.65872217168095,430.69938013114796,615060
2014-09-23,429.9259033203125,436.9210190398873,425.1987777050566,431.00340334274676,2117928
2014-09-24,431.8811340332031,435.28742638019406,426.658684219058,430.1345187137143,1275440
2014-09-25,434.8182678222656,438.8241762138262,432.48077723093326,432.48077723093326,3073644
2014-09-26,429.8302917480469,439.69297002832656,428.9178853873162,435.00059445885427,1414720
2014-09-29,432.15911865234375,435.3482133547524,428.0489618733553,430.9947227352819,885952
2014-09-30,432.6892395019531,434.20121898947764,426.78032098502825,432.7413855042028,1766360
2014-10-01,438.0941162109375,441.5178041397176,429.2741876299138,429.2741876299138,2554252
2014-10-07,436.9297790527344,442.03923863519174,434.67048669879006,437.4337580675359,1830552
2014-10-08,416.4396667480469,437.0861293771113,407.54154011504016,436.91233767556974,5465380
2014-10-09,406.0556640625,421.2711379474758,400.8853602861232,416.422365831562,7460188
2014-10-10,406.5075378417969,414.3716133012155,401.6848175324296,404.06575564968875,4513560
2014-10-13,411.5388488769531,414.4585586555862,404.4133873887964,407.0202635430001,4106676
2014-10-14,412.2513122558594,414.21512453986014,408.0803114182824,411.8863327107255,2960960
2014-10-15,412.2513122558594,412.2513122558594,412.2513122558594,412.2513122558594,0
2014-10-16,400.6507873535156,415.5186361201012,396.9490149666089,413.7807187956964,3497976
2014-10-17,395.028564453125,406.07303632268076,376.43285112427134,398.85198214690803,7714064
2014-10-20,399.03448486328125,403.17939190332135,391.2051594370469,401.4067248555899,2540512
2014-10-21,405.0563659667969,408.06297130260816,396.45367555816017,398.00044737223277,1495492
2014-10-22,405.7602844238281,411.40851624469735,403.7182313808985,408.36716064884473,2513140
2014-10-27,404.3089904785156,411.8863255060849,403.2575846461258,409.45324172672406,1630816
2014-10-28,412.1036071777344,413.62428469499537,403.3705734357497,403.3705734357497,4710340
2014-10-29,416.570068359375,418.29928754386987,408.9840765057169,414.49326572353965,3175384
2014-10-30,430.92529296875,436.56482612605436,426.18077024984746,427.5276561584768,9863780
2014-10-31,437.5554504394531,438.5808471518087,431.55093740339464,434.13176168550416,1993268
2014-11-03,448.4434814453125,451.68468004981304,436.7907381393271,437.60755073698704,3487236
2014-11-05,453.70062255859375,460.00922723544943,440.1709219335926,446.670714449583,3268284
2014-11-07,460.8347473144531,463.1374873543503,449.2515474063631,449.2515474063631,3481492
2014-11-10,457.78472900390625,462.285917013508,452.72737361661217,461.5907502210065,1840376
2014-11-11,457.072265625,462.96378850284185,454.517535592032,458.2888077768536,1817552
2014-11-12,455.4125671386719,461.764663868631,453.7789417167074,454.63920236369535,2148172
2014-11-13,459.67901611328125,462.28589144095577,451.51080675323425,458.46247429369976,1560076
2014-11-14,458.4626159667969,465.41428565545186,456.16857345546566,461.8341587939447,1339388
2014-11-17,451.18927001953125,458.46246907276117,448.0436659510594,457.0721355805011,1741444
2014-11-18,451.2414245605469,454.45657082231185,447.0443722231146,453.32692483844846,1547480
2014-11-19,456.5943298339844,459.5835391511409,448.46956632851715,451.85850511689387,1765724
2014-11-20,470.2283630371094,472.3660102005432,455.6211569215456,460.0093989221209,3592256
2014-11-21,465.1274719238281,475.14654728967287,462.6422419213565,474.4513804318972,3280004
2014-11-24,462.5118408203125,467.9775810763269,460.0874551901772,464.90147659778887,1475164
2014-11-25,455.4037170410156,467.3258436729432,453.0749254203655,462.2858847787389,2313100
2014-11-26,460.0440368652344,461.21713086783353,452.05827411866306,454.46530619213866,1119612
2014-11-27,459.8962707519531,462.28590654707426,456.20319725040224,462.28590654707426,1402944
2014-11-28,458.81878662109375,463.85004785620396,457.24596324828497,460.8955889526612,1236440
2014-12-01,461.078125,462.18167694931293,458.8101345987303,459.6877912587918,1340856
2014-12-02,461.8341369628906,465.57065924391605,458.98396949712026,459.15776123112147,1221536
2014-12-03,467.9516296386719,468.8205882895425,460.9738662144082,462.2860022631471,1829004
2014-12-04,465.6314392089844,470.10657574332475,460.99120903599953,468.2035650039655,1318264
2014-12-05,455.0128173828125,467.83865600657265,453.6138278494165,467.83865600657265,1689756
2014-12-08,454.0831298828125,455.6820056271572,449.25171035324234,454.98683857051776,1163392
2014-12-09,453.96990966796875,456.90701445127513,450.4593262973262,452.03214945165905,1537048
2014-12-10,446.9053955078125,456.50738776984116,444.03783220784015,452.72741796533217,1716748
2014-12-11,455.1170654296875,456.87237876844296,444.2290311751218,444.2290311751218,1667116
2014-12-12,449.8685302734375,455.3168748135582,448.21750906195564,452.0322285330879,1372812
2014-12-15,433.7406921386719,446.47093583261466,432.48940022054956,444.9068103275568,2821872
2014-12-16,440.4837951660156,448.8952971128392,430.4820735856812,430.4820735856812,2944652
2014-12-17,433.7406921386719,445.24569570106206,427.7709294891866,441.4483720159991,1571076
2014-12-18,443.0645751953125,444.550502824183,429.7521554659783,434.30548985084,1215440
2014-12-19,448.27838134765625,452.9968523797395,445.2631202229519,445.82794335799815,1863828
2014-12-22,450.89385986328125,453.4833816067373,442.3693686382314,448.38257832717767,1311992
2014-12-23,447.1226501464844,454.63044400681576,443.3339821432373,450.9895159382478,997612
2014-12-24,437.5380554199219,447.15740175596204,435.1136269590867,447.15740175596204,3103100
2014-12-26,446.0712890625,446.64481033991257,434.6705753925341,439.5193483850735,882336
2014-12-29,450.0771179199219,450.8157327480557,445.25439757151844,445.25439757151844,721036
2014-12-30,453.8830871582031,457.14168161092016,450.120513735312,450.19001344512384,1233104
2014-12-31,450.73748779296875,455.8295932670727,449.2515602200508,455.33426993289487,1329576
2015-01-01,450.91131591796875,454.1959624563505,448.51298169441714,449.9467633853903,489388
2015-01-02,453.1184387207031,455.16049132592633,449.59915657127584,449.59915657127584,1025204
2015-01-05,445.55853271484375,455.2821711934816,444.03785512878625,451.85848271422475,770804
2015-01-06,440.7792663574219,446.4709454005784,437.1470362452406,444.04655930170765,1959932
2015-01-07,438.71978759765625,447.4789154759241,436.7733288790249,442.29991389216696,1331532
2015-01-08,446.06243896484375,448.36517893373747,439.3454068953499,439.3454068953499,1760940
2015-01-09,465.8226623535156,467.48233936674507,446.2971452758493,446.2971452758493,3004040
2015-01-12,478.622314453125,479.4912729034756,466.63068783828635,468.7161881191278,3457052
2015-01-13,479.85638427734375,481.78544710941463,475.3204029482913,480.3603633451836,3020512
2015-01-14,485.14825439453125,485.9129209433086,478.1878879538374,480.36028431924643,1642216
2015-01-15,483.4537658691406,486.6167663645875,480.8990363316495,486.1040893288049,2348088
2015-01-16,489.56268310546875,490.0840583782901,481.50746059815543,484.0100449358467,3840948
2015-01-19,486.6602478027344,490.0926341589897,483.67973687535215,489.22367558778586,1066204
2015-01-20,486.9297180175781,490.08402120705273,485.7566237427053,485.7566237427053,1248036
2015-01-21,486.0085144042969,489.3800565883392,484.49653502134214,486.79057709509584,2102312
2015-01-22,479.3349304199219,487.485744614717,477.7534088933537,486.04326494152025,2468964
2015-01-23,483.27130126953125,487.31195855785876,479.6651232595186,481.5507802992515,1997508
2015-01-27,489.51031494140625,490.0751378973,479.75192915219367,483.1148151075892,1976488
2015-01-28,499.364501953125,501.38915870707734,487.71175756033404,487.71175756033404,2378628
2015-01-29,504.7607116699219,509.2097971768318,499.651251496038,500.17262671499043,3780160
2015-01-30,498.5216369628906,519.8980223024184,493.07324860572135,509.38362138338243,4703872
2015-02-02,503.13568115234375,520.523549623509,499.15582567296497,516.5089442892531,7806000
2015-02-03,507.32415771484375,508.34085639949296,498.7823103817247,507.2981059248273,2436904
2015-02-04,495.6974792480469,508.34082804822054,493.58592662646504,508.34082804822054,1751448
2015-02-05,498.3911437988281,504.1610197080308,494.43738265457796,495.4975289881785,1602784
2015-02-06,497.1051940917969,507.63694751893956,495.29773463397225,498.78226732191905,1711276
2015-02-09,490.1708068847656,499.4773611924904,488.5458798974585,493.5684432103941,1355964
2015-02-10,480.0995788574219,487.7638099207112,477.6664950188684,487.4857262244591,2848392
2015-02-11,493.8726806640625,496.6967964591856,481.37707144087534,481.40312323021135,2885288
2015-02-12,505.6122131347656,506.6028173620377,494.5416900714737,497.0442736382256,1398956
2015-02-13,501.6584777832031,507.8888852381857,500.9198630027512,507.4718020987187,1367488
2015-02-16,503.9177551269531,512.3292568174597,502.56217131941105,503.1269943700856,1739352
2015-02-18,502.6491394042969,506.6029013271762,496.52298082049487,500.3463989437188,4645928
2015-02-19,491.8565979003906,503.99596598395453,490.9789836964228,503.99596598395453,2996608
2015-02-20,488.3895568847656,491.1963190448172,485.6175870176687,488.3548070214365,1555608
2015-02-23,482.92376708984375,493.91609395207774,480.06490163294194,488.35475862256806,2152512
2015-02-24,485.1047668457031,488.01577773759084,483.31470390088833,484.8875272269055,1746308
2015-02-25,480.10833740234375,488.00716280150823,478.309576080426,487.48578762757495,2624308
2015-02-26,477.5970764160156,482.237307181632,476.1893464128005,482.237307181632,4260476
2015-02-27,492.8299255371094,495.30645782624055,476.48480394291863,478.43996101328537,2109468
2015-03-02,497.05303955078125,503.1270519511061,495.1065806854611,500.3116344468376,1640164
2015-03-03,505.47320556640625,506.3595602891178,492.70821252272617,500.8677250962293,2013832
2015-03-04,500.43328857421875,510.7738965513558,498.0176004892237,505.7339363608184,2200520
2015-03-05,500.1986389160156,506.22054767608785,495.49760667422254,500.5201705807716,1725044
2015-03-09,488.5894470214844,497.3919820733998,483.3148505052847,497.3919820733998,2569948
2015-03-10,493.5336608886719,494.6111609050724,478.5267311465692,478.5267311465692,2513260
2015-03-11,507.75860595703125,511.5994202751499,489.2237343777654,493.58592390126,5020084
2015-03-12,496.5229187011719,510.95632879652203,495.69740807329975,510.66089137352276,4443664
2015-03-13,489.8144836425781,500.1724853705326,488.00706703281986,500.1724853705326,2839984
2015-03-16,491.47430419921875,493.646700779273,489.2237098282067,493.2209195355065,4702048
2015-03-17,497.54833984375,500.83302908433643,491.9870043384584,494.26369303278625,5144028
2015-03-18,486.7037353515625,500.520177758436,484.8789222034849,499.4774273881059,15227544
2015-03-19,477.6839294433594,487.2424738608567,476.18930370804884,483.1409723753196,5621879
2015-03-20,471.53155517578125,479.6650138973535,467.8471802216216,478.93509736212684,3616042
2015-03-23,456.5855712890625,476.50211819476016,451.99748712431517,475.4941177924639,3672301
2015-03-24,458.5667724609375,464.0238145819289,453.24872974894026,459.50523061970785,3793847
2015-03-25,456.2727966308594,460.8956736780613,452.553670534567,460.8956736780613,3053431
2015-03-26,452.657958984375,462.28600389822617,450.5724582149093,456.0295015898291,3774322
2015-03-27,449.0082702636719,459.78335607575315,444.21160218838287,454.6391045871712,3223159
2015-03-30,435.8348388671875,453.77013403201283,430.06496284531164,450.39859198424136,3887546
2015-03-31,437.7466125488281,444.6287395131974,435.5220699466561,440.1101545895689,3125329
2015-04-01,439.8321838378906,444.003185974941,437.26005736745066,438.30280790171327,4892589
2015-04-06,447.2355651855469,450.1205245152906,441.5004388114138,441.5004388114138,5050758
2015-04-07,453.8396301269531,456.0294225270921,448.34783784392295,449.32104590984017,1922672
2015-04-08,467.3606872558594,469.93281321053917,456.02947554158834,456.68989256678736,3505745
2015-04-09,466.0399475097656,473.13061656649404,460.75665314971167,472.64403363761494,1882337
2015-04-10,458.94915771484375,468.16011837416397,455.3342816494136,466.3179092704532,1675314
2015-04-13,461.8688659667969,468.82053437430665,452.3103219064709,462.0774075330988,1357726
2015-04-15,458.705810546875,466.9088129905613,456.02943525389276,461.8688535308193,3785304
2015-04-16,456.0642395019531,461.7646166084101,448.0350702357852,460.68711639167253,1850395
2015-04-17,445.63671875,453.9439714297765,440.84009274855936,453.24880455162986,2224178
2015-04-20,439.5539855957031,445.60194560544454,432.7413590318085,445.60194560544454,2301636
2015-04-21,443.1688537597656,447.8612298583984,432.3937679036458,433.8188514180481,1504719
2015-04-22,437.8160095214844,442.0565521431843,432.8108004486245,441.4308850979727,3464944
2015-04-23,427.66668701171875,443.02985858899285,424.8512695418082,439.5540240756168,3887545
2015-04-24,408.4104919433594,427.3190372477662,401.87590710042,425.2335368633746,3375425
2015-04-27,408.2367858886719,414.6323302284505,392.8388211817285,410.9131616382725,4643882
2015-04-28,423.0785217285156,425.4421059556716,403.1967670821724,408.6886020884142,1776573
2015-04-29,428.8484191894531,435.7652949589487,418.55991652664886,422.66141765003283,1729917
2015-04-30,431.9418640136719,435.0353646865834,415.91827813777564,428.22273869329456,2983762
2015-05-04,425.26837158203125,434.3750414393194,419.1856609137145,433.0194998626496,2859253
2015-05-05,424.0171203613281,431.00354022911677,420.4717432016676,428.9180392280081,2826920
2015-05-06,423.287109375,428.46606843246167,417.10010747559846,425.4421096251104,3148933
2015-05-07,427.00628662109375,429.61316260779154,417.10015787164224,418.4904917312144,1954517
2015-05-08,431.97674560546875,434.4098298510717,428.2228272261183,432.393828790009,1400231
2015-05-11,438.8589172363281,444.8373788753353,429.61320465127926,434.47937363600244,2019842
2015-05-12,428.36181640625,444.07257005919945,425.47685704091197,440.04061086265295,2539734
2015-05-13,428.466064453125,432.3937740672222,424.78168869056555,431.6638573718423,2839628
2015-05-14,427.840576171875,429.23091029385387,421.7578643882174,427.5277425085037,1443799
2015-05-15,429.8564147949219,432.3590409713156,425.5116218806463,425.8244554563978,1245727
2015-05-18,425.8591003417969,431.6985175510455,420.57585043217796,428.50076772621424,2241358
2015-05-19,430.48211669921875,433.749409720446,423.5651973353659,425.4421565117834,1760702
2015-05-20,445.46295166015625,446.9923273625621,431.66390533784175,431.66390533784175,2353164
2015-05-21,455.7513732910156,458.4625409981055,445.60195417708206,447.0965798875886,2427489
2015-05-22,463.71099853515625,465.0665822608528,450.4680796786735,455.2647474989493,1589768
2015-05-25,450.7810363769531,464.9972095947334,438.40707262683793,462.1817493838443,1795055
2015-05-26,445.08056640625,454.46531868502296,437.2599395072726,437.9551063427372,2608856
2015-05-27,381.71612548828125,402.2235489131106,378.93545790525354,400.5899236799299,22929044
2015-05-28,378.9354248046875,389.22392790687024,376.0852577528984,382.3417592681962,11498735
2015-05-29,385.4005126953125,387.1384297936326,380.18676140035217,382.30701177437936,4961544
2015-06-01,382.75885009765625,388.5982686012573,380.95143326205545,388.5982686012573,1842699
2015-06-02,381.9246826171875,387.83360081519515,378.34455638419485,383.0369326002598,2276829
2015-06-03,380.49957275390625,385.67857446803293,375.42486304306743,384.3577828608935,3675701
2015-06-04,387.3817138671875,389.1543807879244,380.95142072538135,383.62779603417863,2352012
2015-06-05,384.77484130859375,388.59825888257257,383.03692422951246,387.90309205094,1385964
2015-06-08,382.72406005859375,386.13039423299654,379.8391433958279,385.7480609921014,1412942
2015-06-09,375.73773193359375,382.9674850980597,360.82639255039703,381.9594845468184,3680213
2015-06-10,386.7213134765625,388.4592306164263,375.737685638547,375.737685638547,2135795
2015-06-11,387.5902099609375,392.28258548692855,384.01012668405906,386.02608478560717,2140594
2015-06-12,383.3497314453125,388.2506487856002,377.7536473211652,383.7320646905127,1974142
2015-06-15,385.15716552734375,389.9885833795554,379.56108115015553,383.03691522662217,1749558
2015-06-16,383.3497314453125,385.81756504209153,379.80435538986046,385.81756504209153,1591051
2015-06-17,381.7508544921875,386.7908136509282,379.70010400374275,384.7748130155867,1913683
2015-06-18,376.22430419921875,382.09847251289034,375.45959521357605,380.39530526034173,3012586
2015-06-19,378.2750549316406,382.7588471293431,376.8151791022531,378.83117992061904,2307788
2015-06-22,383.3497314453125,384.0796480824425,377.5103134890464,378.8658972034953,1939726
2015-06-23,384.8443298339844,388.32016389111794,381.4032880611141,383.7320799075476,760738
2015-06-24,379.074462890625,384.4272559531105,376.18954601167593,384.4272559531105,3296386
2015-06-25,368.29937744140625,379.17875528483194,367.0480856353906,378.1707548970691,5294305
2015-06-26,362.7380676269531,372.47040389675055,361.5215255932285,367.6389856197488,3503690
2015-06-29,336.0088806152344,359.81832255497415,324.71241999446386,358.01090582749674,11484481
2015-06-30,332.15069580078125,341.8135315034461,328.11873675873676,330.20423720423724,12372399
2015-07-01,337.9553527832031,339.48472830699035,330.76037179392694,331.3512678469724,4380793
2015-07-02,333.1934814453125,340.5622547124161,331.83791874051195,339.9366087552151,2751848
2015-07-03,327.8406982421875,335.0704294054851,326.0332601476608,333.68009567351214,2800735
2015-07-06,322.9397277832031,326.48508269879943,318.733977137863,323.25256132847613,2655385
2015-07-07,327.7016296386719,331.3860264565946,322.9397327523307,323.2525663024173,2972045
2015-07-08,326.93695068359375,328.64011789791437,319.9852824044205,326.5893672696351,3449261
2015-07-09,329.7176513671875,332.9154233422269,327.49313002158493,329.5091097836283,2410385
2015-07-10,329.5091552734375,332.2898232504285,326.0333203021987,332.2898232504285,1847909
2015-07-13,330.7603759765625,331.594584675506,326.45035427151015,329.54383399924143,2244361
2015-07-14,331.52508544921875,334.3752739399013,330.20427260177365,332.95019030196494,2094711
2015-07-15,333.64532470703125,337.15590867223136,331.976907362374,332.2897409181992,1691337
2015-07-16,341.8830261230469,344.6289434879967,333.81910815901625,336.0436292055461,2547683
2015-07-17,349.0779724121094,351.6153267568034,342.7172010175241,343.3776179029728,5006283
2015-07-20,348.1395263671875,350.5031104686271,341.5702128094067,349.3213184179073,3004605
2015-07-21,354.1180114746094,361.83436823909676,347.40965519210107,349.5994266647071,3506058
2015-07-22,354.6393737792969,356.933437174601,345.98455899396674,354.8826864262728,2086049
2015-07-23,351.7552490234375,360.3723911206814,351.0166454305899,356.57381848964013,2670981
2015-07-24,359.4931640625,362.23659846230726,348.2029556040737,350.6649967043045,2285622
2015-07-27,365.47235107421875,369.3061087904842,357.417973581925,359.45794588940464,4208795
2015-07-28,368.2860412597656,372.6122148781702,364.1709340107074,367.1957177346333,6316959
2015-07-29,369.6930236816406,372.1199011893581,367.6178663073724,368.5675364284375,2061983
2015-07-30,368.848876953125,374.7929556370628,365.36688207236114,372.11989128094103,6558111
2015-07-31,373.315673828125,374.23013738142737,369.6226132618609,371.34605011303285,1229591
2015-08-03,368.32135009765625,375.28542673671024,366.84414253644684,372.11994516161144,811778
2015-08-04,381.2998046875,386.18872334222914,368.70824912252283,369.3061562015852,2145670
2015-08-05,387.31414794921875,393.0823660421449,381.2645795435776,382.60113306636373,2640419
2015-08-06,375.5668029785156,391.85142058052327,373.5971357403155,391.11281683349307,1547635
2015-08-07,376.446044921875,383.65630706224204,373.84330756233805,376.19981508803943,1367440
2015-08-10,373.4916076660156,381.37014701794993,370.60747689307055,377.3605290238366,600681
2015-08-11,380.31494140625,383.3748889423245,373.52672665756756,374.4411902828075,1434009
2015-08-12,392.2030334472656,393.39889024771924,377.1494405199459,383.3748684577684,3674098
2015-08-13,387.8066101074219,399.2023510049655,382.31978461885245,391.81622821104105,2714434
2015-08-14,390.4444885253906,395.4741033108863,378.4508412691134,384.07836307237164,2257748
2015-08-17,388.2286682128906,397.2326942940297,386.18867443457606,393.85618988042546,2144457
2015-08-18,395.6500244140625,396.7403483447585,388.2990643374232,388.2990643374232,2130201
2015-08-19,394.13751220703125,397.65471299940987,391.85133169198514,397.65471299940987,1599058
2015-08-20,393.1527099609375,405.00565910212254,390.47960309119367,404.47807899908025,2873282
2015-08-21,396.0719299316406,400.36294019636097,383.41000844450093,390.1278526465961,1329500
2015-08-24,368.3564453125,392.4140636762711,365.47231498693174,386.1886356309157,3422600
2015-08-25,371.4164733886719,382.319797891559,346.58503972062715,372.8233539696896,3057676
2015-08-26,356.855224609375,374.8984839111114,355.2373206468115,372.8233266194259,2169411
2015-08-27,365.47235107421875,371.4164294121441,361.21654640745453,361.21654640745453,2967588
2015-08-28,363.1861267089844,372.43638149494234,360.1613427687406,370.00950448507336,1642669
2015-08-31,362.271728515625,369.30613101107406,360.1614077669903,363.2565620388221,2104443
2015-09-01,360.37237548828125,368.2509136509187,356.0110594963804,358.75447175161133,1340532
2015-09-02,377.0439758300781,379.7874099922283,361.70898689256296,365.0854915220346,2308033
2015-09-03,380.13909912109375,388.7914049456342,371.45158693908485,381.2645862609463,2220020
2015-09-04,372.33087158203125,385.16865462205254,370.0798544620703,379.857689951316,1438221
2015-09-07,378.4508056640625,380.6666593394592,365.7888827979786,372.1198442310206,1222028
2015-09-08,377.8880920410156,382.56594370947215,373.5267541216056,378.45083562603355,1074692
2015-09-09,375.2150573730469,385.27424465198766,373.3860869094115,385.27424465198766,1271196
2015-09-10,375.496337890625,378.09907499377704,369.72812015961813,374.23015422639884,929833
2015-09-11,369.34124755859375,379.54112988239126,367.19576365671094,374.93360541959186,873940
2015-09-14,369.8688659667969,372.4716034161116,363.01032369426224,370.0095626003299,1784462
2015-09-15,380.4908142089844,382.2494146759614,371.099861954578,372.0495319674946,1366805
2015-09-16,382.7770080566406,385.2742122192121,380.35013074134815,382.49561479835796,722804
2015-09-18,394.9817199707031,396.98650760882975,383.55081534109684,383.55081534109684,1907266
2015-09-21,399.2022705078125,407.2215050980121,386.1886282093199,389.0023887062913,995389
2015-09-22,392.3789978027344,406.2367805486271,389.248679824576,403.63404280494746,1172885
2015-09-23,391.1830749511719,394.6299490777336,380.2445885146324,387.595547133389,943910
2015-09-24,399.09674072265625,400.9608742416461,386.8569082170793,393.9264729391611,1226153
2015-09-28,403.3526611328125,409.40223017810473,401.10164372017374,403.3174547722418,1603999
2015-09-29,401.2422790527344,405.25185356325755,395.75541153070986,402.6843227744646,1765081
2015-09-30,392.0623474121094,404.97049982604074,389.143096572818,404.97049982604074,2795413
2015-10-01,396.0368347167969,398.4988754299564,377.78255284231216,393.01205042754606,2014882
2015-10-05,400.8905334472656,404.47806081281817,394.70022616890367,397.09193970232326,2111594
2015-10-06,397.2678527832031,407.1863424252058,392.51963143519674,404.47811483017585,1834106
2015-10-07,398.3582458496094,400.7147966895835,394.3486274264064,398.2527555620401,1150506
2015-10-08,396.0368347167969,402.9305401267269,394.2079073608544,400.96091614311587,1534024
2015-10-09,394.7705993652344,399.55398353899704,391.2533988059122,395.1926462585222,1124964
2015-10-12,395.8609619140625,400.960903227038,392.5196210538372,395.755428713065,758836
2015-10-13,394.62994384765625,397.3381713865036,390.585162783264,395.3333840327679,639491
2015-10-14,385.5203857421875,396.9864521987241,383.5155983838827,393.22306437363204,950851
2015-10-15,383.5859069824219,390.4092850559004,379.6818227187788,386.47003737151056,1833925
2015-10-16,383.9377136230469,387.94733198753306,382.14394941473677,386.8921715197519,1934451
2015-10-19,380.9831848144531,393.92650131728203,375.7073834575252,383.937642161249,1446786
2015-10-20,385.5555725097656,387.10314960115966,380.56116405551404,383.30459812364813,1060182
2015-10-21,379.4708557128906,386.32939822744845,376.6922581072551,385.48526133104724,1566054
2015-10-23,379.927978515625,384.78173234980954,379.1542115841816,381.61625191914385,1229160
2015-10-26,381.72186279296875,383.3749301804634,379.57633571676797,379.9280558361996,814364
2015-10-27,379.0135192871094,382.84727643919445,377.1142224202017,382.17899975376326,839550
2015-10-28,386.5754699707031,389.705786772669,377.3955859269619,377.5362825235418,1731286
2015-10-29,386.18865966796875,391.49962445171394,383.48043214285474,386.89209984951333,3049427
2015-10-30,379.2597961425781,387.067965088662,377.8177094033964,386.18866484993265,879393
2015-11-02,391.14788818359375,392.16788499156394,374.54671775957644,380.56112247611856,1862983
2015-11-03,391.6403503417969,396.0368518049962,385.83696841037374,392.7306741177534,1884815
2015-11-04,381.8976745605469,399.9057252244383,379.92800779313234,399.55400514948275,3424936
2015-11-05,376.3053283691406,384.7466104279997,374.8984480259974,383.7266135923048,1057337
2015-11-06,375.250244140625,377.9936356048399,370.11513843465315,377.7474486687426,1218451
2015-11-09,374.5115966796875,376.23499090036955,365.1206438220113,368.6026815572264,2136740
2015-11-10,369.2709655761719,374.8984875419096,368.28613205833364,374.51160399368223,860680
2015-11-13,365.8240966796875,369.6930180891026,364.3820527412773,365.78893325379187,860928
2015-11-16,362.9399719238281,364.7688992304218,357.34761386791587,364.3820157157095,1347660
2015-11-17,368.2509765625,371.2405976711736,363.0103380321432,363.0103380321432,2175347
2015-11-18,363.4675598144531,373.10469913838773,362.2717028879066,368.25094458605656,892774
2015-11-19,375.9184265136719,376.90321694505747,365.78887136361715,366.8440315694737,1214934
2015-11-20,376.27020263671875,379.8577306972476,373.5267685189601,376.3053660619033,1126241
2015-11-23,379.1542053222656,383.19898580575915,376.41077182050066,377.0438850700081,839938
2015-11-24,378.1343078613281,382.4956461142842,374.5467796647116,376.4108706160568,985303
2015-11-26,372.5419006347656,382.67145635928506,370.7481367699977,378.45081529649883,3051131
2015-11-27,375.8481140136719,377.6418780500592,371.7681691828771,372.7530026989175,772320
2015-11-30,375.250244140625,380.70190657485733,372.8233664700811,376.27024118297993,2080681
2015-12-01,381.3700866699219,382.0383204510449,374.93359225567866,374.93359225567866,1079295
2015-12-02,379.8576965332031,383.7969443604557,377.8529091975548,381.96801706949867,715680
2015-12-03,381.6866760253906,383.02322972167025,377.04398738441733,379.57635520047785,852540
2015-12-04,377.2901611328125,383.09354319868334,375.6370937181865,379.8225717950348,938866
2015-12-07,383.1287536621094,384.4301009654682,376.4460712116575,377.04397825707406,788606
2015-12-08,373.315673828125,384.07829889146495,371.83842384087325,383.3396953651275,1061492
2015-12-09,370.95916748046875,378.0991025916129,369.37642705101547,373.52674135097016,1223560
2015-12-10,378.9784240722656,380.20944447528456,368.46198404241534,373.1047153231232,702931
2015-12-11,377.71221923828125,382.60113715386325,376.4108291238585,379.8577032344483,926348
2015-12-14,382.42523193359375,383.37485890567615,370.71293696016755,370.71293696016755,773988
2015-12-15,365.7537536621094,385.48524339110594,363.397203147052,385.48524339110594,2697637
2015-12-16,368.1454162597656,373.52675103323014,365.85923558018374,367.58267267940056,1399927
2015-12-17,372.82330322265625,374.33571681522255,366.2109482180819,369.6578223462375,2067366
2015-12-18,368.0750427246094,371.41638329401576,366.84402251482805,369.79847960521874,1534964
2015-12-21,367.0902404785156,368.88404728380925,361.6034156656267,365.36684638649825,874232
2015-12-22,365.47235107421875,370.57229257656354,365.0151407002756,368.60266858326423,666767
2015-12-23,364.41717529296875,369.341256534469,363.39717844888463,369.3060931125174,697224
2015-12-24,363.6434020996094,367.0199063066984,362.9751253555465,365.78888601721735,453150
2015-12-28,364.94482421875,366.1406813325946,360.442831995779,363.0103633663684,1083432
2015-12-29,365.05029296875,367.195776948294,364.3820162053952,366.4571733401994,570433
2015-12-30,369.4116516113281,371.41643908025725,365.2613371068628,365.4371971632455,1227498
2015-12-31,366.94964599609375,370.00959409663176,366.03513926757597,368.11029671872376,421683
2016-01-01,365.8240966796875,369.23580768328696,364.7337728694059,369.23580768328696,312042
2016-01-04,363.2565002441406,366.7033311198083,355.2372655896712,365.82403095745764,2684305
2016-01-05,367.1254577636719,368.1102482834852,363.39719035387486,363.6434201847651,1707124
2016-01-06,369.3764343261719,370.71298788897855,366.3516500327799,367.19578686536397,1456740
2016-01-07,359.31719970703125,367.5122941647784,354.53381554453625,366.56262425525216,2014798
2016-01-08,367.30126953125,370.18535679994613,360.68891534284535,362.9750956936289,1426135
2016-01-11,356.855224609375,363.6786035136664,355.83524914333884,363.6786035136664,1791903
2016-01-12,356.9255676269531,358.262099767568,350.3132337728911,357.3124726329812,1836753
2016-01-13,354.8504333496094,360.33725856812214,349.43393498040933,357.3476375843944,1431164
2016-01-14,361.5682678222656,362.9751482418075,347.53462705041864,349.60978425615957,2022474
2016-01-15,366.1758117675781,372.7881672592151,360.05589450275323,365.0854879723043,1612782
2016-01-18,363.9599304199219,370.6777748896361,361.7089134789526,362.9750970911925,1035936
2016-01-19,360.51312255859375,366.91441156092213,358.82487027811936,364.38204387385673,978429
2016-01-20,356.6441955566406,360.7241402916735,354.25250307516296,356.8200556136212,2002842
2016-01-21,356.8903503417969,363.1861265559986,356.32758536358443,357.3475821278334,1873696
2016-01-22,361.7441101074219,363.5027105454745,354.32282484575603,360.86480988839554,894565
2016-01-25,361.9551696777344,368.4268285222256,361.2165660069935,363.6786068658532,689789
2016-01-27,353.8656005859375,362.69376692222767,352.42355669535846,361.5682797233817,2171390
2016-01-28,351.7552490234375,358.2269071854266,348.83597660640066,355.2372864578114,2091098
2016-01-29,352.7049865722656,355.6946080544741,346.7609285056639,351.7201743774679,1583928
2016-02-01,350.0318603515625,364.6634299160385,349.0118634381098,355.20215030022,2717866
2016-02-02,333.7472229003906,351.2628801864569,332.09413408035056,348.9063511423396,5733789
2016-02-03,332.16448974609375,335.40029767461516,327.4514315535722,331.3203528716058,2019903
2016-02-04,330.2299499511719,336.8774457424199,327.1699813485558,336.8774457424199,1465102
2016-02-05,334.2044372558594,335.0485526001847,329.2803559451105,331.9534200697435,1196754
2016-02-08,331.0741271972656,339.05817779353856,329.3507115805571,331.67205566318137,598666
2016-02-09,315.31707763671875,329.1045101994012,314.0508938315639,327.0997012851628,2352111
2016-02-10,309.7950439453125,315.0708451755368,307.2274916400614,315.0708451755368,2686031
2016-02-11,303.8510437011719,311.6943986889353,301.7758862461282,309.79510130746155,1731120
2016-02-12,302.47930908203125,308.9157831097368,299.1379678770553,308.1068311114644,1443312
2016-02-15,302.6903076171875,308.88059421960753,301.1427520670509,303.99167627266667,1888109
2016-02-16,297.4496765136719,306.9812821128358,295.1986594104861,305.9613067592751,979478
2016-02-17,302.1626892089844,303.5344060037964,292.0331559672053,297.09793332173905,1169666
2016-02-18,302.0572204589844,306.6295818024657,297.48485911550307,305.9613264864856,1262032
2016-02-19,309.8653869628906,311.30743068760677,300.05238825535645,301.49445344736245,1644603
2016-02-22,303.67510986328125,310.85018624169624,300.0523760538854,309.9005377816341,1155619
2016-02-23,301.49444580078125,304.16750972372984,298.2586168901193,303.675114510181,1074713
2016-02-24,296.88690185546875,301.0723792662968,294.2841862234935,298.9620588508788,822293
2016-02-25,292.8421325683594,298.11793381425076,289.1139082748456,296.781401792083,2406282
2016-02-26,293.8620910644531,298.9268681867698,289.32489399790745,294.91725117599515,1912583
2016-02-29,292.3146057128906,298.2586847867133,286.5815716077369,293.6863228737094,1555018
2016-03-01,304.0620422363281,305.9965028867617,292.6311383928571,293.3345786293784,1570024
2016-03-02,320.4521789550781,324.110076632585,305.32821444590707,308.4233685425474,2339747
2016-03-03,324.8135070800781,326.39624750439907,318.095661865988,323.371463280391,2371409
2016-03-04,317.4273681640625,324.9893497879155,316.5129045546055,323.5824694858033,2756908
2016-03-08,315.7391052246094,323.26590170140054,313.030856442826,320.0652577112041,2050957
2016-03-09,326.5018005371094,328.858329760402,310.99095100377684,312.2571349164716,4030260
2016-03-10,327.9085998535156,332.867865462058,326.53690453248004,330.51133682259075,3266594
2016-03-11,322.2107238769531,330.61684151952426,320.4873085408943,329.17479792534357,1025718
2016-03-14,330.7575988769531,332.2348061599659,322.1756196359776,323.5825000710692,5115313
2016-03-15,323.7934875488281,334.30992621879705,322.87902395460884,332.4458141430181,996244
2016-03-16,327.6624450683594,330.01897409291513,321.12045962566236,321.4721797347814,1223337
2016-03-17,342.3994445800781,344.6856247441978,331.3202637847289,331.3202637847289,2474194
2016-03-18,346.40911865234375,348.90632265702527,339.86711222215035,343.27880132384746,3064899
2016-03-21,344.7560729980469,350.59461852304173,341.87196366135464,346.40916188945647,1653354
2016-03-22,340.6056823730469,346.62008624146347,337.79192216002633,344.75597439379476,2064995
2016-03-23,337.5809326171875,340.9222734180326,333.8878717320429,340.46504160190136,1458923
2016-03-28,333.923095703125,341.3443817635135,326.39627643126283,339.0582009479928,3609846
2016-03-29,328.92864990234375,337.5457925642532,326.39626082661,334.20445153208425,2044000
2016-03-30,332.6216735839844,336.8071295251792,327.62724431016755,331.3203050350809,3203825
2016-03-31,334.09893798828125,339.7616231200318,332.867917614658,334.13410141203957,4630177
2016-04-01,325.7631530761719,334.87269056663774,323.5824842151767,334.8375271444002,2394963
2016-04-04,331.0037841796875,333.4306615054094,327.9438364219839,329.2100202205308,1708093
2016-04-05,325.16522216796875,332.72720407885174,323.6528300792503,332.3754839899735,1430387
2016-04-06,318.6584167480469,327.3459076791175,315.42258747215806,326.04453899055125,2671558
2016-04-07,312.6440124511719,322.879059002572,311.5536672364744,319.92460150974944,1891494
2016-04-08,320.66326904296875,322.03496476467944,312.327497090671,312.6088689207172,2043759
2016-04-11,330.3355712890625,331.6017552502539,317.2515773318084,320.6632671021171,1008816
2016-04-12,326.7127990722656,332.5161805374484,323.65283000625664,330.4410234266183,1901106
2016-04-13,331.6016845703125,332.4458213427111,327.7327637201837,330.26515257008964,1062026
2016-04-18,335.3299865722656,339.05821143053885,332.19966877193355,334.1341295217966,1780726
2016-04-20,340.1484375,343.63047443585555,334.8374735546924,337.6512338366646,1450742
2016-04-21,335.0837707519531,342.22368506782317,333.50103017353047,340.4650844251314,1179377
2016-04-22,337.5809326171875,343.10294223414746,333.8527083105291,335.5761238432224,2058353
2016-04-25,332.02374267578125,340.9574409491004,329.98377058415485,338.91744739018475,784214
2016-04-26,334.48583984375,335.541000221806,327.5921339607013,332.1644955989439,1123091
2016-04-27,337.1236877441406,340.5353767231678,333.008558623759,335.54094742609306,955123
2016-04-28,337.7568054199219,340.3243578388532,329.3507079679527,337.6512936841038,4152895
2016-04-29,341.9774475097656,343.98225636485955,334.8375338030126,335.5409740000777,2295767
2016-05-02,335.6816711425781,341.16849610120687,334.556162532085,341.16849610120687,1076011
2016-05-03,328.6472473144531,340.0429648865324,327.09967039448804,335.6816488283131,1721645
2016-05-04,328.4714050292969,331.3906775218669,323.37146365611505,326.39624788363756,1379336
2016-05-05,337.194091796875,339.05820418618276,327.0997198061721,328.36590368302075,1484568
2016-05-06,332.7624206542969,336.9478989674278,330.89830817893795,334.27483445188983,948747
2016-05-09,336.6663818359375,338.1084252213639,333.43055360454616,334.2043418831613,827632
2016-05-10,339.55059814453125,341.59057046121814,334.59133178087234,337.2644174607479,2296911
2016-05-11,333.36029052734375,340.18366872759975,331.6720384216249,336.17405119263856,1749723
2016-05-12,338.4954528808594,340.7464487738434,331.6720739496962,331.6720739496962,1123199
2016-05-13,337.5105895996094,340.113326851157,334.9782221267735,339.0581665817119,1078921
2016-05-16,342.54022216796875,348.13255901132175,336.13891190143806,336.947863857324,1732776
2016-05-17,340.3243103027344,347.42905957507884,338.91743010889536,343.982207393631,868879
2016-05-18,340.99261474609375,342.0477749773865,337.65127401366686,338.3898775886558,1371699
2016-05-19,340.4650573730469,342.9270980771908,338.46024850621427,340.6057540002002,1292336
2016-05-20,334.73199462890625,344.2987848182601,334.02855448950214,339.2691706476892,741237
2016-05-23,335.1540222167969,338.3546658746423,332.5864488466214,336.3146940120987,1069529
2016-05-24,337.8271484375,341.6609060280277,326.8183138490282,334.83752765486724,2610091
2016-05-25,371.76812744140625,374.2301680204884,347.8511618160367,351.08699087057414,10804773
2016-05-26,381.4755554199219,384.7817324575694,365.9647098922312,372.823250827261,3270866
2016-05-27,376.9736328125,380.5611607772318,375.35568595136215,379.15428033073556,1572528
2016-05-30,382.35491943359375,396.740280385554,376.3405141955167,376.90325777935965,2901801
2016-05-31,380.1039123535156,385.4852473045017,377.50121784164554,382.7418132246687,2896981
2016-06-01,379.8576965332031,382.10871369216795,377.9583994636208,380.5611367119683,1093756
2016-06-02,384.1838684082031,388.65069634164576,377.7473736388485,377.7473736388485,1862166
2016-06-03,388.0879821777344,392.2030903356141,384.1838975012308,387.91212212082354,1706048
2016-06-06,379.5762634277344,388.22861106560936,375.81287604037465,387.45480118947836,1614098
2016-06-07,377.2549743652344,383.3045859051907,375.25018694944674,383.3045859051907,1763517
2016-06-08,376.79779052734375,379.8577384689537,374.93365667398575,379.8577384689537,739380
2016-06-09,375.9536437988281,378.38052120692777,371.62746916114673,378.38052120692777,1085142
2016-06-10,378.1343078613281,380.17430181443905,373.3509226209772,376.8329605380384,565211
2016-06-13,375.7073974609375,377.32534428503146,371.8033128982136,375.7777672424015,852440
2016-06-14,375.1446838378906,378.0288146782256,371.7681791609056,373.5619432454364,736886
2016-06-15,380.4908142089844,381.2645812406216,372.82329899913185,376.3404999330859,648970
2016-06-16,375.00390625,382.21416739255164,373.1749791340129,377.7825032772158,1181394
2016-06-17,376.51629638671875,381.2645168455891,374.44113959926057,375.0038830667303,946013
2016-06-20,382.88250732421875,386.08315177311977,374.3005279599441,375.6370815663171,1592795
2016-06-21,376.340576171875,382.8825626473839,374.93369551328857,382.6012122764209,1344360
2016-06-22,374.7578430175781,381.26466619526485,373.21026567488576,380.42052919610614,1211966
2016-06-23,373.77294921875,376.3405232333345,370.46681448380684,375.00396962184965,1027592
2016-06-24,356.6793518066406,363.6434270968258,347.1829089207062,360.86482966550614,3567473
2016-06-27,354.9910583496094,358.0510272175195,351.0166258969395,351.0166258969395,1135682
2016-06-28,352.42352294921875,360.5834116959673,351.79043109366626,355.23728361148795,1518673
2016-06-29,355.2021484375,356.82005236005216,351.2276940121449,354.8855917509045,1209538
2016-06-30,355.76483154296875,358.54342853244407,353.3731394899191,358.1213601778381,2334281
2016-07-01,359.7392578125,363.3619699833476,356.15170905924504,357.4882624043724,715389
2016-07-04,365.15576171875,368.60263559952375,359.141357072124,359.4579137239631,1250195
2016-07-05,362.4475402832031,365.08544086750595,360.8999633534962,363.537863937799,456205
2016-07-07,354.92071533203125,362.2716734084981,354.18211176927923,360.7240965079926,1036078
2016-07-08,353.7952880859375,356.9607692624871,351.0166904662712,352.4235709891821,733349
2016-07-11,357.6289978027344,360.4427801047717,354.8504218587978,355.90558217182746,729356
2016-07-12,356.784912109375,360.0910684848262,355.2373349346237,358.1566077500337,931824
2016-07-13,356.32763671875,359.8096744128883,355.20214953469383,358.0510738536855,1194115
2016-07-14,364.487548828125,365.4371759035123,356.2924535036169,356.6090101736065,753846
2016-07-15,354.56903076171875,368.4619749679196,353.05663859728685,366.28132748153917,2417368
2016-07-18,356.36279296875,358.68413693341,353.83040407357254,355.3076327180336,1132642
2016-07-19,357.0662536621094,360.0910379677956,354.5690280448182,356.50348861566886,1013525
2016-07-20,355.4834899902344,358.4731106773053,354.60418978815466,354.70970151894625,1424321
2016-07-21,355.4483642578125,357.6993817366815,353.97115684630415,355.94078103984435,528981
2016-07-22,355.1669921875,357.6993814826055,354.8152720483824,356.6442210652527,1008674
2016-07-25,357.6289978027344,359.73931842879375,353.6897283406319,355.23730538665876,1028518
2016-07-26,353.47869873046875,360.6889607443738,351.7200982392724,357.34761981110074,3069751
2016-07-27,354.709716796875,356.25729380610795,352.4938844856527,353.19732467761474,744952
2016-07-28,349.8816833496094,359.5736059742175,347.39566660287255,358.8530175854916,1867921
2016-07-29,351.6112060546875,353.7369291691851,347.72001013409454,352.33179463396493,1134853
2016-08-01,353.19647216796875,355.2501539265194,343.07221187158365,349.6295720521236,2125956
2016-08-02,359.7177734375,367.2839523812764,349.5574716005916,350.2059968262209,4792350
2016-08-03,358.0604553222656,363.1406179250259,355.32222755796244,361.1589993614697,1196987
2016-08-04,360.2582702636719,363.10458196738335,356.114885918362,359.5016390584182,793067
2016-08-05,356.72735595703125,365.698692278131,355.4663259836584,361.7354552189591,1681614
2016-08-08,362.9244384765625,363.53694317537816,357.41194016845895,357.41194016845895,913042
2016-08-09,362.095703125,364.47363625972423,357.08760450443816,363.8971742848259,1299439
2016-08-10,358.276611328125,363.1766043364176,354.1692480780739,363.1766043364176,1326514
2016-08-11,360.3663330078125,361.6633835826863,356.90749482378715,361.0148582952494,1681953
2016-08-12,355.5022888183594,363.17655082152504,351.93536746940293,363.17655082152504,3618973
2016-08-16,348.0082702636719,354.3494410945355,344.6214950756718,353.4847259855002,2087382
2016-08-17,342.0273742675781,350.9266478672639,340.26194539362336,348.1163567280523,913427
2016-08-18,338.3162841796875,344.9457068512329,337.41554859880443,344.1890757689223,1005420
2016-08-19,340.9825134277344,343.864867651162,338.6766212527453,338.6766212527453,3664586
2016-08-22,336.0464782714844,341.7751441106577,335.0736793204949,340.11779922424427,1107412
2016-08-23,335.6501770019531,341.919306915514,332.55165467125335,336.2987243652056,1617568
2016-08-24,336.5509338378906,339.90168878880485,333.99285282287445,336.51491320017766,894108
2016-08-25,330.10162353515625,339.36119092369864,328.5163199078647,338.8207495040244,1769817
2016-08-26,331.4346923828125,334.13689928236596,329.30894749225064,331.47071301189345,857182
2016-08-29,323.94061279296875,333.4163709569211,323.22002415635615,333.4163709569211,797904
2016-08-30,333.5964660644531,334.85749598176466,325.1295509053616,325.3457186663684,981748
2016-08-31,337.81195068359375,341.41489393743166,332.5876829655288,332.9119566546224,1779070
2016-09-01,338.06414794921875,343.28841546391175,336.01046597635343,338.6766526766515,1046734
2016-09-02,340.0096740722656,341.7030613754098,335.75820649608016,338.64056037696724,1070131
2016-09-06,345.91851806640625,346.7832331062426,336.8030774800227,338.6766120725902,1553926
2016-09-07,340.0096740722656,348.40452535222624,338.78466487664264,346.74718066696215,1254946
2016-09-08,330.7861328125,336.4787993946645,327.86775826593936,335.07364306299297,3145694
2016-09-09,330.2457275390625,335.3979533244378,325.20160762994806,330.0295597677761,1469794
2016-09-12,334.2450256347656,336.0825177637168,326.42663494707074,327.1472235451879,1746181
2016-09-14,336.2986755371094,340.55014346332945,334.1008673276126,336.2986755371094,1321007
2016-09-15,333.4523620605469,340.0457431034908,332.0472055473508,337.95604064051105,956858
2016-09-16,335.28985595703125,337.956042487186,330.7501567198686,336.8030963662915,1477056
2016-09-19,336.22662353515625,342.0633952179132,334.60529928942475,337.3795696191333,1134564
2016-09-20,333.05609130859375,337.9560854571397,331.6509346090587,337.9560854571397,913111
2016-09-21,332.29937744140625,335.61408889029775,327.93982587740277,334.3530590340272,2142358
2016-09-22,327.6876220703125,336.3707047439886,326.96703356658446,335.07365423352456,2766927
2016-09-23,327.57952880859375,330.0295252529599,326.3184989631949,330.0295252529599,2221151
2016-09-26,323.5082702636719,327.2913605247343,321.3825250350175,325.742077396756,1027167
2016-09-27,322.715576171875,326.714833699943,321.3824829989801,321.3824829989801,1306463
2016-09-28,317.41925048828125,323.54425305161925,316.6265986996083,323.54425305161925,1785763
2016-09-29,307.7994384765625,319.94136166770653,305.7457564190849,319.94136166770653,4331711
2016-09-30,302.5390930175781,313.45600464323655,301.710420621817,313.45600464323655,2210429
2016-10-03,303.1516418457031,306.2501641217459,301.3501702920458,302.64722101443124,1754766
2016-10-04,308.91632080078125,311.2221909710353,304.2685158477131,305.99792397305794,2145572
2016-10-05,306.4663391113281,312.01488042318476,304.9891411988752,310.6457664083664,1476240
2016-10-06,303.1875915527344,308.8802359324287,302.0346456299903,306.25009247750944,1559084
2016-10-07,302.46710205078125,305.817835054768,300.62960969103347,304.01636333320295,1562901
2016-10-10,303.980224609375,306.10594722068026,300.4853664290441,303.72801426820644,997527
2016-10-13,304.23248291015625,306.0339542158994,300.84570805911244,303.8721886490076,2473032
2016-10-14,301.9986267089844,309.60082613363954,301.20597500820827,305.1692115214742,6379695
2016-10-17,294.39642333984375,303.3677589751412,292.1986372076479,303.3677589751412,3248168
2016-10-18,306.3222351074219,310.42957715897546,292.37884053233967,294.00016497152086,7264158
2016-10-19,306.17803955078125,314.50084965644675,301.9986351794499,308.3037843546744,4525016
2016-10-20,306.2501220703125,309.27660266113634,303.51189448098927,305.7096806784237,2133653
2016-10-21,312.8075256347656,314.2487028807304,304.2325254193995,309.0244353641083,4853235
2016-10-24,309.2406005859375,315.97810855297894,308.1236970258406,314.1766370104876,2292196
2016-10-25,312.77142333984375,315.43760953248096,309.34862803366605,310.5736372552811,1684650
2016-10-26,304.8450012207031,313.4560438656745,304.0523713459519,312.7354552590867,2685974
2016-10-27,298.3957214355469,307.36703564305026,297.3508592471139,304.80895509980706,3706854
2016-10-28,313.9244079589844,319.94132695180986,309.13249833857304,309.13249833857304,12710319
2016-11-01,312.4111633300781,314.1766141092788,309.52880907219486,314.1766141092788,4643934
2016-11-02,309.7089538574219,312.3391196902275,304.2685190332985,304.2685190332985,3387397
2016-11-03,308.411865234375,311.2942191150701,305.5295113536799,310.5736306448963,2159069
2016-11-04,309.88909912109375,313.3839580091582,298.90012366303205,308.4119013803554,7835863
2016-11-07,320.5538635253906,323.86857569464075,310.2494326946918,313.45606096518145,7039296
2016-11-08,327.2552490234375,328.4442155999827,320.9140792881196,321.5265838853141,5501834
2016-11-09,313.095703125,319.94129387226695,294.72069638233603,302.57510663107706,4852450
2016-11-10,318.6802673339844,323.6523236359278,313.4560006563781,322.46335699707856,3301285
2016-11-11,309.420654296875,317.0588957284558,308.4118349358616,317.0588957284558,1161656
2016-11-15,310.5376281738281,315.04130637573064,307.90746251142406,313.45600285241443,6787283
2016-11-16,319.653076171875,322.82366130442006,312.01483335895955,312.7354218886569,9156138
2016-11-17,318.39208984375,327.8678259087017,316.6987021689547,322.1031168817355,2616362
2016-11-18,320.8780822753906,323.5442687877058,315.47366798606373,317.0589716405135,2041621
2016-11-21,322.211181640625,325.70604067877537,317.70750298079685,321.3104459086594,2718966
2016-11-22,326.7148132324219,327.8677592013629,321.52658935811013,322.8236398290342,2409601
2016-11-23,326.4986877441406,330.7141353061888,322.85970224586913,329.30897878863334,1950811
2016-11-24,330.4979553222656,334.7134030090938,324.3369316196374,324.76928917557706,2574455
2016-11-25,351.1067810058594,352.7281052896217,332.29941491609304,332.8398563440138,4561987
2016-11-28,352.6200256347656,357.3038513996337,347.6839894690503,350.1700288635737,2279428
2016-11-29,348.65679931640625,356.2590002677827,346.81928518777505,352.6560572594301,2029150
2016-11-30,349.6296081542969,352.9442982226566,346.85533756176136,351.10680603299545,2604888
2016-12-01,342.3155517578125,349.6295424891822,339.68540817988605,345.91849419075703,2059534
2016-12-02,341.12664794921875,347.2876938380766,339.39723966117106,343.7207713766,2450542
2016-12-05,333.2001953125,343.43256318290685,331.0024086738059,336.51490757971777,1727408
2016-12-06,335.3979187011719,338.31629326536176,333.2001106304249,333.63246811898296,1073627
2016-12-07,328.3001403808594,338.6766108689331,326.9670471952732,337.84793845322827,1540255
2016-12-08,334.1729736328125,335.5060669823557,329.3810636920508,331.39870303849165,1158682
2016-12-09,339.901611328125,342.2435240019189,335.07365948128785,336.5148365113149,2017058
2016-12-12,338.24432373046875,341.5950567115476,336.2987474788527,341.52301543567484,709914
2016-12-13,349.1611633300781,351.28690828930627,336.73101119061033,338.6766090173824,1863492
2016-12-14,343.4684753417969,350.92657008987914,341.0905422873308,348.7648047710503,1702307
2016-12-15,344.04498291015625,347.32365173924944,337.2714335202594,342.45967943792175,3292408
2016-12-16,343.82879638671875,347.39571823731893,342.2795355188094,346.8912974939923,2185723
2016-12-19,341.0905456542969,342.71186965942286,339.000843556924,341.55892374654377,1389090
2016-12-20,343.5406188964844,346.4229733287569,341.30678981334927,343.64870278957073,1919780
2016-12-21,341.88323974609375,345.59426630885497,340.47808330446344,344.44132025298103,667563
2016-12-22,341.52294921875,343.8648619867068,334.7493993127811,340.3339605286782,932766
2016-12-23,336.5869445800781,344.0450411016942,335.2538512516682,341.5590015976158,942216
2016-12-26,334.0648498535156,337.27145564593684,331.7589577409244,333.81263946766705,572307
2016-12-27,337.37957763671875,341.5589825510113,331.5067631923451,331.83103684544454,1061513
2016-12-28,341.66705322265625,343.7207349680732,337.95602662479314,337.95602662479314,1658315
2016-12-29,347.828125,349.0891550463156,338.3163467115429,339.4332502420321,2079991
2016-12-30,352.2956848144531,355.25010182409477,347.32362896392226,347.32362896392226,1817123
2017-01-02,351.6471862792969,358.0604194997921,350.5663035345859,356.3310115063777,1203138
2017-01-03,354.205322265625,356.69136176508385,351.0707794062454,352.151662320685,1006546
2017-01-04,360.72662353515625,363.5369144119718,352.0435185297569,353.08838069745525,1989140
2017-01-05,351.71929931640625,365.338419429562,350.1700382277972,363.89724223260123,2295824
2017-01-06,338.4964904785156,351.57516900148835,335.9384097777993,351.2869379633344,3307502
2017-01-09,341.1626892089844,344.36929535738744,332.91194075548486,335.1097272391164,1812454
2017-01-10,341.19866943359375,342.2795522301099,336.9832221290575,341.81117408307625,1634891
2017-01-11,341.5950012207031,344.7656085064251,337.9560377554049,341.05455979572116,2058634
2017-01-12,346.7472229003906,350.782501232633,340.2619258784927,342.2795650446139,1970093
2017-01-13,352.00750732421875,355.1780925519429,347.2516184873238,348.908985349751,2754723
2017-01-16,351.0346984863281,353.4846950936592,345.16190635667095,351.8273502685691,1258527
2017-01-17,350.7464599609375,356.6913152145127,349.269262300235,351.6471956054186,1233813
2017-01-18,348.5126953125,356.61931760495224,346.96343411695545,351.64726033037226,1336551
2017-01-19,346.891357421875,349.6656280082145,344.0450455659995,345.88253775155687,1586512
2017-01-20,337.7037658691406,348.76480275121196,335.794210913357,343.0000952677209,1442119
2017-01-23,338.4603576660156,339.9735756124376,332.04710374195116,335.0735836160178,1400660
2017-01-24,338.6045837402344,341.19870713665165,335.36193499236754,339.68546665619,1255925
2017-01-25,335.5420227050781,341.3787938154012,333.05600563313993,338.8567341249444,3368794
2017-01-27,336.5869445800781,339.10900471845713,333.77665339543677,335.3619351451892,1795089
2017-01-30,339.8295593261719,344.4413215767752,332.33544292011436,336.51484764927613,3024028
2017-01-31,325.85015869140625,349.2692871115581,306.61043516229586,349.2692871115581,7804620
2017-02-01,324.0486755371094,329.3089630877789,314.5008773731858,325.88616751957994,4061099
2017-02-02,332.2633972167969,335.07368826866855,317.05897384562184,324.0486918380112,3771089
2017-02-03,346.2066955566406,347.3235987480711,334.4250711594913,334.4250711594913,2677019
2017-02-06,344.0810241699219,352.0795612764979,339.54132521272254,346.6391046633154,2105323
2017-02-07,339.2891540527344,345.88253548733786,338.02812397543676,345.88253548733786,1794349
2017-02-08,341.9913635253906,348.5847450017178,337.81193633409913,338.6766514745372,1754215
2017-02-09,349.4854431152344,350.74647306461924,341.91926341892514,344.36926006532093,3013021
2017-02-10,360.22222900390625,362.8163523063054,350.20605207718853,353.0884064152724,7225481
2017-02-13,360.04205322265625,363.68103847943985,357.05161523285557,360.2942636053033,1903851
2017-02-14,363.6090087890625,366.4553205398839,360.546507265754,361.014885453548,2664728
2017-02-15,357.15966796875,368.653062771758,352.4398223233475,362.63614469611383,2584154
2017-02-16,363.5369567871094,364.2575454031393,356.0067969533486,356.0067969533486,2591411
2017-02-17,362.81634521484375,363.89722807049867,357.411930936569,361.95163013407256,1688519
2017-02-20,360.2582702636719,365.62664200365896,358.13252515113516,362.85237156563215,2610984
2017-02-21,365.9869384765625,371.2832689824416,360.2942930445818,360.2942930445818,3268863
2017-02-22,366.02294921875,368.5089664298484,362.8883847441666,366.41926411033165,3036464
2017-02-23,362.9244384765625,371.1031233603959,360.1501680105989,366.0590032370507,5868525
2017-02-27,360.1501159667969,367.53614793722744,356.69130003542676,360.47438958125707,2250245
2017-02-28,359.8619384765625,366.7795933584607,351.97150658787837,364.6178275822812,31171453
2017-03-01,360.1141662597656,361.8796171917543,351.61122925938474,352.3318178862177,1979476
2017-03-02,360.22222900390625,363.9332558160655,358.3486942860281,362.4560580140449,2392413
2017-03-03,362.96044921875,364.1494158881215,360.294262877212,361.0869146536652,2136886
2017-03-06,360.2582702636719,364.43767524182414,356.40311695295554,360.15016438390825,1234125
2017-03-07,360.2582702636719,365.51855811451367,359.28547128012764,364.6178223872724,3221133
2017-03-08,354.45751953125,362.528120455997,351.71929171247064,359.933997159427,1430424
2017-03-09,352.331787109375,357.05163340659544,351.3229455274373,355.250161996875,1752351
2017-03-10,342.8560485839844,358.3487035517755,341.91929219613303,355.6104756560414,3875776
2017-03-14,345.7743835449219,350.1339350150885,343.1442400137215,347.3236443654414,4483127
2017-03-15,345.63031005859375,349.3053162366179,339.8295807512727,348.332517249697,3941570
2017-03-16,346.67510986328125,348.65672811318603,344.8015754834302,347.32363507421815,4191349
2017-03-17,348.94500732421875,351.50308789503623,338.20824226621244,349.8457430168471,5857451
2017-03-20,347.2516174316406,353.8089776269229,345.95456683943854,348.04426923381624,3734239
2017-03-21,343.6846923828125,349.12512673800467,342.3155566462493,347.3236554958065,4422809
2017-03-22,342.5677795410156,345.52219688434394,340.73028760304936,343.7207255762921,2797599
2017-03-23,347.4317626953125,348.40456162952665,342.7119165201563,343.6486728327375,3259747
2017-03-24,341.66705322265625,347.32367768262327,340.1177922535232,347.32367768262327,2203312
2017-03-27,337.81195068359375,344.18916464101096,333.77667183179165,341.55902046383335,2457180
2017-03-28,328.3722229003906,339.90164011712596,327.61559170117147,339.90164011712596,5722292
2017-03-29,330.209716796875,331.3986835557941,325.1295761039396,330.75015823189443,3227158
2017-03-30,332.33544921875,333.9927940933004,328.2280856731355,331.11043988321796,4028816
2017-03-31,330.8582458496094,334.3531049002464,327.57957656978755,332.91192772395226,2581903
2017-04-03,326.4986877441406,330.750155938693,324.80530019469694,329.30897878863334,1914496
2017-04-05,322.0669860839844,329.0206595711437,320.9861035111427,327.1471253800956,2902998
2017-04-06,322.03106689453125,323.1119498816402,317.99576601120043,322.0671095218073,1926091
2017-04-07,319.36480712890625,327.5434683745821,318.5361128259399,322.78760223739033,3125291
2017-04-10,319.2567443847656,323.3280872350693,318.13984094214425,320.6619008363628,2111378
2017-04-11,320.8059997558594,321.886882474726,317.0589308675423,319.29275955132306,1861086
2017-04-12,315.36553955078125,322.35525650721087,313.852299365402,321.88687839975455,1728894
2017-04-13,309.81707763671875,319.07662356230725,308.3038371772739,315.61780707553527,1543616
2017-04-17,304.0523376464844,309.8170458602583,302.68320185321977,309.8170458602583,2595117
2017-04-18,301.85455322265625,306.8986733070331,300.4494186792366,304.0883822295754,2338492
2017-04-19,298.5398864746094,306.6104886259959,297.2068149861242,302.2869564714578,2638642
2017-04-20,303.00750732421875,304.6648523135733,298.68397570960445,299.04427001082234,2818261
2017-04-21,308.15966796875,311.1501058489444,304.23247383376264,306.2501128397547,2668714
2017-04-24,309.31268310546875,310.78988106604334,305.74576043298964,310.21341893279975,1709076
2017-04-25,315.7257995605469,317.1309557212091,309.3125672697908,311.6544795438195,2575089
2017-04-26,307.727294921875,318.46408063379073,305.6015721462908,317.05892433198267,3721058
2017-04-27,306.2141418457031,308.9163491617061,304.44869093633343,307.1148776177041,1450414
2017-04-28,300.4494323730469,308.9883898840052,299.7648643912902,306.6104562463797,1945081
2017-05-02,301.3140869140625,306.2501227016118,300.2332041280568,303.2957053550729,1568455
2017-05-03,302.5390930175781,303.6559964217845,301.3140837434155,301.9265883804968,1746287
2017-05-04,301.9986267089844,304.66479080535817,300.23317619319283,302.64715192212316,1009112
2017-05-05,297.6030578613281,302.2148199772787,295.72952331686236,301.8545257183667,1541496
2017-05-08,303.4758605957031,304.808953798857,296.8824798230002,297.89129938544033,1938018
2017-05-09,307.1148376464844,311.2942422883686,303.29570527589135,304.5207145626246,4402442
2017-05-10,310.14129638671875,312.951587232696,307.83542630387797,308.7721825889982,2018816
2017-05-11,313.27587890625,314.10455135859723,307.114855466388,311.2942603507763,2060011
2017-05-12,318.6802673339844,320.3736547241593,313.2037902807152,313.2758535295641,2696277
2017-05-15,318.9324645996094,321.31039777956056,315.72583707788516,320.6618725478116,1080719
2017-05-16,319.7611999511719,322.03104970481405,317.77958124724915,319.5089895361851,1820495
2017-05-17,310.465576171875,319.5810167846323,309.13248297769394,319.22072251542755,1754010
2017-05-18,304.3045349121094,318.4280748458326,302.7192533014634,309.13248697817863,3934861
2017-05-19,299.8729248046875,306.9707265178361,298.4677903072511,306.2501379579351,2194511
2017-05-22,297.1346740722656,302.64717173066526,296.2699590710745,302.64717173066526,2734184
2017-05-23,299.5846252441406,301.6743271916778,294.36035937999145,298.3235955527943,4828731
2017-05-24,300.5934753417969,302.64715687586323,298.5758364255371,300.125097235231,2039655
2017-05-25,306.970703125,308.33981688635447,299.8729019527424,302.6471720950704,3098044
2017-05-26,309.2406005859375,312.73545977649457,302.7553030329687,308.41192807451534,2257516
2017-05-29,273.42730712890625,281.02950678544596,256.9978766147726,278.32729998943205,17135931
2017-05-30,279.8045349121094,280.56116611032724,274.5082264776752,275.0126252858689,2800579
2017-05-31,281.0295104980469,283.33540245735395,278.14715654422076,283.2633392103852,3844462
2017-06-01,286.57806396484375,291.04569960639367,280.4890821583516,281.0295235497935,4032660
2017-06-02,287.94720458984375,289.6045495484536,284.4523455347384,288.2354356273474,4221248
2017-06-05,290.2170104980469,291.83833457904154,286.07362673550494,288.23539217683117,1922945
2017-06-06,294.468505859375,298.93616365500156,287.91114567183945,291.15379413913115,2846306
2017-06-07,288.16326904296875,295.26106849834207,283.1912139593616,293.1353241265758,4041108
2017-06-08,286.3618469238281,290.2890627902919,285.5691952271291,288.3074445438516,1811760
2017-06-09,278.7236328125,285.7854135553853,277.426582263101,285.7854135553853,2790651
2017-06-12,286.289794921875,288.16332937201696,273.82362298737985,277.4265653951086,2889773
2017-06-13,283.4795227050781,285.2809940262728,279.58834904942086,284.6324687487661,1753491
2017-06-14,285.85748291015625,288.235416298371,282.4707079724036,284.63247359464134,1895223
2017-06-15,283.6596984863281,285.71338039803175,282.4707316923794,285.3530860974037,1244822
2017-06-16,281.24566650390625,285.3530295128368,279.58832184591085,282.4706756793738,1473093
2017-06-19,280.6332092285156,283.4074574510544,278.5795275387452,281.02952412013076,992872
2017-06-20,284.16412353515625,284.77662825346897,277.8949938146226,280.5972011095734,1458439
2017-06-21,281.714111328125,286.001600141849,281.0295433877282,284.6324862516734,1121823
2017-06-22,278.8317565917969,284.4523386543306,278.147188652493,282.542783337612,918944
2017-06-23,274.32806396484375,280.8133607773401,273.71555931220684,279.9846663699165,1741413
2017-06-27,273.8957214355469,277.1383700192575,272.8869018298494,274.32807897816525,4315500
2017-06-28,282.6508483886719,283.9118783050012,273.82363897436665,274.3640803670792,1883908
2017-06-29,280.20086669921875,285.3530705187957,279.58836202346646,282.65086341161015,1631484
2017-06-30,275.26483154296875,278.8677743642118,271.95011974930156,278.8677743642118,2365394
2017-07-03,274.724365234375,277.60671923027667,272.67068361417194,275.300827237309,1280684
2017-07-04,272.1662902832031,276.74200975039287,271.19349139207645,275.26481209430085,1328251
2017-07-05,271.7699279785156,274.54419789340915,271.0853821492654,273.2831681130588,1461628
2017-07-06,271.157470703125,273.4273422962121,268.8516004683223,271.3015972136956,1964709
2017-07-07,273.82366943359375,274.3280902524822,270.2207264147307,270.2207264147307,1642197
2017-07-10,276.7780456542969,278.86774789414017,275.2648054148877,275.9853939107382,268891
2017-07-11,277.5707092285156,283.40745870118684,276.09348955469045,277.35451947617656,2362955
2017-07-12,279.083984375,280.7413515179755,277.1744287888645,278.8678165692568,687924
2017-07-13,280.4891052246094,281.7501352416757,279.0839486950596,279.58836949813343,940852
2017-07-14,280.2729187011719,283.19129346351866,277.8229000965258,281.02952786456046,1034584
2017-07-17,282.36260986328125,286.938351264604,280.52509598258746,280.669222479722,1534113
2017-07-18,281.9663391113281,285.60532510645027,281.13766653502427,282.326633448036,1584011
2017-07-19,285.8935241699219,286.7942599108479,281.53397198008736,282.470728354403,1590684
2017-07-20,282.1103820800781,288.9199518230845,281.02949939011614,287.2986277881415,1411026
2017-07-21,284.4163513183594,286.79428508690205,283.08325790664037,283.5516361349145,964314
2017-07-24,287.5508728027344,288.19942013696385,284.5964771273287,284.6324977611775,906007
2017-07-25,281.8221435546875,288.5956704991157,281.06551249758735,287.51478783807033,1358932
2017-07-26,280.5611572265625,283.76776308981766,278.61555933917185,282.54277574531994,1409292
2017-07-27,278.27447509765625,285.5033325106498,277.1680159521387,283.9911806828301,2627365
2017-07-28,281.2618713378906,282.84781392766513,276.06152299527196,279.7497196952756,1712222
2017-07-31,284.6181640625,285.13449813060436,279.78661253565235,281.1881453900002,1535812
2017-08-01,296.86297607421875,305.3089334284896,295.09262356186036,298.7439474798904,12617014
2017-08-02,296.56787109375,299.7766065458917,292.4739819895807,296.9735862146903,4071990
2017-08-03,300.3299255371094,301.32574338955067,295.83031997083606,298.0063655553941,4650231
2017-08-04,301.6945495605469,303.5017753043565,299.70291394536775,300.66185878307164,1957230
2017-08-07,299.73980712890625,306.0466156770181,298.1538867494775,301.1781906079819,1312508
2017-08-08,293.7649230957031,302.0264942813139,292.58469542476297,300.21926854978324,2108254
2017-08-09,290.5193176269531,295.31397431175935,289.744782655902,295.05579598807566,1135609
2017-08-10,298.00628662109375,305.16139706167957,289.8922540645788,289.8922540645788,4990849
2017-08-11,297.12115478515625,304.4606761522697,295.7934128093523,299.1127902598313,2782291
2017-08-14,296.6786193847656,300.9569195305665,295.0558034613397,298.0063614959531,1213339
2017-08-16,309.7716979980469,314.1606392468223,295.05578187275535,296.67859767744335,5407314
2017-08-17,313.05413818359375,317.2217960427922,310.9518615168045,313.6442631749726,3175256
2017-08-18,316.3366394042969,321.9058074863295,310.32488321055416,310.32488321055416,3610728
2017-08-21,317.9963684082031,322.3484366201022,316.4473210755694,316.4473210755694,2657468
2017-08-22,324.0818786621094,326.58984814908996,318.80776139295125,320.13550332400916,4623000
2017-08-23,317.3324890136719,327.696313910099,315.3408535657115,324.56134636003054,1576891
2017-08-24,315.4883728027344,323.08604943576375,313.93932559776664,318.66021314212315,2607190
2017-08-28,315.5252685546875,321.6107938979398,314.5663462928657,315.08268039116626,1888194
2017-08-29,318.475830078125,320.09864585998093,312.0214849404676,317.1480880827661,3282938
2017-08-30,314.04998779296875,321.61079196179537,313.53363118680767,320.1355130995853,2380800
2017-08-31,315.8203125,319.0290484723783,314.3819291406363,315.894080944037,3782413
2017-09-01,312.3165588378906,317.3693938995548,311.72645624409273,316.44734452738874,1242275
2017-09-04,306.9317321777344,316.22599231249626,302.837820356809,313.4967177652127,3250373
2017-09-05,315.5990295410156,317.62753794082107,308.370149736946,308.849633367493,3651996
2017-09-06,313.2016906738281,315.1195575972328,310.5461843576499,313.5705103702149,1553072
2017-09-07,314.271240234375,317.11115627176196,312.1320905931758,314.60318695066746,983408
2017-09-08,317.7750244140625,318.4389178408409,314.27123748570216,314.27123748570216,1434311
2017-09-11,325.6678161621094,326.4054556098152,319.98798341038696,320.8731597520217,2373479
2017-09-12,325.5939636230469,327.47495723546865,320.1354376220072,326.77419093674933,1357481
2017-09-13,325.1514587402344,334.66702560088294,322.5697206796487,325.40963704848684,2339372
2017-09-14,325.5939636230469,326.77419093674933,321.68448456430644,325.2989124223622,1048243
2017-09-15,327.733154296875,330.38866045984827,322.6065743194491,322.6065743194491,1959478
2017-09-18,328.3233642578125,332.9336113898561,326.99559957720055,327.5119562603783,1034355
2017-09-19,330.2780456542969,331.20009491631333,326.4054387538277,328.9134082443188,1001757
2017-09-20,331.1263122558594,331.9377200737888,328.24952318408003,331.9377200737888,755469
2017-09-21,339.4985656738281,340.5681519084759,330.97883880959535,331.20012164595073,2189490
2017-09-22,338.1338806152344,342.4490754052484,334.15063254405493,337.4700096885323,2254484
2017-09-25,333.3761291503906,341.1213426951036,331.3107253652199,335.8103301171991,2490162
2017-09-26,329.9830322265625,334.9989717826429,325.6678366833768,333.41305137233593,886702
2017-09-27,331.9008483886719,337.83883639960544,327.2906022587646,331.200081972539,1908788
2017-09-28,335.2202453613281,338.0970346137654,329.9830009468574,331.9377409189642,3555144
2017-09-29,337.7282409667969,338.83470018858765,331.6058197663056,334.88832446200644,1412345
2017-10-03,341.7483215332031,344.33005940689526,336.36356297246095,336.9536654820606,1901932
2017-10-04,343.03924560546875,345.5841109229505,341.785271943281,343.03924560546875,1673214
2017-10-05,332.63848876953125,342.7810302858207,330.86813624155036,342.63349340483313,1237068
2017-10-06,336.9905700683594,337.9126193338901,329.7248173537837,335.1833445035318,1130586
2017-10-09,341.7483215332031,342.2646781123287,334.88828418749404,334.88828418749404,997113
2017-10-10,343.9612731933594,345.0677323897922,340.34684432053956,341.5270719655952,1559112
2017-10-11,344.6620178222656,346.61675777642074,340.49435961564006,342.26468971542266,1624889
2017-10-12,349.78863525390625,350.3787378079318,343.3711630517732,343.3711630517732,1762764
2017-10-13,351.19012451171875,353.9931452406568,348.86656489286634,349.93612852137016,2187256
2017-10-16,349.4935302734375,351.63270249053926,347.24373916216945,350.2680651313091,1101381
2017-10-17,348.9034423828125,350.52625809595713,345.91601176426036,347.46503652293575,787447
2017-10-18,338.1708068847656,348.4608634631035,337.58068183209565,348.4239904958606,1414945
2017-10-19,338.0970153808594,339.31411585946614,336.4373267706772,336.4373267706772,128310
2017-10-23,341.60076904296875,343.002279230103,334.6669640295425,337.10116474872484,1319264
2017-10-24,335.4783630371094,342.1171171012551,334.224389664906,341.8220658672641,850860
2017-10-25,345.28900146484375,349.7148377856639,334.88828160872293,335.6259209955263,1583314
2017-10-26,352.03839111328125,353.99313095147585,340.78939066387835,345.9528662799977,2859405
2017-10-27,351.4114685058594,354.06697532297613,348.1658590675932,354.06697532297613,1292782
2017-10-30,358.1607360839844,360.33678091992317,349.67788453725126,349.67788453725126,3746798
2017-10-31,355.5790710449219,358.9353438902113,351.2638984753574,358.49275573895716,1509095
2017-11-01,360.3368225097656,367.34439633544173,348.49771994550997,357.71821182139956,3983511
2017-11-02,345.17840576171875,355.5053585442866,339.978033889629,355.17341177188723,5545465
2017-11-03,341.8589782714844,349.45665485011847,340.1255212333589,345.9528678094049,1278344
2017-11-06,339.64605712890625,344.10876631575263,337.91260010615116,340.7893891487197,1701924
2017-11-07,347.0593566894531,352.92359924470406,340.08865497366196,340.78942144639177,4208801
2017-11-08,361.3695373535156,363.0292260025774,349.7148438444915,350.26807339417877,3566147
2017-11-09,361.62774658203125,365.8691734924783,359.11977691109126,362.9186156417325,1803442
2017-11-10,362.18096923828125,367.160035515997,356.9068516833393,365.86916648103363,1871915
2017-11-13,361.5170593261719,370.29496331695,359.0828359013727,359.23037277959094,2140262
2017-11-14,359.89422607421875,365.1314698407951,355.0995704096427,362.18091250874824,1426995
2017-11-15,366.27484130859375,368.41401361382935,357.75511509776624,358.49275451033895,1718584
2017-11-16,368.7459716796875,370.2950190904272,360.11560326723,368.08210064964777,1376234
2017-11-17,357.4231872558594,369.55736523864175,355.91103538452023,368.8197257870676,2140643
2017-11-20,351.70648193359375,359.59923307941705,350.7475596497698,358.45590093247546,1527038
2017-11-21,364.2832336425781,367.1600228908096,352.591644282887,352.591644282887,2242785
2017-11-22,355.9847412109375,366.01664048983787,353.84559167986214,364.39382497745487,1932859
2017-11-23,361.1483154296875,363.65628530893406,355.984838762015,355.984838762015,1200242
2017-11-24,364.4676513671875,368.08208011664004,361.4433251646365,361.4433251646365,1701291
2017-11-27,367.89764404296875,368.81969327615917,362.25470723803704,363.65621757029294,1469508
2017-11-28,368.598388671875,370.8850526262183,363.9512473047686,368.22956900040464,2334856
2017-11-29,366.27484130859375,368.8934747298079,363.50869351144604,366.68055649208975,1438175
2017-11-30,360.8901062011719,365.5003528312328,359.3779543108998,363.17679303187606,2729850
2017-12-01,348.8296813964844,362.77106209937625,346.026660571278,361.4433201318509,1962459
2017-12-04,348.755859375,359.2303466598161,343.70304807243815,348.53457658472917,2507080
2017-12-05,343.29736328125,350.56311568345836,341.2688549842915,350.2311689577509,2977968
2017-12-06,348.3502197265625,350.15744532879035,342.3384628930835,344.2194344293052,1952199
2017-12-07,366.8280029296875,368.4508183411815,347.5387403655703,348.3870210307295,7475829
2017-12-08,365.9429016113281,368.48774397055394,363.43493221678494,366.6067725523884,2534022
2017-12-11,369.29913330078125,372.43410051472836,364.17255336337684,365.8691148512441,3215999
2017-12-12,369.7048645019531,373.688112632814,367.3812824572309,370.29496699875943,4481699
2017-12-13,371.4752502441406,374.57332258369837,367.5288744855537,368.1558725518476,2052503
2017-12-14,379.3310852050781,382.2078970540088,371.0326414353997,371.0326414353997,4105304
2017-12-15,369.3729248046875,382.09720429121944,365.1314983091769,379.88428611964866,7010768
2017-12-18,364.3938903808594,367.7132679248146,360.70569310979806,366.6068087434962,2175527
2017-12-19,365.3896789550781,368.8196976409454,364.393861269254,366.2010867920818,2168308
2017-12-20,363.619384765625,365.8691761387028,360.96387817855333,365.8691761387028,1690391
2017-12-21,361.92279052734375,367.67639172623234,357.9764149797855,366.9018567995324,1483945
2017-12-22,363.9881591796875,366.791179804779,360.3737082276388,361.44329432748464,1210792
2017-12-26,363.9512634277344,367.2706406180154,361.1482428047728,364.3938515552986,1095301
2017-12-27,371.0326232910156,372.8029533731131,362.3653602220903,364.7626883049845,2160870
2017-12-28,366.6436462402344,374.7208064868075,364.87331622359255,371.2170194182792,1943344
2017-12-29,371.8070983886719,372.50786476241336,365.6109324670943,368.6721312099783,1412805
2018-01-01,371.1064147949219,375.2372002504835,368.8566009476666,369.63113588300484,1115837
2018-01-02,379.10980224609375,379.8843146599447,371.40146103161584,371.40146103161584,2204383
2018-01-03,383.16680908203125,387.2606988945288,380.40066123278467,380.69568999020834,2288877
2018-01-04,385.4534606933594,387.26068623350295,379.14665280765814,383.20366952058055,1460097
2018-01-05,387.59271240234375,388.73604470591323,379.77370612184694,384.31020738478327,1756809
2018-01-08,395.5959777832031,400.42750656262905,384.088821833583,384.088821833583,2795379
2018-01-09,393.7887268066406,398.32522656237313,390.21119416943594,398.32522656237313,1855191
2018-01-10,399.874267578125,401.2758003307,393.75187007011294,394.6370462811112,2748547
2018-01-11,406.95562744140625,410.016803648319,400.3168734701661,401.2757955949589,3485380
2018-01-12,406.2549133300781,409.02106117390525,404.2264049112716,405.7016837613127,2790912
2018-01-15,401.0914611816406,409.3161592679804,400.0587479164888,406.4024743616752,1959669
2018-01-16,411.34466552734375,415.2910186549872,403.71007005400367,404.2264266837176,4791310
2018-01-17,409.3161315917969,416.4343249716354,408.0252626086102,413.0412016531767,1636201
2018-01-18,407.65643310546875,413.07806469582704,405.8860805337122,413.07806469582704,2158972
2018-01-19,407.8408508300781,411.9716135480158,403.52563323633245,407.9145967628518,1951962
2018-01-22,420.0856628417969,422.22483523554376,405.48041087293166,405.701693701472,4127554
2018-01-23,433.91632080078125,435.72354610089513,416.17610453485906,419.8274280959198,4103152
2018-01-24,444.90716552734375,451.7672020703716,430.89201871004644,430.89201871004644,6672393
2018-01-25,441.4403381347656,452.50492989173057,433.80574280929636,445.90304780568704,5104213
2018-01-29,446.1242980957031,449.00110975145225,439.22738774570456,441.88287156490696,3352495
2018-01-30,444.7596435546875,450.88204099655286,437.56766007866884,442.5835985242237,6290644
2018-01-31,451.914794921875,461.90979975438086,440.3707203413386,444.64901984278015,7244068
2018-02-01,450.7346496582031,456.9677130209901,447.7840913820386,451.84110901176484,2479739
2018-02-02,456.93072509765625,459.1805162128664,441.8828636660028,445.7554704292438,3994302
2018-02-05,464.0121154785156,465.5980584020658,449.51752641014656,449.8863461577683,3500770
2018-02-06,447.5258483886719,458.221620056831,443.3212946595598,443.3212946595598,3104038
2018-02-07,444.870361328125,455.34485115921547,440.33390544803535,451.2878339376055,3653165
2018-02-08,448.6690979003906,458.81163813241756,438.85850435307043,449.95996665719406,2894969
2018-02-09,439.0799560546875,444.7966627483857,434.7647825591908,443.32138360162486,3481551
2018-02-12,435.4654541015625,446.19814467862346,432.3674042668866,441.1084141983277,2343988
2018-02-14,451.0664978027344,453.35316195780024,434.10079142585306,434.10079142585306,5004415
2018-02-15,446.7513732910156,456.3037686296997,445.53425012874175,453.648284485391,1676641
2018-02-16,431.0395812988281,452.6893255014802,428.71604411618523,449.96005061630524,2887255
2018-02-19,422.26165771484375,434.28517019526873,415.77044039614185,434.28517019526873,3170119
2018-02-20,423.5525207519531,429.45363550984325,419.71678715493795,424.1426232233556,2273116
2018-02-21,439.0429382324219,441.10831935209217,417.9095534185698,428.60532370386306,5590807
2018-02-22,444.5014953613281,447.34143413432264,436.6825355378377,436.6825355378377,4421727
2018-02-23,458.40606689453125,460.9878050916758,446.27188836356345,447.7471673333604,3490526
2018-02-26,451.7672424316406,462.8318330127637,450.7345293019621,458.8116894305688,2923731
2018-02-27,450.3656921386719,456.08239705040506,444.3908314655044,455.86111425175676,1905663
2018-02-28,451.914794921875,453.64822949735884,445.4235322058275,450.10756939347397,2113430
2018-03-01,451.36163330078125,454.3121913350483,446.6775954082167,451.4722522139006,2226114
2018-03-05,465.33984375,468.3273196345937,447.4152135521399,448.8536195295479,4765322
2018-03-06,455.3078308105469,467.5895424329194,453.64814248438455,466.1142639207751,2424505
2018-03-07,449.2593688964844,462.094315360193,447.4152699805461,457.18899423501875,1787149
2018-03-08,447.89471435546875,454.9391625910388,444.79661944450163,453.6482934632977,1858046
2018-03-09,456.746337890625,459.6231046156027,447.37830825178145,449.7387634002838,2095483
2018-03-12,457.00439453125,469.43364307547813,454.90214064900886,458.18464436041324,4336200
2018-03-13,456.70953369140625,460.9878339674168,452.6155982762275,457.3365092840665,2306960
2018-03-14,471.42535400390625,472.64247710393664,455.492359908983,455.492359908983,3825750
2018-03-15,466.0774230957031,480.90400161032784,462.53676308481505,473.34319798395944,5855371
2018-03-16,468.1797180175781,471.3515583101138,462.4998858535858,468.17971801757807,3741772
2018-03-19,449.88623046875,470.1713113716019,448.4846977794172,468.29029512488415,1731324
2018-03-20,467.2208557128906,468.62234368494575,444.87034387842243,446.27187687241764,3320421
2018-03-21,461.6516418457031,469.7656759727292,458.2585183104501,468.4010609692327,2428150
2018-03-22,456.63568115234375,465.45048136482916,454.7547096060494,462.4999236382692,1785067
2018-03-23,459.8074645996094,461.0245875194336,446.08739088380395,448.11589906888946,3153066
2018-03-26,457.6315002441406,463.68010728644043,455.1235082837218,459.5493446689768,1552991
2018-03-27,458.55352783203125,464.4177247479595,456.5987655120993,461.02460168830703,1135697
2018-03-28,471.1302795410156,472.8268411053374,454.86534026713,458.22159043127556,5534298
2018-04-02,472.3104248046875,476.8837973724283,467.7370522369466,471.13021995839966,2095519
2018-04-03,454.3490295410156,470.6139704559924,452.54180387892063,469.5075112778043,3851192
2018-04-04,447.2308044433594,458.8117531989097,444.98101305022874,455.8611953005244,2670676
2018-04-05,455.3815612792969,457.8895526736336,445.9397881262555,454.533303176746,2809480
2018-04-06,456.0087585449219,458.81177970593933,452.7631266604113,454.3859426026666,1160620
2018-04-09,453.5376281738281,459.18058835272274,452.35742298362607,458.07412910368004,1427650
2018-04-10,462.09417724609375,464.3439682467151,451.0664600204389,458.0002878807118,2085181
2018-04-11,467.1839904785156,469.72885592765266,457.81600422120215,461.79923077372763,2139871
2018-04-12,481.53094482421875,483.1537603519245,467.70020740956437,469.4336868453601,3614281
2018-04-13,495.3617248535156,497.0582864512775,472.9005963554599,481.3465764009802,5653116
2018-04-16,493.259521484375,503.66021997921456,484.9979504345617,485.44051610679054,3931095
2018-04-17,492.9643859863281,496.0624803699773,488.0591111489902,494.9560213059551,1576573
2018-04-18,484.4814758300781,497.16888060053094,482.5636316881653,493.4438111968564,1676060
2018-04-19,490.6777038574219,493.66513421586575,483.854539880587,489.01801532251613,2662071
2018-04-20,516.7163696289062,520.773386092802,492.00545116699567,492.00545116699567,5490181
2018-04-23,517.8228759765625,538.1079601494336,509.41376852885185,512.3274532598881,6998046
2018-04-24,503.58642578125,516.1631685068255,501.5947904032031,512.6593813679796,2728320
2018-04-25,506.315673828125,516.3106781342748,499.38184584746654,505.94685414876943,4560558
2018-04-26,509.78253173828125,514.1346218690447,502.07423662450515,502.3323923856807,2852323
2018-04-27,494.5872802734375,513.2864234204127,493.0751283165126,512.6963208301422,3756249
2018-04-30,494.6610412597656,504.65609271586584,492.8169424703661,497.9066731378862,2639069
2018-05-02,488.7230224609375,497.16900340748543,483.52267319526214,497.16900340748543,1745715
2018-05-03,481.6417236328125,492.00554967020264,476.44137412869287,488.7230448696636,2284475
2018-05-04,488.7967834472656,490.97278373552336,469.4706214896019,481.64167201361175,3162498
2018-05-07,484.9241027832031,498.27535635097047,482.5636479752298,495.5092089248918,2770174
2018-05-08,481.936767578125,491.562999435443,480.24020566822605,489.0550070316314,1771130
2018-05-09,482.48992919921875,491.0834464970522,478.2116295446759,481.67854384164485,2193797
2018-05-10,489.4973449707031,495.61978622140845,484.370788654445,484.370788654445,3927593
2018-05-11,491.5997619628906,495.50924157832543,482.56367977556727,489.0548971588087,2880596
2018-05-14,492.18988037109375,494.2183886828517,485.55112589624946,488.02219983088963,1436196
2018-05-15,494.6977844238281,501.5946934499947,489.2761088858814,490.2350309130916,2427422
2018-05-16,496.21002197265625,500.6358582708718,493.4807472510363,494.9560260171082,1690858
2018-05-17,498.4966125488281,502.3323457794297,491.4890394432414,500.85706723088515,2022339
2018-05-18,511.1472473144531,514.5034976856494,495.1404628265121,501.4472708905293,4304706
2018-05-21,505.5411682128906,513.3233002611387,500.3039462389216,510.44648845902503,2342450
2018-05-22,506.315673828125,509.33997719006743,497.9065671300442,504.2502476061869,1797801
2018-05-23,514.4666748046875,521.732405821838,503.9921849710436,506.7583330773611,3516538
2018-05-24,524.7197875976562,528.0760830030032,513.2863764963704,517.048364581569,5914361
2018-05-25,518.3760375976562,530.1413938801395,513.3969721351388,527.3752464009631,3547180
2018-05-28,498.0909729003906,526.6376248536778,488.57540724198384,526.6376248536778,8983562
2018-05-29,500.0088806152344,506.3894798338612,496.61575717137225,498.6811386164161,2684315
2018-05-30,506.9427490234375,509.8933070388522,500.119583612791,500.119583612791,3744400
2018-05-31,525.4573974609375,529.4775411102462,503.4020068808587,506.0206176910537,7789699
2018-06-01,517.1958618164062,532.2068049735533,515.0198166724879,525.1992309648925,4585884
2018-06-04,515.093505859375,528.8873695507898,512.9543789371108,514.8722230773379,2864750
2018-06-05,517.2696533203125,527.2646586510268,514.3928415176703,518.560522330381,3710175
2018-06-06,510.2621154785156,521.142297919149,504.7666922922482,520.0358386878981,2793493
2018-06-07,517.7122192382812,519.2244160969751,503.80773390288465,512.2905874019816,3166739
2018-06-08,521.4742431640625,532.0593517698858,518.9293779352582,520.0358371632652,4572713
2018-06-11,526.8222045898438,532.5020384416262,520.4047311474908,522.9864697144876,4023019
2018-06-12,523.06005859375,530.1045505858483,520.9946773647606,527.4858948081276,2200939
2018-06-13,526.5269775390625,527.485899723393,521.0684731702934,527.4121537945732,2429450
2018-06-14,515.4625244140625,529.5514672662293,508.9713051784942,524.4617362056658,4483300
2018-06-15,521.6954956054688,525.1992829566543,512.8069493294805,518.1917082542832,3273882
2018-06-18,524.1295776367188,526.785106038811,517.343287305054,524.4615243147214,1693522
2018-06-19,513.2125854492188,525.1992250662505,512.2905362479087,522.9494340194404,2008178
2018-06-20,509.3768615722656,516.7163823603578,507.7171729779604,516.2738167439836,2117024
2018-06-21,505.50433349609375,518.3761516010708,503.21766908585465,512.4381627109182,2599578
2018-06-22,509.81951904296875,511.0365971107669,501.22600152316335,506.02065790270797,1604665
2018-06-25,513.5076904296875,516.2738382018321,509.70882948050115,511.1472353264036,1850829
2018-06-26,507.3853454589844,516.2739380365267,503.180836049825,512.6594862398705,1687463
2018-06-27,526.8589477539062,528.8137101960696,508.97119208987795,510.4464709075298,5570107
2018-06-28,489.9769287109375,532.391190511282,486.28873203264664,528.1866372936441,8192199
2018-06-29,483.48577880859375,498.49672336830656,467.774067778151,497.0952354487852,10890801
2018-07-02,484.7767028808594,493.8496599974089,472.08929409759776,485.32993252238003,4422723
2018-07-03,487.4689636230469,491.4153612978256,482.6374347146118,486.8051151978046,3506534
2018-07-04,482.78497314453125,490.8252603775609,480.940874698601,490.78834239109455,2070241
2018-07-05,476.9945068359375,489.0917652426577,475.7773838916275,488.3172529244301,2864186
2018-07-06,468.32720947265625,480.2400571517991,466.9256767942019,479.2442621057967,5193752
2018-07-09,474.9291076660156,478.2484849519309,469.87629580623,472.0892139968402,1990065
2018-07-10,480.01885986328125,487.5796640332369,475.9987159587709,478.72799085865466,3496172
2018-07-11,482.7112731933594,494.07089368912415,480.2401540272798,483.1538388537628,5529491
2018-07-12,477.7690124511719,489.79252476249104,475.7773772165764,486.32561083885196,3416881
2018-07-13,472.8636474609375,483.1537243347425,468.7697584957693,477.2526101443945,3194276
2018-07-16,484.8504333496094,487.9854012181694,470.7615369373283,475.00296405361536,2856991
2018-07-17,477.1051025390625,490.45640122651986,475.4454140712629,482.4161146404073,2658597
2018-07-18,476.7364196777344,483.0801466547972,472.0892996388037,479.46569494566,2568607
2018-07-19,473.71197509765625,483.1168763242043,472.0891596071206,476.7362782676171,1610766
2018-07-20,486.436279296875,488.13284080074936,474.67092263737396,475.11348823945144,2868824
2018-07-23,478.39605712890625,487.54280433366193,471.72042909913125,485.3667589479724,3696991
2018-07-24,473.1956787109375,483.08006475513923,471.4253261286536,482.1580154981031,3855335
2018-07-25,465.7085876464844,476.6256860916825,462.64741134378255,475.03974347348685,2269581
2018-07-26,476.79779052734375,478.72141772304184,461.9745023318623,470.7251436361349,3542338
2018-07-27,486.64227294921875,490.07468061864625,470.46113298955606,477.43902974221317,3040306
2018-07-30,494.4500732421875,496.9394762104437,487.54759378922813,488.8300274525503,3393232
2018-07-31,513.5354614257812,516.6661036621439,498.6367095151545,498.6367095151545,9680690
2018-08-01,513.799560546875,518.6275297867883,507.3874383604202,516.2890095241933,2887901
2018-08-02,504.67169189453125,515.4968435501371,502.7857737633858,512.064481760037,1958340
2018-08-03,499.9570007324219,509.160292338497,493.92206145538023,506.9348992715013,2862463
2018-08-06,503.238525390625,507.6516027559698,499.95704528349467,499.95704528349467,2226904
2018-08-07,496.9394836425781,509.0093610441436,491.8475041137927,505.42611619055384,2689721
2018-08-08,493.2807312011719,503.08750481516796,490.71586430034336,497.8823527105713,2074919
2018-08-09,487.47222900390625,496.750938927914,485.73719317143855,494.11065299587494,2146227
2018-08-10,487.2834777832031,490.18777294140926,478.34419928260274,489.47111492851286,3135726
2018-08-13,497.8446350097656,503.69098071771197,488.0755707150006,489.5843050912448,5306724
2018-08-14,507.53826904296875,511.0838042738218,498.2595612145525,500.14547931150383,5529769
2018-08-16,504.40765380859375,513.4977694881674,501.0884196646294,509.19786717896096,3624795
2018-08-17,518.7784423828125,520.5134781012307,497.4298553156523,502.4086614716226,3955484
2018-08-20,518.9669799804688,526.1711783027675,511.6496081488919,516.7415872937574,3577624
2018-08-21,535.1482543945312,540.9568465664239,523.8327433434171,524.2853453682887,7918861
2018-08-23,548.1611328125,556.7231850598642,534.8465287363737,535.6008961958044,11534012
2018-08-24,542.0504760742188,555.9685584210212,537.5619825744485,550.3108051128019,3625878
2018-08-27,556.6853637695312,559.7405421562734,543.1444613915321,543.1444613915321,2968641
2018-08-28,555.289794921875,564.9457339580116,553.8942337239439,558.910795081891,3782709
2018-08-29,554.0451049804688,559.1747937108153,544.9926968529412,556.7230998429432,3627848
2018-08-30,552.1213989257812,555.9686534155586,543.3330022015687,554.0450261706699,4304298
2018-08-31,577.6944580078125,579.9198507085474,551.6310775032524,553.7055875383074,7276056
2018-09-03,562.4939575195312,585.7661687292754,559.3633150196492,579.3540471140805,3610990
2018-09-04,576.26123046875,578.5243324927777,563.8141693365978,566.6807560251139,4488658
2018-09-05,577.9585571289062,587.916169202734,571.2446693721349,577.0155979519961,6093648
2018-09-06,584.6724853515625,588.4066134532181,570.4903864410207,578.5998365623311,3982477
2018-09-07,582.5225219726562,584.634741507581,576.4875827054811,584.634741507581,2059329
2018-09-10,578.033935546875,585.8416185755909,572.3007625641675,583.8802820401713,2820247
2018-09-11,563.6632690429688,583.7294212783603,557.0625550125206,582.3715693149678,3817364
2018-09-12,558.0808715820312,567.2087427568065,549.6319493363357,565.7754265922706,3934021
2018-09-14,573.6586303710938,574.6770078229077,544.3137235809577,558.1563913518015,3591403
2018-09-17,579.0144653320312,582.9371835076015,569.5471673222117,572.9418193128739,2233000
2018-09-18,569.321044921875,580.7496825817362,565.775509189038,580.7496825817362,2206998
2018-09-19,580.8252563476562,582.3717004888124,566.6808659536598,571.0561881736153,2025718
2018-09-21,556.7608032226562,580.3724916349606,522.7765639385551,577.0910121399635,4434535
2018-09-24,566.8693237304688,576.3366242527367,556.3835997149827,558.2318088311847,2811682
2018-09-25,572.3760986328125,582.8995300172483,562.0789681941123,566.8692274196242,2812964
2018-09-26,564.9078369140625,579.4671601313745,557.515047855642,572.2252076726401,3224771
2018-09-27,562.795654296875,572.5270098351752,556.1195228286158,564.9078733006295,3479414
2018-09-28,562.3807983398438,570.3016546544894,546.9162693445832,556.7230438293826,2971384
2018-10-01,572.979736328125,575.9594966984123,559.5142969639396,565.02116964913,2233369
2018-10-03,565.8886108398438,589.0099394198554,561.5509991536071,576.3365788321314,5236214
2018-10-04,543.03125,560.4194520590601,537.8638527213193,560.1553958941021,6561009
2018-10-05,538.9954833984375,546.0865550611593,524.6625034340284,541.635769181355,4769105
2018-10-08,524.2098388671875,542.691837141796,515.723207006398,538.9954190697044,2643927
2018-10-09,525.114990234375,531.8288767408961,521.041434974452,524.2852047303869,2729413
2018-10-10,527.529052734375,538.6182614432628,521.3055224025726,522.0975988725802,3409416
2018-10-11,524.624755859375,529.6035616968527,511.19702692663594,512.9697716910446,3611423
2018-10-12,523.3800659179688,529.9807803275354,519.0047444322133,522.0599230360554,2727205
2018-10-15,523.9459228515625,535.1483075302268,514.0637273028774,523.1538462079244,4146878
2018-10-16,542.163818359375,548.8776600830571,523.9458286176014,524.2853031303723,2889306
2018-10-17,543.5215454101562,554.4598693635876,541.3338622023027,543.8987289947573,3320857
2018-10-19,521.116943359375,536.7700654870316,519.3064893896438,535.6008053318645,2049802
2018-10-22,510.36712646484375,520.5133746429166,501.3901842960298,519.0046402236618,3293136
2018-10-23,504.1059265136719,515.9117926673756,502.40860016177396,509.9522728368757,1656193
2018-10-24,503.4647521972656,509.19792523458847,487.3212736319172,503.9173541580816,3180852
2018-10-25,491.3948974609375,502.52181558481766,489.62210660866424,498.4482135833107,2142283
2018-10-26,492.8281555175781,495.54390546541316,483.09684482255125,494.82724731072364,1397821
2018-10-29,501.0884094238281,504.7093627522925,485.8124737206553,500.1454504298051,1942428
2018-10-30,516.8170166015625,522.3616438585947,496.2982629636954,496.3736812762023,3825436
2018-10-31,561.173828125,564.8702001061395,507.27427770976846,524.2852503655628,13010741
2018-11-01,543.6725463867188,563.5123980464347,538.6936943605517,563.5123980464347,3999401
2018-11-02,521.1923828125,549.0662175433749,518.6275155909526,544.3514219470936,4445407
2018-11-05,525.3036499023438,534.6201136647346,520.5888542866376,522.0221705709827,2782174
2018-11-06,523.9459228515625,531.4518884693335,521.7205295819608,525.3037751039329,1752227
2018-11-07,525.9825439453125,527.3026865798113,522.7764832615296,527.3026865798113,111376
2018-11-09,533.488525390625,536.355111715824,525.1904856875672,531.0745409956963,2573761
2018-11-12,546.5767822265625,551.7064703221791,522.8519229860472,533.4885288455124,4696550
2018-11-13,549.2171630859375,557.7415052913037,541.6357801077783,543.1068057108076,4401141
2018-11-14,528.2457885742188,549.1040662617629,522.0976756523971,546.9163823153282,3367710
2018-11-15,539.2971801757812,544.5777510700466,526.0579977422481,529.5658239677512,4485617
2018-11-16,549.1793823242188,552.423152434307,536.3551385062082,539.146306663419,2874046
2018-11-19,552.61181640625,554.2714338550282,546.350576345021,550.6881887909773,2212804
2018-11-20,535.3745727539062,552.5741409003051,531.1123783693789,552.5741409003051,2667937
2018-11-21,521.0038452148438,535.4499527996486,516.1758756045851,535.3745344794288,3108345
2018-11-22,521.116943359375,535.6008053318645,517.0810965532709,530.0939330208408,4031353
2018-11-26,523.9080810546875,527.1141420258646,506.1804498022971,519.0046936870051,2993915
2018-11-27,523.6439819335938,534.318249609662,516.7792131596772,524.8132418216759,2560757
2018-11-28,526.1712036132812,532.5079074933217,522.0221833697357,528.8114892228102,2767316
2018-11-29,518.6275634765625,532.5833597301137,516.9302369051846,532.5833597301137,2351937
2018-11-30,532.5455932617188,535.5253532416189,518.2126148680513,519.6081759260542,3292579
2018-12-03,537.6375732421875,541.3717005116205,530.8482676770094,533.1867878434008,2410009
2018-12-04,545.822509765625,546.7277598321602,531.4895295147646,537.6376420921745,2896702
2018-12-05,548.3118896484375,558.1564203952197,536.392894733151,536.392894733151,4864922
2018-12-06,525.3413696289062,546.1618872448272,520.9660027586287,546.1618872448272,3467903
2018-12-07,523.7195434570312,531.0369161103896,516.8548188486952,526.548421077433,2423892
2018-12-10,518.9292602539062,531.8289220742831,513.0074495951262,518.2503112979184,2334813
2018-12-11,524.51171875,534.7711444776427,516.741742631429,520.5135801688847,3495336
2018-12-12,532.0929565429688,536.5060328729377,520.9283297135444,528.0571099058587,2355119
2018-12-13,535.07275390625,537.8639223190158,525.8694629973949,532.5833508516483,2593714
2018-12-14,537.2604370117188,540.7305084118658,531.9044011896649,534.959625797952,1982037
2018-12-17,542.9556884765625,545.030197880259,536.732160265473,537.4865273213627,1435014
2018-12-18,534.8463745117188,540.5418379795285,531.225420959152,539.3725779631578,1905592
2018-12-19,535.1858520507812,538.6559229662981,521.9467160879224,534.8463775813905,2702676
2018-12-20,533.9034423828125,540.8813397223265,529.5658305231146,529.5658305231146,1817880
2018-12-21,524.8510131835938,538.2410318454821,522.7765032500618,535.6007464755322,2063928
2018-12-24,526.4729614257812,531.7535325692979,520.9660432560585,527.302747045449,1472565
2018-12-26,523.1914672851562,526.4729928890664,517.4960029914312,524.9642581864675,1881689
2018-12-27,534.7710571289062,538.2411286793936,525.1528729794147,529.5659037602443,3018106
2018-12-28,538.6182861328125,541.9375208790939,535.6008167427127,535.6008167427127,1863654
2018-12-31,545.5206909179688,548.0100936145943,539.4479977694062,543.1444156821901,1814655
2019-01-01,542.4653930664062,544.2381834747821,539.3725062032465,539.3725062032465,815535
2019-01-02,537.1471557617188,550.4617552640997,535.0349368094758,542.5031905095677,2576769
2019-01-03,521.4563598632812,540.1269492399413,516.9301563780303,539.410291146192,3558015
2019-01-04,513.799560546875,525.8317284465139,507.31202004598566,523.8703918419455,3926171
2019-01-07,518.6275634765625,521.1546757323309,514.8934358109453,516.7416450639205,1885000
2019-01-08,520.4003295898438,522.3240032835324,516.8925488250359,519.0047683247479,1300906
2019-01-09,523.3045654296875,529.1132024066193,515.9871939674707,523.6817490510088,2183998
2019-01-10,523.9459228515625,525.756423216681,519.8723660944511,524.2853974253893,1454656
2019-01-11,527.4536743164062,529.0001182163313,518.2503831937535,523.5309547837918,1849817
2019-01-14,512.8566284179688,530.3956694401311,510.63128155272614,530.3202511217236,1558602
2019-01-15,532.7718505859375,536.2042122377653,514.5161546032936,515.1951035203238,2491520
2019-01-16,527.9816284179688,531.8288827697734,525.7939450929533,531.8288827697734,1922647
2019-01-17,532.2438354492188,534.921830136226,525.0396369950131,527.6799225258789,1434040
2019-01-18,534.9595947265625,538.7691404222463,529.8298601993441,531.8289519821212,1888004
2019-01-21,538.5428466796875,544.2006015640815,534.8464284047126,535.8648058667326,2586962
2019-01-22,538.7692260742188,543.1445479463106,529.4150515535255,538.6183433800913,2839669
2019-01-23,543.6725463867188,547.595265728961,536.3551740441968,538.6182760443834,1965283
2019-01-24,548.9907836914062,550.6881100580234,540.5041518583203,546.1619064137109,1849102
2019-01-25,549.9714965820312,554.6108741112145,546.1619507474201,552.196889429712,2528541
2019-01-28,554.5731811523438,556.7231097035392,544.0120381498375,552.3477882396583,1804582
2019-01-29,551.8196411132812,560.0422625217487,544.2005503366785,554.6108091354258,3100457
2019-01-30,539.0707397460938,553.2528788103026,536.9208118145823,552.1967463972943,2139900
2019-01-31,552.1213989257812,555.7423524531462,541.6356759190924,541.6356759190924,3253640
2019-02-01,563.210693359375,566.2281630179689,549.1794778640866,552.9136057751832,2260029
2019-02-04,565.13427734375,567.4727975405722,555.6669309592145,565.0211038323544,1518373
2019-02-05,566.52978515625,573.3190901714381,558.3826283466086,567.2841523801598,2446263
2019-02-06,612.0557861328125,614.4320611400241,583.8801906965974,591.4238624110237,14860848
2019-02-07,607.2655639648438,615.7144853677207,602.0604121422638,610.2830326056628,4966655
2019-02-08,607.6806030273438,617.0724856420958,603.4938734886023,603.4938734886023,5242725
2019-02-11,610.5849609375,613.9796140649295,606.5113587674126,610.2831955756676,2541742
2019-02-12,607.3788452148438,614.7339263317504,600.8158405480958,610.9620898615418,2416559
2019-02-14,607.944580078125,612.3576100363333,603.7955602380266,607.869115728006,2464657
2019-02-15,603.2299194335938,607.1148839797024,586.3320709873232,607.1148839797024,4312334
2019-02-18,606.0963745117188,620.0898777511684,603.8709819219104,614.8093070160611,3851335
2019-02-19,596.7044677734375,610.2830776595587,595.0825598420936,608.7743432277674,2372030
2019-02-20,612.8479614257812,615.7522568694976,592.3668725350971,599.005295008536,3340240
2019-02-21,619.071533203125,633.6685218061318,610.3585541939505,614.0549723216564,14193982
2019-02-22,623.1073608398438,625.9362380833661,617.1478410296539,622.2775752655801,4789937
2019-02-25,626.615234375,628.3125608493334,620.4671222841322,626.2757598715478,2881535
2019-02-26,628.6141967773438,632.4614972346436,619.0337238509852,622.3529580443904,3319590
2019-02-27,622.8056030273438,632.1220664874489,619.0337666571614,630.9528064212773,3703224
2019-02-28,626.2380981445312,632.4616290217832,622.3530877251956,628.3880267576823,6409662
2019-03-01,627.4827880859375,631.0283240404775,625.4459869169098,626.879303380319,3820707
2019-03-05,611.0374755859375,622.1266834255263,609.5664502324238,620.4670662585601,4927644
2019-03-06,621.2591552734375,625.8985323956821,612.5462225237109,612.5462225237109,3999053
2019-03-07,609.71728515625,622.6924101145246,608.208550766751,621.2590940273328,2306250
2019-03-08,612.0557861328125,613.6776939685814,605.4550733826894,611.1882915114044,1437045
2019-03-11,608.8875732421875,614.3567360650599,605.7569305884767,612.5462361616975,2699806
2019-03-12,607.0393676757812,613.8663824439926,604.3613730039655,611.7918723957948,2793702
2019-03-13,595.9124145507812,615.5636720795399,594.4413892140655,610.2076830558208,4815576
2019-03-14,594.781005859375,599.7221032879404,584.634754777552,597.5344193367606,3112666
2019-03-15,602.9657592773438,609.1515801981577,593.6870509175853,598.9676218914393,3854238
2019-03-18,594.89404296875,607.7937516111167,590.1038289616237,607.227976127932,3379301
2019-03-19,599.4580688476562,601.5702883450477,590.8582621275734,598.5905279262425,2413153
2019-03-20,595.8369750976562,608.170907697732,593.9133477506131,601.2307195433517,3331375
2019-03-22,595.0071411132812,601.9850378553388,590.8204122766309,599.3447526015873,2815749
2019-03-25,595.6483154296875,600.0613911215537,593.2343772534988,597.4588151047484,1861646
2019-03-26,581.4287109375,597.3836008906171,579.4673739885534,596.1011670195666,3169827
2019-03-27,577.0533447265625,583.1259930131323,574.5261863419497,581.6172582317271,3893738
2019-03-28,582.1452026367188,589.9151759243243,579.3917438204147,580.8627691326467,3908706
2019-04-01,592.5554809570312,599.5710872454553,587.6520937817025,590.5563893068432,3433947
2019-04-02,597.79833984375,598.9675998792621,592.2160037450864,596.666788962366,2596840
2019-04-03,586.6714477539062,598.4772681585412,585.5776059802052,597.798365226638,1467406
2019-04-04,584.2574462890625,589.7266089560679,578.7882836220571,586.8223134052414,1751584
2019-04-05,586.3320922851562,593.7625931462183,584.2575818267655,587.6522353041321,1367411
2019-04-08,593.8002319335938,595.9501602972427,583.4276816752556,588.1801864032182,1368825
2019-04-09,595.5729370117188,601.7587575990191,593.9133198722593,596.2141307496606,2128462
2019-04-10,596.1387939453125,602.7017990505439,592.9327327314338,592.9704418900702,2497013
2019-04-11,589.1231689453125,600.2877960951412,587.3503781139971,596.2519493422097,1854222
2019-04-12,592.4422607421875,593.196627940455,584.2951042094828,587.6520474503569,3162714
2019-04-15,601.3816528320312,603.0412701891012,592.1783620727606,592.4423722246663,3317405
2019-04-16,602.0604858398438,607.0393373324017,599.8351392791714,602.7394347843045,1868910
2019-04-18,603.7578735351562,610.2831693502003,602.0605470443801,606.511332704031,6307643
2019-04-22,607.5296020507812,611.6409124719439,602.588506132321,604.021822219929,1833972
2019-04-23,607.2279663085938,609.4910682047364,603.5315481277237,608.3972264130156,1214892
2019-04-24,617.6382446289062,618.5812037810115,608.0200612774332,608.7744285991174,2710117
2019-04-25,615.94091796875,623.861774844037,613.6401068468949,618.5812035938457,5447101
2019-04-26,621.032958984375,623.7486631937965,615.9409790595107,615.9409790595107,1996703
2019-04-30,630.7265014648438,632.1598177982638,620.9197262484029,623.069700748533,2783771
2019-05-02,631.4053955078125,638.5718844651891,625.4458757471405,629.8212426817723,3241791
2019-05-03,616.619873046875,629.48182679576,613.3006383826147,626.1248829736411,2329144
2019-05-06,618.6942749023438,622.7301209882493,611.0374294372888,611.0374294372888,1247845
2019-05-07,614.5452880859375,621.8249042977876,610.8111610539191,620.0898688611402,1810222
2019-05-08,605.2288208007812,614.1303449264989,603.1920200665515,613.3005593887751,1270071
2019-05-09,610.7734985351562,614.62075332073,602.890351097419,604.2482030192142,2024710
2019-05-10,609.8306274414062,613.6024644591216,603.7956882130616,611.3393622484924,1429055
2019-05-13,616.5443115234375,622.8810145045957,610.4339555396155,612.2444092178603,3719275
2019-05-14,595.9879760742188,617.6760395852378,593.3853992443097,617.6760395852378,2701861
2019-05-15,596.1764526367188,602.2868552352016,592.5932080539461,596.7045189417123,1662095
2019-05-16,595.4598999023438,599.5335023556547,589.424960589547,594.9318795468204,1233818
2019-05-17,592.0651245117188,598.2132360866514,585.8038854737471,598.2132360866514,1608854
2019-05-20,587.9161376953125,595.9501678692006,575.5822507394938,595.9501678692006,3754370
2019-05-21,583.1636352539062,592.0274510775066,579.4295078898467,588.4064972262381,1669926
2019-05-22,565.7376098632812,578.8635696385489,561.39999908421,571.8102557453984,5888740
2019-05-23,560.72119140625,574.3375116354395,558.6466813811043,573.3191342220833,3764857
2019-05-24,555.1011962890625,565.7000943948913,552.2346095665704,565.7000943948913,3591853
2019-05-27,547.70849609375,556.7231966298808,542.7673983403783,555.9688291547725,3672605
2019-05-28,556.0818481445312,563.3237554756934,548.4250019830318,548.4250019830318,5583587
2019-05-29,557.3642578125,564.4553288067277,553.4415847105961,555.9309875769353,2058402
2019-05-30,554.4600219726562,562.7580631178253,552.9135780587336,559.3634099220743,3367426
2019-05-31,573.583251953125,576.1858287723877,556.836331988339,558.2318933044266,5503111
2019-06-03,571.5086669921875,576.261217973941,565.0211264144793,576.261217973941,2826290
2019-06-04,564.4931030273438,575.3560117508069,563.3615519537717,570.5280420863942,2332547
2019-06-06,556.72314453125,565.2474869936705,553.630256589916,564.4931195891565,3225967
2019-06-07,566.3414306640625,567.8124565756742,550.235702101981,556.7986628657336,1569343
2019-06-10,579.5050659179688,580.3725608321926,568.8307484218603,569.8868812355363,2539412
2019-06-11,574.9032592773438,581.4285543669411,572.7533310452156,580.8627789329155,2069998
2019-06-12,564.22900390625,576.5628902464932,560.7211777140366,574.8278547491423,3056823
2019-06-13,561.32470703125,567.812293639477,557.1002684365795,561.2492887160666,2385606
2019-06-14,558.42041015625,563.2483794346165,554.6862827034586,561.2492876139818,1348083
2019-06-17,555.6292114257812,560.6080631044679,553.7432932239132,558.2317877529441,1333739
2019-06-18,559.401123046875,561.5510977118462,555.2521024448858,556.6477097276771,1645116
2019-06-19,554.9125366210938,561.4755409749108,550.3486239183387,559.7405054899283,1945921
2019-06-20,547.3311767578125,551.4424876871843,541.5225394299506,544.6531820932245,4139025
2019-06-21,558.5712890625,561.2492838291748,548.0478557821176,549.9337740745543,7280809
2019-06-24,549.3679809570312,556.7230620615023,548.4250218410734,556.7230620615023,1242655
2019-06-25,546.4259033203125,549.2925357266846,543.1444241747593,548.4249949653472,1451025
2019-06-26,541.7111206054688,551.329303341214,540.4287330750423,544.1251050889073,2781711
2019-06-27,529.528076171875,542.3900279886119,521.7581030601772,539.7497427341472,8567309
2019-06-28,533.035888671875,539.3725920869896,531.1499705177247,533.262235684712,3421172
2019-07-01,531.5648803710938,536.5059764570503,529.8297989295135,535.3744256262395,2073961
2019-07-02,536.8455810546875,537.8639586321195,528.245774238628,529.6036263561815,2432132
2019-07-03,528.8869018554688,538.2033657461899,526.9255652694887,537.8638912485977,2040614
2019-07-04,528.509765625,533.1491434082291,525.7940614864318,529.1132963606202,2838357
2019-07-05,513.799560546875,530.3202231856177,511.6873412705106,528.4343048954839,2813644
2019-07-08,513.2338256835938,517.3074279298895,502.0314885706766,512.9698155192488,2293102
2019-07-09,509.8768310546875,515.9871872230549,504.3699134210396,513.7240855247082,2180104
2019-07-10,509.08477783203125,516.5907420271762,503.91738000217424,506.218191166353,2468773
2019-07-11,502.1822509765625,510.4802901224957,496.6753796610271,510.4802901224957,3449721
2019-07-12,502.2576599121094,507.6136945230768,500.1454410138473,501.65417537588,1792810
2019-07-15,511.385498046875,513.4977168113899,502.2953372568881,509.1978149432856,1883164
2019-07-16,509.9145202636719,514.1766673364349,505.8032097972282,512.9696982283597,2015642
2019-07-17,521.116943359375,524.6624790257913,507.7269232260784,509.9146069044642,3271680
2019-07-18,518.4011840820312,523.7194639928555,513.0451489743195,518.5143115439245,2984256
2019-07-19,509.23565673828125,521.6450085212331,501.2016723022142,518.4012382118992,2005513
2019-07-22,506.8970947265625,512.2153747551259,505.42606934600053,506.18043661368114,1286218
2019-07-23,506.33135986328125,509.61283932356537,502.22004871627485,507.8778036774045,1462269
2019-07-24,498.2218933105469,512.8188821723119,491.43258759941403,505.69010196703726,3060459
2019-07-25,502.88470458984375,506.85385172562354,494.40695478066635,499.26238389972644,2751865
2019-07-26,495.94830322265625,501.72858647699957,494.06006795155764,500.72668012092646,1637706
2019-07-29,498.10638427734375,504.5417960496997,494.0216592175695,494.0216592175695,2524484
2019-07-30,493.44354248046875,501.18911308327694,487.97155949780597,497.10438875424023,2882913
2019-07-31,490.36065673828125,493.0966478511662,467.93317832666906,484.77305004067415,9651731
2019-08-01,482.1912841796875,488.2027698085738,477.0660804924566,487.1237647038718,3982949
2019-08-02,490.28363037109375,492.5571707537991,476.6036270619647,481.6902573636997,2172845
2019-08-05,499.45501708984375,501.7671304753751,481.9214905828979,486.43013990872436,3140140
2019-08-06,516.8345336914062,523.9635519000162,501.03508793178435,501.03508793178435,7226321
2019-08-07,519.8016357421875,522.9229794169131,516.603193396934,517.7592500942447,3239880
2019-08-08,524.233154296875,527.0847700502111,512.5184377405077,519.4547774994018,2708834
2019-08-09,511.2467346191406,524.6570097248648,508.47221765109,523.3082770520501,3743407
2019-08-13,492.5957946777344,510.5917257425968,490.1680567128929,509.51272063820744,2716622
2019-08-14,507.9712829589844,510.59169689871754,492.4030907384275,492.51866818161005,2627043
2019-08-16,507.8942565917969,509.4356655647614,497.9907227565276,506.2757959862117,3067796
2019-08-19,516.6417236328125,519.7631143743138,509.82100787634437,510.2063601120785,2871173
2019-08-20,515.5242309570312,524.0790316278711,512.248737009357,519.4548048782135,3913608
2019-08-21,518.5299072265625,520.2254663025241,515.8324418457346,516.3719443299128,2106655
2019-08-22,526.1985473632812,527.1619280798013,514.907706549636,518.4144499898284,3353812
2019-08-23,527.0462036132812,535.1771729505746,523.6166065450184,527.3545042001222,7015461
2019-08-26,532.6724853515625,534.0982699980095,516.5262151117175,531.6320059521972,1767289
2019-08-27,521.265869140625,531.6703778822747,518.8381786582763,531.6703778822747,3160545
2019-08-28,531.940185546875,534.4449748433851,520.9961736741103,520.9961736741103,2749273
2019-08-29,532.6724853515625,534.8689745723212,524.849815106269,527.2775533313805,2789979
2019-08-30,534.5992431640625,540.0327009681196,520.8806642022334,534.0982663781257,3067856
2019-09-03,542.9613647460938,552.5181201453049,537.9517850855549,537.9517850855549,5044667
2019-09-04,541.9978637695312,547.0074423184142,533.4815896444428,543.346596455769,2027768
2019-09-05,535.9864501953125,547.2001911840996,532.5953316029327,547.2001911840996,2019839
2019-09-06,556.2560424804688,566.04400026327,552.0942188436633,552.0942188436633,10663234
2019-09-09,549.4352416992188,557.2193381183159,547.2001798948884,557.2193381183159,1754023
2019-09-11,542.3447265625,557.4119890322332,540.4564912669942,553.3657907018921,2702792
2019-09-12,543.7704467773438,546.5835364814362,534.8688209094139,540.3408029989471,3282740
2019-09-13,546.8148193359375,548.2020779685225,540.2638313664442,543.5393253511909,1073430
2019-09-16,554.4833984375,557.4120663222953,547.2772826640427,547.2772826640427,2500556
2019-09-17,544.0787353515625,554.8300702456747,538.8379552753105,554.8300702456747,2948429
2019-09-18,552.4024047851562,553.4428369582614,540.9574627207367,547.200149839499,1666369
2019-09-19,542.0748901367188,551.5931171601671,539.4930493593803,551.5931171601671,1570183
2019-09-20,540.148193359375,551.9785348557161,536.448821418395,540.4950197688563,3394351
2019-09-23,526.2368774414062,543.3079962042868,520.302445027038,541.8051134375228,2256769
2019-09-24,542.4603271484375,544.040308957841,526.930660165852,528.7417968702006,3128057
2019-09-25,544.0404052734375,547.1617495488795,537.9518200131322,542.6145735149729,3512690
2019-09-26,550.0516967773438,551.8243073510461,540.8802963167982,543.6933859733687,3300104
2019-09-27,542.8071899414062,553.866828147934,541.0731047525148,547.2002151612786,2434719
2019-09-30,550.6683959960938,552.2868567204313,536.5645122666294,542.9613505657775,2136186
2019-10-01,543.30810546875,551.0536756981726,539.493109075134,551.0536756981726,1709480
2019-10-03,541.4197998046875,553.173041010412,533.7512822001536,543.5392367434247,2111319
2019-10-04,545.7743530273438,550.1288047698289,541.4583800577236,543.3466152919284,2273166
2019-10-07,543.1925048828125,552.4409585881046,540.0326353495316,545.7743930995807,2578403
2019-10-09,548.0093994140625,550.2059353592799,540.9189089411968,541.6510875896026,1115851
2019-10-10,548.2020263671875,554.0208351373034,542.1905414984582,545.6972370852117,1507268
2019-10-11,556.0247192382812,557.9129544957422,537.56633877138,540.495006191082,3785425
2019-10-14,555.485107421875,561.5736900237216,552.9417927168204,555.6777834910466,1871571
2019-10-15,555.2926025390625,561.8435909104463,554.1365457676418,557.9900683390441,1482881
2019-10-16,560.8416748046875,562.421609623777,553.1346297944268,554.9842923728476,2114943
2019-10-17,558.2598266601562,563.3850307766847,551.7859366098852,558.7608034378884,2177984
2019-10-18,565.8512573242188,568.5872489106239,556.9881555113117,558.3368883958846,2907649
2019-10-22,553.0960693359375,564.1556594169508,550.5141811951669,560.6104377503026,2825230
2019-10-23,559.993896484375,566.0054294912509,552.0941749982353,553.0961285260958,2143330
2019-10-24,559.8010864257812,574.174741385207,558.298250573667,562.6141761224176,2888332
2019-10-25,555.639404296875,563.3079232813421,540.4179908159748,563.3079232813421,2785014
2019-10-27,560.1095581054688,568.3175807657688,553.7512452683582,557.2194159067822,194159
2019-10-29,581.689208984375,588.0475209739359,558.8378022301075,561.0728640485261,3292048
2019-10-30,581.41943359375,589.4347313422567,574.5986712488431,587.2767683730458,2232609
2019-10-31,569.5505981445312,585.234415150211,567.7008886173448,581.8433437371256,4178139
2019-11-01,586.0822143554688,588.8182057727081,570.3212987850839,571.0149516131465,4136257
2019-11-04,593.0570678710938,599.2997550326578,580.6872709901777,586.0822020819226,4936914
2019-11-05,595.9473266601562,597.7199378164067,589.434863439948,594.9839459187075,3303839
2019-11-06,594.9067993164062,604.2323045890623,591.5927324627538,604.2323045890623,9486591
2019-11-07,593.2112426757812,597.2959669774197,589.6274480578895,597.2959669774197,2060900
2019-11-08,594.4827270507812,599.4923048664734,593.6734969654883,594.9837036483729,2368591
2019-11-11,593.7506713867188,596.910540519214,591.9394878751151,593.4038450087469,1345883
2019-11-13,583.4617919921875,596.371091474987,574.9455172637868,591.9010150919413,2434874
2019-11-14,584.4636840820312,588.4328307017429,576.718113989648,582.652547492492,2564424
2019-11-15,579.5311889648438,588.2401393666484,577.4888034677548,584.4636689516753,1787358
2019-11-18,579.41552734375,584.425105674272,576.1015080100323,579.5696776234705,2216434
2019-11-19,588.1630859375,590.3595746773891,579.5697129992122,581.1111218103804,2725437
2019-11-20,594.5214233398438,595.7545316267965,582.6140303436882,589.511844483991,2343750
2019-11-21,589.7045288085938,601.149471076524,587.8933451268233,597.2959488260335,2102137
2019-11-22,581.2653198242188,589.5889186799217,572.4792700631575,589.5889186799217,1819912
2019-11-25,588.4713745117188,590.1284078984054,578.6834185700395,581.2653067065032,1837243
2019-11-26,588.5097045898438,591.7851974191718,582.8835733733611,590.3594134741907,2968850
2019-11-27,591.5540771484375,593.0954857512814,583.6928838659218,587.9317575237427,1369944
2019-11-28,590.55224609375,595.060848014623,587.2767523960032,589.7044900703586,1096867
2019-11-29,586.8528442382812,595.2534935369315,584.5022053486609,590.3595396677209,1236902
2019-12-02,576.8336791992188,585.6582533999482,564.3867851515452,584.2709479402238,4333335
2019-12-03,575.1382446289062,583.1921162230136,572.8646569004161,576.5255033486403,1838085
2019-12-04,584.8106079101562,586.8915196201727,573.0573634266268,575.6392519142656,1870954
2019-12-05,589.511962890625,590.9377475737948,579.6469064532898,581.8819685923901,2475102
2019-12-06,583.8087158203125,594.4829553727466,582.305832490384,588.2017413077673,1092422
2019-12-09,578.298095703125,585.3115347915954,575.3309022303557,585.3115347915954,1435556
2019-12-10,574.13623046875,577.9897523229733,568.2403232157636,577.9897523229733,1582428
2019-12-11,584.1553955078125,585.7353300822588,571.0919468302023,571.0919468302023,1644499
2019-12-12,582.9993896484375,590.3596077257782,579.9550976679479,586.5060854821373,1184008
2019-12-13,587.1611328125,588.7796402889107,576.6795717083996,584.9261182594527,2019424
2019-12-16,595.9857788085938,604.2323263440067,584.9647138968126,587.8163299470112,5810893
2019-12-17,599.1071166992188,602.690911395025,595.4462703704127,597.7198580247376,2421510
2019-12-18,606.2745971679688,611.9392553377537,601.2264460315597,601.2264460315597,5676894
2019-12-19,603.268798828125,608.8564050772517,599.6850049695585,608.8564050772517,2099931
2019-12-20,603.7312622070312,607.0838545115569,599.6080125562492,604.2707646854672,2092547
2019-12-23,598.0281372070312,606.8527127124721,597.2574327443739,600.070475809033,1887292
2019-12-24,595.0223999023438,599.5695752690239,591.5927554688378,598.0666920857944,1413973
2019-12-26,593.7506713867188,600.4172360296811,591.9394878751151,594.2130751973066,1276520
2019-12-27,601.3035888671875,602.2284435653196,592.7487417095464,594.2130989015941,1363474
2019-12-30,603.2302856445312,604.8872717221549,600.4557218456249,603.2302856445312,1055528
2019-12-31,587.5081176757812,601.8817775387918,585.7355064721046,601.18812457036,3004887
2020-01-01,587.3538818359375,590.9762024013642,586.0051489581774,590.3596482081164,746371
2020-01-02,590.398193359375,592.7874056165473,586.5061449069685,587.3539010704376,1133488
2020-01-03,597.373046875,601.0724661549945,588.4714191926627,590.3596546501452,2121704
2020-01-06,593.7506713867188,600.2245599352592,592.0165865369212,597.1802682353799,1734439
2020-01-07,598.9144287109375,599.9934337919727,586.1978048733426,593.4424457544239,1937143
2020-01-08,593.2882080078125,604.9258720891875,591.2072968239848,593.5194099082242,2596664
2020-01-09,596.2554931640625,598.4134561313801,587.430918149787,593.8277554257897,1678891
2020-01-10,598.2594604492188,602.6139603622389,595.3307923052765,600.3788981512932,1105725
2020-01-13,605.6581420898438,607.8546782461663,597.3345424913258,601.072487722932,1393509
2020-01-14,613.6734008789062,614.8679833344565,604.0010697141968,605.6580560105842,1628535
2020-01-15,612.8257446289062,619.376733334697,607.700540531288,613.5964491825287,1759644
2020-01-16,603.3460083007812,613.2495895023427,601.9972754050101,611.1686779122819,1110008
2020-01-17,599.954833984375,606.3516709299932,597.6812466554937,603.8468816951378,989312
2020-01-20,599.76220703125,605.3498142437512,596.9491169978953,599.9934089561679,1620105
2020-01-21,600.3017578125,603.7699280853003,597.2959914267118,599.030076563112,976954
2020-01-22,600.18603515625,609.2032857987126,598.2207483977796,601.149415630016,1192201
2020-01-23,592.6331176757812,601.4962176758844,591.0531831707314,599.0299543548001,2018777
2020-01-24,606.775634765625,607.8931656826592,588.2787270301146,589.6659857022642,2364265
2020-01-27,610.0125732421875,613.673419386092,600.8797443097367,605.7736987597717,1175606
2020-01-28,612.1320190429688,613.2880757361565,604.6947021674333,610.7832862342495,1506685
2020-01-29,619.7620239257812,622.1126631723529,611.5925282464603,614.1744164681605,2565136
2020-01-30,609.8970336914062,622.6907575894546,604.2323740011744,620.8795736525245,2493688
2020-01-31,613.943115234375,618.490290077136,603.4615540565701,614.1357913372028,3081521
2020-02-03,611.2840576171875,630.9755406020031,609.2416726625763,622.7289962193064,3383074
2020-02-04,625.1182861328125,626.582643229447,612.1704623227993,612.1704623227993,1779834
2020-02-05,627.3919067382812,628.8947897246801,621.9584501321285,624.2705633296457,1613898
2020-02-06,630.205078125,636.5633902405866,624.309169892701,626.3515556307051,1553656
2020-02-07,635.4073486328125,636.1780531500359,627.5461531491202,630.2050931415548,1397438
2020-02-10,627.0836791992188,637.4496161657702,625.4266458562782,637.3725645386841,1098971
2020-02-11,631.9391479492188,633.4034582375605,625.0798592593982,626.5827424038048,1143705
2020-02-12,633.1337280273438,636.9487245975429,629.5114075764469,631.97767131153,1394424
2020-02-13,638.143310546875,639.6847195095486,627.6231755606002,634.13563783591,1737974
2020-02-14,642.8831176757812,645.8503109086793,635.8696791542851,637.3725621974675,2143044
2020-02-17,642.189453125,645.0795946782177,637.7193769307027,644.2703644513297,793328
2020-02-18,646.466796875,647.3916514994398,636.1008139995266,636.1008139995266,1507814
2020-02-19,648.08544921875,651.1296944385077,644.347504075391,646.621091815773,881874
2020-02-20,639.3764038085938,651.9389241899019,637.3340652053014,647.5073735268213,1066232
2020-02-24,632.0546875,650.3974906610384,628.7021420281653,638.8754499648597,2917544
2020-02-25,633.5960693359375,637.218389429164,623.5383863094737,633.5190177118519,2479975
2020-02-26,625.38818359375,636.2165725433791,622.8833939380673,631.9776977414548,2212784
2020-02-27,623.6155395507812,631.7464622860682,616.717725149162,621.9585061273517,1907768
2020-02-28,573.71240234375,622.7291857743159,564.1941743123926,608.7023555976238,5959364
2020-03-02,581.6415405273438,589.3754275004973,573.7124015403122,579.6494931798919,3784522
2020-03-03,587.6958618164062,591.875304105123,579.7276243289443,585.8991140693786,2168900
2020-03-04,602.5386352539062,605.3118815054252,584.3367124373634,589.023905317877,2685540
2020-03-05,590.6644287109375,612.4598955984779,587.7349330368377,601.4840613423025,2126955
2020-03-06,578.3995971679688,585.703786706207,571.3688081311486,582.8523920801497,2004893
2020-03-09,550.5888671875,570.2750851422259,544.143977526646,558.5571039406733,3429034
2020-03-11,553.5183715820312,557.6978135542712,520.2783738969546,531.9963552910301,4626185
2020-03-12,507.66204833984375,539.0272009145741,497.70176310555274,528.0904171279016,3796919
2020-03-13,512.4273071289062,523.4031395490033,410.8324236824146,471.2581252730392,4553639
2020-03-16,471.3752746582031,495.90488314862745,461.68839252785676,495.90488314862745,6499354
2020-03-17,465.1648254394531,482.74179807833974,455.6732411422184,468.71927037031,3333465
2020-03-18,452.8218688964844,477.5077300182395,445.79108023363915,468.7192441896829,3548257
2020-03-19,414.0353698730469,451.2595122933036,408.5669781954783,429.3859455830294,4931298
2020-03-20,450.243896484375,465.16482174776684,410.2074591246521,410.2074591246521,6315992
2020-03-23,380.6000061035156,423.40968419443806,368.25705266599715,421.847286835787,2912669
2020-03-24,393.33355712890625,417.1210677863248,380.4437781961814,380.4437781961814,4082147
2020-03-25,411.4573974609375,424.0737288582534,396.1068227161699,397.63016983811144,3664272
2020-03-26,402.4736022949219,441.29918939336966,400.7549555226449,421.33952334713837,5979874
2020-03-27,393.8023376464844,420.9099229274708,389.03701998305036,410.12938853634824,4672139
2020-03-30,411.5354919433594,415.8711354695256,379.38916815052124,385.9121824807547,4138337
2020-03-31,441.7679748535156,449.384664075128,412.3558174024355,419.5038063595719,3652911
2020-04-01,399.34881591796875,437.70565598765216,398.4113678692176,437.47130589561147,4114437
2020-04-03,406.9264221191406,416.4961061992416,398.489461850468,401.34083233892943,5826085
2020-04-07,429.5421447753906,435.63553361189145,418.52726067357685,419.11315977857953,3531972
2020-04-08,436.6119689941406,445.1270061473731,419.50369852936836,421.80824421196877,4113059
2020-04-09,425.9486083984375,455.204510432531,419.93336862909143,445.2832770052442,5917001
2020-04-13,411.5745544433594,430.4405238817365,407.590459773677,430.4405238817365,3822640
2020-04-15,420.7926940917969,428.565582924856,412.4729089581906,412.4729089581906,6316254
2020-04-16,404.38763427734375,414.03542173033037,397.1224701201606,411.6918250035549,7001494
2020-04-17,398.294189453125,415.59773708434875,390.5993769589744,413.3322416257515,10839705
2020-04-20,410.01214599609375,415.51963534325387,399.97376110314264,404.62190321457996,4549088
2020-04-21,400.7159423828125,406.2233845019611,395.208476423368,399.1925951548118,2950307
2020-04-22,404.895263671875,407.70760750991576,396.10677857909104,399.9737215560326,2268496
2020-04-23,409.11383056640625,412.35577705309726,397.86454851376817,405.44218658529576,6094748
2020-04-24,393.2945251464844,416.0664403856677,392.23990205272486,407.7857526042535,4817852
2020-04-27,399.7393798828125,405.4421207933067,395.6771371518494,399.7393798828125,4032316
2020-04-28,406.535888671875,412.8635800987869,402.7470457523008,404.66099241470505,4972775
2020-04-29,413.019775390625,419.4256144709204,407.8638351979348,410.87147889715067,6361689
2020-04-30,426.7298583984375,431.9248496598728,415.8711756525378,422.62856456485986,8931956
2020-05-04,392.5133361816406,406.02806552693886,389.0369920777596,402.31737132539394,14814506
2020-05-05,390.5603332519531,401.5361663965184,389.19323540916344,395.2865762580512,5717678
2020-05-06,395.9505920410156,397.7082892322244,382.7873883076824,393.528871142847,3781531
2020-05-07,403.3719482421875,410.7933362338347,395.5599847228524,396.8489578691324,6799899
2020-05-08,418.8787841796875,420.75363259323785,405.5984052745389,411.6136452559298,6016020
2020-05-11,414.1915588378906,424.81584204876526,411.84796274602843,423.0190945811212,4272574
2020-05-12,416.5742492675781,421.4567416406158,410.1293593351683,410.1293593351683,5691969
2020-05-13,425.5580749511719,429.4640692141473,415.1290893412651,423.4097781065354,3296409
2020-05-14,402.8642272949219,417.9413544715145,401.49712940646367,415.91025668089844,6148398
2020-05-15,398.8410339355469,406.22337206006415,396.3802625074728,406.22337206006415,3628530
2020-05-18,393.7632141113281,402.3173498233001,391.77116686676703,399.58315424197673,3283979
2020-05-19,400.4425048828125,405.989045235376,393.1773652328563,398.41140697829763,3041594
2020-05-20,405.598388671875,409.97308247167484,398.95819949110853,402.31734448173194,2772920
2020-05-21,406.2624206542969,407.39516843438395,398.4504327648552,406.1843198476385,2540109
2020-05-22,413.761962890625,414.8165621968553,402.3954822226792,403.9578798204075,4254552
2020-05-26,406.574951171875,422.43327829673393,405.3250044030475,416.3789872069518,2719781
2020-05-27,409.15283203125,410.9105291616945,400.0127974168213,407.5123337817363,2265885
2020-05-28,413.801025390625,415.48057424892477,403.996989714408,412.4729778576165,3387672
2020-05-29,414.3869323730469,418.4491758591175,409.6997393538715,413.9572825490744,4081245
2020-06-01,424.62060546875,433.4090921191129,419.54281318187367,420.6755609973721,4913055
2020-06-02,427.7063293457031,428.37032923226894,420.284940982627,424.65963505073086,3878973
2020-06-03,432.1982421875,441.76792762228877,429.6593460517397,432.78414129575236,4942023
2020-06-04,454.73583984375,457.00133562249255,434.07316802717463,435.1277674217579,10915145
2020-06-05,452.9781494140625,463.6805835569977,449.1893539357125,459.34493932904167,6207096
2020-06-08,460.9072570800781,468.289594716885,453.1733704737877,457.6262128325432,4791151
2020-06-09,457.9387512207031,472.89867979975844,457.0013031140944,464.03209239277277,5665593
2020-06-10,461.2978210449219,466.2975116746278,455.04823159808126,462.07901972577696,3438670
2020-06-11,446.72845458984375,461.68842866886035,441.18196292849217,461.68842866886035,3378322
2020-06-12,433.3309326171875,438.9555728477046,429.65928915555935,429.65928915555935,3603893
2020-06-15,428.7218933105469,437.8619288366541,424.5034483850604,435.127733027683,3944724
2020-06-16,416.6133117675781,435.08868251585506,414.9337629508381,435.08868251585506,4262594
2020-06-17,418.3710021972656,425.7533402944526,412.7854594604723,414.8165572410171,6139224
2020-06-18,418.6444091796875,421.8473048293054,414.8165164154837,417.9803616655864,2658663
2020-06-19,420.94891357421875,424.15185695263716,415.51962058406235,420.67551309291093,5570067
2020-06-22,428.48748779296875,432.19818162526883,420.5192515011758,423.3315954350594,4352621
2020-06-23,436.53387451171875,437.5494234030563,425.40179174922474,428.0969371120519,4438315
2020-06-24,438.2134704589844,442.1585148094168,433.09662792442805,436.53387398950406,3500477
2020-06-25,432.9013671875,441.84605598684783,431.2608209737259,435.9089637251941,2386979
2020-06-26,438.13531494140625,449.1502463037803,431.690425032139,433.9559205573293,5288935
2020-06-29,423.0582275390625,436.6120561903592,421.2224293144176,436.6120561903592,3304988
2020-06-30,424.5035095214844,428.8001035543715,423.0582629202455,427.31580654349864,2356985
2020-07-01,426.4564208984375,427.589120952626,418.76158452677976,424.97212418657995,3662491
2020-07-02,438.13531494140625,439.42431199549543,423.80033645787785,429.5812264790321,5966748
2020-07-03,443.095947265625,447.0409914769227,438.2915558079233,442.0803984113189,4007490
2020-07-06,454.30621337890625,459.3449558490845,447.66602269061167,449.1503196814105,4909636
2020-07-07,458.446533203125,462.8603258467283,450.82984429678646,456.1029366165593,5126702
2020-07-08,455.79046630859375,463.95400360762665,450.0486263071836,460.86825869700937,3391014
2020-07-09,450.9860534667969,459.1105399827024,446.88475980532917,455.7904451138952,2498146
2020-07-10,444.50201416015625,446.8456100168882,438.5258256532579,446.8456100168882,3959401
2020-07-13,468.7583312988281,470.1254292014382,445.6739162508739,446.8066640491547,11008252
2020-07-14,467.3912048339844,471.6877979796229,462.8993119999077,464.7742080811488,5525588
2020-07-15,480.6716003417969,492.15523195690935,470.2816660921578,471.8440636539258,11907668
2020-07-16,468.25054931640625,499.14695030941283,459.42296530647207,489.8116157208798,13009798
2020-07-17,468.4849548339844,472.11750083899346,461.0635658389373,472.11750083899346,3307397
2020-07-20,486.5695495605469,488.9912939315373,467.5473819165422,471.7267755314503,5461610
2020-07-21,484.8901062011719,493.56139383585037,480.71066399984477,492.155245527604,4218944
2020-07-22,482.74169921875,489.38188752250016,477.7420089531061,482.78074961383254,2879564
2020-07-23,498.0993957519531,499.7926449246189,478.0556998747643,482.74175794708015,5038587
2020-07-24,513.968994140625,516.174232163265,492.42893902638167,498.1388307623933,12276883
2020-07-27,523.38037109375,529.0508926948572,506.2506994657438,517.4342188321864,11521949
2020-07-28,538.9743041992188,553.465632773209,525.309963798976,527.6726772793312,23296517
2020-07-29,532.7131958007812,547.5588941637435,528.4602919581041,541.0220626103591,5436716
2020-07-30,531.4137573242188,541.3371368993451,527.3183767757633,535.5485068254446,5126995
2020-07-31,536.8479614257812,539.8407225598422,530.429236514826,534.3277238135857,3114793
2020-08-03,530.5079345703125,541.0220388027745,527.3182808634311,540.2344676124567,3092967
2020-08-04,514.00830078125,532.9100072966603,512.0787419605634,531.6104957459157,5559046
2020-08-05,510.7792663574219,520.9783224963892,506.05383939600335,515.8591099548526,5139353
2020-08-06,520.0726928710938,525.1919063618833,511.2519326964403,516.6467769166112,8644001
2020-08-07,521.7265014648438,526.0975115954817,515.3865635213484,518.0249075627667,3823897
2020-08-10,537.0054321289062,541.3370739598984,521.9234716863541,526.0975896550397,5362182
2020-08-11,531.4529418945312,546.534946927596,529.3264904177447,543.5027695036248,4331864
2020-08-12,545.0387573242188,546.5745311105559,529.7599015787034,531.6106750715061,4355435
2020-08-13,548.9765625,555.8678113429764,538.935028471663,548.0708843509311,7108877
2020-08-14,548.0708618164062,559.9631686743628,544.9993146591547,544.9993146591547,6476545
2020-08-17,567.8782958984375,570.5166886864425,550.2367270098002,555.0802618306535,7657241
2020-08-18,561.5776977539062,573.3518981330458,559.3331388090846,570.9891842671128,4752247
2020-08-19,572.3279418945312,574.139345854653,558.3879234718094,563.1133501866625,6506907
2020-08-20,572.0918579101562,576.5022383197587,564.058620385235,567.051381953861,6610632
2020-08-21,576.9747314453125,580.164433756016,574.9270652353036,575.7146365575437,4207706
2020-08-24,569.0202026367188,578.8254738739154,566.4605961888719,578.8254738739154,2385907
2020-08-25,581.7000732421875,583.0783228520203,562.6014715059331,572.5642664848228,4585917
2020-08-26,577.1715087890625,583.5902330088063,572.5642367036468,583.5508640644795,3157074
2020-08-27,579.3372802734375,587.8036695741966,576.8564601572556,578.8647568426005,3207076
2020-08-28,592.5292358398438,597.2546635402571,582.8027497176408,583.5903210010431,4223327
2020-08-31,583.5902099609375,610.1313667754956,576.580807644527,598.3177997722378,7224350
2020-09-01,573.233642578125,592.726028550093,569.1776799953718,582.0150801327017,3563888
2020-09-02,579.0223999023438,587.3312670805246,573.4700321338603,575.0451746536874,3467486
2020-09-03,598.19970703125,600.129266122848,577.3684387704284,582.7633304375303,4606227
2020-09-04,589.2608032226562,597.2940393733301,585.5985777795521,588.3157081338359,2954845
2020-09-07,588.3944702148438,592.1748507255176,578.1166748665948,590.4421843363813,3367905
2020-09-08,592.450439453125,605.6422571478273,586.7405482121344,589.497047431923,5237241
2020-09-09,593.3167724609375,598.5147714694403,586.5043100992227,592.2142015703098,3038259
2020-09-10,590.6784057617188,597.2940231340627,582.2513842256119,595.9157735206187,3737568
2020-09-11,602.610107421875,606.9023318959479,588.7094568712829,590.2058613406406,4917946
2020-09-14,622.7719116210938,627.3791838039467,606.4298096089057,606.5479645139143,9021887
2020-09-15,623.0869750976562,632.4984124969824,610.3676809696377,622.7719273893432,6339704
2020-09-16,623.7564697265625,625.5285051519221,617.4558993252841,623.7564697265625,4279003
2020-09-17,619.7791137695312,639.0746065604492,615.3293176327944,620.6060538466652,7591219
2020-09-18,633.71923828125,636.9876301927405,620.6061574772975,624.5440138064682,6281494
2020-09-21,620.0154418945312,653.6841114924877,617.6920971855611,635.5699734631778,10789179
2020-09-22,630.411376953125,638.7202435031625,608.0049666885837,624.5439618964338,9053623
2020-09-23,624.5833740234375,639.8622755948167,616.7470304240422,639.8622755948167,6091530
2020-09-24,592.1354370117188,620.5667885511151,588.7488901824124,620.5667885511151,5929066
2020-09-25,608.2806396484375,612.218495923936,589.6152393582024,594.6556665491197,6986586
2020-09-28,613.8330688476562,617.7709252090871,608.0050222049243,613.7936518284134,3604366
2020-09-29,604.9728393554688,622.1812509286576,601.7043996322715,618.2433949101219,7041805
2020-09-30,623.5595092773438,625.9615918684211,603.0039198002136,608.7925490008042,5433474
2020-10-01,647.7772216796875,650.0217800589137,628.3635750787417,628.6392538020223,10104719
2020-10-05,662.5443725585938,670.1838239719884,647.2654697318045,647.8167792693865,8551125
2020-10-06,667.3878173828125,673.3339700017015,655.6529879207438,673.3339700017015,4902535
2020-10-07,666.5609130859375,667.9785798019359,659.3940338863216,667.0728536299963,3943817
2020-10-08,677.5474853515625,699.0088002856658,675.4604505391387,678.8863659888806,11398839
2020-10-09,672.7039184570312,679.2407494022809,665.6945159790413,677.7049760425496,5306496
2020-10-12,674.8697509765625,681.0915343425881,668.1753960694971,678.098773527453,3343240
2020-10-13,683.769287109375,692.9838792465438,670.2230536151168,674.8697426623514,7327471
2020-10-14,668.5298461914062,688.179758782529,665.9702395911678,684.399426340699,5346616
2020-10-15,639.8228759765625,676.0117349453644,635.3337104253495,671.7982481618457,8893099
2020-10-16,647.9742431640625,652.345253968947,629.1119021933896,640.4529473726617,7978964
2020-10-19,649.076904296875,658.8821284986617,643.918273840757,652.1090345655304,4558879
2020-10-20,669.3174438476562,671.7195747459289,645.4934122443933,646.2809835370632,7382532
2020-10-21,666.2066040039062,675.1061503753039,656.7951170427065,670.3019364441678,4818496
2020-10-22,659.551513671875,672.5070695772059,652.7390035370215,665.3795117332894,3962610
2020-10-23,668.057373046875,675.3030388140763,656.4800650141178,661.5599096485412,7356677
2020-10-26,645.2177734375,673.137185026823,641.0830242027769,653.6841647276473,9770648
2020-10-27,652.6209106445312,656.637504638495,642.6581154842721,650.8488753996297,5479538
2020-10-28,633.4434814453125,658.7639137497796,630.8445062022056,653.6840700971668,6829067
2020-10-29,657.9453125,662.1584731123631,639.6201759589768,646.2875932545851,6477299
2020-10-30,665.348876953125,669.725664007017,656.6771912803233,659.9495330333765,6189261
2020-11-02,666.4533081054688,674.7568451683771,662.1583596457663,671.9753846965147,4433983
2020-11-03,661.0947875976562,674.9204507432453,657.9860730836572,671.6481091638841,4599741
2020-11-04,676.433837890625,683.9193386633755,664.7761218906811,667.5576319967876,5017595
2020-11-05,687.7644653320312,695.1272345697031,682.0787613232119,683.9194536326299,4269675
2020-11-06,696.3134155273438,698.644938969148,674.1841652783532,683.1013162051975,4123331
2020-11-09,713.9840087890625,717.4608716218938,699.6675147715218,702.7353349181377,4297119
2020-11-10,671.8934936523438,713.3704312346023,670.0936958807254,713.3704312346023,6889383
2020-11-11,685.1465454101562,687.7235344791145,664.6535154412976,670.8300504314366,5387431
2020-11-12,689.8505859375,693.7364919952564,682.7332322242668,684.7375516509783,3150886
2020-11-13,686.2508544921875,691.8547689242583,681.751385207384,685.5555019391404,2839192
2020-11-14,687.3145751953125,691.2413757368798,685.5147770502672,690.4641845001582,214282
2020-11-17,691.4866943359375,700.690155218847,679.7471886491924,694.1863662085301,3635434
2020-11-18,684.001220703125,691.200412565876,679.1336522501605,690.464115692467,2772377
2020-11-19,673.2025146484375,694.5545242187701,670.8300469486354,681.4651574490406,5593368
2020-11-20,685.1875,691.2413526680317,676.065876641356,678.1928789668934,6063818
2020-11-23,708.2574462890625,711.2434780192348,684.532969312588,685.5555760788153,6251814
2020-11-24,717.9926147460938,728.0959486677416,707.0711455568978,711.734241956107,7068121
2020-11-25,705.3942260742188,719.9152437753696,699.6676275441873,715.8248162539187,4445185
2020-11-26,701.1400146484375,710.0571646235801,692.6728515455915,708.8709309212772,5169423
2020-11-27,717.3381958007812,724.7828032401945,699.7084646114668,706.8258179031359,16482729
2020-12-01,742.2490234375,747.8529395191986,713.0843029926742,736.2770087969872,5821698
2020-12-02,743.3942260742188,746.5029406626388,725.8053896640853,733.8635110233813,5516684
2020-12-03,748.6708984375,753.1294240687489,738.69024624243,746.9119947967889,5705020
2020-12-04,755.174560546875,760.2466996625305,742.0443007712267,748.5480892378837,4302626
2020-12-07,772.5181274414062,777.8765774784697,747.7301467849312,748.9572750345783,3973325
2020-12-08,762.7010498046875,774.8905428986685,754.8474495114739,773.0907449346482,4399638
2020-12-09,760.410400390625,768.7548816884603,757.4653128417286,767.3641264834924,4157078
2020-12-10,758.610595703125,762.9464384182885,750.2661144797707,756.7290092341262,2608358
2020-12-11,752.147705078125,761.6374753459534,749.734343263299,754.4383341153283,2398423
2020-12-14,743.9669189453125,756.115467753854,741.2263027627312,755.9109463938989,3239051
2020-12-15,758.4060668945312,759.7150335054687,735.0088442171988,736.5631765319754,3490143
2020-12-16,753.9066162109375,764.9098752042812,750.1843374998138,764.9098752042812,2799394
2020-12-17,760.9013061523438,763.0692527074714,746.4212326989197,753.906685090067,2706570
2020-12-18,763.9281616210938,774.7268992421197,759.4286917733307,764.9098741197274,5563979
2020-12-21,741.8807373046875,772.80440588244,728.0960180591647,759.3059965588712,4187948
2020-12-22,772.804443359375,776.2813065355704,738.8947913369097,744.4577624324278,5537682
2020-12-23,775.6676635742188,785.1574338938709,769.8183332056605,774.358697022977,5456681
2020-12-24,774.9313354492188,782.0895821477468,764.7461630174913,777.9991554628735,2510775
2020-12-28,774.8087158203125,782.4578447971986,772.4771922422516,774.9314486115677,1870669
2020-12-29,789.9843139648438,792.1113163752962,772.1500094212942,775.5450843519553,4392641
2020-12-30,804.3824462890625,805.8140956976623,791.7430172381723,793.5428150525203,6389605
2020-12-31,796.1607055664062,806.9594426198532,792.4793213390018,803.3189526752483,2859399
2021-01-01,800.0465698242188,802.7053471844856,794.5244937682801,798.4512934216654,1268291
2021-01-04,819.6807250976562,822.175875729146,797.6333122745447,802.2145708132811,3515825
2021-01-05,821.2349853515625,824.5891653549037,810.9680238613207,820.1305900659072,4040321
2021-01-06,815.7538452148438,839.3555881245048,804.464227183384,821.3577100165719,4677359
2021-01-07,813.79052734375,826.266330854172,808.7592816929866,822.5849462117524,3354950
2021-01-08,859.8895874023438,867.170567802912,822.5440169651096,824.425603493759,9279370
2021-01-11,881.56884765625,884.8003450533982,851.217897891625,868.8885233724247,6488791
2021-01-12,870.6063842773438,881.6096920868882,861.4438683581393,881.5687478740613,4257926
2021-01-13,875.0650634765625,882.5096206045872,859.0306096937538,878.6237149750422,4671772
2021-01-14,861.1166381835938,870.4428313494104,842.6279288438842,870.4428313494104,4765344
2021-01-15,824.057373046875,869.4611604536233,820.2533060824929,858.5805852212999,6063896
2021-01-18,816.6538696289062,829.3750894674338,811.4999408437894,816.4493482490843,4659705
2021-01-19,811.9498291015625,824.9983023364913,807.6139860962816,823.4848142575707,4416027
2021-01-20,833.9971313476562,837.2285785103478,815.6311050048348,815.6311050048348,4687853
2021-01-21,821.9303588867188,845.3684741410294,813.5858783531139,839.3555668077374,3911527
2021-01-22,802.4190063476562,822.1757877881895,797.6332269586912,821.9303721662881,3922421
2021-01-25,795.2199096679688,816.3674473922509,787.1617883840362,806.5094782950515,2751784
2021-01-27,815.712890625,822.0939963640379,796.528828922276,800.0874802573821,6975618
2021-01-28,803.0325927734375,809.9045299702149,789.4523953750074,809.9045299702149,4274190
2021-01-29,786.5072021484375,814.7311440925399,782.0895216974452,809.9862095592657,4425911
2021-02-01,770.4319458007812,786.9163870190021,753.5794060884134,786.9163870190021,6321189
2021-02-02,783.0712890625,795.9152387495774,766.9549980504075,781.2714913473485,4971530
2021-02-03,802.909912109375,818.0853860339101,785.4437591583694,789.4523975227232,5640121
2021-02-04,792.8883666992188,808.2683619812949,788.8797283319893,808.2274676983577,4232910
2021-02-05,784.8712158203125,802.4191091152265,777.2220867562976,795.4653826562898,3077720
2021-02-08,803.8098754882812,812.3588787098403,785.8119949931993,793.3792856559041,3713579
2021-02-09,797.7150268554688,817.9217455452344,791.2930766532979,800.5783256595903,3086774
2021-02-10,797.551513671875,801.9282507934445,783.3985956454741,798.0423449620047,2776301
2021-02-11,806.3049926757812,808.8001932225955,795.874403277172,797.6333069524717,2070435
2021-02-12,810.8862915039062,825.4482022308005,806.8367586225243,809.9045789975148,5863879
2021-02-15,801.0693359375,814.813162425756,799.6785805935507,814.813162425756,2487825
2021-02-16,807.2865600585938,818.085295951547,796.406035608831,809.9044429920315,3912433
2021-02-17,802.0918579101562,815.3039074491312,794.688194865075,809.086478246316,2227724
2021-02-18,826.757080078125,830.7657184857532,802.9508150603316,803.3598577577643,6742595
2021-02-19,813.135986328125,833.7926425005971,795.7107774442751,829.2522785560121,4357699
2021-02-22,777.7537841796875,827.0843228246765,770.5546427903572,817.2264039386298,5946290
2021-02-23,773.7042236328125,787.6116746523819,761.6374646599508,778.8172570958894,4120032
2021-02-24,785.4029541015625,788.5526131547933,766.2597838527811,777.1812050242796,1686531
2021-02-25,783.5620727539062,792.7246378944974,779.0217094272808,788.634211486373,3682791
2021-02-26,751.6978149414062,776.2403790676792,748.5482058513244,773.0907699775973,5254937
2021-03-01,765.7279663085938,782.9077604244917,757.8334218968326,765.2780293062385,3429569
2021-03-02,791.1703491210938,794.3609020682026,770.6364261053005,772.6816395503782,3703190
2021-03-03,798.4512329101562,801.8872010709573,786.5481020780624,795.3425188339887,3203532
2021-03-04,791.9476318359375,813.7496296554968,781.7624577147478,785.3620537673046,5134954
2021-03-05,785.1165771484375,802.459997808829,782.9077365573361,789.616046898767,2618145
2021-03-08,792.3157348632812,801.7237172596961,786.9981795957425,787.8162650215177,2880739
2021-03-09,808.3910522460938,816.8582155795143,786.6299521472891,795.9970393178443,2814747
2021-03-10,825.2437133789062,831.8292913902316,812.3588672964103,819.721636486408,5268496
2021-03-12,820.7443237304688,838.2104301585199,814.9359363287413,818.0855457069213,4674919
2021-03-15,839.8873901367188,842.587012019885,819.7215651918947,822.175821375104,5203101
2021-03-16,839.8056030273438,854.8992386346961,835.3469777017461,844.2641284890013,4797715
2021-03-17,834.4880981445312,853.4267473709061,830.8476077099398,837.7195458321344,3477295
2021-03-18,814.9767456054688,846.7184514813708,800.5784115437992,845.9003660210024,3738712
2021-03-19,809.4545288085938,818.6988829261886,797.7559187341878,811.54063638549,6208000
2021-03-22,829.1704711914062,832.3201300317836,800.3329600064451,809.8227808803954,3873143
2021-03-23,829.4158325195312,835.6742055737076,818.5353070833793,829.1704168948901,3782337
2021-03-24,811.6634521484375,829.0068227376834,807.6548137029782,821.1532228456464,2749823
2021-03-25,792.4793090820312,815.5493265366782,788.7160864152628,812.113357991183,3654840
2021-03-26,810.7225952148438,816.2855657001564,799.2694001260367,800.0056969259615,2761824
2021-03-30,831.9110717773438,834.2834895025287,811.1316824311306,811.1316824311306,4300037
2021-03-31,811.0908203125,836.9014059847757,809.2501280705981,836.9014059847757,3780505
2021-04-01,811.6634521484375,824.4664587397255,806.6322069497458,818.085402585949,3555291
2021-04-05,816.2037963867188,823.9756075231356,800.2511314224947,811.5406997184749,5118272
2021-04-06,811.0089721679688,824.6301145689047,808.7183429472274,822.9939437066648,2395572
2021-04-07,820.048828125,822.7076056853499,803.4416544947769,811.5407199590924,2974419
2021-04-08,841.8098754882812,858.8669360829672,822.1758259142106,824.6300821109694,6737118
2021-04-09,861.4439086914062,864.5526730937977,831.624686481079,841.7689152757184,6029994
2021-04-12,850.6860961914062,866.3933960293296,831.8292374202059,859.807768513313,7896295
2021-04-13,819.5987548828125,859.1941041993236,804.1778666297884,854.8991562849733,6448995
2021-04-15,812.4815673828125,824.4664890115633,793.7882852881824,819.5988707010591,4373215
2021-04-16,826.5116577148438,829.1295409434864,814.8130466499383,816.4492174263438,2660763
2021-04-19,818.167236328125,825.7754709378356,804.4234107922165,817.3491508803689,2777425
2021-04-20,804.5052490234375,824.2210883348873,796.2834503306972,814.8131056888811,4028636
2021-04-22,791.7430419921875,806.223163592573,785.8937613276387,796.4879273369318,5085190
2021-04-23,777.3447265625,794.319997946371,773.4179267829861,790.679508072834,3916517
2021-04-26,787.1618041992188,793.5428605138637,766.5460415479281,777.9992374728705,5053998
2021-04-27,792.9292602539062,807.9411071118218,772.3953370413723,787.5708109628556,10497935
2021-04-28,799.5966796875,801.7236817274585,791.9066570532447,797.6332547798694,2968625
2021-04-29,799.1876220703125,805.8140936288895,793.9927499846913,805.8140936288895,2747579
2021-04-30,785.689208984375,799.1876175835954,781.5987821361265,796.6515229785002,3129105
2021-05-03,783.4804077148438,789.4524212258054,781.2715671198386,785.361994172822,3506839
2021-05-04,785.689208984375,793.4610199960473,781.7623592644817,788.6342963423267,4064221
2021-05-05,785.689208984375,795.6698105485269,780.2489213034171,795.6698105485269,3041045
2021-05-06,800.0465698242188,805.5686458801575,783.6030244984656,789.4523546638393,4620827
2021-05-07,802.5009155273438,805.2005874699825,795.2608294857531,801.723724379561,2002597
2021-05-10,810.313720703125,812.0726245724451,796.0790124514499,805.8142502701445,2036101
2021-05-11,799.3104858398438,807.4095528508424,793.9520354120727,804.9961904641727,2029457
2021-05-12,787.2844848632812,799.2694562527565,777.5084040286943,799.2694562527565,3070622
2021-05-14,778.98095703125,790.6386744177121,770.145644366852,787.8162696956479,2090820
2021-05-17,779.9216918945312,783.6849146733384,771.4545280231627,780.4534673744402,2281200
2021-05-18,794.1564331054688,800.9056379193962,782.9486527007947,785.6483246399712,2000985
2021-05-19,799.8012084960938,806.8776172222557,787.4889833234163,792.7247498379617,2152740
2021-05-20,796.078857421875,805.6504662835308,789.6160129268193,805.6504662835308,1769194
2021-05-21,802.1326904296875,806.6321598813583,795.0562321374546,799.2284974063662,1534262
2021-05-24,804.7505493164062,813.1768182312015,797.7149855173993,801.5599965557913,1830838
2021-05-25,812.072509765625,819.476172808622,804.8324238605735,809.9454577206503,2719646
2021-05-26,824.4664916992188,827.9024605138327,812.3588372433161,814.5267836196244,2013788
2021-05-27,834.2835693359375,844.2642222599012,823.7302965168741,823.8120850927525,6393813
2021-05-28,839.5601806640625,845.0822573700137,828.3932944636832,834.4471466770707,1839013
2021-05-31,835.7969970703125,844.2641612730822,828.7205381488685,838.5375632799509,1801746
2021-06-01,843.037109375,844.2642376273653,829.0069230501655,838.2921735202729,1262702
2021-06-02,831.9520263671875,838.2921388099131,813.1769548970036,834.610804137223,5252186
2021-06-03,829.8248901367188,835.0606565724638,823.8119825309539,831.9519420964767,2024676
2021-06-04,833.7926025390625,840.1327140987387,827.0842926518332,834.0789124400917,2315912
2021-06-07,846.2276000976562,849.9498289356387,833.9972127689698,838.496632762255,1745475
2021-06-08,865.3299560546875,867.9069454073624,848.3956257896034,849.9908526029973,4517995
2021-06-09,860.8305053710938,870.8111089660454,855.8810479320492,865.3299758196954,2163655
2021-06-10,871.1791381835938,878.623695143587,864.3072010420855,866.9250343036421,3934077
2021-06-11,877.8056030273438,885.4956254870436,862.99827778597,871.1791314954513,4988857
2021-06-14,874.7377319335938,883.0003737260909,865.5342720465206,877.8055518959515,2757666
2021-06-15,872.7743530273438,894.1673053279685,868.5203490683386,874.7377778791677,3484298
2021-06-16,874.656005859375,881.855097300318,863.080077734976,875.3513584610657,1881596
2021-06-17,883.73681640625,887.3772567504259,864.7572737176008,867.1296416557212,3161931
2021-06-18,875.924072265625,893.0220785513075,863.0801703397972,891.3041190381127,4396398
2021-06-21,869.54296875,875.3922991788578,863.0800742872887,866.3524158011741,1074790
2021-06-22,864.8798828125,876.9875872083423,862.0165837870996,868.0295916315962,2437289
2021-06-23,864.2661743164062,869.0520532074377,849.5406389321329,867.1704170738759,4130539
2021-06-24,883.5322875976562,885.4139240816373,861.0349376819752,864.348223706045,3617010
2021-06-25,891.3040771484375,902.5118076084896,881.0780092600892,889.5861177159838,3200049
2021-06-28,904.0662841796875,906.438752149983,884.4322317865472,892.5312983715085,2143755
2021-06-29,890.1996459960938,907.5839607072966,885.9864862227084,907.2567065752388,2956332
2021-06-30,896.1716918945312,903.9844481111165,886.2320332838354,890.2405722123542,1917370
2021-07-01,887.7454833984375,899.3622573317166,884.3504086652765,896.6216909316772,1459518
2021-07-02,891.22216796875,897.8486390908485,879.4417193828356,889.2587432271091,1669409
2021-07-05,879.155517578125,895.7625917046932,876.3330629575414,894.1673650794517,2597359
2021-07-06,858.6215209960938,879.1554433551329,857.1489274171619,879.1554433551329,3865594
2021-07-07,855.6355590820312,866.7615007995437,842.7097695256634,858.6215908319962,3713891
2021-07-08,867.2933349609375,869.9521127506007,854.8993200609482,858.1716619559184,2171947
2021-07-09,860.4214477539062,874.3698458494327,858.1717125684313,863.2438028591926,1889035
2021-07-12,864.3890991210938,866.107058658144,855.7992015718928,864.7163532862344,3224820
2021-07-13,859.1124267578125,868.8067190455605,857.3535231259392,868.8067190455605,1908081
2021-07-14,882.3051147460938,883.5322428611787,857.353509739366,862.2620221997058,3173326
2021-07-15,910.0791015625,916.0102209619638,880.5871815704293,881.8960982926944,5922995
2021-07-16,902.470947265625,914.864961299499,886.0274503652902,910.0382373689281,2323939
2021-07-19,895.1489868164062,908.4428743003051,888.522515181835,890.0768973835094,1409001
2021-07-20,889.4224853515625,901.6937674334766,887.5409486840384,896.5807332326791,1230858
2021-07-22,939.6530151367188,942.8435686607263,883.5323680291405,883.5323680291405,7309727
2021-07-23,950.0692749023438,958.8895466852567,936.7128428369167,944.1470514026419,2840803
2021-07-26,940.9968872070312,956.4114431141372,937.9308749826195,950.0692071248441,984581
2021-07-27,941.5429077148438,947.297063999308,927.4305356458894,940.996870430432,1397105
2021-07-28,940.4509887695312,949.8171950368076,929.4886103240591,944.1890628144982,2533035
2021-07-29,947.3812866210938,958.7635764682849,936.7128957650482,948.1372279257081,3821405
2021-07-30,1016.0531616210938,1039.3638756029604,987.0302316646271,995.4304889553898,20425030
2021-08-02,1017.019287109375,1019.7914135172081,1004.2929771210879,1016.4313100130328,2385223
2021-08-03,1030.081787109375,1033.2318843176606,1016.431365873471,1017.2713917956804,2603616
2021-08-04,1021.8914794921875,1033.5678596923221,1019.5393660194189,1029.1996636060692,1938175
2021-08-05,1048.5201416015625,1053.3923321611376,1022.3113781819014,1022.3534204879464,5790873
2021-08-06,1062.2967529296875,1069.3529911329615,1044.1942559641234,1051.7124468958898,3894726
2021-08-09,1081.4912109375,1097.7457927384999,1063.4726979488546,1083.9693486547321,6585101
2021-08-10,1111.396240234375,1116.9823300949329,1077.249168973359,1081.9532932180373,6314469
2021-08-11,1111.85791015625,1114.5040114153637,1090.6472628690913,1111.395957582241,3430349
2021-08-12,1164.7379150390625,1171.6681284902058,1106.944093969002,1111.354229801548,8613315
2021-08-13,1161.8818359375,1167.6359928036634,1147.3913892642172,1159.3197159435954,4760344
2021-08-16,1149.029296875,1175.9941051767398,1142.6451211542408,1160.8736404233664,2912430
2021-08-17,1187.5445556640625,1200.229028593987,1151.2554783555522,1152.5155171862953,8042970
2021-08-18,1186.536376953125,1197.036698873064,1179.606164485965,1191.1565185978982,2939739
2021-08-20,1175.3643798828125,1192.836962319601,1151.381698257294,1151.381698257294,4051399
2021-08-23,1189.4765625,1212.115217358379,1183.5963817531779,1189.014507281578,3987240
2021-08-24,1229.2518310546875,1232.3179459754085,1192.8367302556783,1194.432799910239,5366923
2021-08-25,1229.0416259765625,1241.5580298713928,1218.037309413748,1228.9576439119403,3105863
2021-08-26,1217.6173095703125,1232.107753578652,1212.9971680024362,1226.2696157052173,1993944
2021-08-27,1214.1734619140625,1224.0017239720626,1202.245032554246,1217.9115361692461,3097939
2021-08-30,1192.1644287109375,1222.2373896941758,1189.392405434889,1218.0372612072542,2742699
2021-08-31,1216.0633544921875,1221.3974977462547,1181.8742433394384,1196.8687857134894,6392991
2021-09-01,1206.5291748046875,1233.367959816151,1199.136906274514,1218.0374879846202,1829925
2021-09-02,1207.789306640625,1220.1796889385455,1193.8447943596927,1206.277218970429,3860958
2021-09-03,1211.275146484375,1217.7853463547829,1197.1207324358656,1212.9972403702059,1919590
2021-09-06,1227.40380859375,1233.073983161437,1206.3611197367795,1216.35744800159,1801171
2021-09-07,1205.60498046875,1237.2740144787538,1203.1689876960054,1233.9558510617965,1940043
2021-09-08,1199.4310302734375,1211.6114065288825,1192.7108226842263,1209.805330230836,2256454
2021-09-09,1203.9669189453125,1207.873059232645,1187.796423086462,1197.540701381276,2303457
2021-09-13,1200.8170166015625,1209.4693243347836,1193.130759155794,1206.2771849176943,1937241
2021-09-14,1219.7596435546875,1223.9177307238538,1200.8170185791,1205.437161008051,1554999
2021-09-15,1230.51171875,1243.2381295712826,1207.915005210837,1211.4011326366576,2410087
2021-09-16,1216.6513671875,1233.9979207548865,1209.637172149106,1230.5117931183752,1800078
2021-09-17,1219.3397216796875,1236.5182115226028,1206.7812720685722,1218.8776663853916,2861623
2021-09-20,1202.328857421875,1254.284427841017,1198.170668570902,1209.637040189472,2526342
2021-09-21,1227.8658447265625,1231.8559678416214,1193.1728357988611,1208.797297383067,1713705
2021-09-22,1271.463134765625,1283.4755457087945,1223.4976781558414,1229.7978721731217,5145820
2021-09-23,1278.0992431640625,1286.079488192034,1263.3987917967468,1281.1233155083253,2015302
2021-09-24,1272.4290771484375,1300.233910545665,1269.321022713631,1285.2394705641918,3592146
2021-09-27,1230.1339111328125,1281.0394586193402,1225.7657150600564,1279.3594068703312,2728552
2021-09-28,1187.8385009765625,1230.6377736578827,1183.092334788143,1230.1337786958848,3995669
2021-09-29,1172.130126953125,1183.5544587616453,1153.145561993672,1176.0362679228854,7948104
2021-09-30,1159.73974609375,1178.262358350375,1156.7156733385648,1165.9559583107682,3856630
2021-10-01,1151.88525390625,1162.5955817000913,1146.4671290980107,1155.0353503162034,2661824
2021-10-04,1175.2381591796875,1180.6983269850255,1152.5574621421295,1163.1837066833623,2538936
2021-10-05,1186.99853515625,1193.676699460059,1160.0756663999587,1175.280113351211,2481825
2021-10-06,1163.98193359375,1198.6330027055524,1159.1937243366015,1195.2728990341047,2769341
2021-10-07,1190.4847412109375,1195.6089815650648,1155.5817243411543,1174.3142415934624,1956325
2021-10-08,1209.5950927734375,1215.517315597483,1191.5765806323632,1191.5765806323632,2665924
2021-10-11,1176.2041015625,1204.974985638592,1163.9397452093094,1192.8366536657102,3073366
2021-10-12,1154.5733642578125,1178.4301163387383,1143.275058808149,1175.1960376727409,2965629
2021-10-13,1177.84228515625,1184.436467677072,1156.7156141782468,1165.0318907363383,1738985
2021-10-14,1201.908935546875,1226.1016166567626,1184.8563710753092,1202.9169254731248,4328124
2021-10-18,1242.9443359375,1249.0764634451346,1192.836770796647,1192.836770796647,3579606
2021-10-19,1292.8837890625,1318.672644658281,1240.7602456343675,1258.358746499431,8645334
2021-10-20,1293.0517578125,1324.3006766246262,1273.3111514689042,1296.9998380643342,5159270
2021-10-21,1280.4093017578125,1298.8058869429783,1239.920099970218,1298.8058869429783,4261416
2021-10-22,1274.697021484375,1312.078167012271,1246.38819498912,1286.0794113080658,5223521
2021-10-25,1280.2833251953125,1289.4396270948523,1246.4303463480528,1286.0795238320645,3890467
2021-10-26,1313.212646484375,1369.2423379466481,1296.1600781912136,1320.436849354052,16978043
2021-10-27,1317.03466796875,1333.2051675402563,1283.1396413234156,1311.9945122581507,3624131
2021-10-28,1288.01171875,1329.6349394471126,1281.8794888284929,1325.5608344504337,3054565
2021-10-29,1241.43212890625,1295.949824751847,1232.9899309995535,1283.0134067057745,3795495
2021-11-01,1278.645263671875,1285.1554634777526,1249.1603792530518,1251.6384142913084,2271900
2021-11-02,1264.6046142578125,1292.0498907016304,1262.4412913027845,1291.4560617091402,2041689
2021-11-03,1271.3492431640625,1304.5634816565282,1267.1496691324958,1270.8825893062972,2697346
2021-11-04,1277.54248046875,1285.3052357736021,1273.427827654242,1280.214918008162,166444
2021-11-08,1320.2586669921875,1325.858099203387,1276.2275025947172,1279.3664903568215,3050392
2021-11-09,1322.8037109375,1333.6630956349527,1317.5437579650647,1324.3308475102808,2061369
2021-11-10,1329.081787109375,1334.8083939029393,1312.07170610467,1320.0464534558644,1299996
2021-11-11,1291.201416015625,1323.4825543595693,1285.3051729838126,1323.4825543595693,3027565
2021-11-12,1344.6923828125,1348.4676606955966,1299.1340766306555,1305.2424170075908,3713868
2021-11-15,1339.729248046875,1358.690661163228,1334.808566075558,1344.692287195577,2448280
2021-11-16,1357.3331298828125,1361.6598788788453,1337.0566785751155,1344.7769724406282,2864344
2021-11-17,1373.07080078125,1378.6277726128953,1353.1761829646573,1356.145535090285,2304359
2021-11-18,1330.0574951171875,1378.4155096103655,1323.0583088089645,1374.5553108879947,2938804
2021-11-22,1307.617919921875,1341.977567024398,1289.5472492798779,1341.977567024398,1951782
2021-11-23,1323.94921875,1327.2578423119849,1277.924264169964,1291.243887019629,1823592
2021-11-24,1304.9029541015625,1331.8816800069358,1298.031045748392,1330.94847578464,1644163
2021-11-25,1322.9310302734375,1327.5547973060075,1298.0733761871031,1298.8793016702814,1557493
2021-11-26,1295.8250732421875,1314.998580215355,1281.190411623662,1309.9082631306503,1522173
2021-11-29,1303.672607421875,1311.1808041904517,1255.1024999874503,1285.305026430627,1995524
2021-11-30,1307.7449951171875,1352.7094681372284,1295.061661605514,1297.1826273140064,5662900
2021-12-01,1346.898193359375,1352.6672621564294,1314.9988862506275,1314.9988862506275,2761193
2021-12-02,1382.5726318359375,1384.99051186385,1340.4502350657783,1348.93409731303,2664202
2021-12-03,1351.73388671875,1389.868808166889,1348.679613293585,1378.627690078556,2400296
2021-12-06,1316.4833984375,1374.004029141852,1312.326284989424,1362.5083537236185,2911781
2021-12-07,1337.6082763671875,1341.595650539435,1303.121352668959,1326.8761689936534,1758254
2021-12-08,1361.4903564453125,1369.9742193255481,1342.1895683927767,1342.6985794530349,1604565
2021-12-09,1366.9197998046875,1374.3856397667996,1344.6921228582576,1351.479212437353,1947954
2021-12-10,1359.6663818359375,1366.9200228696418,1339.2202918549099,1366.7503870275893,1776362
2021-12-13,1389.783935546875,1404.5034160536077,1355.254553546099,1361.6599110637512,3163063
2021-12-14,1393.6441650390625,1412.5632213811728,1379.1792404352616,1391.3535634024765,2725454
2021-12-15,1392.7108154296875,1396.6982928511402,1370.9073307285441,1390.505031942699,1622068
2021-12-16,1402.08544921875,1414.8112419925333,1393.2197514486877,1398.9888189312428,2225836
2021-12-17,1393.7713623046875,1421.0470015849785,1380.239642729631,1416.1263197961705,3405084
2021-12-20,1355.763671875,1389.9535751996998,1337.565724894465,1387.1115020090556,2233189
2021-12-21,1385.3724365234375,1404.3339541280372,1362.084272847546,1362.084272847546,2237445
2021-12-22,1408.109130859375,1409.7634426833527,1384.3543149750174,1395.595433206008,1656110
2021-12-23,1428.512939453125,1434.706097505266,1411.8421274077195,1416.8051667102857,1715034
2021-12-24,1462.4481201171875,1472.1196395973443,1425.585678922114,1428.1308374301059,3343946
2021-12-27,1514.369384765625,1520.308088235294,1445.3531872985243,1463.0420190634848,4512000
2021-12-28,1532.2703857421875,1546.608134082828,1506.8187982367103,1514.3694565758901,3605483
2021-12-29,1515.9388427734375,1544.9112518722834,1512.460480107256,1527.5193349786086,1902921
2021-12-30,1527.052734375,1559.3338714523177,1515.2177880379975,1516.0661742575035,4650594
2021-12-31,1519.0780029296875,1538.124232335205,1513.0543778568665,1527.2648471848393,2378048
2022-01-03,1514.199951171875,1542.3663356788506,1512.6728143649013,1522.8959109852458,1779147
2022-01-04,1518.441650390625,1530.3190570983672,1499.098403755766,1521.1564447844303,2701533
2022-01-05,1474.1136474609375,1512.630302381728,1470.2534483957788,1510.0851434981807,3138050
2022-01-06,1435.554443359375,1466.7326400112534,1433.772852834681,1463.4663734555177,4290750
2022-01-07,1445.5228271484375,1463.084483881118,1438.0994477906397,1443.9533333682,2103362
2022-01-10,1455.830810546875,1463.466286825967,1431.6518023297504,1458.3759693065724,2330348
2022-01-11,1473.7742919921875,1480.4341037808804,1446.4986515452156,1446.4986515452156,2704832
2022-01-12,1468.0899658203125,1488.9178899798997,1460.072757068608,1488.0695037178027,3013194
2022-01-13,1458.2064208984375,1483.7428279390504,1443.7838537288735,1467.7083060791554,2768371
2022-01-14,1474.283203125,1481.9611400979627,1439.287270379262,1454.5582228501296,1889385
2022-01-17,1461.2606201171875,1485.5244481871275,1459.2244722340718,1470.2110336667672,2522806
2022-01-18,1408.95751953125,1481.7491040397765,1399.8798277280102,1476.192132460861,4878369
2022-01-19,1416.889892578125,1422.404403347773,1380.7911188314022,1410.9511886723499,2610709
2022-01-20,1414.1751708984375,1419.5199425517399,1394.365371131757,1416.8899656846118,2440011
2022-01-21,1351.9459228515625,1402.3824429719352,1347.9584454193023,1399.8372842732567,4079190
2022-01-24,1283.735595703125,1347.2372818854888,1274.233608151662,1347.2372818854888,3250275
2022-01-25,1273.088623046875,1296.0375168068538,1242.8860876366589,1271.7312255067247,3910618
2022-01-27,1226.4271240234375,1259.4293693695215,1213.1923194330857,1259.4293693695215,4434890
2022-01-28,1196.776123046875,1258.0720315951714,1193.043202713385,1226.7665572434166,7080683
2022-01-31,1254.76318359375,1262.0592841651087,1214.4648392930717,1219.1309633699923,4406035
2022-02-01,1277.4576416015625,1285.2627539554546,1251.369763481524,1275.9729656109912,2542754
2022-02-02,1258.1143798828125,1264.0955445219365,1224.2213897618485,1255.5268638924306,9031146
2022-02-03,1233.8082275390625,1255.4420780141404,1229.396556677065,1254.6785096377582,2433692
2022-02-04,1228.633056640625,1242.8435278411507,1217.4343983733847,1242.0376022429516,2406272
2022-02-07,1225.3243408203125,1243.5221850297835,1216.585920745495,1230.1601011722232,2741520
2022-02-08,1216.7554931640625,1235.3776331041472,1204.878085909671,1227.1906852483871,1981111
2022-02-09,1234.232421875,1247.9337776721954,1221.7187240391215,1221.7187240391215,2282701
2022-02-10,1245.855224609375,1248.8245765236636,1230.4146360801847,1242.8858726950864,1850405
2022-02-11,1208.8656005859375,1230.1176142261008,1205.5568734648582,1230.0327963127963,2426039
2022-02-14,1179.3841552734375,1203.690441824333,1163.1375380232134,1179.2568766245563,2149302
2022-02-15,1221.379150390625,1223.8818481261144,1183.5411485396087,1191.1766239448132,1955525
2022-02-16,1225.0697021484375,1241.994965818801,1212.2166301979687,1230.5842125805461,2164650
2022-02-17,1228.0814208984375,1239.8739056104387,1221.8881605377824,1239.8739056104387,1669669
2022-02-18,1219.9368896484375,1225.9180537579693,1202.2480581666287,1220.3610827466237,2374188
2022-02-21,1203.1812744140625,1221.6761351067585,1196.3093668666406,1210.7743930858944,2109461
2022-02-22,1198.387939453125,1205.3022039668485,1166.5309969831337,1171.1971209710662,2111878
2022-02-23,1199.0242919921875,1208.907908653119,1195.5458256230252,1206.4052107170355,1319711
2022-02-24,1130.8990478515625,1187.7409354780102,1128.3538887041097,1162.7135371947236,4108603
2022-02-25,1179.0023193359375,1187.740739055527,1145.4062448580644,1149.5633581573136,1885454
2022-02-28,1196.224609375,1204.5811932031145,1156.5625522911128,1170.7730219414893,4983140
2022-03-02,1182.947509765625,1205.3024698169359,1173.1062486238802,1187.7409134503216,2160190
2022-03-03,1210.350341796875,1224.7304482302977,1192.1100362536004,1196.05505328133,2730530
2022-03-04,1233.21435546875,1238.6440487236573,1186.46828913701,1200.466663660257,3567738
2022-03-07,1208.1868896484375,1242.0375231855166,1197.1155107495126,1211.495616877676,3341715
2022-03-08,1240.29833984375,1244.497914267942,1204.7085751234897,1204.7085751234897,2365949
2022-03-09,1276.609130859375,1281.9115445944612,1240.2981601763968,1240.2981601763968,3667977
2022-03-10,1260.150390625,1294.5948487896842,1250.9454212927742,1293.7889233445105,2835942
2022-03-11,1261.3807373046875,1265.6650257953456,1249.2487723181848,1252.2181242388053,1116432
2022-03-14,1275.12451171875,1280.1300112198212,1261.5503319532809,1261.5503319532809,1372791
2022-03-15,1237.456298828125,1285.305309271996,1228.463424307492,1284.4569229292422,2188506
2022-03-16,1264.0107421875,1267.9132983719069,1245.770437125609,1251.539401705191,1453944
2022-03-17,1267.0648193359375,1281.020731227251,1261.5503089069562,1276.8212608641352,2346185
2022-03-21,1255.4420166015625,1289.5471024923693,1252.3877432454397,1268.3374462013762,2110200
2022-03-22,1304.98779296875,1309.866014297423,1251.412279835377,1261.465636991477,3030660
2022-03-23,1308.3387451171875,1324.9246325059112,1297.35208214236,1314.9985558001385,3741783
2022-03-24,1330.736328125,1333.6207585990455,1298.1582745736598,1298.1582745736598,2085571
2022-03-25,1298.4976806640625,1336.165949179171,1291.583311671609,1332.8148647508356,1755511
2022-03-28,1293.3223876953125,1305.6239884183576,1286.620219117115,1301.424517872497,1928306
2022-03-29,1291.5408935546875,1306.1332003965297,1288.783638014655,1303.969773855391,2311150
2022-03-30,1269.4405517578125,1301.6792334343763,1259.853744465719,1301.6792334343763,3792481
2022-03-31,1272.1126708984375,1280.7238117084166,1261.7199397463728,1269.4403371666945,2036984
2022-04-01,1261.63525390625,1274.8277023788526,1251.7515327368926,1271.7310716519337,2537230
2022-04-04,1271.43408203125,1276.2274850855463,1258.7082882036182,1261.6351793588633,1675276
2022-04-05,1263.28955078125,1291.6680286053022,1255.6116140136926,1279.3664283328706,3207223
2022-04-06,1238.0926513671875,1257.3086237175341,1233.5538049158533,1257.3086237175341,2627895
2022-04-07,1245.8978271484375,1251.0729632183609,1230.7540478117674,1233.5537642175689,3336784
2022-04-08,1229.099609375,1258.4962143600965,1221.6762295081967,1251.3697489754097,5402943
2022-04-11,1229.4814453125,1240.6377464215516,1217.9858725169017,1235.2080531205866,3268704
2022-04-12,1200.4666748046875,1223.0337308057733,1193.212930150188,1218.5797025070278,2021088
2022-04-13,1196.6063232421875,1212.0893720246174,1190.6252624255426,1203.0964986498427,1430399
2022-04-18,1140.6978759765625,1179.25699306572,1128.5234493490022,1179.25699306572,3968044
2022-04-19,1103.920166015625,1155.3748136735235,1090.7278217394394,1155.3748136735235,2677360
2022-04-20,1110.70751953125,1120.676060503781,1099.2967629920693,1107.483713099091,3025261
2022-04-21,1113.676513671875,1119.0213881107027,1100.7386242339007,1114.6946392407206,3728173
2022-04-22,1108.4166259765625,1123.263385222326,1096.8361330523123,1107.14404661264,1954666
2022-04-25,1077.7899169921875,1101.1628961348308,1071.1724627908013,1098.6601981125032,2686619
2022-04-26,1082.07421875,1090.7701779540416,1073.208623718307,1087.122179157329,2568317
2022-04-27,1070.0272216796875,1081.2683401631411,1057.3014271701174,1075.5417326338345,2382463
2022-04-28,1078.553466796875,1089.667305812449,1060.6524343082199,1080.674432393846,2576887
2022-04-29,1068.118408203125,1090.0068173261272,1059.0830729176025,1089.3280668251093,3811317
2022-05-02,1044.533203125,1059.6345211526086,1038.59449884312,1051.9990442187627,2149957
2022-05-04,1028.9229736328125,1055.3501247356446,1018.0635872767472,1045.5936820242425,2797667
2022-05-05,1071.8087158203125,1074.1417779372755,1036.8552448021915,1045.9329359776304,3563713
2022-05-06,1095.0546875,1102.0538749273678,1042.4122727575307,1051.7445226606878,5745203
2022-05-09,1069.9422607421875,1085.934319658987,1026.5472865526363,1085.934319658987,5712061
2022-05-10,1053.9501953125,1078.6805696673239,1047.7569347588592,1064.724658398679,2852416
2022-05-11,1038.8065185546875,1073.7600947363467,1024.2567769909647,1054.544125162227,3244609
2022-05-12,1028.9229736328125,1045.9330572658914,1015.5608890498053,1025.6990641813227,3110220
2022-05-13,1020.481201171875,1047.375102719045,1013.8213909896408,1041.8181323307774,1892084
2022-05-16,1008.7737426757812,1035.8796427627672,981.5404603720907,1009.5796682126887,3474480
2022-05-17,1016.5364379882812,1026.5474378986871,1003.7682861256405,1014.5003936889559,4434968
2022-05-18,994.3512573242188,1043.9393977764155,991.3394443736217,1025.699091354479,5294021
2022-05-19,940.3087768554688,978.9528077507084,933.224773153628,978.1892394964847,4393100
2022-05-20,959.4401245117188,962.7488519223186,945.7386645239328,956.9797834339504,2461651
2022-05-23,969.62060546875,973.7777185474821,946.5020815956146,962.0699476013008,2783695
2022-05-24,931.824951171875,977.213612341645,925.5893333872731,973.9473462223552,3666196
2022-05-25,899.416748046875,928.8981716896308,886.5636750123693,925.6319051784569,4711542
2022-05-26,915.0693969726562,924.3168278954549,895.8534275204663,907.7732958679549,2946857
2022-05-27,952.9498901367188,955.4525882405665,926.4378188553723,928.9829776983814,3367600
2022-05-30,987.5215454101562,993.036055758237,963.3000777638629,969.6206171466325,2469771
2022-05-31,1001.3078002929688,1011.2763380209437,974.4988174136919,977.3408904363482,9674664
2022-06-01,972.7597045898438,1015.5183945464613,969.7903525590061,1006.3134239634207,2419021
2022-06-02,972.250732421875,980.2255846220108,960.1187664996995,967.1604144510798,3206663
2022-06-03,973.862548828125,1002.7924978069562,970.638639812775,984.1280012318691,3229236
2022-06-06,970.7235107421875,974.795806187926,942.6419464374925,972.2506474250332,3938875
2022-06-07,958.9310302734375,966.9906997364642,950.7864393342635,958.7612908839188,1656444
2022-06-08,953.7559204101562,966.5666375102659,950.1079211389244,962.8337167513859,1303551
2022-06-09,965.9725952148438,968.8146685329897,943.1086264526693,951.8894037155648,1323539
2022-06-10,941.58154296875,953.5014122712546,933.4370549536945,949.3442985623124,3119792
2022-06-13,892.4598388671875,920.1596695436596,890.8055271704078,917.275135695506,2012004
2022-06-14,873.9652099609375,896.3626300776176,865.6934431355512,877.2314766614816,5775453
2022-06-15,865.3963623046875,879.7765192386848,863.487493289946,879.7765192386848,3238141
2022-06-16,827.4310913085938,876.891998851488,823.7830408249666,868.7899723795966,5600443
2022-06-17,818.7352294921875,826.6252121213404,800.6222017919528,823.867956508152,7043370
2022-06-20,830.8670654296875,838.3329059644643,804.3125857709019,818.6927432759119,2985094
2022-06-21,848.4710693359375,852.3312682050237,831.4185263948831,841.0901503736643,3433536
2022-06-22,831.4185180664062,845.7986752402608,821.2378831513074,845.7986752402608,2719988
2022-06-23,840.8355712890625,847.1560590546951,823.9951253471602,832.3517089946259,2915172
2022-06-24,832.4365844726562,849.2346215761265,826.3281932219253,849.2346215761265,4056588
2022-06-27,854.4946899414062,868.8323873127912,844.9927530448647,844.9927530448647,3796002
2022-06-28,865.9478149414062,872.9894101284393,834.8544396309833,850.0829824574307,2755698
2022-06-29,866.2871704101562,871.6320451562657,850.5496159879337,855.1733313599967,3770663
2022-06-30,848.3861694335938,870.4442098388672,845.8410109252931,861.9603481445313,3264301
2022-07-01,857.4640502929688,860.2637147480007,839.3085626222199,845.8411475382215,1842102
2022-07-04,848.3438720703125,860.0940013499959,844.1443496229457,857.4640245913645,1814322
2022-07-05,851.1011962890625,866.9660313831233,847.5379632644049,852.6282813620891,3045188
2022-07-06,856.7853393554688,861.0272708271141,849.7436916874256,855.1733846836876,2188175
2022-07-07,865.990234375,871.207830342422,861.9603998285575,866.1599219753379,1901699
2022-07-08,870.8684692382812,877.82519493227,860.73024338527,874.6862072914447,2841036
2022-07-11,854.7915649414062,863.1057399237394,838.2056239334144,861.1120529275461,2892507
2022-07-12,846.1378784179688,862.6389988540448,843.7199986818094,848.3861223547606,2013304
2022-07-13,839.9447631835938,851.9494488581086,837.3996045344148,849.5739778084852,2067142
2022-07-14,827.8552856445312,847.198481630556,821.9165819429472,846.6894705972608,2212219
2022-07-15,826.158447265625,838.9691095832642,818.7350682307189,831.4184519094922,2544737
2022-07-18,855.17333984375,867.05074734158,834.9817574537167,835.6604560973153,3946821
2022-07-19,854.9188842773438,857.6761397504443,840.7508227208258,848.3438904568732,2985845
2022-07-20,886.9878540039062,892.2478075044996,863.0209416408164,866.4144867541743,5574762
2022-07-21,902.0547485351562,904.718811501677,883.1008883999606,895.2855165805231,4935223
2022-07-22,898.517333984375,911.6190746760237,885.0225837208723,908.3873546209792,2985409
2022-07-25,888.516357421875,898.6920637440758,880.6553132176018,898.6920637440758,2888919
2022-07-26,872.8815307617188,905.9852803335908,868.3396370811479,886.5510335392573,5939871
2022-07-27,880.1312255859375,882.1401483527835,866.4617224506519,873.4493169865443,2546052
2022-07-28,906.640380859375,911.4006369346483,886.9004478414107,891.9664431608683,3428026
2022-07-29,915.9428100585938,932.8440360158924,911.9685723124351,921.4891928808674,6185909
2022-08-01,916.7724609375,924.9391914319823,906.4658220805364,924.9391914319823,2540084
2022-08-02,901.9237670898438,916.6850822591496,899.652820130466,913.6280095693859,2802273
2022-08-03,919.4365234375,923.2360069666992,895.0235489677327,897.4255347947511,3509019
2022-08-04,922.4061889648438,936.9490347178246,905.0681348167477,928.4766190368415,5360632
2022-08-05,924.2840576171875,932.8001887621454,917.5148251686314,925.8563090928429,2641829
2022-08-08,922.8865356445312,930.0924925771396,916.2920572128774,922.3624873738788,2579239
2022-08-10,921.663818359375,925.1140076653454,911.0514928239181,922.3626205693114,2823021
2022-08-11,940.9232177734375,955.466169314571,934.7653578255895,936.3376091465537,3201408
2022-08-12,931.0096435546875,940.180861336297,927.6031699113579,937.473189791887,1771561
2022-08-16,941.3163452148438,943.2816063011325,922.8429763015195,939.8315239318762,2222701
2022-08-17,964.7249145507812,966.8212145487679,936.5124547538605,936.7745322369515,4280823
2022-08-18,965.2925415039062,968.8299472918907,950.4001878845029,960.7942561619742,3041422
2022-08-19,964.419189453125,991.3650824852128,960.7943530693693,969.5288471881818,4577717
2022-08-22,942.1898803710938,960.7943963307611,939.1765224133189,957.3005985259219,2157609
2022-08-23,931.0096435546875,934.6780880184391,914.5014302233444,927.6031699113579,2875768
2022-08-24,935.4205932617188,937.5606082673069,921.576441581654,931.0970613760828,2180800
2022-08-25,935.1148681640625,951.7541212040987,930.7040128473645,943.3253135135351,2734931
2022-08-26,948.1729736328125,958.6543657122257,944.1987364871414,945.9456351670436,2624896
2022-08-29,904.5005493164062,915.0255503861255,888.5600447989885,913.628052700706,6118233
2022-08-30,939.9188232421875,943.762021702675,910.3962992159446,915.3749178569213,4453769
2022-09-01,919.6548461914062,930.2235620508229,911.0949998729363,922.3625178644779,6112823
2022-09-02,922.7119750976562,931.533792785996,914.5452444647216,924.2841200572831,1645341
2022-09-05,930.2672729492188,935.2896067121659,921.3144171109217,922.362513682121,1677079
2022-09-06,929.0880126953125,935.4642354739534,917.383876933014,930.2672545924358,3051076
2022-09-07,922.2315673828125,926.7298533109861,911.8812128715075,918.8688083724386,2615897
2022-09-08,951.71044921875,954.5928749006795,932.05783762989,934.5908622257913,2634786
2022-09-09,984.0715942382812,989.0502121899425,948.7842240959088,963.1088127622842,3394349
2022-09-12,1004.5540161132812,1017.5684319754387,995.6884844158307,995.7321995296138,5230075
2022-09-13,1002.2393188476562,1017.0879563878029,998.4398358603578,1009.707352729973,2483685
2022-09-14,973.634033203125,979.8792179278986,956.4271221476316,971.2757624001518,5179539
2022-09-15,945.9456176757812,982.0191173976285,941.5783710567795,978.5253201024271,3392174
2022-09-16,902.44775390625,938.0408120843588,897.9058602968298,930.2234836732721,6635089
2022-09-19,907.9505615234375,918.737639222382,893.6259714553797,904.8934889257156,2485826
2022-09-20,922.4935913085938,930.8349689802328,917.1218562546543,920.6156538022911,2321528
2022-09-21,925.9874267578125,931.9268188585564,914.5015455253802,914.6761927610146,2760138
2022-09-22,915.7244262695312,936.3378120003125,910.3526908184008,917.1219240674702,3867282
2022-09-23,904.107421875,917.0345152043625,892.6652564484933,906.6404463733229,3230711
2022-09-26,902.1858520507812,919.087075594719,885.284575195726,898.7793782722412,3314114
2022-09-27,893.1019897460938,912.7546007674015,890.0885787272695,903.976391862322,4448875
2022-09-28,899.3907470703125,905.2429216497701,880.9173254272254,887.4245337037132,1965519
2022-09-29,879.6508178710938,912.3178448413686,874.8905615689246,910.8766320913703,3176310
2022-09-30,880.9610595703125,889.8702542748991,859.9546117797122,874.3228653337853,3848885
2022-10-03,878.2532958984375,889.3897747872542,872.7069140115909,882.1838178591963,2431236
2022-10-04,898.1680297851562,904.8935472850011,889.0841350130601,892.665256105474,2715420
2022-10-06,900.7883911132812,912.7546050085164,897.3382020779438,902.6662219884739,2397633
2022-10-07,894.2811279296875,905.2865688122057,891.8354803236967,899.5655393366898,1539126
2022-10-10,899.0850219726562,902.2731332645908,876.5063787328334,880.5242242167293,1660433
2022-10-11,877.685546875,904.0200657674552,873.9297253799286,903.5833410980023,2310765
2022-10-12,887.3372192382812,889.8701903758848,871.8771550244534,880.262247490707,2192421
2022-10-13,884.7606201171875,891.7918774406605,876.1134493444889,889.9139398218946,1344162
2022-10-14,890.7872924804688,917.0344879261833,887.4681956342755,904.020071371366,3492929
2022-10-17,893.7570190429688,897.8621882088837,879.9565304128597,890.0448594231958,1426207
2022-10-18,890.394287109375,903.1029111556247,885.6776393034305,898.2553312452043,2395805
2022-10-19,890.2196655273438,899.6529086647105,887.6866408678195,894.8489368223261,1304927
2022-10-20,909.8285522460938,911.3570886346243,879.5635104287409,882.1838585233647,1852905
2022-10-21,909.3919067382812,912.1869023003267,900.613697208137,909.8286314587413,1202009
2022-10-24,915.5059814453125,918.1263295637713,912.7545945964831,917.9952908334008,231316
2022-10-25,945.5089111328125,948.5659838246969,917.9952569058531,920.091556647592,3097049
2022-10-27,939.700439453125,959.0473634184817,932.1014729383197,954.9421942203193,2342818
2022-10-28,916.2046508789062,944.1987451294648,912.7982837197053,944.1987451294648,1542568
2022-10-31,928.8259887695312,941.840404409316,919.7420949028357,919.9604572235628,2629847
2022-11-01,935.3770141601562,943.3253826338256,914.6325902364957,933.7174389218144,4709472
2022-11-02,945.0722045898438,959.6587662077242,931.4027008237782,935.4642616596327,4104485
2022-11-03,919.611083984375,935.5952489936711,917.2528134981255,934.5907609635167,3460133
2022-11-04,920.3099365234375,924.8082220373924,907.2955197769195,919.7421731168195,2531080
2022-11-07,920.1788940429688,932.7565860596027,912.2741347437767,924.9391503713258,2588984
2022-11-09,914.1361694335938,932.1309767726459,910.8927477307722,930.3981868635866,2697639
2022-11-10,907.382568359375,918.8459486008776,893.2977657940351,901.9619321372252,3285774
2022-11-11,940.7951049804688,947.282165073384,929.6871996676945,932.1754138480111,5299457
2022-11-14,946.7046508789062,954.7911852643352,937.9071670741566,943.7277535773472,2229790
2022-11-15,948.1263427734375,951.2810313400197,933.0640662372915,946.3935528978243,1577944
2022-11-16,948.0374755859375,955.2798515040961,941.061732784035,947.2821597240618,2335937
2022-11-17,940.6619873046875,943.5944095037137,930.6648715623633,941.95046105455,2089630
2022-11-18,942.7056884765625,946.393534743696,929.5095186308977,941.9503726087491,1617331
2022-11-21,926.4882202148438,940.0843408170941,922.2228493121559,937.5961264337913,1475958
2022-11-22,933.6417846679688,935.6412078504642,920.6677714900169,926.4882494470025,1696991
2022-11-23,927.7767333984375,940.7507452018199,925.3773607482615,938.3513725516437,1704144
2022-11-24,950.2147216796875,951.7253534536434,929.5095422152297,932.4420726889566,2208145
2022-11-25,959.8563842773438,962.3001235701281,941.950418309631,950.8367430106653,1943246
2022-11-28,957.23486328125,969.4980348854576,952.0808599868606,955.27991521711,1749691
2022-11-29,954.880126953125,964.5661347338956,953.325020028147,956.2574422870008,1233868
2022-11-30,957.05712890625,961.5002910645892,944.7939579589786,955.0577059349974,3909954
2022-12-01,978.8286743164062,984.5603104080739,966.9654524326662,969.8535079855744,4264917
2022-12-02,990.6030883789062,991.9805121566849,977.5402339004327,978.8287076468852,3418928
2022-12-05,977.2735595703125,995.2683671004775,974.1633459231235,995.2683671004775,2760688
2022-12-06,967.5430297851562,974.0744564276503,959.7674960498923,967.7207128802785,1838107
2022-12-07,957.990234375,966.2100843509834,954.5689127396206,965.0548188019412,1478573
2022-12-08,954.524658203125,961.8558766094844,951.1034446419542,958.0347133225761,1110431
2022-12-09,920.001220703125,955.9018849739401,915.4691084186079,954.3467781833505,3138360
2022-12-12,917.1575927734375,928.0878160473935,908.0046887590449,918.8460162392195,1689393
2022-12-13,929.2874145507812,930.7980463742326,915.4247695789321,924.044461231603,1983827
2022-12-14,946.4822998046875,949.1038303378394,933.9526052918071,933.9526052918071,1983937
2022-12-15,908.848876953125,941.9504371257028,906.627295733489,941.9504371257028,5184673
2022-12-16,907.1160278320312,918.4016712141087,898.407440345877,901.9619702780071,2994364
2022-12-19,912.35888671875,913.6029938352792,897.2966101856131,906.3606719605286,1529622
2022-12-20,904.58349609375,910.8483445919147,892.1870614344218,910.8483445919147,2149130
2022-12-21,911.78125,915.7800955043554,906.6271390708023,910.4038264915824,2037666
2022-12-22,902.71728515625,919.7346188818991,899.8292295897126,915.2914564718416,1925482
2022-12-23,884.855712890625,902.4062028023396,882.4119737889938,893.1199833685778,1504806
2022-12-26,889.5211181640625,894.4085968352937,882.4120582786354,888.9434853532425,966423
2022-12-27,897.118896484375,899.8292146619827,882.589777339647,897.2522130495939,1615647
2022-12-28,903.0726928710938,905.8719066769654,890.5874182723214,893.342157067133,1077963
2022-12-29,900.3624877929688,902.5840691119221,894.8529552743995,897.5188528571434,1977329
2022-12-30,903.2060546875,913.2031698696765,901.9619475474784,908.8488491174222,1317151
2023-01-02,897.0744018554688,908.0489902276179,893.2532934083531,904.5389356611314,1348611
2023-01-03,909.7819213867188,910.6706081037696,895.7859598388676,900.1847014586139,1439615
2023-01-04,906.6716918945312,914.713804843709,899.384894844394,909.7819055175806,1702044
2023-01-05,898.9849853515625,910.8037311361771,892.631242023318,907.2936765612819,1376035
2023-01-06,876.324951171875,898.9850796529955,875.3030021138718,897.0744981055366,2346808
2023-01-09,902.1841430664062,907.2937799269154,884.5448096865608,886.8108117075698,2190779
2023-01-10,890.9873657226562,901.1177433150193,887.7882562952088,900.1846900711969,1411099
2023-01-11,894.2753295898438,903.6948670002498,891.5205904274359,896.1414904553874,1294200
2023-01-12,890.0098266601562,900.6289953712493,886.2331387170602,897.5187817710525,1948321
2023-01-13,891.4317016601562,896.6301800176568,876.458211700914,892.5869130465094,2837817
2023-01-16,919.2457275390625,920.4009930301501,891.5204405092909,895.9191816638773,4286551
2023-01-17,929.5540161132812,933.0640708944852,916.0912128238184,918.8459517189501,2466876
2023-01-18,931.5977783203125,934.3969921459772,927.2879327668352,929.5539888341917,1138627
2023-01-19,935.9966430664062,936.6186424177918,924.266629138595,927.6434759834904,1768051
2023-01-20,929.953857421875,939.7288143560753,925.8216948409258,935.285652113257,1160517
2023-01-23,946.6602172851562,950.4812718353169,930.6203577503359,936.1743107089795,1344952
2023-01-24,951.369873046875,957.3237755082832,946.6601861780908,950.8367152754935,1578750
2023-01-25,934.0860595703125,948.7928621316306,932.1754780298411,946.3935978091332,1049973
2023-01-27,915.3802490234375,939.8621159825665,907.7380317823653,933.9526885984003,1651820
2023-01-30,920.7120361328125,931.2423087000737,904.9832855615249,915.3802415695776,2654212
2023-01-31,901.9619750976562,914.2695133582932,885.1223786066429,910.8482999754657,5797831
2023-02-01,909.7374877929688,919.2902868100866,891.5649430012128,904.6722718851653,1939670
2023-02-02,903.42822265625,927.9544571422327,898.4962690556604,912.8921801603944,3860090
2023-02-03,898.6740112304688,912.536710384867,891.298372534626,910.3594957354628,2980262
2023-02-06,893.3865966796875,903.2060284750177,885.9665375438314,893.9642294574668,2003960
2023-02-07,890.8095092773438,896.1413033723896,885.966452126781,893.0755109201754,1697633
2023-02-08,898.4518432617188,907.427063704618,892.4979948961958,895.2972088572303,2611176
2023-02-09,902.8506469726562,904.3613331153527,890.9429494217845,898.4519051186792,1782899
2023-02-10,904.0502319335938,907.8269199740146,892.275851572282,898.896174396584,1116554
2023-02-13,890.85400390625,904.4500691282778,889.0767390605517,901.961909191864,1682312
2023-02-14,899.3405151367188,911.4703162778203,893.742141207147,894.0087201108745,2440189
2023-02-15,952.0807495117188,955.2798043707643,896.0080140334057,901.8730202587437,6712218
2023-02-16,1004.3768920898438,1013.9741665657656,954.4357885343394,955.2799460266153,14422445
2023-02-17,1003.4437866210938,1012.1524286069174,984.6936623604676,984.6936623604676,5333732
2023-02-20,1016.773193359375,1028.0144154083596,995.2683317248615,1003.710339895742,4590531
2023-02-21,1008.109130859375,1023.6602001434937,1005.0878670361238,1018.3728799771536,3494288
2023-02-22,1000.33349609375,1007.9313468594952,993.4910696838577,997.0455994501685,2674708
2023-02-23,1003.08837890625,1021.4830277069751,998.8673746595271,1001.4887970646027,2576193
2023-02-24,994.3798217773438,1013.9297378444587,991.7139241318281,1010.3752076504378,1913493
2023-02-27,989.8920288085938,993.7131915582943,974.6964363068537,985.4933417734392,2247105
2023-02-28,977.7178344726562,1009.0421277379696,974.6076209569513,993.4910601594453,3894204
2023-03-01,1001.4000244140625,1003.2661310406199,974.8298899482375,977.7179456841825,2084324
2023-03-02,986.204345703125,998.8228832218994,981.9388665126323,995.2683533883694,1838692
2023-03-03,964.299560546875,994.9129061935638,961.9001877575765,993.4911159160043,2388401
2023-03-06,968.6537475585938,973.9410667111624,964.1661107496452,970.3865372706107,2076844
2023-03-08,958.2125854492188,967.1877531028722,950.481416667344,959.7232174938987,2230530
2023-03-09,941.950439453125,962.699986400666,939.595541659363,961.5003542342275,2550755
2023-03-10,943.0610961914062,944.5717278197882,925.1107658308302,928.6208202779925,1400844
2023-03-13,1007.531494140625,1034.9901494911658,999.7114853538241,999.7114853538241,13080169
2023-03-14,991.0917358398438,1011.4858055507458,976.0738269373309,1002.377323664609,4325522
2023-03-15,990.2919921875,1006.1095842043826,986.8707790599465,999.6226326129934,2583351
2023-03-16,993.2689819335938,997.5788278854138,978.4288624982736,982.8275500054168,2396839
2023-03-17,1001.6220703125,1006.3762321422828,990.1142151995294,998.2452236709061,2507004
2023-03-20,985.4932861328125,1010.1973091033099,973.9410654657913,1010.1973091033099,4007438
2023-03-21,973.630126953125,986.248663852802,965.454643651731,981.8943433252334,3354949
2023-03-22,977.14013671875,983.0940387097065,971.76397594163,974.8297142415628,1750203
2023-03-23,977.0069580078125,988.1593392647736,966.0323683361074,966.0323683361074,1720354
2023-03-24,979.2283935546875,993.4909864371729,974.5187070943441,981.9387656646477,1943460
2023-03-27,980.1615600585938,989.625517034432,968.6981801361264,968.6981801361264,1455300
2023-03-28,951.1033325195312,981.5833597607241,947.459852778701,976.6070398515128,2431154
2023-03-29,960.70068359375,966.2991123723405,946.482561972603,955.902045851481,1642278
2023-03-31,979.1395874023438,982.8274335542975,969.8977887551692,973.0524771627086,2281085
2023-04-03,980.3392944335938,981.9388762648254,964.2550684722578,981.5834015828135,1508662
2023-04-05,980.6060791015625,990.8253540536857,976.2517576442215,979.2731301947638,1947605
2023-04-06,971.0531005859375,981.894372983509,962.3889342800918,981.0502155542209,1355815
2023-04-10,983.938232421875,987.9370782524448,969.3646392553379,974.252117492701,940829
2023-04-11,975.9405517578125,992.6024095729356,970.7420738146214,984.6047178216764,1384483
2023-04-12,986.293212890625,989.4922681288268,969.3203541894713,980.1616270732787,1376719
2023-04-13,965.81005859375,977.7177539106922,956.1684191846442,977.7177539106922,2725180
2023-04-17,915.2468872070312,922.4004213408238,890.4096552827606,919.7345241693185,4349422
2023-04-18,911.0259399414062,922.1783205251977,898.4074026027221,919.5568982006388,2735592
2023-04-19,900.9844360351562,914.4027639371631,897.5187478877888,911.0259173370331,1953837
2023-04-20,908.004638671875,909.7819035955772,897.5632072451248,902.0507903299085,1250758
2023-04-21,887.5216674804688,906.0496325357461,883.1673467408805,901.3398913556292,4269272
2023-04-24,894.0531005859375,895.2527869553666,880.6347720709039,890.4097291776445,1625433
2023-04-25,885.966552734375,894.0530863350169,883.6561300592831,893.9642447851367,1984203
2023-04-26,885.3444213867188,890.8539529407483,882.1453665426064,885.9664748946893,1589700
2023-04-27,891.4317016601562,896.3191803421157,882.4120602155929,887.7438551413668,3543950
2023-04-28,909.6929931640625,912.3588361099413,871.7927998407256,872.5925906909612,5146250
2023-05-02,936.1298828125,947.1045811916754,906.760643174361,906.760643174361,4762884
2023-05-03,923.8223266601562,933.7306007448215,922.6226944785257,924.0889598008062,2217136
2023-05-04,929.0208129882812,930.4427117829617,914.2695350364801,917.9573816433424,1744298
2023-05-05,920.9786987304688,933.6860777608744,916.6688530156961,929.5095486095775,1222282
2023-05-08,927.1546630859375,930.3981932867938,920.0012368093761,925.0219234692346,1487285
2023-05-09,931.109130859375,934.3525525435136,924.0444377482413,931.6422886378881,1747630
2023-05-10,929.642822265625,933.9526677814779,922.5337629485443,931.2867705375726,1186977
2023-05-11,927.7767333984375,940.8840617616584,926.7991509433814,937.5072151320646,1451786
2023-05-12,929.820556640625,936.1743004508207,918.8904424231675,927.7767670596253,1140016
2023-05-15,945.9047241210938,950.7478358342519,925.9549699345433,929.5094995696088,2122222
2023-05-16,939.4622192382812,952.4363402927064,935.7300061935791,950.7479168770002,1343911
2023-05-17,936.7520141601562,947.6377627800838,923.2892094779319,940.1732277455745,2803566
2023-05-18,931.9088134765625,941.9059286093476,928.6653917917722,941.061771166169,909923
2023-05-19,952.7473754882812,958.6123284096088,932.1755110096683,938.8847299081482,2624323
2023-05-22,981.4501342773438,986.7819293481986,950.9256291918296,952.6140526593966,2996190
2023-05-23,969.0536499023438,994.5573568579829,965.4102786909148,981.0501875214924,1414119
2023-05-24,976.3848876953125,980.4725752000923,964.1661917173279,964.3883498260185,1782245
2023-05-25,975.8072509765625,977.49567429092,961.1004493260232,974.8297769973992,1200289
2023-05-26,990.6030883789062,995.6238837446713,976.6071263766926,976.6071263766926,2104054
2023-05-29,989.9810180664062,1002.4218722879099,986.4708548256693,1002.4218722879099,1432241
2023-05-30,976.073974609375,995.9793646086555,973.0526023680795,990.8252526396427,2822485
2023-05-31,991.3139038085938,1001.8885424451265,973.9410972332043,976.0738366594986,7599886
2023-06-01,995.9793701171875,1010.1085403807065,993.1356809726204,997.0456857491195,1412280
2023-06-02,998.0231323242188,1012.3300937826035,993.1356536071798,1002.3774532399827,1907589
2023-06-05,985.804443359375,1008.1980474715568,984.1604949275375,998.9117727500578,1754521
2023-06-06,965.2769775390625,979.2729383181099,952.214124202207,977.4956734572785,3284841
2023-06-07,973.6744384765625,976.6069686699182,963.4551662839291,973.0524392116109,2086377
2023-06-08,951.9920043945312,978.8286614825054,949.948106332091,978.384345249422,4054486
2023-06-09,944.6607666015625,958.8344107473773,942.0392357963406,958.8344107473773,2782697
2023-06-12,955.0577392578125,958.8344272241727,943.860991923261,947.2822052094236,1767945
2023-06-13,959.1898193359375,966.7431946184527,955.6352897912244,959.3231358889908,1846534
2023-06-14,957.5903930664062,964.1218204697332,951.7699150776615,959.7231328345019,1321534
2023-06-15,961.0559692382812,962.8332340912415,950.2590635614198,958.7899131605017,1389325
2023-06-16,957.23486328125,965.8990299541493,952.1252265254375,962.8332912909196,4392418
2023-06-19,971.8084716796875,973.7635282477238,954.4357715442653,958.8344589899664,2188899
2023-06-20,984.0272216796875,987.2262771292262,967.0098868399978,971.8085242521319,3318866
2023-06-21,995.1795654296875,995.9348813648592,981.1391284408874,984.0271840861569,1985965
2023-06-22,994.4241943359375,1000.8223046356937,986.7375018882243,992.5136128583748,2360795
2023-06-23,991.2696533203125,993.4912347934642,972.2085276709336,989.9367044364215,3492348
2023-06-26,988.0704345703125,1000.6001303151882,984.871379472248,988.3369592176946,1432154
2023-06-27,995.0016479492188,996.1569134514142,983.4494268298,985.4933247257969,1227245
2023-06-28,984.693603515625,1001.4443036282963,981.6722314678963,995.2683514448549,1876800
2023-06-30,1004.9100952148438,1006.3763606141804,986.915286117769,990.5142913274451,2478834
2023-07-03,996.5567626953125,1010.2861983759246,990.9139686441795,1009.4864075199104,1899656
2023-07-04,1020.1499633789062,1027.2590223571565,995.3570984971324,998.4229452668816,2773593
2023-07-05,1044.14306640625,1052.9849153655641,1018.8170430934175,1022.6382057905197,3732838
2023-07-06,1047.9197998046875,1052.1408038742845,1032.5908902887825,1044.1431119529427,2520085
2023-07-07,1027.259033203125,1052.407372994458,1023.0380293902228,1039.6998865464154,2261102
2023-07-10,1019.3947143554688,1030.7691443806225,1009.1309663928148,1030.7691443806225,2088505
2023-07-11,1032.10205078125,1036.3230546534053,1017.5729328322216,1026.0594155864924,1212566
2023-07-12,1030.280517578125,1038.8113676791638,1024.9930892440718,1036.1454702428614,1274203
2023-07-13,1044.365234375,1059.1609856190264,1025.0374795588705,1030.2804324454994,3215610
2023-07-14,1091.818359375,1094.7952566000083,1051.2522634397808,1052.0964209373217,6033106
2023-07-17,1104.037109375,1129.2298206448759,1084.7093512801537,1098.2609977604482,4880073
2023-07-18,1108.613525390625,1118.2551663781167,1088.5748190056097,1104.5702041012023,2666872
2023-07-19,1106.0806884765625,1121.1874390523928,1093.995309711025,1115.2336454509953,2293881
2023-07-20,1113.412109375,1115.6781657662202,1097.9943563381164,1106.347523997566,2000345
2023-07-21,1089.8387451171875,1110.676155565905,1076.9806579172216,1093.8512270717251,5032086
2023-07-24,1059.517333984375,1097.9092562040441,1053.498666614134,1091.1154768264976,2669308
2023-07-25,1054.6385498046875,1062.1162710432309,1044.1514392791762,1061.4779697126298,2557865
2023-07-26,1042.5101318359375,1064.2139396571993,1039.090421232926,1056.0066342099717,3170213
2023-07-27,1003.02392578125,1025.9131661580127,986.9741065122074,1013.146246756935,17594818
2023-07-28,994.953369140625,1003.1150332931225,989.4818325953898,1003.1150332931225,4244321
2023-07-31,1017.2498168945312,1020.4415464858632,991.3968294684807,998.5554007167294,4766331
2023-08-01,1042.78369140625,1052.8148419138745,1021.2623362172676,1021.35350623087,3805214
2023-08-02,1044.7442626953125,1051.0820809278418,1026.4601680472479,1042.3276452784794,2357217
2023-08-03,1042.1453857421875,1045.92977618149,1022.5390461936083,1039.5919574595448,2348236
2023-08-04,1071.69140625,1077.7557138674372,1042.1452027545763,1052.313050796442,3580506
2023-08-07,1079.3973388671875,1087.7869832787994,1068.8645870303126,1076.0687987091371,1694290
2023-08-08,1099.2318115234375,1102.4235414574086,1071.600504996147,1081.5404861971128,5137402
2023-08-09,1119.8411865234375,1127.59253024123,1094.4896884248244,1100.645167259542,3396984
2023-08-10,1126.9541015625,1130.0545496445618,1108.5331964866884,1112.545678574794,3715680
2023-08-11,1112.9560546875,1140.2225666612044,1108.2597416686642,1126.9541576905472,2933959
2023-08-14,1112.3177490234375,1113.6399924533976,1097.0430433082151,1105.3415178808064,1842625
2023-08-16,1119.704345703125,1129.8723068053469,1112.5457742554665,1113.4576970212497,2341456
2023-08-17,1123.2608642578125,1125.2215204636295,1107.575837248669,1117.105385602452,2636308
2023-08-18,1104.156005859375,1117.9715451610332,1099.0036205451547,1117.9715451610332,1794430
2023-08-21,1111.4969482421875,1116.1933723585776,1098.2740692395737,1098.8668412517043,1175945
2023-08-22,1106.3447265625,1115.281614773366,1102.742675931883,1111.4971127865595,1003208
2023-08-23,1095.2191162109375,1111.4969134512517,1093.5776108931393,1106.3445281512186,1569035
2023-08-24,1093.4864501953125,1109.3539269005369,1091.2978135258531,1099.9610788818375,1218843
2023-08-25,1084.732177734375,1091.7539388130772,1074.6553862006185,1085.1881391373738,1213340
2023-08-28,1080.4005126953125,1090.9332653229235,1078.1663464136732,1084.7777865631065,950013
2023-08-29,1092.4833984375,1101.5114554629502,1083.5921520812683,1087.3766535632997,1419344
2023-08-30,1091.7537841796875,1114.0047197582048,1089.337278141023,1101.5569529556665,2016339
2023-08-31,1096.08544921875,1107.5301236780158,1092.483399066499,1093.3953217702274,2817747
2023-09-01,1119.8868408203125,1121.5738757392128,1098.0006935860567,1098.866975719932,1686038
2023-09-04,1146.0589599609375,1154.4942457215411,1117.6070135985974,1126.2246393887074,3466873
2023-09-05,1144.052734375,1155.0413367581184,1138.6723678682254,1147.882765410361,2199985
2023-09-06,1138.9459228515625,1148.6579228186426,1126.9997565787994,1144.05277952518,1753376
2023-09-07,1157.4578857421875,1162.5646305930106,1129.5530734156468,1138.9458104244293,2554884
2023-09-08,1151.7127685546875,1165.437250183306,1148.1563589588475,1159.9657137974689,1731105
2023-09-11,1157.093017578125,1162.7013640685448,1152.2142537259658,1153.5821376836934,1293853
2023-09-12,1154.4942626953125,1170.726533033201,1141.3170227868156,1159.7834594531505,2335224
2023-09-13,1149.387451171875,1157.0019838362407,1143.4599533236499,1149.296281161026,1204376
2023-09-14,1167.124267578125,1175.787533393258,1150.8464693365875,1150.8464693365875,3288631
2023-09-15,1185.545166015625,1188.8735948587778,1161.7895348455072,1165.6195657076316,4316210
2023-09-18,1176.197998046875,1187.323410980195,1169.9968788691167,1186.4114882375065,1967717
2023-09-20,1162.108642578125,1175.605142741539,1157.2755191753854,1169.084873329358,2843560
2023-09-21,1177.885009765625,1181.8518513548138,1154.4029996017466,1163.56775619488,2960250
2023-09-22,1190.37841796875,1203.7381094012237,1170.908888235736,1176.4260657646391,3252940
2023-09-25,1184.997802734375,1198.6311126796588,1181.8973548847123,1190.3781684502212,2100302
2023-09-26,1169.358642578125,1188.2810405423695,1166.4860635149935,1185.499631494844,1141475
2023-09-27,1175.149169921875,1179.9367639351487,1152.6702538624813,1158.0961492167173,1568115
2023-09-28,1121.208984375,1161.8351860833682,1114.3695639741763,1161.8351860833682,6570797
2023-09-29,1115.0992431640625,1123.1697376716127,1103.4265868091793,1116.1935059954012,2861162
2023-10-03,1109.080322265625,1122.3032011658881,1105.7518935284393,1113.09280433358,1622290
2023-10-04,1098.866943359375,1108.4421324923821,1081.586051308713,1103.4265572322356,2340603
2023-10-05,1099.4139404296875,1116.1476990347498,1093.8512344482106,1107.0741130638828,2497613
2023-10-06,1109.7188720703125,1115.281578858935,1098.866968540488,1100.6908141314266,1446719
2023-10-09,1105.8431396484375,1119.6131508424226,1096.2679508202189,1097.2710435765791,1451064
2023-10-10,1119.613037109375,1122.9871063976661,1106.162177978963,1108.1683632878903,1503359
2023-10-11,1123.1239013671875,1129.7809811678867,1114.3694662853109,1121.7560174069354,1622663
2023-10-12,1093.16748046875,1123.4889142335767,1084.5498543472806,1123.4889142335767,2452842
2023-10-13,1088.927001953125,1096.9974965341373,1076.0689126337,1082.452372284917,3266079
2023-10-16,1080.2637939453125,1092.7115632048785,1076.798553880557,1090.0214353046927,2638043
2023-10-17,1092.11865234375,1097.0430574088252,1083.774536999969,1085.1880617759784,1163897
2023-10-18,1082.5433349609375,1096.1310044512322,1074.2905019266188,1094.3071591859223,2337078
2023-10-19,1068.91015625,1081.0386607013934,1064.9433149870206,1067.4511022740248,3107691
2023-10-20,1067.5880126953125,1072.4212482224364,1047.2522003748345,1066.9497112417098,2962470
2023-10-23,1054.136962890625,1067.815802902106,1050.124592208872,1061.5691548939333,1203959
2023-10-25,1041.552490234375,1063.2106534478783,1036.4001049324784,1059.6541328038188,1555285
2023-10-26,1017.2042846679688,1021.3535781065087,1001.428086368797,1003.1607620239688,7099401
2023-10-27,1021.8550415039062,1026.7793351036078,1015.9275438640448,1021.3077988206588,1382498
2023-10-30,1027.645751953125,1038.588824769056,1017.249810514252,1021.8550648517669,2255915
2023-10-31,1033.3450927734375,1036.9927830898464,1017.295277644973,1027.6455766540485,1194765
2023-11-01,1026.0042724609375,1037.768098299424,1021.3078479948766,1031.3389983299326,1288497
2023-11-02,1028.216552734375,1041.5819852889679,1026.6496159941132,1036.9732154425565,2493118
2023-11-03,1044.4393310546875,1047.1124398926781,1028.6773617255535,1036.0513929924034,1108121
2023-11-06,1052.78125,1055.2239203633776,1045.5915245000183,1048.4950718180412,572330
2023-11-07,1059.09521484375,1060.2935399028713,1047.6194239724086,1052.6429376427873,902481
2023-11-08,1050.0159912109375,1062.643974796047,1048.0803304997671,1061.6300679967471,806162
2023-11-09,1036.005126953125,1051.7210740754335,1029.7832888724859,1050.7993202857094,6042108
2023-11-10,1049.09423828125,1050.5690220378658,1033.7470131304815,1034.2078900868482,706806
2023-11-13,1042.826171875,1052.7811582351346,1039.7383190517844,1051.3523947927563,435537
2023-11-15,1081.90869140625,1086.609614015311,1054.0256346096246,1055.4082655251598,2816201
2023-11-16,1112.7410888671875,1119.8846804738218,1076.0553569017982,1083.0606629413244,2294942
2023-11-17,1108.6395263671875,1118.963125255172,1104.2611952507925,1117.3500558965,1176628
2023-11-20,1116.9814453125,1126.8441672494168,1108.6395273286184,1110.6213207604633,1077366
2023-11-21,1110.252685546875,1125.599912047609,1106.4735166760045,1124.4937397437552,1129326
2023-11-22,1120.2996826171875,1122.6962201893687,1109.7916659343184,1110.7134198096792,750622
2023-11-23,1116.15185546875,1125.3693947615486,1112.5108599368205,1119.9310240750394,651637
2023-11-24,1104.122802734375,1119.8847707232287,1101.587979701938,1117.2117746313174,884921
2023-11-28,1108.3170166015625,1114.4005704127112,1093.2002287092434,1101.5881674881605,910795
2023-11-29,1126.1068115234375,1137.997460571561,1112.2344813996253,1112.5570727943561,1898448
2023-11-30,1125.415283203125,1132.19026380527,1114.1237988912528,1126.3831697230821,2978406
2023-12-01,1125.0467529296875,1130.8077147292972,1116.7509679382497,1130.8077147292972,1017856
2023-12-04,1128.134521484375,1151.4548255918767,1122.6961514489703,1141.1312278274427,1581599
2023-12-05,1125.0927734375,1130.3007054096072,1114.2621652511082,1128.2267591611492,1499843
2023-12-06,1129.3328857421875,1149.4271667032983,1123.2954649279561,1127.3050720754882,2637916
2023-12-07,1127.535400390625,1134.6789927495274,1124.6318532506698,1130.0702234857195,1076885
2023-12-08,1129.4251708984375,1141.0852684640115,1122.0050065214416,1133.7573694979446,2642571
2023-12-11,1136.7991943359375,1143.4357777847283,1129.4251627178176,1134.6791152382107,1558876
2023-12-12,1130.20849609375,1147.5835335151023,1123.295342277394,1141.0851239202157,1114846
2023-12-13,1120.9449462890625,1137.398231648927,1103.385601206387,1130.0703328180236,3025706
2023-12-14,1165.7420654296875,1170.4431001456144,1133.8955369770085,1138.3660207084229,5287733
2023-12-15,1203.9027099609375,1221.1395748821224,1163.7142636372992,1170.6274176787088,5900381
2023-12-18,1190.6756591796875,1228.7441421389142,1185.7903182606922,1202.8888989583838,2671348
2023-12-19,1181.181396484375,1199.1555961090905,1169.889912104746,1198.2799749810385,1717860
2023-12-20,1150.90185546875,1211.1845808552566,1141.3155927512228,1189.9842419209563,2860865
2023-12-21,1152.2845458984375,1160.0734339864632,1130.070299064948,1135.6008225513995,3337533
2023-12-22,1175.3743896484375,1180.6744740393576,1145.2791053423268,1161.4097969668665,2297352
2023-12-26,1181.6884765625,1187.9103152651496,1161.916900803816,1175.236199389382,1720830
2023-12-27,1179.9833984375,1190.4452837702033,1168.0927494059542,1187.1269918941157,1584695
2023-12-28,1185.329345703125,1188.1407400178955,1171.1344261011805,1184.453724532968,2284964
2023-12-29,1173.070068359375,1190.8598502843324,1168.8760433034256,1185.3293271435368,1187193
2024-01-01,1195.653076171875,1201.782762019804,1166.2491046938183,1173.3926973129662,1776828
2024-01-02,1178.0936279296875,1197.4504596792394,1173.2544199922995,1196.4365529008771,1615064
2024-01-03,1146.84619140625,1174.3145034489132,1142.9748699188794,1166.0187181027277,2231707
2024-01-04,1149.8878173828125,1156.5243994575942,1135.3240629447248,1152.2843546587742,3355191
2024-01-05,1150.6253662109375,1172.3326016832,1148.0905431449203,1156.7089190656231,1756868
2024-01-08,1132.7894287109375,1156.109847765466,1125.8302541647026,1152.3766994025987,1320667
2024-01-09,1138.9652099609375,1153.2984153545824,1136.1538156055142,1143.4818264990408,994439
2024-01-10,1143.804443359375,1148.9201100214839,1132.1903666586995,1139.7487036731172,808638
2024-01-11,1151.639404296875,1163.0691757475156,1143.8044957445768,1143.8044957445768,930492
2024-01-12,1205.7003173828125,1209.1107620414302,1167.8622721604665,1172.2867361943224,5023455
2024-01-15,1232.984130859375,1291.8380950625335,1229.4814210204383,1230.5414605126523,6012767
2024-01-16,1217.0838623046875,1227.9604907262024,1207.9584762641011,1226.0248300554806,1883106
2024-01-17,1222.9371337890625,1230.0807273725297,1203.1194225575082,1203.8107380655856,2313059
2024-01-18,1249.1148681640625,1262.342014634385,1203.8106397316587,1222.8909011884957,4533782
2024-01-19,1281.145751953125,1288.4736503581746,1248.976518745157,1266.39768973916,4463826
2024-01-23,1259.7149658203125,1305.4800685828532,1250.5895798812694,1287.229296704767,2683661
2024-01-24,1297.783447265625,1300.1339648789146,1258.7011692474339,1265.522058558952,2008135
2024-01-25,1218.604736328125,1250.2208262332147,1209.3871977227727,1242.5242040015016,8424862
2024-01-29,1211.5072021484375,1233.3067041386512,1208.4193491224005,1233.3067041386512,2495791
2024-01-30,1214.7332763671875,1236.0257675819269,1212.106300425155,1220.3559522912594,2293154
2024-01-31,1229.297119140625,1231.4632183157914,1209.617695752884,1214.9638008959764,1798462
2024-02-01,1209.8018798828125,1231.785685824928,1207.2670568963913,1225.9325716145834,2286420
2024-02-02,1233.3988037109375,1248.0547124241052,1219.5264757849955,1219.941220009825,1838847
2024-02-05,1228.4674072265625,1247.2250750151054,1224.089076568655,1240.4963396205349,953919
2024-02-06,1245.3355712890625,1255.7974548756035,1224.1812531370624,1225.9326079378723,2713529
2024-02-07,1214.8714599609375,1252.3867931176255,1211.2305776036158,1245.7502110297473,2004588
2024-02-08,1206.8062744140625,1225.6100761792645,1200.1235587451665,1222.2456519939253,2308756
2024-02-09,1208.4654541015625,1218.051604317327,1203.7644193579756,1213.9498446107036,1085349
2024-02-12,1215.6090087890625,1226.8543606257538,1208.5114367121914,1215.240284749431,1149683
2024-02-13,1224.5040283203125,1230.3572561016424,1198.2801726268813,1218.512627457178,1127361
2024-02-14,1191.735595703125,1216.6689702639746,1182.2876185778302,1207.4975643059577,3426103
2024-02-15,1198.6026611328125,1205.654100970226,1190.4912943256304,1202.612268093291,1703763
2024-02-16,1200.6304931640625,1206.760066102663,1196.436468240915,1202.9808979132076,1994659
2024-02-19,1207.49755859375,1214.8715894859256,1186.7119640089174,1200.9991488625076,1496111
2024-02-20,1217.22216796875,1220.07958257921,1200.1235879713208,1207.4976192338174,2113200
2024-02-21,1195.1461181640625,1221.3239521709563,1191.0903783851709,1216.7151825401227,1769508
2024-02-22,1224.1812744140625,1226.3935061736,1197.6808510375192,1204.7322905440774,2201424
2024-02-23,1218.7889404296875,1237.500587245268,1213.3045504244858,1234.1361634311952,1660506
2024-02-26,1196.6669921875,1221.2317559520288,1193.6712920337472,1218.7890856305964,1196507
2024-02-27,1194.63916015625,1202.9349450691304,1183.2554097329923,1193.671273575567,1488661
2024-02-28,1185.2371826171875,1203.8566781670638,1171.5491602509776,1200.1235300131966,1289779
2024-02-29,1174.17626953125,1184.638154563384,1165.327453942976,1179.8450789377175,2251498
2024-03-01,1172.28662109375,1186.297234960675,1168.783911367627,1186.297234960675,1560034
2024-03-04,1179.8909912109375,1184.914504390068,1170.7194734323211,1175.7891193087469,1843831
2024-03-05,1172.9317626953125,1179.7527636226012,1160.5802387219164,1175.1439944175115,1420379
2024-03-06,1171.549072265625,1174.6369249720117,1152.2843954657635,1168.3229339863726,2064350
2024-03-07,1187.357421875,1191.9200591070398,1166.5258042547134,1175.2363344318067,2073691
2024-03-11,1188.1407470703125,1194.8695953777587,1175.6970697348206,1187.3572787788717,1577732
2024-03-12,1191.1826171875,1205.3315171343831,1177.724920151014,1193.671307725049,1963068
2024-03-13,1177.26416015625,1197.7271664043249,1167.2171316023214,1191.1827355282985,2001399
2024-03-14,1192.150390625,1195.9295591320501,1159.6125452871247,1172.470967255406,2129097
2024-03-15,1181.8729248046875,1191.8279129365023,1169.244940108239,1191.8279129365023,2499025
2024-03-18,1173.070068359375,1186.7119579287357,1168.8300231218545,1181.6884444166922,630807
2024-03-19,1154.266357421875,1173.07016007449,1151.1785042639333,1170.6274896592383,1243420
2024-03-20,1165.3736572265625,1172.4711182018675,1149.4272676082774,1154.0360377269956,1139621
2024-03-21,1182.3798828125,1186.7120813826236,1171.2266824887151,1175.236289679156,1420041
2024-03-22,1163.8526611328125,1179.7529169569532,1139.3800484655305,1160.0273596916518,2990908
2024-03-26,1156.2020263671875,1172.1022817528644,1153.1141731873504,1163.483904960618,2144358
2024-03-27,1155.695068359375,1164.3134446978097,1149.0123526796008,1159.5663896766957,2128854
2024-03-28,1150.44091796875,1165.9724473013553,1144.8182421815973,1161.4098109088668,2436133
2024-04-01,1147.1689453125,1162.470038669946,1144.818427687749,1154.1281202561688,1397037
2024-04-02,1140.0252685546875,1153.9897501249911,1138.4582194133782,1146.661851627331,1320357
2024-04-03,1156.939453125,1164.1751988803162,1142.9748587581885,1142.9748587581885,1819093
2024-04-04,1179.153564453125,1188.140664123571,1149.3348511272468,1161.4098035653215,2460669
2024-04-05,1164.5439453125,1176.1118896986845,1161.5942652058575,1175.236268466951,1184658
2024-04-08,1166.1568603515625,1170.627343845959,1157.814943326882,1170.627343845959,686932
2024-04-09,1153.4827880859375,1180.7666794875934,1145.5095947956336,1166.11077079816,1198161
2024-04-10,1167.217041015625,1173.8074915687507,1154.035914871794,1161.8246905357369,1994380
2024-04-12,1144.9105224609375,1170.3970408734579,1141.1313538896168,1165.9725770463378,2887322
2024-04-15,1123.3876953125,1143.5741305566446,1116.2441017628205,1138.3661979166666,2153147
2024-04-16,1102.2333984375,1118.2258066763495,1097.8089345501844,1110.7134896162656,2085459
2024-04-18,1087.3470458984375,1113.340461713818,1084.0287542545918,1105.6899716070056,3242357
2024-04-19,1100.25146484375,1110.5750625742346,1071.9535551845865,1072.045820581197,2572144
2024-04-22,1113.52490234375,1121.4979839821729,1101.5881212009988,1102.5098751493754,1364143
2024-04-23,1106.3350830078125,1122.696214208303,1104.998584903173,1122.696214208303,1460983
2024-04-24,1092.923583984375,1113.4326088178655,1089.052262506468,1113.4326088178655,1375843
2024-04-25,1097.163818359375,1100.1595188242943,1081.0331235482706,1092.2784772090645,3357065
2024-04-26,1178.69287109375,1241.6025785832112,1143.89665925892,1152.1924448619257,20431926
2024-04-29,1187.49560546875,1208.4193741866638,1184.4537725628247,1189.0625421058705,4120529
2024-04-30,1164.63623046875,1190.076619489277,1161.4562240357354,1187.495775686501,2613213
2024-05-02,1167.77001953125,1174.6370409676977,1155.4184949672133,1164.3594626451259,2124221
2024-05-03,1152.6070556640625,1172.470896120791,1145.7861671953654,1170.627388422488,2322455
2024-05-06,1163.4837646484375,1166.6637703345586,1147.6756640589456,1159.5663108954125,1363667
2024-05-07,1191.3209228515625,1193.4871347858013,1158.5526353724053,1168.7840823593303,2350444
2024-05-08,1186.2972412109375,1198.2800416272096,1180.1675554173185,1192.749518358161,1332284
2024-05-09,1169.7978515625,1185.2833620844053,1162.7003915425857,1181.6884993719502,2420777
2024-05-10,1165.4656982421875,1173.577065361171,1150.5793496840354,1166.9404820348398,1322206
2024-05-13,1163.2994384765625,1167.2629123399788,1152.2383927797766,1165.4655374217614,593453
2024-05-14,1175.6971435546875,1183.5320519986035,1155.9715868509527,1165.0508406027911,1386032
2024-05-15,1174.7752685546875,1182.564043491693,1166.018607078603,1175.2361454744814,1008105
2024-05-16,1205.60791015625,1209.8940880875925,1181.0432599250007,1186.2972118932391,4868225
2024-05-17,1203.257568359375,1216.7151528492532,1196.2522611952124,1206.6680127954528,1925387
2024-05-21,1220.31005859375,1223.167473292106,1202.0592856501494,1204.7323945687885,1453689
2024-05-22,1226.301513671875,1230.9102835575038,1208.4655967182507,1225.9327895772656,1411627
2024-05-23,1232.845703125,1238.7909701063923,1221.415933541806,1231.4630724299066,1440740
2024-05-24,1218.3282470703125,1239.759025768542,1214.8716698609207,1232.8458713497582,1288301
2024-05-27,1225.656005859375,1237.7310708810564,1215.1019696587741,1219.48030029096,980450
2024-05-28,1212.1986083984375,1226.2553562664768,1208.696010867186,1225.0110109261796,1608944
2024-05-29,1185.790283203125,1211.1846486600969,1183.624183998853,1211.1846486600969,1405567
2024-05-30,1143.7581787109375,1186.9884543774187,1138.688532817654,1179.8909951343317,2610479
2024-05-31,1132.32861328125,1157.0316645504302,1128.2729858503412,1148.4593076685296,4649449
2024-06-03,1147.9063720703125,1163.0692935509555,1139.7950040235173,1156.8013210667377,1091287
2024-06-04,1142.32958984375,1155.6027552516593,1100.2515041415961,1147.9061331178116,2471911
2024-06-05,1167.77001953125,1184.407609645953,1139.9791173918636,1161.4098952203342,2709585
2024-06-06,1214.364501953125,1220.0333103415874,1174.4986499996942,1184.4536360730317,3205121
2024-06-07,1269.8082275390625,1272.942213493856,1223.1674998597732,1225.9327617283334,5790599
2024-06-10,1235.4727783203125,1270.176834062422,1230.6797031992883,1269.8081100103163,2532308
2024-06-11,1243.8607177734375,1253.446980547617,1236.2102281458124,1243.3538206550215,1465705
2024-06-12,1263.3558349609375,1272.9420977372995,1250.9582903851297,1258.0097300124853,2786009
2024-06-13,1280.27001953125,1287.5518977604518,1267.7341891405708,1272.020367229558,1953367
2024-06-14,1264.139404296875,1286.5380701933027,1257.3645352971976,1285.8467547337684,1733356
2024-06-18,1264.047119140625,1282.5743490137618,1262.9410595286213,1272.4350566681985,950760
2024-06-19,1273.08056640625,1278.4266721235367,1254.5072007032466,1269.2552647820503,1313197
2024-06-20,1284.09521484375,1289.5335848461414,1264.1392222814393,1277.550785272875,1987190
2024-06-21,1290.271240234375,1327.602275672786,1277.597123264544,1297.8295777106837,6836535
2024-06-24,1292.0224609375,1298.751309749967,1272.9421992652267,1281.237984778179,1111433
2024-06-25,1316.0340576171875,1319.9515114745666,1285.6161806069495,1289.3493287020817,2201375
2024-06-26,1302.4844970703125,1322.5326459909918,1299.6731024440323,1320.6891380442626,1565878
2024-06-27,1320.1820068359375,1330.8283092558831,1283.0814128229185,1294.4650508424106,4286657
2024-06-28,1318.4306640625,1339.3084123331853,1315.0202196511343,1328.24736556925,2222285
2024-07-01,1356.9139404296875,1362.8131880966641,1312.715884409652,1318.4307137790038,3837301
2024-07-02,1356.960205078125,1380.7875240270341,1354.978411428398,1364.1959516421966,2092643
2024-07-03,1364.0113525390625,1368.8044274120518,1346.6823356558973,1364.1495255975167,896602
2024-07-04,1344.977294921875,1375.256889591769,1339.5850568330652,1366.0393501172935,1322999
2024-07-05,1347.005126953125,1354.9783212109483,1336.4971093052814,1352.213059330926,1334838
2024-07-08,1352.765869140625,1363.2277523810533,1345.8988482631867,1347.0049078277486,807698
2024-07-09,1351.0609130859375,1354.4253376587837,1341.152057676984,1351.2913515838202,1049695
2024-07-10,1348.8486328125,1357.5592752325394,1328.7083313208645,1356.9139799502439,802718
2024-07-11,1346.3135986328125,1360.5086298764713,1328.4776848302604,1360.5086298764713,1408434
2024-07-12,1387.2855224609375,1393.5073602555692,1346.7283575774113,1359.5867773454765,4372156
2024-07-15,1381.7552490234375,1407.9791028546888,1375.2568389258236,1401.1581013911114,2374623
2024-07-16,1397.563232421875,1400.1441883757047,1372.5837239809441,1385.718717189867,1794159
2024-07-18,1418.90185546875,1424.7549702795247,1387.2396312395647,1389.0831390551652,2752497
2024-07-19,1400.17236328125,1445.7525326340867,1395.5720691605165,1443.9218583039856,2504915
2024-07-22,1404.0682373046875,1413.738124326216,1385.807912232983,1389.4223873479075,2225781
2024-07-23,1402.0499267578125,1410.780984355565,1370.692955405265,1399.7967099378425,1640492
2024-07-24,1439.50927734375,1445.7993977132337,1383.2732908366984,1402.0499063914158,2561617
2024-07-25,1436.4110107421875,1452.887535824398,1412.8463824408798,1431.7168571123111,3283912
2024-07-26,1446.8790283203125,1450.1649359340415,1355.9063060366805,1436.4110425730455,7133745
2024-07-29,1432.0455322265625,1459.600193177506,1417.6814898050832,1451.103843232947,1755979
2024-07-30,1443.9686279296875,1457.0182831934767,1427.022687672236,1427.022687672236,1622543
2024-07-31,1459.3184814453125,1466.2188642568565,1441.105142714439,1443.921634850037,2398955
2024-08-01,1449.9771728515625,1473.0255146681184,1443.5462048382167,1459.3186080067944,1315921
2024-08-02,1415.4749755859375,1439.7438404356276,1410.4053815780283,1432.186207592568,2894949
2024-08-05,1367.26611328125,1393.4595136180883,1339.4767465417601,1380.0811756904766,2186582
2024-08-06,1392.66162109375,1411.0626817137208,1375.8565269803446,1375.8565269803446,1665788
2024-08-07,1383.508056640625,1422.5633957141488,1381.020132054455,1408.9973362474163,3002937
2024-08-08,1376.7484130859375,1397.1211106854403,1372.57066176937,1380.0813083453993,2333194
2024-08-09,1414.536376953125,1416.9304414299866,1389.986042236358,1394.116806238464,1521252
2024-08-12,1419.9815673828125,1431.2475368430398,1398.2945990925487,1414.5363029690222,1809860
2024-08-13,1411.438232421875,1430.4495559168859,1403.6928784053891,1416.0385262129462,580901
2024-08-14,1431.153564453125,1435.8945908004898,1412.940225666716,1419.5120406698172,2833790
2024-08-16,1488.3284912109375,1491.8021192785461,1437.6316287559082,1463.0739201413696,3224481
2024-08-19,1497.1064453125,1504.6639639209125,1479.4563817613346,1490.7223505122843,1640507
2024-08-20,1528.979736328125,1533.7208774563464,1497.6697537404177,1503.0680305522073,2442281
2024-08-21,1506.4947509765625,1528.4164255600845,1504.0068266260782,1517.1504568213122,1935929
2024-08-22,1512.6910400390625,1521.5160719753237,1498.3738711573894,1506.8703352531045,1562554
2024-08-23,1500.6270751953125,1518.0423166308021,1495.6043536654909,1514.3809684336923,1020913
2024-08-26,1539.8233642578125,1542.4990091253353,1510.57876182755,1511.517592630426,1510157
2024-08-27,1525.224365234375,1544.3765348486104,1522.8772884336934,1543.4377041283376,1083351
2024-08-28,1527.8062744140625,1563.1532768380102,1517.3382881079572,1520.9058909775235,3033590
2024-08-29,1546.5828857421875,1554.9385027303633,1520.9528738252418,1520.9528738252418,2194339
2024-08-30,1536.396484375,1561.9796216797472,1531.3267755297175,1546.254207006187,1926984
2024-09-02,1545.9256591796875,1560.3366881015902,1535.5046608982375,1536.3965042588761,1582818
2024-09-03,1543.5316162109375,1557.754925022276,1532.2656471886278,1538.7436022971285,1739553
2024-09-04,1544.6583251953125,1549.070784011453,1510.4848619485683,1520.6711529712431,1643875
2024-09-05,1539.213134765625,1556.4876448346297,1533.0168742526591,1551.887350879889,1080904
2024-09-06,1523.9569091796875,1550.19718097985,1515.225737969258,1539.2129078084693,1672937
2024-09-09,1482.6015625,1531.514739159003,1478.4238112560395,1523.9101179502402,2965098
2024-09-10,1509.0765380859375,1514.9911029219932,1481.9443070725217,1494.6185219255333,2541973
2024-09-11,1504.5701904296875,1527.4776844633952,1500.3454519047427,1513.3952227135792,1395340
2024-09-12,1542.7335205078125,1548.695072426773,1507.7620775509185,1520.8118469709405,2356422
2024-09-13,1554.750732421875,1558.3652079422727,1537.8047912918732,1548.976900303128,1373924
2024-09-16,1548.1319580078125,1567.8474044105803,1545.784881055102,1550.103479727416,1060407
2024-09-17,1550.5260009765625,1569.7250443438477,1540.7151506873943,1548.1319366764383,1499644
2024-09-18,1507.198974609375,1547.33399091976,1491.8021267181678,1547.33399091976,2930297
2024-09-19,1497.7635498046875,1535.3167781928246,1489.971323676164,1520.9057497195486,3032379
2024-09-20,1522.830322265625,1529.636844570163,1485.6056635691011,1509.6397056134203,3984683
2024-09-23,1508.8419189453125,1531.2330102455815,1496.9656865950826,1525.5530381553162,1535902
2024-09-24,1536.9598388671875,1542.968378747999,1500.345438641345,1503.5844735771893,1781972
2024-09-25,1504.7109375,1542.592734157007,1492.7878331892614,1536.9597498331887,2505756
2024-09-26,1508.6541748046875,1520.7651155798903,1498.3740229323098,1511.5176547124179,2173853
2024-09-27,1510.8133544921875,1562.965447462344,1506.4008958959905,1525.5999385116077,3539822
2024-09-30,1480.7237548828125,1507.7621252618528,1471.9457106358639,1507.7621252618528,3460691
2024-10-01,1525.9754638671875,1542.4050013450785,1483.3525265753015,1483.3525265753015,5176596
2024-10-03,1505.9315185546875,1531.3738090971435,1498.5147326687486,1516.2116694816543,2332279
2024-10-04,1517.5728759765625,1547.5685863310075,1493.6796799234676,1493.6796799234676,2927576
2024-10-07,1519.544677734375,1532.2188938726197,1502.317040411915,1525.5531033320303,1619326
2024-10-08,1529.44921875,1534.988343337764,1505.509033578677,1525.6000354274413,1311331
2024-10-09,1557.33251953125,1567.6596579509444,1532.2187965560843,1538.7436245344543,2177241
2024-10-10,1520.6241455078125,1573.4333760834686,1512.7849315341437,1570.6638711657358,1518162
2024-10-11,1546.30126953125,1549.070774468499,1504.9457281654568,1504.9457281654568,1019027
2024-10-14,1588.9710693359375,1593.1958077773033,1547.193100304653,1547.193100304653,2070051
2024-10-15,1572.8701171875,1599.2512390646539,1561.7449954158512,1596.0123187297547,2503380
2024-10-16,1558.7408447265625,1574.8417014874492,1551.6996136287855,1567.8474577716725,1070524
2024-10-17,1595.0736083984375,1605.3068875472131,1554.7038819940037,1559.1163411317432,3771316
2024-10-18,1584.6524658203125,1598.2655118669059,1544.9398787533878,1591.318141308661,3119646
2024-10-21,1597.138916015625,1654.0790271308824,1586.671044246225,1638.259751023053,5898020
2024-10-22,1592.7734375,1621.3138021000098,1587.9853087435615,1599.2044055509225,2484594
2024-10-23,1629.76318359375,1642.0149706396965,1582.4930785717645,1592.7733439767235,4198781
2024-10-24,1629.5753173828125,1641.0759929627864,1622.3463671453128,1628.9181817624406,1570443
2024-10-25,1611.4560546875,1635.8187823144588,1605.7292098210396,1629.5755346750248,1743714
2024-10-28,1598.4063720703125,1622.2525819272025,1589.6282126949,1605.4006154600643,1271473
2024-10-29,1594.60400390625,1618.6380478092456,1577.5642031398913,1604.4617266268951,1499121
2024-10-30,1581.8828125,1607.4190774380963,1579.3480153385724,1599.8614441255222,1305424
2024-10-31,1523.815673828125,1581.7408683968204,1511.406543301497,1578.7095553766876,3638913
2024-11-01,1519.079345703125,1533.619819319346,1514.4851402171407,1533.619819319346,249236
2024-11-04,1551.9967041015625,1553.7491186335815,1523.2472769915482,1528.8834491538487,2746587
2024-11-05,1546.5499267578125,1566.7739813224537,1538.1666670943384,1551.9019891796925,1376651
2024-11-06,1604.23828125,1608.2167420306337,1548.7759524194291,1562.937496679273,3164061
2024-11-07,1563.93212890625,1625.030628188172,1557.6328031405544,1605.611725315623,1285140
2024-11-08,1592.681640625,1597.512661888451,1563.0323591405177,1572.4575857659488,1883257
2024-11-11,1614.279296875,1624.98330624038,1578.1885766222636,1584.582605961114,1587351
2024-11-12,1598.0338134765625,1620.2945097520214,1595.192022462674,1619.8208779163733,1414446
2024-11-13,1587.23486328125,1599.9282186337903,1575.9151095268517,1591.4028462432016,1063556
2024-11-14,1598.50732421875,1602.7700104166665,1575.2993660300924,1575.2993660300924,1919974
2024-11-18,1573.21533203125,1598.980854042337,1547.1181752752645,1595.9022475401819,1617013
2024-11-19,1610.0166015625,1633.4613756726342,1576.341334314838,1577.099191448271,1982317
2024-11-21,1612.4793701171875,1634.0296157745033,1595.94966750347,1621.7151896846085,2212146
2024-11-22,1655.2957763671875,1657.5692321952708,1612.479506741478,1624.3203020619471,2344087
2024-11-25,1641.2288818359375,1674.5726297649892,1636.7293797589596,1667.1839274696888,3913302
2024-11-26,1653.3538818359375,1669.0784341961366,1639.7606725387018,1641.2288617135307,1291712
2024-11-27,1664.1527099609375,1673.8147522607812,1644.0233588089613,1649.185899086599,2088228
2024-11-28,1622.994140625,1667.1840127252078,1616.7896331391216,1664.3422217944262,1787990
2024-11-29,1621.99951171875,1638.7660312185742,1610.821754963691,1617.9262319776444,1556942
2024-12-02,1653.874755859375,1655.8166923981855,1615.936919901188,1619.8206773460508,1370756
2024-12-03,1657.2376708984375,1668.1312023161752,1645.9652109135302,1667.1839387146326,1824151
2024-12-04,1666.804931640625,1681.0138849945165,1648.806924059029,1650.227819394418,1811165
2024-12-05,1692.7125244140625,1699.343369146523,1662.5422040079186,1666.8048899073576,2762694
2024-12-06,1688.7816162109375,1702.2327132680182,1681.9612488148455,1702.2327132680182,1180840
2024-12-09,1684.092529296875,1705.7848883631839,1677.7932033755899,1685.276608769569,1069659
2024-12-10,1670.5467529296875,1683.287401981394,1660.8373011174708,1673.0569089407823,1625591
2024-12-11,1669.836181640625,1676.4196168607157,1657.7585717437616,1671.9201151344332,1285654
2024-12-12,1695.222900390625,1712.3683482719293,1668.178594230265,1674.8094393714252,3018243
2024-12-13,1701.664306640625,1709.43182169058,1668.1311530106225,1687.0764244814984,1503188
2024-12-16,1681.9139404296875,1698.917275889555,1672.867526747117,1698.917275889555,1075193
2024-12-17,1677.3670654296875,1694.7967392714218,1668.1312450778935,1683.7136854696087,1160899
2024-12-18,1685.087158203125,1693.659823981401,1667.7048951254744,1669.1257904555182,1337600
2024-12-19,1661.8319091796875,1675.6146411084321,1643.5023812530724,1648.191289920544,2402819
2024-12-20,1597.1337890625,1677.461670449569,1591.4975014391882,1676.6565195413132,2921154
2024-12-23,1622.0941162109375,1634.029613741279,1596.944222859382,1601.7279500106838,1301223
2024-12-24,1614.98974609375,1634.361240596512,1606.2748515329674,1627.0199476450218,711026
2024-12-26,1609.11669921875,1624.2256236583253,1601.491296295445,1617.0737369223116,659638
2024-12-27,1621.3837890625,1625.9779944667735,1609.1166558737264,1615.0370534649978,647945
2024-12-30,1649.043701171875,1680.0665819317185,1604.4750212461656,1624.5569619276796,6781500
2024-12-31,1616.2210693359375,1637.818725151479,1593.7235593750654,1637.818725151479,1459630
2025-01-01,1613.9949951171875,1627.0198690795971,1602.0594973763677,1610.9163885442545,721479
2025-01-02,1635.876708984375,1644.1652648825352,1606.55894894627,1618.8733748521083,1238954
2025-01-03,1600.3543701171875,1638.6238409464588,1592.6815584320552,1621.9046160388923,2448088
2025-01-06,1597.3707275390625,1621.0523186154717,1586.6666021194178,1614.8476955003448,945693
2025-01-07,1583.01953125,1615.0843798285487,1573.8784147126883,1603.7172170379665,1305847
2025-01-08,1576.009765625,1581.882753509762,1547.8286743989481,1579.988226368515,673344
2025-01-09,1556.164794921875,1581.456688521126,1551.8072895571988,1575.9625130116995,774065
2025-01-10,1615.6527099609375,1623.6097470168602,1550.0074144232835,1565.9213729023697,2208899
2025-01-13,1572.1260986328125,1611.295426406861,1562.8902782874468,1608.5010449657289,1401093
2025-01-14,1560.6168212890625,1582.3564752171903,1535.798560581457,1581.8355496034003,2480288
2025-01-15,1587.5662841796875,1590.455484230827,1563.1269542185698,1570.5629498836875,1079742
2025-01-16,1598.6494140625,1631.993046037076,1582.8300427964148,1605.611778293148,2334315
2025-01-17,1572.7418212890625,1610.2534371984812,1563.3638884035165,1595.9023703498328,2502285
2025-01-20,1586.28759765625,1598.1758020610478,1539.3033463346794,1575.2993630489673,4856268
2025-01-21,1553.9859619140625,1613.7109791508212,1549.8179788774687,1586.2876280903254,2500061
2025-01-22,1595.1444091796875,1599.69132047396,1549.012720535925,1556.069787732137,2478559
2025-01-23,1623.04150390625,1638.2924250078709,1582.87750343345,1582.87750343345,2255334
2025-01-24,1632.1824951171875,1644.8284402981928,1615.4158610151549,1628.346031512354,1257165
2025-01-27,1566.6793212890625,1623.5151383818436,1558.2486519604136,1619.8207871442596,1174799
2025-01-28,1561.421875,1576.8623173701073,1551.6177202240374,1568.6210549709467,1820874
2025-01-29,1592.4921875,1596.1391291492487,1566.821367659226,1576.1991845765053,1146508
2025-01-30,1582.02490234375,1614.9897216082716,1569.6157724114073,1596.1391529953055,868832
2025-01-31,1586.1455078125,1605.6118212793467,1577.430728840963,1586.666549051862,1065425
2025-02-01,1559.5748291015625,1596.9917416598794,1550.3863027139118,1586.1929133899134,410470
2025-02-03,1567.43701171875,1576.2940187665906,1520.5001703456996,1544.0396473645515,1415698
2025-02-04,1571.5577392578125,1588.513665379601,1558.296048710773,1575.062568363567,1467006
2025-02-05,1573.40478515625,1582.877420828473,1557.6802330669118,1575.1571996290593,1449280
2025-02-06,1581.55126953125,1595.8549266389648,1562.984926261005,1581.9301980944717,1288106
2025-02-07,1602.8646240234375,1606.1800464364303,1570.4682569838687,1586.6664405036531,1582031
2025-02-10,1609.4482421875,1613.9003347889857,1584.9613859810438,1594.2446153777623,1235699
2025-02-11,1581.0777587890625,1618.8736021171824,1575.4888800437302,1616.0318111245833,1800036
2025-02-12,1591.59228515625,1600.8755148683563,1580.7935724142383,1591.4028786857034,1889477
2025-02-13,1586.9508056640625,1600.3544935229565,1554.03339452007,1586.6665803219428,1555491
2025-02-14,1571.60498046875,1604.6645024955951,1564.9268416178318,1596.1391302863506,961944
2025-02-17,1577.146484375,1579.988275174654,1544.9869314120183,1568.5738181757013,1114005
2025-02-18,1615.0843505859375,1618.825995350321,1576.293954518516,1580.0355992828995,2654136
2025-02-19,1596.8970947265625,1622.0942844896717,1586.7140105700257,1604.712019776928,1113961
2025-02-20,1570.4208984375,1604.3329807565892,1567.721220368855,1591.4028098004087,1485087
2025-02-21,1562.5113525390625,1577.1465293212564,1555.5962818097296,1570.326277460825,1479239
2025-02-24,1528.5992431640625,1557.2539674033073,1519.6476482911894,1544.0396862799682,1672609
2025-02-25,1509.8907470703125,1528.8834282279843,1505.2018385714168,1523.247256142826,1425126
2025-02-27,1504.491455078125,1511.548522843801,1487.1091906550585,1491.9402120245848,2208643
2025-02-28,1409.385986328125,1489.9507938838574,1400.4343924364891,1487.2037065859063,4155992
2025-03-03,1414.3118896484375,1450.7341268945813,1398.350406323966,1420.8953250681502,2851006
2025-03-04,1409.7650146484375,1420.3743204289717,1357.4761115928948,1397.2137722872133,2386196
2025-03-05,1456.9862060546875,1467.3114030308452,1409.0546881913378,1409.765135933283,1967418
2025-03-06,1424.1634521484375,1469.0164773423446,1421.7952930836173,1459.733247555143,2246380
2025-03-07,1413.648681640625,1427.7155216934843,1403.844527399708,1422.7423882462183,893696
2025-03-10,1408.4388427734375,1420.8953820829167,1404.3182692919495,1413.6487925077415,798491
2025-03-11,1401.1922607421875,1408.9598915857184,1376.942335883965,1387.26753217591,1769157
2025-03-12,1362.44921875,1410.4754347826456,1334.504943850008,1402.8973263351902,2665932
2025-03-13,1364.6754150390625,1379.452705009954,1347.00892465178,1365.9541978536333,995812
2025-03-17,1364.154296875,1371.6377024944438,1350.0400460086908,1366.8539750275281,1747569
2025-03-18,1364.154296875,1364.154296875,1364.154296875,1364.154296875,0
2025-03-19,1322.52197265625,1356.2919399154036,1320.864261513696,1355.2025637523175,5557840
2025-03-20,1336.1627197265625,1346.0615781119295,1326.2164519080013,1329.1529459469286,2863413
2025-03-21,1334.93115234375,1355.6288376995196,1309.165630142888,1316.7437385117012,4056023
2025-03-24,1381.72607421875,1390.251446624625,1339.0518027562362,1341.1831458577049,3072831
2025-03-25,1378.7421875,1405.6444972119189,1373.0111963933214,1396.2665643249743,2056315
2025-03-26,1341.609375,1386.7937988317863,1335.1679367851114,1386.7937988317863,2231144
2025-03-27,1348.80859375,1354.5868782860673,1331.8525530560914,1332.9419292665793,2541022
2025-03-28,1343.4566650390625,1354.5870128721026,1334.2682539321286,1340.4727614296087,1642693
2025-04-01,1321.5748291015625,1342.2251061149486,1312.3390090404534,1328.0635616076866,1578367
2025-04-02,1348.0035400390625,1350.8453308976816,1323.4693891664313,1323.4693891664313,1617949
2025-04-03,1297.1353759765625,1326.1690281844385,1288.515300419916,1323.3272374097576,1943422
2025-04-04,1251.287841796875,1287.5206755285922,1249.298611306785,1278.8058964135473,1757493
2025-04-07,1220.0755615234375,1225.569736857939,1145.6206629607502,1179.3432252303414,3044730
2025-04-08,1245.083251953125,1271.2751126306923,1223.0593740847305,1244.7043234008804,2868814
2025-04-09,1205.6297607421875,1231.3952847049036,1197.6727232842777,1221.9700580297952,3724878
2025-04-11,1214.6287841796875,1243.1413961896585,1207.0032657389056,1207.7611228926507,1803181
2025-04-15,1233.052978515625,1244.8937734834433,1218.9388434201962,1244.8937734834433,1511866
2025-04-16,1239.683837890625,1245.2727163059744,1215.812841215312,1223.8645818856119,1093342
2025-04-17,1237.8841552734375,1239.8733857656036,1208.613686042868,1226.8011014466256,3027966
2025-04-21,1301.0665283203125,1315.7491138237451,1234.2844458692152,1235.2317094500818,3759267
2025-04-22,1303.9083251953125,1322.3799651090856,1289.4151460867859,1301.5401662320082,2471135
2025-04-23,1363.6806640625,1372.9638936543477,1333.7471572396405,1344.0723536715286,5944062
2025-04-24,1368.9853515625,1390.109376760589,1358.6602705036778,1368.795945089643,2501415
2025-04-25,1384.8994140625,1396.1718742802595,1302.4874790259491,1378.6474972897288,8211667
2025-04-28,1384.42578125,1401.950158227848,1361.2178225496066,1391.8144837424154,2079431
2025-04-29,1416.4432373046875,1425.5369442885453,1386.1308036033229,1388.8777754013026,2652788
2025-04-30,1423.7371826171875,1431.125884907827,1411.4227558879636,1416.443299192214,1858465
2025-05-02,1415.306396484375,1438.8932811652473,1411.2332327442045,1425.6315919379178,1582577
2025-05-05,1415.7801513671875,1427.0526113172887,1411.8963937394083,1419.9481343276573,846022
2025-05-06,1417.2958984375,1425.4424587450433,1407.72855821599,1417.9590524056453,1545773
2025-05-07,1416.348388671875,1425.5369143241155,1402.5183642128827,1410.570104245562,1272555
2025-05-08,1423.5478515625,1438.4198445317488,1409.5283033672981,1421.7480275109476,2829448
2025-05-09,1414.927490234375,1422.1267855773635,1400.150202274895,1401.950026110642,923174
2025-05-12,1490.1402587890625,1493.3609779670494,1437.3777256112965,1441.7351147896284,1891418
2025-05-13,1489.572021484375,1516.47433104028,1482.562247668484,1515.9059960028326,3724272
2025-05-14,1518.6529541015625,1524.5260577889794,1494.8766609176723,1500.465539272576,2354571
2025-05-15,1543.1871337890625,1550.1022044393721,1515.8111921585125,1521.3053673847392,2972408
2025-05-16,1531.7252197265625,1549.6285246421266,1516.8532276681601,1548.775964287526,1159095
2025-05-19,1513.537841796875,1540.440035805523,1509.0856334517287,1531.7252568495899,681874
2025-05-20,1492.8873291015625,1534.0932928172465,1490.3297638136912,1526.9888163145424,1869716
2025-05-21,1513.9166259765625,1518.4635374697516,1486.6355039157156,1493.8346840859629,930031
2025-05-22,1483.035888671875,1505.8649186076254,1475.836708343096,1505.8649186076254,1789310
2025-05-23,1496.960693359375,1519.410794126721,1485.1198985173648,1491.940150093258,1159290
2025-05-26,1516.947998046875,1519.7897889328253,1499.5183241531593,1499.5183241531593,711029
2025-05-27,1508.422607421875,1519.6950675950964,1495.2556200139197,1516.9479799781786,1394001
2025-05-28,1496.960693359375,1517.5162669519993,1494.8766440875238,1516.3795969002713,820958
2025-05-29,1515.621826171875,1520.2634411410802,1500.939239730835,1508.1384202785978,1799251
2025-05-30,1490.898193359375,1510.8854320613457,1485.309315029586,1510.8854320613457,2780942
2025-06-02,1467.406005859375,1486.2565744489834,1460.7751607216167,1482.46752008455,2120693
2025-06-03,1462.385498046875,1482.3727355971268,1453.0075658823926,1473.8473637444622,2316285
2025-06-04,1474.6051025390625,1483.983034686647,1462.5749018661932,1463.332758949278,1439090
2025-06-05,1480.383544921875,1487.4880216559523,1465.4167343489821,1477.7311606880492,1529586
2025-06-06,1488.245849609375,1490.5193054229414,1473.3738570349376,1482.2781581856254,828051
2025-06-09,1495.8238525390625,1507.5699437159299,1488.245744119504,1491.9400951005905,598108
2025-06-10,1525.947021484375,1547.3551566313868,1495.7292882283193,1495.823991465808,3324373
2025-06-11,1551.1441650390625,1562.0376965797948,1519.9791690698926,1532.6725246004294,2660949
2025-06-12,1557.6802978515625,1570.5630597750342,1526.8942306364306,1549.7232604294063,2316173
2025-06-13,1571.51025390625,1580.9828895536655,1519.9790928577572,1520.3580214102055,2511076
2025-06-16,1604.56982421875,1616.0316905739942,1564.1215993950657,1570.563038084222,2160406
2025-06-17,1627.9671630859375,1634.0296731156434,1595.3812728549342,1603.1489035792565,2105126
2025-06-18,1620.4837646484375,1641.4183823320152,1618.3051277879158,1626.5462747041825,1299278
2025-06-19,1595.19189453125,1604.6645304845235,1573.1206065070176,1595.19189453125,3056884
2025-06-20,1606.6536865234375,1618.3997776882295,1581.1722738623155,1591.4027664713055,3425550
2025-06-23,1593.1080322265625,1602.7700750785386,1587.329631530053,1591.4029114254993,732380
2025-06-24,1588.65576171875,1618.3998619093672,1586.382305950358,1609.2114512350388,1923989
2025-06-25,1615.0843505859375,1623.6097225245144,1587.4243012161023,1600.685990898333,1416375
2025-06-26,1601.06494140625,1613.663593940193,1582.2144876727164,1605.6118530840197,2528268
2025-06-27,1586.09814453125,1612.0531894724752,1574.9203881535786,1608.4535416538326,6183785
