Date,Close,High,Low,Open,Volume
2012-01-02,61.995338439941406,62.44593482681927,61.43598591035369,61.995338439941406,3416916
2012-01-03,64.71442413330078,64.93195536025368,62.36046907745567,62.51584581572388,11529794
2012-01-04,64.98634338378906,66.03513652781673,64.53575330268102,65.05626798456154,10151554
2012-01-05,64.47359466552734,65.70883845916352,63.89093190227484,64.59012721817784,6062915
2012-01-06,63.044124603271484,64.16284218384988,62.63237877312506,64.16284218384988,6655273
2012-01-09,62.329410552978516,63.471426070943295,62.15849356930079,63.238360905363066,4517460
2012-01-10,62.702301025390625,63.3315781238758,62.44593191822442,62.77998939996173,6348942
2012-01-11,62.352699279785156,63.23058164865385,62.05748600455592,62.73337102593728,5411849
2012-01-12,60.82225799560547,61.75451867196014,59.4316307622052,60.59695660764855,15578113
2012-01-13,62.30609893798828,62.90430204603322,60.705723225696396,61.280616024293224,5836995
2012-01-16,63.30827713012695,63.51803195799685,61.77004344759903,61.91765010179556,4096516
2012-01-17,64.50466918945312,65.1028658371048,63.06743436360408,63.08296824401965,9409133
2012-01-18,62.78776931762695,64.31046296172586,62.546934054347,63.720029958222554,4433806
2012-01-19,62.795528411865234,63.61125632937842,62.03417856214201,63.082971598944674,7129022
2012-01-20,64.2871322631836,66.0195865308744,63.72000974894062,64.48135316837572,22967252
2012-01-23,64.60565948486328,65.33592886544105,63.82100571882205,63.82100571882205,7889315
2012-01-24,65.42534637451172,65.88592195771675,64.80864304426402,64.91012353870003,6343641
2012-01-25,65.50341033935547,66.02644083381934,64.9491555660104,65.4253464657253,6229811
2012-01-27,65.26139831542969,65.88590918250839,64.90230964914188,65.72978146573871,4237188
2012-01-30,63.981163024902344,65.88592021795573,63.70013181707549,64.80864133294926,6447774
2012-01-31,64.62126922607422,64.87106972538939,64.02798271681593,64.0982389087217,6709454
2012-02-01,64.30121612548828,64.73056735145954,64.01237730505727,64.48076046066228,5648073
2012-02-02,66.51822662353516,66.97880846279303,64.48075868227632,64.48075868227632,17576662
2012-02-03,66.73681640625,66.98661696414646,65.84688325723629,66.51042611400925,9915357
2012-02-06,66.68218231201172,67.47062877967718,65.97960738390772,67.12714897428621,4154532
2012-02-07,66.83048248291016,67.3457052137585,66.51041939610641,66.68997008033924,5023140
2012-02-08,67.85313415527344,68.50106811763018,66.8695280777006,66.8773357356286,8658296
2012-02-09,69.57054138183594,70.00770035702523,66.88514532403667,67.2052084854889,9806680
2012-02-10,70.15601348876953,70.32775653968322,68.86015200809987,69.4768616482011,5260004
2012-02-13,68.16539001464844,69.94525015332599,67.98584564561388,69.63299465736722,4092329
2012-02-14,67.93119049072266,68.65718824608918,67.44719833999856,67.89996621532974,3296889
2012-02-15,68.08732604980469,68.81332388865265,67.66578240139371,68.08732604980469,5686318
2012-02-16,68.5947265625,68.7742772457561,67.61112069129526,67.91557481663105,4186100
2012-02-17,70.07794952392578,70.72588343979285,68.42299933466447,69.47686155226559,7942830
2012-02-21,69.27388000488281,70.36677393212706,68.88356074515274,69.80471165697472,7495368
2012-02-22,69.13335418701172,70.41360631023281,68.70400304523321,69.27387291785037,7544648
2012-02-23,68.92259216308594,69.62516682542129,68.13414599367242,68.5791124876258,7007662
2012-02-24,68.36832427978516,69.91398569582091,67.9701974444877,68.71180388858741,3726025
2012-02-27,66.32307434082031,68.82111804569949,65.90933839334116,68.69622094273846,4164265
2012-02-28,65.6126937866211,67.27545798741544,65.33947024850902,66.33869157103119,6853854
2012-02-29,67.50184631347656,68.11074833534256,65.77663344747094,66.29966393835984,6167059
2012-03-01,66.33087158203125,67.60331620610428,65.40191299572442,67.60331620610428,5487769
2012-03-02,66.97881317138672,69.17240262823036,65.62830453665381,66.52603895658098,6099251
2012-03-05,67.34571075439453,67.82970925258566,65.88591395569996,66.35429713994162,2700745
2012-03-06,67.4627914428711,68.54007633709237,66.58847382027284,66.80705640234845,4829801
2012-03-07,68.68840789794922,69.32072643172098,66.91635574265167,66.94758001594283,11105554
2012-03-09,67.4784164428711,69.95304327526608,67.01784095260896,69.24266089900433,8435901
2012-03-12,68.34493255615234,68.71963656531182,67.056878789493,67.93119026181628,9255704
2012-03-13,67.28324127197266,67.75943196504248,66.75240334993441,67.46278556226628,5624846
2012-03-14,66.51822662353516,67.43938394919793,65.79223529351157,67.37692905179456,6394291
2012-03-15,66.73681640625,67.41596822441132,65.65953125060052,65.86249857147828,7138771
2012-03-16,66.90855407714844,68.05609545796183,66.58849095333586,67.15055333431665,3770761
2012-03-19,66.82267761230469,66.97880531920596,65.56584830117887,66.37771110649498,5458985
2012-03-20,67.0724868774414,67.19739032981954,66.3855274186419,66.39332872272209,6445235
2012-03-21,66.76022338867188,67.75163687859826,66.07326401254441,66.90074213800662,4759412
2012-03-22,65.77661895751953,67.57208764321689,65.45655587775943,66.94757679601781,5730841
2012-03-23,66.39332580566406,66.76022848974456,65.58927058674708,65.61268720366574,9062083
2012-03-26,66.05765533447266,67.10370981570318,65.72198326869272,66.35429546921523,6650526
2012-03-27,66.88512420654297,67.0880914901757,64.9881688112113,66.20596616015524,8199683
2012-03-28,67.11151123046875,67.29106190825269,65.88590616874735,66.66655106974044,8356637
2012-03-29,68.19659423828125,68.54008026510628,65.81564678178952,66.95538027743474,16253313
2012-03-30,68.71183776855469,68.96164470877558,67.29888036569245,67.96242330074641,8091800
2012-04-02,69.18800354003906,69.32071461997991,68.11852630386275,68.32149357495085,6629209
2012-04-03,69.71104431152344,70.08574828909917,68.87575848907571,69.53149362625975,4076004
2012-04-04,69.28950500488281,70.52291796289079,68.7352566100332,69.16460789513609,5604537
2012-04-09,68.54788970947266,69.46123941617411,68.25905723805872,68.46982584916836,3251028
2012-04-10,69.53931427001953,70.14821628836685,68.58693248260292,68.58693248260292,7110995
2012-04-11,69.62516784667969,69.9452309125643,68.71181823110575,68.78207442779932,5333550
2012-04-12,68.55569458007812,69.64858857992466,68.29808639268406,69.21142970941546,1899871
2012-04-13,65.46436309814453,68.37614871553913,64.49637256200013,66.07326498182208,19089008
2012-04-16,65.72197723388672,66.76803161906511,64.51198748283382,65.4175231174686,12471026
2012-04-17,65.76102447509766,66.35430482826298,65.55805713450488,65.5736660974094,10814071
2012-04-18,66.72900390625,67.05687465870749,66.29965267714545,66.385524193537,3968468
2012-04-19,65.67514038085938,66.97100169675642,65.44875646278861,66.97100169675642,8542973
2012-04-20,66.32307434082031,66.80707284978212,65.68295445315721,65.71417872889748,5060756
2012-04-23,66.2215805053711,66.58067548612027,65.74538974956364,65.74538974956364,4303460
2012-04-24,69.00848388671875,69.33634834681412,66.65095234352916,66.65095234352916,9841501
2012-04-25,64.07484436035156,66.04205017539559,63.3566541776955,66.04205017539559,32140871
2012-04-26,62.86484146118164,64.42611862357488,62.21690762707662,64.3246317963075,24260703
2012-04-27,63.35663986206055,63.85624727269872,62.76335328255458,62.76335328255458,4885390
2012-04-30,63.23954391479492,63.82502283658099,62.76335312117168,63.247351570989316,4589273
2012-05-02,63.07562255859375,63.965555799692645,62.794597695988095,63.41910868463052,6152110
2012-05-03,64.3792724609375,64.58223974188344,62.872642694291415,63.04437935289768,9484509
2012-05-04,64.77739715576172,65.558035630555,64.20752725745133,64.37927026304672,10624877
2012-05-07,64.61347198486328,65.65171877876564,63.5439945647673,63.99676876318996,5934905
2012-05-08,63.07562255859375,63.87968426818345,61.67828049207718,63.87187661025456,9687229
2012-05-09,63.426902770996094,63.97334982386628,62.34962397933631,62.646264124038694,6819635
2012-05-10,63.80162048339844,64.88670705710396,63.4113011149537,63.46594201482338,5233817
2012-05-11,62.59161376953125,64.26217895093784,62.00613487281029,63.23173355156792,4081614
2012-05-14,62.99755859375,63.411300934838806,62.185695580261836,62.185695580261836,4356388
2012-05-15,63.1146354675293,63.99676078475541,62.193484578132804,62.193484578132804,5132462
2012-05-16,60.94447326660156,63.68451613636956,60.66344208842089,62.49013521731507,8174109
2012-05-17,61.006919860839844,61.80317378135717,60.234088910251415,61.05375944784438,8163448
2012-05-18,61.08498764038086,61.36601882758396,59.69545337150675,59.71886999008465,4661006
2012-05-21,59.828163146972656,61.49873509594869,59.3285556349812,60.585385249185315,5735518
2012-05-22,59.554927825927734,60.515117076893326,59.35976818380298,60.07795820796328,4514692
2012-05-23,60.10139083862305,60.40583865871009,59.12558611827604,59.718872796282604,3535951
2012-05-24,61.24891662597656,61.46749923888535,59.34415977183052,60.1091830348788,4557385
2012-05-25,61.52994155883789,61.826581646453064,60.616591976526806,61.20207084907177,2633098
2012-05-28,62.427669525146484,62.73992489230068,61.576774920221645,61.67044771865688,3323812
2012-05-29,63.973358154296875,64.22316509499383,61.98272934534142,62.22472862798139,3911055
2012-05-30,64.34806060791016,64.79302082788038,63.27858311342682,63.27858311342682,4400174
2012-05-31,64.01238250732422,64.91011696185909,63.075616119983486,63.32542303108247,8777635
2012-06-01,62.68529510498047,63.247357463400526,62.13884806040399,63.13806932505593,6308377
2012-06-04,61.86561965942383,62.88044980503687,61.52994761393917,61.65485105627752,2719460
2012-06-05,62.232521057128906,63.13806305449234,61.5845935954786,61.85000943448525,4166313
2012-06-06,64.1060562133789,64.3948950326207,62.48233048844142,62.48233048844142,6886979
2012-06-07,62.57598876953125,64.77739162151255,62.30276532669642,64.0279774791667,6122750
2012-06-08,62.97411346435547,63.23172158903589,62.01393079652691,62.37301936963261,5622494
2012-06-11,62.490142822265625,63.622068976781655,62.00615062308166,63.07562186770495,3897913
2012-06-12,61.38164138793945,62.04518432498563,60.42145191438353,61.82660166342248,11893730
2012-06-13,61.912471771240234,62.20911830092133,61.40505659576773,61.51434474760634,4865950
2012-06-14,61.56898880004883,62.263755964400666,61.21770138913289,62.263755964400666,4545924
2012-06-15,62.13105010986328,62.60723462069924,61.76414739041694,61.98272367890381,4039460
2012-06-18,61.71729278564453,62.87264155862413,60.44485459241569,62.17786822260668,5802809
2012-06-19,62.38084411621094,62.60722803823924,61.51433400500301,61.51433400500301,3869503
2012-06-20,62.45111083984375,62.747757367693424,62.02956719800918,62.38085462501369,6817971
2012-06-21,62.724334716796875,62.99755827253901,61.86563211303586,61.99834323839517,6401022
2012-06-22,62.45892333984375,63.15369058987738,61.35822137932625,61.35822137932625,5996457
2012-06-25,62.45892333984375,62.825826110967824,62.06079628780278,62.34182752176433,3166479
2012-06-26,62.61502456665039,62.85702375871458,62.013936766909296,62.16225680306089,2772820
2012-06-27,62.32619857788086,63.18490096852318,62.154455558611325,62.786774044109386,2260644
2012-06-28,62.89393997192383,63.05953459072769,62.483903182243154,62.6968050488603,4247236
2012-06-29,63.06743621826172,64.62085592987623,62.80721420785296,63.30399818200389,9836088
2012-07-02,63.12260818481445,63.548424705035224,62.84661932319448,63.27243584341525,4752809
2012-07-03,63.16205596923828,63.79288786072323,62.84664002349581,63.2409099556739,5540585
2012-07-04,62.25522232055664,63.68248046491325,61.82152548436363,63.26455698962462,7251934
2012-07-05,62.39716339111328,62.58641163642742,61.67170429739778,62.25522239426328,7332643
2012-07-06,61.845191955566406,62.302542463512744,61.356294722531466,62.23157516636979,7485539
2012-07-09,60.859519958496094,61.782107697093096,60.575644340022606,61.3562974779596,6578083
2012-07-10,60.63872146606445,61.65594290843412,60.48101351123543,61.15915900043084,7958600
2012-07-11,59.03009033203125,60.7096835803514,58.5885068594477,60.559855918167216,24174249
2012-07-12,56.65658187866211,58.19423406566976,56.07306387061259,58.03652614905359,25391252
2012-07-13,56.5935173034668,57.51610502661339,56.30175500825307,57.01144083397508,9527389
2012-07-16,56.10462188720703,57.011442694105625,55.86017325582974,56.45946481164561,5662515
2012-07-17,57.192813873291016,57.460922594854075,55.702474624320956,56.30176628056922,8116445
2012-07-18,57.460914611816406,57.87883816793614,57.25589296616844,57.5634222260635,9843970
2012-07-19,58.12327575683594,58.30463732207359,57.60283826825272,57.76054620920809,5215630
2012-07-20,57.29531478881836,58.66737272872493,57.13760683211293,58.186362177342744,3355209
2012-07-23,56.21501541137695,57.0429822237423,55.67092421811042,56.86950731334832,4051017
2012-07-24,54.55118942260742,55.670918419077275,53.715339224242534,55.670918419077275,19284731
2012-07-25,53.407814025878906,55.18202536384261,52.72178504293197,54.56696688790328,17183371
2012-07-26,52.0357551574707,53.857283456073915,51.6257150858139,53.54186752271071,10289608
2012-07-27,52.737552642822266,53.179132983427095,52.31173924713102,52.5246475492649,8059032
2012-07-30,52.46944808959961,53.31318821426721,51.30241179145767,52.8321776689096,13946759
2012-07-31,53.62860870361328,54.156926546785826,53.05297397797366,53.05297397797366,9344205
2012-08-01,53.54975128173828,53.85728051655179,52.93468960353465,53.65225888762504,3582724
2012-08-02,53.62860870361328,53.85728397407027,53.16336827228183,53.305306085375776,2848809
2012-08-03,54.748329162597656,54.92181048730048,52.98988795679317,53.384157860978334,5954691
2012-08-06,54.535423278808594,55.6709192364414,54.18058039097629,55.19779538599832,6112227
2012-08-07,54.94545364379883,55.323956529977764,54.40924924315221,54.81140575221326,9079416
2012-08-08,55.28453063964844,55.59205982895434,54.7798665319218,55.19778999211285,4552654
2012-08-09,54.503883361816406,55.98633553694047,54.33040204855269,55.35550373184037,4239204
2012-08-10,55.150489807128906,55.51321942910523,54.14116134499413,54.28309595408519,3220281
2012-08-13,56.08096694946289,56.24655517661109,54.77987625690543,54.88238386582132,3566207
2012-08-14,56.06519317626953,56.38849578094078,55.5762959285078,56.14404715705991,2932633
2012-08-16,55.10316848754883,55.93902191341374,54.724671971043534,55.86016793771239,5917657
2012-08-17,55.74977493286133,55.90748288787846,54.64581924774143,55.10316975042985,5719715
2012-08-21,56.10462188720703,56.538318794854185,55.300308691618156,55.300308691618156,6029694
2012-08-22,55.907474517822266,56.37271163204029,55.23721580934568,55.9863284835254,8668600
2012-08-23,57.2637825012207,57.83941405695666,56.08885292548317,56.08885292548317,9705912
2012-08-24,57.579193115234375,57.7999816981941,56.81430692220694,57.240117142002696,5996542
2012-08-27,56.97201156616211,57.855178680838975,56.782763303632244,57.799978329739254,3219455
2012-08-28,57.350521087646484,57.56342300098434,56.617175162628016,56.8537371222171,4156841
2012-08-29,57.42937088012695,58.194250643313744,57.01144093174856,57.40571083560362,6192163
2012-08-30,58.194236755371094,58.35194467927643,57.10605464728505,57.40569713584444,8312696
2012-08-31,57.18492889404297,58.746235327676196,56.86162625192381,58.194257398208315,8815304
2012-09-03,57.43724822998047,58.74622552778936,57.035091665024,57.2322330241015,5342275
2012-09-04,57.25587844848633,57.72111556135315,56.83794858118225,57.247991768508484,2983625
2012-09-05,57.10607147216797,57.40571404900958,56.412152552247456,56.9325901378994,3684121
2012-09-06,59.52687454223633,59.77132313693089,56.885266501157226,57.16914208153953,10376674
2012-09-07,59.58208465576172,60.68604043597921,59.440150050880945,60.16560285616023,6131321
2012-09-10,59.369171142578125,60.29176524513192,59.14049589152085,59.92903566561705,3768388
2012-09-11,59.11684036254883,59.455909887636366,58.68314350075398,58.90393206353383,2977567
2012-09-12,60.6465950012207,60.87527020272355,59.18779673526763,59.49532589709226,5354910
2012-09-13,61.1749267578125,61.4036019879323,60.79642385061014,61.04875912207838,3624041
2012-09-14,61.75056838989258,62.44448729266201,61.11973652400414,62.44448729266201,11206130
2012-09-17,60.686031341552734,62.286770833273,60.00788589475834,62.04232223514153,5736963
2012-09-18,58.30464553833008,60.71757865840682,58.139057310714385,60.591417421585994,12077436
2012-09-20,58.83296585083008,59.140495075051355,58.03653940655744,58.351955311841415,10749565
2012-09-21,59.61362075805664,60.33119324797688,58.66737301323521,59.045875961455714,8321661
2012-09-24,59.999996185302734,60.50466671744801,58.52543082457588,59.18780287657607,11284066
2012-09-25,59.49533462524414,60.402155301978134,59.22723240424897,59.96057177596409,6629139
2012-09-26,59.905372619628906,60.16558813730266,59.32185456198175,59.32185456198175,2869839
2012-09-27,59.25089645385742,59.97635568974665,58.036546356524404,59.913275067997056,10881069
2012-09-28,60.09462356567383,60.50466676910384,59.613613073960416,59.613613073960416,11267538
2012-10-01,60.35483932495117,60.93836382832057,59.53475933212035,59.77132123873419,7247640
2012-10-03,59.96846008300781,61.072415719407324,59.80286545411732,60.599291875236105,11374018
2012-10-04,60.38639831542969,60.7175812016868,59.70036608000171,60.244457292330594,7612600
2012-10-05,58.864505767822266,60.654493585307456,57.16914528815636,60.4888989527002,10319800
2012-10-08,57.626502990722656,58.809312643968234,57.36628101671679,58.667371635286926,5128340
2012-10-09,57.90249252319336,58.08385410508435,56.845844088044764,57.878832479585974,5820457
2012-10-10,56.90892028808594,57.705346594874925,56.77486598462026,57.53975198975612,8180552
2012-10-11,56.49888229370117,57.48455691790557,56.38848801922078,57.09028706822381,15790908
2012-10-12,55.52110290527344,56.128274717052115,55.047979012750766,55.986340116156704,13801351
2012-10-15,55.497432708740234,55.77342159556112,55.31607114997601,55.355498133807565,3180585
2012-10-16,55.56053161621094,56.364838408104966,55.35550997300724,55.68669927488658,3950772
2012-10-17,55.52110290527344,56.065194098243815,55.158373304242026,55.75766485153478,5650275
2012-10-18,54.582740783691406,55.62360947753303,54.34617884184285,55.57629580573264,11659773
2012-10-19,54.338294982910156,55.11894814813012,54.093846346871615,54.81930557308527,7658254
2012-10-22,54.1884651184082,54.7956368542964,53.90458953494555,54.72466956271891,5580718
2012-10-23,54.078067779541016,54.40925705032585,53.794195387038144,53.944019868720936,5960131
2012-10-25,53.63648986816406,54.8981567680215,53.49455206117964,54.33040554008381,20299637
2012-10-29,54.3856086730957,54.55908358922111,53.305306515360805,53.62072245430195,9539469
2012-10-30,54.81140899658203,55.04797090801426,53.86516135085313,54.448679448955446,14855553
2012-10-31,55.30030822753906,56.025767433831334,54.89815805027304,54.89815805027304,10483677
2012-11-01,56.97201156616211,57.721124352255714,54.88238116284837,54.88238116284837,36283388
2012-11-02,57.50033187866211,58.81718936294837,56.506770546388395,58.35195221080948,27223662
2012-11-05,57.16913986206055,57.957679545202005,56.84583730854207,57.55552302336938,4603364
2012-11-06,57.72112274169922,57.93403104182537,56.77487503829933,57.16914491471595,6640073
2012-11-07,58.01288604736328,58.509663533609356,57.650156471187664,57.72112376677238,5931203
2012-11-08,59.20357894897461,59.37705383733728,57.32685056233219,57.54764553454743,12551874
2012-11-09,58.478126525878906,59.62150925230562,58.23367790093631,59.211465983553296,4985289
2012-11-12,58.154823303222656,58.84085549866646,57.88672105364408,58.383498562652804,3834169
2012-11-15,57.05085754394531,58.24944040049043,56.81429564466553,58.06807242741793,3013177
2012-11-16,56.63294982910156,57.68959198946676,56.459468487885395,56.932592417943304,3073380
2012-11-19,56.483116149902344,57.1533749800027,56.00999226983151,56.514662875629725,3334916
2012-11-20,57.05085754394531,57.37416008972479,56.17557723317967,56.932576594305424,3553881
2012-11-21,57.847286224365234,58.03653446800114,56.91680553266395,57.027206223841326,3540612
2012-11-22,58.478126525878906,58.762002141387946,57.76844069568302,58.06020299273603,3810223
2012-11-23,57.85517883300781,59.243010123798925,57.56341654869009,58.66737223636321,3817129
2012-11-26,59.21145248413086,59.40858739201892,57.87882179023797,58.03652971654842,7435758
2012-11-27,59.7634391784668,60.03154782707738,59.24300807740603,59.29820200959128,9874418
2012-11-29,60.93048858642578,61.48246647214702,59.49534351668912,59.54265719032452,15358300
2012-11-30,62.01866912841797,62.452366025579586,60.69392480940386,60.76489210914507,10424909
2012-12-03,62.231571197509766,62.68104141267188,61.979235915813,61.995009277351336,6359102
2012-12-04,61.206478118896484,63.07532011684549,60.80432151485197,62.31043390097351,5643849
2012-12-05,60.078853607177734,61.68747979083901,59.755557451451395,61.277436564189514,7427454
2012-12-06,59.905372619628906,60.402150032334106,59.172026894740156,60.34695610711803,5475758
2012-12-07,59.960575103759766,60.34696472118698,59.692472867884995,60.34696472118698,4505630
2012-12-10,60.260231018066406,61.50612141999184,60.08674968339913,61.482467791243465,6464473
2012-12-11,59.858062744140625,61.17492660998854,59.03009605914885,60.638715763702365,6431758
2012-12-12,59.10894012451172,60.796413516301634,58.620043025578006,60.14981492094737,8516243
2012-12-13,58.91970443725586,59.83441181385911,58.785650115360816,59.10895269034379,5523715
2012-12-14,59.29032897949219,59.56631795542004,58.722584079304674,58.722584079304674,4117817
2012-12-17,58.38349151611328,59.61361474370604,57.784206471910146,59.45590680214678,6110585
2012-12-18,59.27454376220703,59.85017516772281,58.028647204579606,58.47023071339499,6503678
2012-12-19,60.898963928222656,61.04878525227946,59.069548469929806,59.463818489634704,4991513
2012-12-20,60.252342224121094,61.66382722927076,59.79499169188943,61.11184935105497,6335950
2012-12-21,59.84229278564453,60.54409829226108,59.4716829558685,59.66093121119593,4364713
2012-12-24,60.86739730834961,61.017218567666376,59.95268997446213,59.95268997446213,3053033
2012-12-26,60.725467681884766,60.85163534072472,60.17348978946946,60.575646394517065,3819225
2012-12-27,60.79642868041992,61.190698562690436,60.283877833468246,61.11184458623633,7196264
2012-12-28,61.82942581176758,61.97136683977867,60.8989513246953,60.8989513246953,4168004
2012-12-31,62.2158088684082,62.846640767359794,61.91616628326777,62.089647622341026,12416551
2013-01-01,62.594303131103516,62.92548598158686,61.68748240279057,62.46024880440474,4247486
2013-01-02,62.09751510620117,62.96490878872925,61.7742189582537,62.815087526995825,4566377
2013-01-03,62.73624038696289,62.92548865487228,62.113295230565896,62.37351079679714,9293000
2013-01-04,63.658843994140625,63.855978972802646,62.712596096562926,62.90973107522495,9062813
2013-01-07,63.863861083984375,64.42371924958628,63.564212087574525,63.674606384292346,6664707
2013-01-08,62.79145812988281,63.832327100232355,62.38930143847625,63.54057114473922,5838542
2013-01-09,62.61796188354492,63.22514011820223,62.065984003730485,62.807210158907736,7672520
2013-01-10,62.3892822265625,63.9979020796815,62.058092955117516,62.89394639773568,9906248
2013-01-11,66.22946166992188,66.67892540994004,63.800755752696055,64.02943096258093,24040265
2013-01-14,66.1032943725586,67.01011495398717,65.81941882015924,66.71835272179719,8431784
2013-01-15,66.38717651367188,66.80509999538182,65.76422500566471,66.47391074852112,5210345
2013-01-16,66.22946166992188,67.02588156464317,65.6538238881819,66.39504985894585,8225720
2013-01-17,67.92481994628906,68.839527176954,66.61584291078164,66.86817173558977,20826538
2013-01-18,62.665279388427734,69.32844134504448,62.33409007342663,69.07611243484958,42738767
2013-01-21,62.696807861328125,63.36706662981074,62.01866241213869,63.24878567066675,15348870
2013-01-22,62.886077880859375,63.5957638813847,62.43661393081964,62.7914569310823,11873794
2013-01-23,63.6785774230957,63.868786135725074,62.91776837058618,62.96531409924153,8255341
2013-01-24,64.18579864501953,64.66922756564597,63.68651039737696,63.71820970290126,7883939
2013-01-25,64.6137466430664,64.7326238598106,63.496299515770616,64.03520698521027,6788739
2013-01-28,65.54891204833984,66.13537169926867,64.27296195474354,64.65337292119871,7647518
2013-01-29,64.77227020263672,65.46175440937533,64.2650618730867,65.02587114265981,6541902
2013-01-30,65.75496673583984,66.07989908534469,64.2174893534653,64.63751960681185,5489075
2013-01-31,65.23189544677734,65.8579807343735,64.44730722816945,65.31907334873395,7239480
2013-02-01,64.60582733154297,65.5330723042255,64.5186494064143,64.98623188728311,5916670
2013-02-04,64.68507385253906,65.04170551473192,64.32844219034622,64.71677315483359,5443982
2013-02-05,64.51073455810547,64.66131756924682,63.813323930781536,64.35223155648606,4271070
2013-02-06,64.29673767089844,64.97830163768629,63.73405091519563,64.78017295254456,4441545
2013-02-07,64.30467224121094,64.60582530091445,63.559703131256036,63.87670906757649,2552730
2013-02-08,65.36663818359375,65.85799349523627,63.91633221411991,64.66922128230789,5678441
2013-02-11,64.90696716308594,66.7059781211461,64.68506562574424,65.62023039675718,7882200
2013-02-12,65.27946472167969,65.57269780068988,64.23334252307825,64.98623164266948,4508100
2013-02-13,64.8990478515625,65.92139054057198,64.41561258713905,65.34285093086805,5857619
2013-02-14,62.7354850769043,64.35221396147992,62.45017846209639,64.22541675445586,15573505
2013-02-15,63.282318115234375,63.78160629659764,61.039503866457345,62.60868055188064,8234408
2013-02-18,63.86086654663086,64.03521595257016,62.3947140014688,63.044572340974156,6106590
2013-02-19,65.10509490966797,65.31907645651502,63.49629266315493,64.04312651126274,5049097
2013-02-20,65.35078430175781,65.84214605533944,64.8039503821279,65.14472916478803,5471689
2013-02-21,64.32051086425781,66.02441756524367,64.01143140374673,65.0100012718992,7125859
2013-02-22,65.92932891845703,66.32558634639219,63.90048959752858,64.11446473891212,11582722
2013-02-25,66.4286117553711,67.49058038924294,65.96895571144975,65.96895571144975,9877752
2013-02-26,65.92139434814453,66.65843049338451,65.4379590557982,66.08782373724758,7714451
2013-02-27,66.33351135253906,66.99130260236544,65.48552426232108,66.25425986095777,8253384
2013-02-28,66.00064086914062,67.44301375091445,65.22397259479983,66.57124758244085,15345996
2013-03-01,66.84072875976562,67.44303496052449,66.317667604288,66.57126851789617,7007246
2013-03-04,66.49201965332031,67.33208682116584,66.27804447864018,66.57919759093225,7096424
2013-03-05,68.63972473144531,68.89333206097042,66.41275673302923,66.5791861399362,13619329
2013-03-06,70.04247283935547,70.69233753703278,68.70312415460772,68.71105059228705,10632306
2013-03-07,71.22332763671875,71.77016806269403,70.23268403821658,70.23268403821658,14614545
2013-03-08,70.58929443359375,72.27735448577654,70.42286506936436,71.15198111765467,13742364
2013-03-11,69.66999053955078,71.23917371961802,69.36091105619725,70.17720517321008,8375491
2013-03-12,69.52732849121094,70.32776959462683,68.8378381512535,69.75715645469646,5993385
2013-03-13,69.63035583496094,70.57345348897125,69.0121969478376,69.40845429842977,6780771
2013-03-14,69.50357055664062,70.33571113552935,68.85370581046949,69.63036777096472,5521177
2013-03-15,69.89189147949219,70.16927163254027,69.13107605551717,69.56695915316416,4308702
2013-03-18,68.73480987548828,69.87602964028406,68.473282630254,69.48769876573904,2711092
2013-03-19,68.73480987548828,69.56695022787069,68.10872461454828,68.94879140304396,3878665
2013-03-20,68.14836120605469,69.06767960318888,67.58567444534742,68.68726865463256,8053789
2013-03-21,68.9091796875,69.30543707875356,67.73625393968837,68.23554212236894,5378206
2013-03-22,69.05975341796875,69.65413948085059,68.0215578049015,68.99634836822709,6314115
2013-03-25,68.37025451660156,69.80470732682647,68.08494795194069,69.63035152356129,8500989
2013-03-26,69.4163818359375,69.91566352579929,67.60151798184974,68.39403914510066,6408339
2013-03-28,69.28959655761719,70.04248573523888,68.37820439523304,68.78238829627792,17910528
2013-04-01,68.31478881835938,70.01869548147062,67.85512640698204,69.31335221481417,4669486
2013-04-02,71.2708740234375,71.51655490578723,67.79173527832987,68.31479634570302,10150754
2013-04-03,71.10443878173828,72.07130935562695,70.6923349818279,70.86668435696252,10462632
2013-04-04,70.5496826171875,71.6037311655457,69.97907583378108,70.85084210936209,8704264
2013-04-05,72.05545806884766,73.3868867466357,69.54319012805111,69.97907324974626,9640178
2013-04-08,71.1361312866211,72.27735102316306,68.08494362059172,71.5640878816368,32723490
2013-04-09,62.402645111083984,66.25426260165962,61.85580463694998,64.5107297147477,37791035
2013-04-10,63.75782012939453,64.1620039138566,62.624526695031385,62.624526695031385,13002327
2013-04-11,63.86880111694336,64.66923609741895,63.24270911510103,64.57413816829985,6829688
2013-04-12,60.83345031738281,61.81616738078249,60.080561256386794,61.8003209544627,20673728
2013-04-15,60.08848190307617,62.236198096824765,59.644672367362226,60.84929732865702,8408424
2013-04-16,60.44512176513672,60.72250195656475,59.70807910106947,59.99338573072446,3664047
2013-04-17,59.367305755615234,61.0949921191819,58.836318189167535,61.023660618089814,6061310
2013-04-18,58.49553298950195,59.898286799177576,57.42563798366526,59.1612441476777,13580647
2013-04-22,53.795921325683594,55.15904621674652,51.90973534601747,54.88959245883043,47731097
2013-04-23,54.326900482177734,55.143188116974706,53.90686700835692,54.24764900503233,9254973
2013-04-25,53.17775344848633,54.67560505930914,52.73394389170507,54.366525591917394,12929346
2013-04-26,52.33769226074219,53.73251968551369,51.949361274456976,53.28871007997243,7893091
2013-04-29,54.20802688598633,54.35067697457226,51.86218171594749,52.46449427236995,9223384
2013-04-30,55.214508056640625,55.47603529671542,53.7721288944999,54.54879062826775,8185005
2013-05-02,55.83266830444336,56.34780281137789,54.43784127268976,55.15903087229821,8254989
2013-05-03,56.30818176269531,56.72029198231447,55.3492376955246,55.57906566629252,6784664
2013-05-06,56.64104461669922,57.29090284148653,56.062504979953886,56.569713129654154,6123710
2013-05-07,55.60285568237305,57.06108170644038,55.32547548678134,56.7440757686213,12478951
2013-05-08,55.642486572265625,56.17346769753398,55.04017394478702,55.79306311675955,5604766
2013-05-09,56.23685836791992,56.5855635526359,55.79304883759902,55.856447435001456,6729496
2013-05-10,56.26856231689453,56.6093410927233,55.88815780203909,56.51424318876033,8036909
2013-05-13,55.15110778808594,56.363659109343416,54.87372765210886,56.26855476863662,7147128
2013-05-14,55.10356521606445,55.55530123885695,54.620136340183784,55.1590438327239,2786095
2013-05-15,54.865814208984375,55.71380769102521,54.1287779672124,55.04017005840477,8203171
2013-05-16,54.913352966308594,55.05600947627896,54.29519410493963,54.92127940289043,10250744
2013-05-17,54.5250358581543,55.38094933643296,53.66911915512438,54.842041805591215,5854782
2013-05-20,53.56608581542969,54.18425121614032,52.96377651493761,54.089146862338126,24495289
2013-05-21,53.71666717529297,54.48540589331707,53.264934380144865,53.581940303020865,8092355
2013-05-22,54.21595001220703,54.46163088265444,53.74836435954114,53.79591653599899,7688840
2013-05-23,53.43134689331055,54.29518974712822,52.59128334732981,54.057435365760995,11497879
2013-05-24,53.2887077331543,54.271424813179856,52.74980023912475,53.66119227574965,3572532
2013-05-27,53.930641174316406,54.20802133443925,52.78149479666461,53.41550659123112,6575123
2013-05-28,53.906864166259766,54.43784839018906,53.257002732879855,53.684959397001805,7072712
2013-05-29,53.78799057006836,54.57258213999854,53.26493274819914,53.73251518021493,9132840
2013-05-30,53.272857666015625,54.255577963122,53.01925357231918,53.50268889526476,6241134
2013-05-31,51.93351364135742,53.867248659066554,49.9046742582271,53.534393054346296,14529015
2013-06-03,51.50554656982422,52.93999959505162,51.212316749541785,52.32183742880028,7860963
2013-06-04,52.448646545410156,52.916229019046376,51.727456738868334,51.727456738868334,5117950
2013-06-05,51.51347732543945,52.73394888502685,51.362900796247246,52.62299809770113,5368905
2013-06-06,52.305992126464844,52.50412083565977,51.21232100675863,51.3549743223292,7252190
2013-06-07,53.08266067504883,53.73252223743652,51.988989486041994,51.988989486041994,4358180
2013-06-10,54.406150817871094,54.66767810716334,53.38380807404469,53.415507374337444,5570099
2013-06-11,54.69145965576172,55.0005391328817,50.7051064062853,54.54088313608807,12429842
2013-06-12,54.58049774169922,54.84202498833659,54.04951036276816,54.80239925705817,5936179
2013-06-13,53.89101028442383,54.049513217910366,52.622986816531544,53.89101028442383,3621769
2013-06-14,53.502689361572266,54.33482991750918,52.34561644151195,52.34561644151195,6451801
2013-06-17,53.581932067871094,53.89101150527155,52.622988008653444,53.51060381133602,2874084
2013-06-18,54.08122253417969,54.20802619436164,53.447210682772,53.58986399428893,2349263
2013-06-19,54.44577407836914,54.635976320973214,53.49475641584745,54.208019662738714,5025870
2013-06-20,55.079795837402344,55.38094890532209,54.112925125445315,54.52503543370625,21359919
2013-06-21,55.222434997558594,55.63454522421248,54.66767470371747,54.82617764481493,19434245
2013-06-24,54.9292106628418,55.46019166743813,52.45656210123934,55.15903864689105,6936616
2013-06-25,54.48540496826172,54.84203662544232,53.257007037973,54.84203662544232,7327880
2013-06-26,55.174903869628906,55.38095258795842,53.891027127329444,54.414088261210814,6610163
2013-06-27,55.81814956665039,56.55788466610024,55.158814339529705,55.96287849773011,10136573
2013-06-28,56.123687744140625,56.60612620824228,54.83718517320286,56.59004230870938,10161992
2013-07-01,56.48551559448242,56.60612520837744,55.56084188795392,56.123686752797354,4449449
2013-07-02,56.75889587402344,57.04031830543737,56.14780585711227,56.606125005668225,9998157
2013-07-03,55.2150993347168,56.91166940879303,54.91759299017295,56.60612765776742,5189076
2013-07-04,56.228214263916016,56.42923029349678,55.480437251271795,55.6412500749364,5692889
2013-07-05,56.43727111816406,56.590041988901476,55.962874606509814,56.46943237355766,8578813
2013-07-08,57.168975830078125,57.52276275776477,55.681457108914586,55.681457108914586,8464083
2013-07-09,57.916748046875,58.05344156234336,57.08856463477501,57.1207258903292,6110414
2013-07-10,58.67257308959961,58.75297949961088,57.89262829509414,57.89262829509414,8635667
2013-07-11,58.5358772277832,59.30778004163468,58.310741906176176,58.99419636386412,6650921
2013-07-12,60.40130615234375,61.10887988737341,59.13892299709756,59.50075181367884,11080599
2013-07-15,61.414432525634766,61.655651753885195,60.288742793799415,60.288742793799415,6401038
2013-07-16,60.369140625,61.904904135333226,59.66156039658221,60.40130187549867,6085438
2013-07-17,62.25065994262695,62.7733016211966,60.32894800243051,60.465634976885156,7067315
2013-07-18,62.04964828491211,63.36027027690108,61.527006569513034,62.105935394736115,5903017
2013-07-19,62.942138671875,63.1994351920109,62.24260046629402,62.71699685533126,6813294
2013-07-22,63.19141387939453,63.44066850747123,62.041598327808636,62.8778236558319,5353091
2013-07-23,61.7843017578125,63.92310695951003,61.40638902569833,63.15924608933514,7519112
2013-07-24,63.09492111206055,63.4326306272675,61.10888030991905,61.43050592688189,8424109
2013-07-25,60.50584030151367,63.35223262387367,59.38819244305968,63.0386423709592,13929740
2013-07-26,61.422481536865234,62.339120042044605,59.17914352593487,61.12498168222102,13517468
2013-07-29,65.61970520019531,67.21979192851411,62.974334829603926,64.48597317180119,34070892
2013-07-30,67.34842681884766,68.02383938831882,65.6196889163905,65.93327262255667,17077126
2013-07-31,70.4360580444336,70.91849666370726,67.54141978529901,67.54141978529901,19267024
2013-08-01,70.17872619628906,71.36873835422719,68.74749482713456,70.43602930564914,10489213
2013-08-02,70.5486068725586,72.63917366344118,69.8571103945685,70.15461674759041,10865618
2013-08-05,72.24517059326172,72.52659299545401,69.88121718005475,70.43602657916841,13347063
2013-08-06,72.57483673095703,74.56891281025568,71.9155016412671,71.92354358987103,17975488
2013-08-07,72.5346450805664,74.40811185957251,71.68233580612304,72.3657903069565,17483051
2013-08-08,71.90748596191406,72.3658052213866,69.61590275153522,72.04417950764922,10745789
2013-08-12,73.1216049194336,73.17789202178497,71.24009630248256,71.24009630248256,8818557
2013-08-13,75.19609832763672,75.49360469364956,73.00904766930813,73.00904766930813,10606802
2013-08-14,73.98999786376953,76.04840337077286,73.02512089581397,74.97900068201841,7544360
2013-08-16,73.41106414794922,75.24432748345426,72.90449989276435,73.44322539982848,14038679
2013-08-19,73.40302276611328,74.61716074597956,72.65524584431279,73.21809065876168,7117651
2013-08-20,72.0843734741211,73.97392429991666,71.04712544559366,72.88039570480059,10978274
2013-08-21,71.07124328613281,72.8241003861516,70.40386616487606,71.97983309106644,8338141
2013-08-22,71.51348876953125,72.18085944279854,70.0340119398905,70.75766972494762,7859187
2013-08-23,72.07632446289062,72.52660166894509,70.36366399863729,71.42503123123063,13972924
2013-08-26,73.82918548583984,74.93879793184736,72.28538625379439,72.28538625379439,14138503
2013-08-27,73.16181182861328,74.87446576874615,72.62308625650137,73.90155342860419,12558247
2013-08-28,75.81525421142578,76.23337033675193,73.65232218103071,73.72468667178131,25402484
2013-08-29,76.1368637084961,77.17410530347149,74.33576106042761,75.90368637993446,24565935
2013-08-30,77.76911163330078,79.60238208873763,75.3488834236561,76.42632823307969,57848236
2013-09-02,77.90579223632812,78.7339756766467,77.3107860860855,77.68065689628735,12144546
2013-09-03,77.08563995361328,80.50291887698525,76.14488889512828,78.03443950518049,14590503
2013-09-04,77.39923858642578,79.20034103349165,76.62733566811441,77.39119663596078,18598630
2013-09-05,75.40516662597656,77.83344341516852,74.61718623398288,77.4555305789824,16353921
2013-09-06,75.34083557128906,77.8173507030677,74.76190672681265,75.28454845959313,23097146
2013-09-10,75.91171264648438,77.83342453745246,74.98703893116382,76.16900923247933,22058021
2013-09-11,76.38611602783203,77.65653480314961,75.63029701428268,75.95995809025743,23817796
2013-09-12,75.88758850097656,77.12584593450528,75.28454041222973,76.225298048071,23976378
2013-09-13,73.25025939941406,76.22529657993094,72.5185597571294,76.22529657993094,18149504
2013-09-16,72.63917541503906,73.65229757759505,71.86727250340161,73.3789170685856,13683767
2013-09-17,76.3780746459961,77.19018077506975,72.88843741961567,72.9849211949518,14682204
2013-09-18,77.30274200439453,77.99423844900956,76.02428137575782,76.38611022594692,13467575
2013-09-19,75.90367889404297,77.77714583262235,75.35691132071074,76.86855591857987,8463027
2013-09-20,76.37003326416016,77.39923934651283,75.74286581758686,75.74286581758686,8775544
2013-09-23,77.75302124023438,78.78222071239857,76.22529938854308,76.54692504153073,13790561
2013-09-24,76.84441375732422,78.86261574733327,76.10467878827613,78.15504203024557,9078483
2013-09-25,76.47454833984375,78.08267634742818,76.24136454395232,77.1901639945209,10174274
2013-09-26,76.90874481201172,78.78221140186085,76.2252903801841,76.26549358205632,27649262
2013-09-27,76.5228042602539,77.9781617451225,75.9840851819098,77.51180713479583,11529287
2013-09-30,76.07252502441406,77.9781530049051,75.59812197321448,76.55496348177742,8114451
2013-10-01,75.87954711914062,77.10976915548811,75.59008926916766,76.53084036856099,6187171
2013-10-03,78.01030731201172,78.63748117681881,76.20920520696916,76.22528910484489,16783713
2013-10-04,77.66456604003906,78.9591104880518,77.08563729822899,77.84146275100606,6945736
2013-10-07,77.51178741455078,78.2354449975972,77.35097461831825,77.91381940513213,5585155
2013-10-08,77.74495697021484,79.28072033102278,77.22231543415641,77.9942180884174,10509016
2013-10-09,76.7479476928711,78.13897614459924,76.53084774098694,77.19822495458078,14322401
2013-10-10,77.21429443359375,77.92187478507657,76.86854947949332,77.19017512739718,12540220
2013-10-11,78.51688385009766,80.24562177198392,77.83342932284029,78.95911913244065,18845216
2013-10-14,80.58334350585938,81.69294958269556,78.87872463355413,78.92696979852347,19727968
2013-10-15,82.11103820800781,83.58247271563216,81.06575500444156,81.2104839075395,28878302
2013-10-17,79.60234832763672,83.05982321044308,79.03950357927289,82.35224957275273,19074107
2013-10-18,81.43563079833984,82.32010132720823,79.52196081691172,80.56724416921072,16425889
2013-10-21,81.37132263183594,82.78647703621012,80.61550353716194,82.01457403896131,21759754
2013-10-22,82.78646087646484,83.25281543820263,81.85374520949887,82.81862213184498,22418207
2013-10-23,79.19229125976562,82.15928646991406,77.54395986040646,82.14320911406332,36558038
2013-10-24,75.71873474121094,79.47371684147872,75.44535424601692,79.19229439629562,25279913
2013-10-25,77.3670654296875,77.77713944010986,75.2121762027288,75.58204700709977,19774731
2013-10-28,77.80931091308594,78.09073339239819,76.65950168643528,77.76910770175562,10396685
2013-10-29,78.2435073852539,78.48472664261517,77.350994824319,78.10681385535274,12220855
2013-10-30,76.66754150390625,78.46060206194504,76.08057070872283,78.46060206194504,13194322
2013-10-31,76.8203125,78.13093453730839,76.38611913781442,76.40219649582647,20131578
2013-11-01,77.60025024414062,77.96207910319396,76.7479409563391,76.7479409563391,6951635
2013-11-05,77.20625305175781,77.82538504592434,76.38611156966296,77.55200455189272,7261886
2013-11-06,77.57611846923828,78.45254699664326,77.09368002734671,77.67260877501265,9420525
2013-11-07,77.50376892089844,78.63750078613539,76.86855949224527,77.99424940653898,13290967
2013-11-08,77.43942260742188,78.29976713720025,76.86853587473416,77.94598029581992,5562675
2013-11-11,77.44747161865234,78.32390674284012,77.037404152902,77.19821697664428,12039452
2013-11-12,77.6082763671875,78.74200796530285,76.80421233213971,77.96206977740042,23802026
2013-11-13,77.56004333496094,78.31586227353681,77.18213059392782,77.67261099926111,8408899
2013-11-14,78.20330047607422,78.92695821392341,77.28666210667257,77.99424248755295,12361095
2013-11-18,79.15208435058594,80.03655481616593,78.63748466112831,78.63748466112831,12432066
2013-11-19,78.4847412109375,79.44157646737986,78.35608960776631,79.32096681631168,8811144
2013-11-20,77.6806411743164,79.36113356494019,77.23036404187685,78.03442801284415,7871187
2013-11-21,76.93287658691406,78.30782762252761,76.5147671457595,77.51984735549297,11852498
2013-11-22,76.86051177978516,77.65653399366705,76.723818254471,77.27058581223672,4989849
2013-11-25,77.00524139404297,77.76910235682026,76.81226730161848,77.02936724527788,8448189
2013-11-26,76.37003326416016,77.12585228896393,75.79111097735966,76.72382019667563,11722813
2013-11-27,75.54988098144531,76.44238686464944,75.3247391156765,76.10468388123144,8338461
2013-11-28,76.00016021728516,76.38611494073682,75.66245719569221,75.74286361180827,10678834
2013-11-29,75.71070098876953,76.66753601459796,75.56596551627608,76.66753601459796,9333373
2013-12-02,77.39119720458984,77.83343250501336,75.0433271740358,76.22530413983692,11770327
2013-12-03,77.58418273925781,78.20331486853627,77.31884413727678,77.83344398131116,8176627
2013-12-04,79.01541137695312,79.57021436762464,77.04544753859822,77.29470874991188,11581639
2013-12-05,79.2646484375,80.20540596224608,78.16308465156845,79.76317074938916,10593906
2013-12-06,79.40939331054688,80.08480586162962,78.15505197654147,78.73397421597359,7008184
2013-12-09,81.56429290771484,81.85375733600044,78.89479707634631,80.08481604963347,8338381
2013-12-10,83.09200286865234,84.04884438765977,80.82454602038818,81.54820371433236,18993717
2013-12-11,83.3975601196289,83.86391473290755,82.01456709402356,82.49700560851504,9574333
2013-12-12,82.11907196044922,83.05982944212025,81.74116581285969,82.81861024615225,4802777
2013-12-13,83.42166137695312,83.67092253086949,81.60447539021129,81.99846544976181,5603230
2013-12-16,84.28203582763672,84.60366152341908,82.8588395064032,83.62270053388629,12102967
2013-12-17,83.28498077392578,85.22276996753523,82.85882288639893,84.46695104274882,6769656
2013-12-18,83.89608001708984,84.24987351281781,82.48896761564457,83.28499643754105,5437811
2013-12-19,85.0941162109375,86.54946680818233,83.34929472308913,83.98450397091543,12461634
2013-12-20,88.27017211914062,88.8812555426432,85.28709328113713,85.93838644933307,14152076
2013-12-23,88.7686767578125,89.55666332869572,87.57062282086044,88.37468674411537,8871725
2013-12-24,86.85502624511719,89.09032182353991,86.67812952589364,88.55160280315981,3912036
2013-12-26,88.22193145751953,88.76869240431019,86.30021965091431,87.03995466460225,11375442
2013-12-27,89.2672119140625,89.63708268093424,87.9646255526633,88.44706397636821,6188483
2013-12-30,88.69635009765625,89.72555628395308,87.82796330800771,89.29939829699323,4672638
2013-12-31,89.92655944824219,90.29642372264276,88.32646655411367,89.2511403270967,3756287
2014-01-01,88.88127899169922,90.69846547421719,88.62398236220903,90.69846547421719,2362703
2014-01-02,88.92147827148438,89.54061032338014,87.8279561933955,88.88127506145194,4882590
2014-01-03,89.50843048095703,89.7978948417922,87.8520572628073,87.96462491882936,5907534
2014-01-06,89.73358154296875,90.82711012945363,89.25114303806285,90.03912985550375,9896413
2014-01-07,88.479248046875,89.84616381003823,87.64302253883302,89.73358958068377,6572222
2014-01-08,87.98875427246094,88.59180232177943,87.39374162900793,88.28625405069732,5747161
2014-01-09,86.98367309570312,89.050113792604,86.44494756102829,87.96462731748994,8731480
2014-01-10,88.98580932617188,89.5566962301136,85.48812997503235,87.3374776779337,14175420
2014-01-13,90.28837585449219,91.34169451137265,89.25112800881678,89.25112800881678,10086509
2014-01-14,89.02600860595703,90.53764665287784,88.38275725943906,90.46528218509278,7789176
2014-01-15,90.16777038574219,90.69844744133273,88.72044850484461,89.6129609382772,6949390
2014-01-16,91.91259765625,92.2824684889606,89.25114390302787,89.25114390302787,9157779
2014-01-17,88.88127899169922,92.61214228247616,88.33451792847751,92.46740679386464,13427479
2014-01-20,92.15380859375,92.90159214220498,88.78478128127462,88.86518769228114,25131145
2014-01-21,91.91259765625,92.94984568664282,91.40603983858598,92.42719742443859,11808637
2014-01-22,93.43221282958984,94.22435090325732,91.83176133619564,92.1469996888585,11182482
2014-01-23,93.52113342285156,93.8202030251416,91.33869824328526,93.11697997812045,10879074
2014-01-24,92.60773468017578,94.89524692629,92.21975003800276,93.05230343092383,11475341
2014-01-27,92.23591613769531,93.60195998304535,91.4518624363123,92.14700106817283,10395826
2014-01-28,91.75901794433594,92.61582453930724,91.19320313720634,91.95301027689104,6148830
2014-01-29,92.38948822021484,93.08463339319457,91.33868936604152,91.33868936604152,6084537
2014-01-30,92.34101867675781,92.92299578255303,90.79715095771081,91.82369692313625,10363080
2014-01-31,92.9634017944336,93.70704680704435,92.11467951131029,92.45417105576708,5582318
2014-02-03,91.49227142333984,92.79364010515467,90.87795694151649,91.0477026846281,6035459
2014-02-04,89.82716369628906,90.805216297942,87.94380479369731,90.805216297942,11247314
2014-02-05,90.59505462646484,91.41144585333767,89.04310285700328,90.20706339509049,8453357
2014-02-06,91.91259765625,92.42183494456265,89.72208466529797,90.38489894734872,14235009
2014-02-07,90.79715728759766,92.76942523221281,89.97268144105225,92.1389483458097,7360232
2014-02-10,91.04769134521484,92.08232128615306,90.7081999012731,91.01535381492192,5573545
2014-02-11,91.03963470458984,92.37334116103254,90.57889711570213,91.5003657154588,7277715
2014-02-12,90.92646026611328,92.34099721803683,90.21514630919246,91.26594518776425,7565582
2014-02-13,89.75440979003906,91.50034717130414,88.88143452138911,91.33868581540794,5810537
2014-02-14,91.14469146728516,91.54076046477712,89.3502478257276,89.97264666322731,6368686
2014-02-17,90.69204711914062,92.0661687461874,90.0454016475892,91.33869259069205,4568244
2014-02-18,90.05349731445312,91.32254184257943,89.63317507407507,90.40915105276294,4919684
2014-02-19,91.42760467529297,91.82367369809064,89.88373734673775,89.88373734673775,3981935
2014-02-20,91.37103271484375,92.25208587918554,90.70821845652162,91.33061737172699,5843662
2014-02-21,92.39757537841797,92.95530577908458,91.41952279225363,91.41952279225363,7218552
2014-02-24,93.38371276855469,94.07885796553465,92.14699935836504,92.64815222963423,5553262
2014-02-25,96.39063262939453,96.67354006931957,93.76363497294768,93.76363497294768,8808392
2014-02-26,97.48987579345703,98.77508849341746,95.97834646465977,96.35016879993084,14611623
2014-02-28,96.5522689819336,97.80514446237135,95.29939350149584,97.48182175774225,9710274
2014-03-03,94.71741485595703,96.99684267161334,94.26476173067564,96.99684267161334,4983902
2014-03-04,95.08924865722656,96.15620981779566,94.59618013290934,94.73359493703686,7483320
2014-03-05,95.46105194091797,96.3501893515169,94.80632216841897,95.88136749729996,8959256
2014-03-06,94.54768371582031,96.16429757151933,94.32944479211211,95.70356656945629,6639689
2014-03-07,91.3952865600586,95.05692088453335,90.52231771049856,95.05692088453335,10568786
2014-03-10,90.0858154296875,92.4299052234725,89.73824612595408,91.19319841175167,11057661
2014-03-11,90.50614929199219,91.58927926228483,89.46343466818821,90.0454117108139,9583357
2014-03-12,91.62159729003906,92.14699672022336,90.36872172575342,90.5142208993843,6463502
2014-03-13,91.11236572265625,92.9229716561706,89.01076802278727,90.85370491300378,10502872
2014-03-14,88.52578735351562,91.17703115365869,88.04080325021985,91.17703115365869,11916583
2014-03-18,87.36990356445312,89.07543228923484,86.85258850950028,88.91377092343596,9710850
2014-03-19,88.12163543701172,88.90568913723446,85.47038501363384,87.38607488553127,11407527
2014-03-20,89.29366302490234,90.49803868569867,88.26711089032143,88.4287722294355,9020099
2014-03-21,91.85601043701172,93.35946241188499,89.56041384539006,90.3121431218355,18198139
2014-03-24,90.98304748535156,92.95531504415341,90.71630883436477,92.30866951156142,5577475
2014-03-25,88.67127227783203,90.52230004093191,88.29137204327893,90.10197788991854,12271442
2014-03-26,88.19438171386719,90.15857131198429,87.94380527402286,89.05927267713108,7171944
2014-03-27,89.46344757080078,90.52233111712215,87.29718073977315,88.26714919539221,11772455
2014-03-28,89.24517822265625,90.44147627884145,88.98651740563841,89.56850095491963,6043870
2014-03-31,87.8144760131836,89.5765889213026,87.05466887758094,89.2370974076415,14219916
2014-04-01,90.70011901855469,91.01535732694087,88.42069141388475,88.42877579676994,10062365
2014-04-02,91.48417663574219,92.5511375404999,90.3687094350203,91.2578468113268,9579730
2014-04-03,90.6839828491211,91.83177478563948,90.15049893985702,91.33870622437999,4926777
2014-04-04,89.46344757080078,91.97728380055074,89.14820256030892,91.33871597151919,5485662
2014-04-07,90.02923583984375,90.62738156138913,89.14817615784544,89.39875258360594,6074761
2014-04-09,89.63316345214844,90.92646096761709,88.83294100020434,90.36872398842715,7705870
2014-04-10,90.72437286376953,91.32251853161058,88.99459118977329,89.72206725071925,7707032
2014-04-11,91.83985137939453,92.27633578520991,89.07543917919995,89.81908415060268,9419266
2014-04-15,95.14582824707031,95.59848143618137,91.34678573727648,91.34678573727648,12562215
2014-04-16,92.48648834228516,96.14003778537962,91.83984288885377,96.14003778537962,10558973
2014-04-17,94.70934295654297,95.3074887540019,92.72090664346084,93.26247490406276,10124914
2014-04-21,88.29945373535156,91.87217244217842,87.95188444064989,91.50034999653302,30447885
2014-04-22,85.76944732666016,89.7059036942633,85.03388689398886,88.75209781543101,22678964
2014-04-23,84.82373809814453,87.08699724721204,84.22559235292313,86.16552876640957,24026852
2014-04-24,84.82373809814453,84.82373809814453,84.82373809814453,84.82373809814453,0
2014-04-25,83.94268798828125,85.46230884715709,83.5789498976274,85.27639432067869,16380214
2014-04-28,85.61588287353516,85.93920560959359,83.74060837318905,84.07201549325254,17001873
2014-04-29,84.83991241455078,86.73134922579399,84.54892061789376,85.8422116447976,12142039
2014-04-30,84.44383239746094,85.66437696135222,83.67594094986266,85.51887779289153,12933250
2014-05-02,85.43807220458984,85.80989475138053,83.77295841888856,83.77295841888856,11406002
2014-05-05,84.18517303466797,85.51887925594512,83.91035003800832,84.71057245517109,9324157
2014-05-06,83.23138427734375,84.87224466139834,83.03739193597065,83.90227637651442,6864216
2014-05-07,81.81685638427734,83.19906266107967,80.83071921934912,82.46350198015968,19753024
2014-05-08,82.60089111328125,83.3687825807447,81.08936132940062,81.74408458135008,8245048
2014-05-09,83.08587646484375,83.72444411520085,82.12399266443204,82.12399266443204,7870920
2014-05-12,82.76255798339844,83.41728785694333,81.11361330122402,82.98888785147294,15789041
2014-05-13,85.55121612548828,85.7452150334969,82.85147253990608,83.2556259682273,10280002
2014-05-14,84.79949951171875,85.99579111484408,84.4034304389285,85.84221411658075,7430344
2014-05-15,83.49811553955078,85.18747550403907,82.9323007567449,84.92073688049486,7792808
2014-05-16,81.28334045410156,85.84218879483367,80.42653406124373,84.22557544152323,25742985
2014-05-19,77.92888641357422,81.61476705766512,76.74067268305198,81.35610622796752,19265787
2014-05-20,79.96580505371094,80.62053484642145,78.14711483952466,78.56743698689907,16365750
2014-05-21,79.71524047851562,80.52354729369769,78.59977312675375,80.18405580011414,12196572
2014-05-22,78.16329193115234,80.34572042062665,77.92888426084943,80.00622891327902,12029212
2014-05-23,79.21408081054688,79.77989553252183,77.67021361069746,78.1956129953885,14296044
2014-05-26,81.80066680908203,82.43114347351262,79.23024727236448,79.69906915695677,14282455
2014-05-27,82.15632629394531,83.84569286548782,81.35610383154084,82.72214108647627,11082119
2014-05-28,83.13438415527344,83.36879183998238,81.35610898048802,82.77064605134005,10316232
2014-05-29,80.79837036132812,83.14246012727297,80.03047888627722,83.09396040271885,13870204
2014-05-30,81.83299255371094,82.35030755030199,78.40577330102597,80.83069351443757,12537148
2014-06-02,80.68521118164062,81.96233335838659,80.5073810455286,81.9138336323544,6344137
2014-06-03,79.89305877685547,81.46117257957769,79.55357388361594,81.46117257957769,9857490
2014-06-04,79.54552459716797,80.35383171582973,78.4381412133933,80.18408590530672,9311779
2014-06-05,80.9842758178711,81.23485223871286,79.27066278955087,79.77990001474879,11030386
2014-06-06,82.30990600585938,82.5604824521704,80.02240018577012,81.4773525576195,11962813
2014-06-09,82.73023223876953,83.43346188393981,81.65518667621758,82.44732481935918,8521507
2014-06-10,84.87223052978516,85.08239160545425,82.73830197395304,82.73830197395304,16908369
2014-06-11,85.3087158203125,86.89299842175691,84.66207039752028,85.09856132031895,15362652
2014-06-12,86.02812957763672,86.3191148077788,84.50850861413922,86.0119608079539,10738871
2014-06-13,85.74522399902344,86.59394628724048,84.8722485557604,86.04429362044107,8781208
2014-06-16,86.66667938232422,86.9738333419256,85.52696545345766,85.90687228908575,10475762
2014-06-17,86.66667938232422,87.62047879625922,86.27868816291341,87.135494705509,8907992
2014-06-18,85.76138305664062,87.17592015197073,85.38148275499164,86.9495968479253,7503672
2014-06-19,86.8445053100586,87.28907407206887,85.33297546603438,85.35722204002778,9614216
2014-06-20,86.77984619140625,87.83064511730298,85.87453987019568,87.3779919566977,6430521
2014-06-23,85.90687561035156,86.812175334608,85.51888437594053,86.34335999329824,5227870
2014-06-24,85.89070129394531,86.32718564869674,85.22788708923635,86.32718564869674,5683054
2014-06-25,85.54312896728516,86.32718258570041,85.03389175646222,85.8583672913085,6327177
2014-06-26,86.56159973144531,87.28099809656369,85.53505396990332,85.84220794434498,15367004
2014-06-27,88.259033203125,88.75210164043055,86.6990037935367,87.2971494780309,9975757
2014-06-30,88.33180236816406,89.39876353726838,87.88723356986598,88.74403362780753,7637256
2014-07-01,87.00617218017578,88.57429281139149,86.65051846368023,88.57429281139149,7511603
2014-07-02,87.4345703125,88.69553025616764,87.03850128980135,87.62047824825109,8601720
2014-07-03,89.80290985107422,90.21514765596385,87.96805726714116,88.42878822012071,11954487
2014-07-04,88.38836669921875,90.45763338501726,87.92763577844674,90.44954900156145,6069662
2014-07-07,90.14239501953125,90.36871828810185,88.75210471826196,88.75210471826196,10440258
2014-07-08,88.87334442138672,90.34446529662218,88.59043706676583,90.20705052174237,6899800
2014-07-09,88.15397644042969,89.70592840549267,87.50733088465658,88.79253761115189,5230830
2014-07-10,88.06505584716797,90.20706911655529,87.29716429776497,88.26713257069507,8830440
2014-07-11,89.37451934814453,89.9969183135911,88.43688199654423,88.9703658843529,8164419
2014-07-14,87.1031723022461,89.72208533388057,86.81218050361596,89.23710119550313,7536115
2014-07-15,86.62626647949219,87.68514975636892,86.35952127526149,86.99808894180237,5002286
2014-07-16,86.537353515625,87.24866092150026,86.12511570125767,87.24866092150026,4709188
2014-07-17,86.86875915527344,88.04888846672162,86.3271909369321,86.62626710133277,8838776
2014-07-18,88.43685913085938,89.72206549781806,87.97612167005488,88.12162082621168,18881307
2014-07-21,88.91002655029297,90.28867130941659,88.51030401436259,89.74210745259393,10758551
2014-07-22,91.16151428222656,91.5286075481305,88.52660305132738,88.77949085113349,9952509
2014-07-23,93.1438217163086,93.43749765618735,90.4518044383604,91.283878522873,11906023
2014-07-24,94.11458587646484,94.62852047320449,91.62650909671319,93.64959838018068,16010123
2014-07-25,89.9052505493164,90.54970191326898,86.47088740889139,86.47088740889139,37826694
2014-07-28,90.8841552734375,91.16967225495051,88.91816558728037,90.08471038067894,8974499
2014-07-30,89.85630798339844,90.89232957528607,89.57079095367934,90.85970038534305,10444200
2014-07-31,88.82028198242188,89.8970849487798,88.27371822375055,89.74209133680726,19032640
2014-08-01,87.4498062133789,89.10580894830812,87.28665362700336,88.75502690438327,9160120
2014-08-04,89.51367950439453,89.73393148593995,87.4497955550709,87.48242474063005,13701191
2014-08-05,89.66050720214844,90.00313022067321,88.71422106218448,89.70129534060642,5606233
2014-08-06,89.96234893798828,90.14997173371542,89.04869191142464,89.04869191142464,10141154
2014-08-07,90.16631317138672,90.46814151451152,87.28666564224963,89.24449694825695,11688173
2014-08-08,89.41580200195312,89.99499504886278,88.28189278089394,89.88078955873742,5295833
2014-08-11,88.58370971679688,89.81551299318646,88.13504013285133,89.76656589265333,7036227
2014-08-12,88.71422576904297,88.99974275339733,88.28187413392715,88.91816647215322,6273417
2014-08-13,89.77471160888672,89.9868112541188,88.54290851416799,88.60817351815174,7116979
2014-08-14,89.07316589355469,90.07655820157632,88.6734434171033,90.01129318910363,5863006
2014-08-18,89.35054016113281,89.52184507034393,88.29004832199855,88.91818181272976,6409262
2014-08-19,89.30974578857422,90.12550868489565,88.75502303585837,89.21185158553746,6288387
2014-08-20,90.08473205566406,90.5497129827888,89.3097572050932,89.3097572050932,5953427
2014-08-21,89.92156982421875,90.37023942649311,89.35868810313626,89.96235796988006,6576259
2014-08-22,90.86784362792969,91.04730746092795,89.45656999902172,89.93786872385954,7688910
2014-08-25,90.60680389404297,91.56124910059064,90.3947042216218,90.90047985288034,8394749
2014-08-26,89.88076782226562,91.40624025160966,89.10579317417326,91.15335909845095,6642617
2014-08-27,91.1288833618164,91.49597662072874,89.40762253117741,89.40762253117741,7728291
2014-08-28,92.2220230102539,92.67885159790228,91.12890196606756,91.12890196606756,16372438
2014-09-01,92.31990051269531,93.49459764068871,91.94464828937518,92.34437074171181,5776318
2014-09-02,91.52862548828125,92.61359422560777,91.21863821401428,92.50754105589829,7273342
2014-09-03,94.17169189453125,94.62852043410152,91.41440938276146,92.00992026711575,15111425
2014-09-04,94.16354370117188,95.01193586380727,93.33962177220347,94.62037229295895,6938174
2014-09-05,94.93850708007812,95.24849431640871,93.89432661918961,94.7916724183837,6107427
2014-09-08,96.70055389404297,97.07580613444287,94.31036474974682,95.10165737322716,6592137
2014-09-09,95.93374633789062,96.91266184588152,94.93851291595495,96.75766157949309,4390430
2014-09-10,94.89772033691406,96.26004701070914,94.71009752879166,95.93374185662125,5302196
2014-09-11,93.64958953857422,95.73794363838262,93.2661850050439,95.44427434076609,7183838
2014-09-12,93.81275177001953,94.44905080407213,92.8746244514802,93.89432805858817,6343166
2014-09-15,92.71146392822266,93.97590293135927,91.77333669008839,93.8127437295107,6813182
2014-09-16,91.27574157714844,93.80460671867425,90.71285983146502,92.99699608832705,8629875
2014-09-17,92.56465148925781,93.25805004905367,91.11259598422266,91.69178241144799,7400472
2014-09-18,94.92219543457031,95.42797110481537,92.09965437926178,92.22201881831826,8558883
2014-09-19,95.99899291992188,96.73317946069821,94.114579470857,94.93850124991162,9152573
2014-09-22,94.87325286865234,95.50954528217514,94.15537752553642,95.50954528217514,4569012
2014-09-23,95.06903839111328,96.83108767178182,93.97591737768329,94.50616328944444,10665090
2014-09-24,96.70872497558594,97.23897089691467,95.6237562610342,95.93375016749009,11015709
2014-09-25,95.04454803466797,97.50815442294439,94.04116241486706,96.58634508568647,9049005
2014-09-26,96.0316390991211,96.42320930671202,94.1390729978677,95.28114115228986,5670969
2014-09-29,96.72502136230469,97.71209571472781,95.33006559472284,95.9663645855874,5676633
2014-09-30,97.36947631835938,97.72841728810232,95.96636818086434,97.72841728810232,13164455
2014-10-01,100.46121978759766,100.77120700973616,97.58157299389065,97.58157299389065,14933617
2014-10-07,100.909912109375,101.46462830738972,99.69441989885165,100.17572539151622,11137186
2014-10-08,96.83922576904297,100.96698697293061,96.12135714171244,100.66515871223942,12409324
2014-10-09,95.81136322021484,98.20154546409624,95.11796487057141,97.361312472359,14277697
2014-10-10,95.39532470703125,97.77734804108475,94.6611382051329,94.6611382051329,21075376
2014-10-13,95.370849609375,95.60742613088591,92.36068622349757,95.24848519012231,12509735
2014-10-14,94.63666534423828,96.74949634453186,94.34299604200429,96.2600386558822,10770471
2014-10-15,94.63666534423828,94.63666534423828,94.63666534423828,94.63666534423828,0
2014-10-16,93.535400390625,95.37902597156287,92.28728574194668,94.6203690892205,11741991
2014-10-17,92.32806396484375,94.87324673168855,91.38177772390428,93.86169547903542,17418992
2014-10-20,90.77812957763672,93.81276392227115,90.28867178282185,92.50754313609818,8591699
2014-10-21,93.535400390625,93.81275846380953,91.00653526455596,91.20231704335117,8013187
2014-10-22,95.22401428222656,95.72978986700632,93.9758998702335,95.0853319525853,6701528
2014-10-27,90.51707458496094,91.12073781627407,89.26895997645273,89.73394085628914,15869937
2014-10-28,90.33761596679688,92.09966542834009,89.74211161409174,90.61498070622321,12304604
2014-10-29,90.8433837890625,91.40625889950769,90.4844494170899,90.65576096514607,8714024
2014-10-30,91.40624237060547,91.88754773732356,91.0228378348252,91.03914910773591,16102619
2014-10-31,91.96913146972656,92.507529654603,91.30836221528382,92.18122450561351,15541249
2014-11-03,92.1649169921875,92.99699117284646,91.59388295815477,92.99699117284646,17221563
2014-11-05,91.2022933959961,92.83381886075304,90.84335912148838,92.83381886075304,20365973
2014-11-07,90.29681396484375,91.85492243116002,89.4728987470237,91.80598196812969,16182107
2014-11-10,91.1778335571289,91.36545635147364,90.06839478696021,90.38654096109447,9631533
2014-11-11,90.92494201660156,91.52860515478635,90.52521957636397,91.44702887560747,6780963
2014-11-12,90.72102355957031,91.53678655134931,90.19077761491397,90.38655940520168,9857442
2014-11-13,91.16968536376953,92.0833424914591,90.39471058823314,91.20231455289509,10238813
2014-11-14,92.00175476074219,92.6706762900841,91.47966788355721,91.67544963266472,11654013
2014-11-17,92.04255676269531,92.34438506840323,91.20231694814491,92.03439780552573,8023832
2014-11-18,92.38516998291016,92.67068700298422,91.74071860819637,92.17307693609732,10522589
2014-11-19,92.1649169921875,93.16014375399867,91.41441246340912,92.83383859169425,8782771
2014-11-20,93.30697631835938,93.81274528932862,91.8793913670274,92.83382989412955,7056403
2014-11-21,93.33963012695312,94.08197582521683,92.53202604060549,93.48646481949028,9837416
2014-11-24,94.5224609375,95.0608657287888,93.35592275528664,93.44565135492239,7734355
2014-11-25,94.88140869140625,95.8358539856402,94.18801019316497,95.2811378425255,21391759
2014-11-26,94.59587860107422,95.2811246862634,93.56801611198533,95.2811246862634,7530686
2014-11-27,94.95481872558594,95.44427641718804,94.46536103398385,94.58772545688437,10689266
2014-11-28,95.57481384277344,96.26006007028143,94.65300431289168,95.5258733739768,10470797
2014-12-01,96.68424224853516,98.03841000104453,95.77874409459426,95.93374435778343,16086603
2014-12-02,96.41504669189453,97.07581599819811,95.19956124424975,97.07581599819811,4880788
2014-12-03,96.88817596435547,97.23895797198018,95.49322016746032,96.5210826829986,6027475
2014-12-04,96.70055389404297,97.23079974888986,96.21109618187661,96.87186542104023,5007316
2014-12-05,94.4408950805664,96.42320294386387,94.09011968319096,96.42320294386387,5534057
2014-12-08,92.72776794433594,94.66928713813732,92.25462823757003,94.3021939260519,5169513
2014-12-09,90.85970306396484,93.93512546295918,90.63944440763838,92.83384545871883,8176680
2014-12-10,90.08473205566406,91.24311153329957,89.96236760557393,90.71286558290898,6930787
2014-12-11,89.1302719116211,90.3865453965162,88.86922513923201,90.04392897628763,7026376
2014-12-12,88.6163558959961,90.37024629269024,87.939268643357,89.1302839148978,5749913
2014-12-15,88.35529327392578,89.06500959080333,85.63064675215372,87.67821278117195,7921518
2014-12-16,87.57215881347656,89.68498319364859,87.28664182592102,87.93925208319082,9925832
2014-12-17,87.31112670898438,88.59187047323229,86.08748236427242,87.28664983887288,11679591
2014-12-18,87.76795196533203,88.11057505038865,86.63404282375238,87.75979964701291,7240270
2014-12-19,89.82366180419922,90.47627203440811,88.75501122449324,88.82027623073087,9080637
2014-12-22,90.57418060302734,90.86785658098118,89.5463179995367,90.7128563157447,8270136
2014-12-23,90.12550354003906,90.79442509361968,89.5544695452118,90.79442509361968,7233075
2014-12-24,88.99974060058594,90.51706072276275,88.11871943993854,90.12549723774049,10663885
2014-12-26,89.30974578857422,89.48920964254766,88.28188321147012,89.1792223974237,3878548
2014-12-29,89.75840759277344,90.1255008642636,89.3097380387299,89.40762559457703,5040377
2014-12-30,90.14997863769531,90.53338985325962,89.42395098995213,89.73393823411807,4333129
2014-12-31,90.58234405517578,90.79443711323302,89.7665744587337,90.0602504512615,3576239
2015-01-01,90.12550354003906,90.45180867994036,89.8155096739158,90.14997377005363,1082549
2015-01-02,90.92494201660156,91.40624073601802,90.22338468792428,90.28864969448414,4198953
2015-01-05,91.08808898925781,92.18120973548356,90.6312605261308,90.88414830381666,3838601
2015-01-06,88.95896911621094,90.77812446775742,88.44504111606271,90.549706859817,12396695
2015-01-07,88.28187561035156,88.91816795921898,87.83320605600548,88.62449201408984,8305581
2015-01-08,88.91816711425781,91.18599173243729,88.62449117191937,90.73732218235476,7792131
2015-01-09,90.30497741699219,91.36546923949604,88.63266338919765,89.6034199605197,13587116
2015-01-12,90.72102355957031,91.20232239698068,89.3586967078209,89.73394901177848,4421790
2015-01-13,91.93649291992188,92.45858645379235,90.54969607780544,90.89231912957105,6312675
2015-01-14,90.05208587646484,92.91541500727753,89.73393967052911,92.34438097247653,9723858
2015-01-15,91.28388214111328,92.01806870056392,89.93787344878713,91.36545842549668,6993422
2015-01-16,90.55785369873047,91.92018029078798,90.20707833461013,91.49598096044691,8304680
2015-01-19,95.31375122070312,97.64683416725306,95.01191632782663,96.43950123444175,32334205
2015-01-20,96.32530975341797,96.91266171288473,95.1016653701086,95.62375231258147,13390593
2015-01-21,96.0479507446289,97.07581334425657,94.08196079367438,96.19478541370617,17701408
2015-01-22,97.83330535888672,98.3516423076667,96.21249052710974,97.08460759214155,19458651
2015-01-23,99.02629089355469,99.38830654051455,97.12574222482553,98.59846456756162,19277835
2015-01-27,98.49151611328125,99.67628257866126,97.90736842296764,99.12503688447575,15764550
2015-01-28,99.92310333251953,100.70471652908401,98.03077664610028,98.07191418276156,16769969
2015-01-29,99.17440032958984,101.11609342854995,98.6972008797473,100.0465174591424,13488321
2015-01-30,99.80792236328125,100.38384793129902,98.26115351597312,99.86551759830832,9393192
2015-02-02,102.86032104492188,103.28815411112971,100.21106765975088,100.70471810742329,15948657
2015-02-03,102.27618408203125,103.3457601639946,101.65089211038614,102.67933065073552,8465539
2015-02-04,101.88947296142578,103.65015813466098,101.40405138358258,102.5476735267894,8923261
2015-02-05,105.02416229248047,105.82223321547586,102.16921444997412,102.17744329676474,12263607
2015-02-06,105.8469009399414,107.73099864335612,104.65391246323207,104.98301273266914,11074311
2015-02-09,106.59561920166016,106.95762820582735,104.58810194156727,105.29566895163583,6794574
2015-02-10,105.73995971679688,107.28672850512848,104.87606470214631,105.47667678894499,11140578
2015-02-11,105.04884338378906,106.79307771045642,104.18495506734365,106.29942724391618,14166503
2015-02-12,106.43106842041016,107.45127804272936,105.51781372066104,105.88805156956774,9639757
2015-02-13,108.71832275390625,109.24488195875365,106.43107806930493,106.62853693417726,9239165
2015-02-16,108.84994506835938,109.79610837923637,108.60311985682624,108.75121230552116,5117465
2015-02-18,110.08406829833984,110.41316857193054,107.86264145160257,108.93221734077237,6045571
2015-02-19,108.52085876464844,110.08408530571403,107.78038303467,110.08408530571403,7382040
2015-02-20,106.95762634277344,108.76767802764381,106.54625095984836,108.52085279788876,4849774
2015-02-23,106.91648864746094,108.27402740912001,105.8962790384176,106.95762618569303,5689865
2015-02-24,107.45127868652344,108.57022108681375,106.89181083415978,107.36900360849567,8433603
2015-02-25,109.2284164428711,109.52460804859814,107.30318104898929,107.54177742464957,9829069
2015-02-26,108.257568359375,110.06762001891117,107.18799237874,109.22841826682752,10478408
2015-02-27,107.66519165039062,108.37275863702698,106.74370812887872,108.10947571786278,12264620
2015-03-02,109.3436050415039,110.97264890167841,107.61582840986786,108.61958703599589,9859640
2015-03-03,110.65176391601562,111.40046837067806,109.09676647667804,109.42586674724947,9609805
2015-03-04,108.52085876464844,110.86569857624681,107.9942995846653,110.61887333292067,8693384
2015-03-05,109.88662719726562,110.23217852293364,107.82152130828393,108.58667688957185,7213278
2015-03-09,108.61958312988281,109.75497648304524,107.95315368539063,109.75497648304524,7593752
2015-03-10,107.66519165039062,108.89931777979258,106.13487391081965,107.12217481434121,9328397
2015-03-11,107.73924255371094,111.49921633598784,107.0399043833731,108.1999843344579,12190748
2015-03-12,107.82974243164062,108.1012475034719,106.38169975889394,107.91201750741529,6275689
2015-03-13,105.18871307373047,108.33984585499974,103.98749560645551,108.33984585499974,10007634
2015-03-16,106.3405532836914,107.11393759186218,104.75264043735767,105.5095737490938,8820568
2015-03-17,105.87158203125,107.18798312453227,105.1887016423347,106.95761561143276,7882840
2015-03-18,103.89698791503906,106.62852305962907,103.4609326995372,106.46397291105288,8925624
2015-03-19,104.49760437011719,105.75641038144866,104.0780001344857,104.93365960396065,7848403
2015-03-20,107.39368438720703,108.06011386413758,104.76088186743245,105.09821102939117,12037719
2015-03-23,106.1513442993164,108.68541424319311,105.50959461793941,107.40192157600269,6133273
2015-03-24,107.3278579711914,108.35629636893903,105.82222683511388,106.13486942980417,7011000
2015-03-25,108.78412628173828,109.2530901602421,106.38992042175245,107.12216720070779,5859475
2015-03-26,103.97926330566406,108.25756718166122,102.87677864596196,108.25756718166122,12227282
2015-03-27,100.7293930053711,105.57540001851406,100.13700981902747,105.26275073300289,13652951
2015-03-30,102.5805892944336,102.83564337022428,101.39582953413819,102.02112145349386,6814467
2015-03-31,103.47738647460938,104.42354985431956,101.72493002345826,102.52300094369983,9010840
2015-04-01,104.19318389892578,104.7279719042658,102.05403187756566,102.58059103601863,6354889
2015-04-06,102.21033477783203,103.49382709860052,101.59327180588195,103.49382709860052,7872158
2015-04-07,101.20658874511719,103.32106079990221,100.23574556173102,102.58058514274113,9890882
2015-04-08,101.41228485107422,102.51477627753825,100.88572567913563,101.03382484020666,9541026
2015-04-09,101.55216979980469,102.72870762857438,100.71296118615257,102.26796577589408,7049918
2015-04-10,101.64264678955078,102.33375603754361,101.12430983188442,102.06225098512003,5738526
2015-04-13,102.71223449707031,102.96728858215151,101.17368783509907,101.84011731690381,4619465
2015-04-15,99.82437133789062,102.5147689345591,98.85352814340523,102.5147689345591,7315918
2015-04-16,99.05097961425781,100.0794179622427,97.09282898235726,99.88195913854204,13076860
2015-04-17,96.56626892089844,98.18709041932685,96.26185519027867,98.08012881486957,8342621
2015-04-20,94.68216705322266,97.25737385910462,93.87586741466367,96.56626466574106,7922147
2015-04-21,95.13471221923828,96.8213515916864,90.59312449910358,93.4645238477195,21048960
2015-04-22,89.60580444335938,92.68289086924243,89.18620022720198,92.47720318441652,33440956
2015-04-23,87.91094207763672,90.32982806331012,87.63120814789653,90.32982806331012,16233670
2015-04-24,86.09263610839844,88.63494065870202,84.33195127442035,88.1248326406103,19017589
2015-04-27,87.83689880371094,88.15777028379445,85.26169142018229,86.98123929163378,9816226
2015-04-28,87.58184051513672,88.45395768002813,86.38885188553363,87.70525313199221,16379558
2015-04-29,89.12862396240234,89.9595969670422,87.24451915357749,87.70526097012663,15025078
2015-04-30,88.62673950195312,89.1944362184342,87.82866854267579,88.3716854132259,16950219
2015-05-04,89.04632568359375,89.61402228488518,87.96029216285739,88.70899658279217,5264457
2015-05-05,89.66341400146484,90.23111076318922,89.06280184845834,89.6880938493627,8626659
2015-05-06,87.59830474853516,89.4741739865552,87.12110524373112,89.4741739865552,14824806
2015-05-07,88.55269622802734,89.30139412933782,86.40531521555559,87.37615851992167,12131047
2015-05-08,88.93938446044922,89.59758512186464,88.2153664111176,89.03811723788688,8303757
2015-05-11,89.10392761230469,89.56466937814251,88.37990961996157,89.34252399417484,11205821
2015-05-12,87.84513092041016,89.5811365510663,87.31857171611632,89.26848721108053,7637918
2015-05-13,89.22734069824219,89.41657739184232,87.15401278435709,88.03435208702271,8023000
2015-05-14,88.28117370605469,89.31784096837691,87.71347703959998,89.31784096837691,5469907
2015-05-15,88.60204315185547,89.12038011909263,88.03434649822069,88.19889664104599,5391273
2015-05-18,89.55643463134766,89.67984723751853,88.10016989586885,88.69254638815157,5679331
2015-05-19,90.930419921875,91.28420000493787,89.44946882811335,89.67983632002942,12356226
2015-05-20,92.80630493164062,92.95440408436916,90.93866474154883,91.28421604012324,7847779
2015-05-21,92.84744262695312,93.15186308399878,91.90127926034874,93.13540539070229,7785822
2015-05-22,92.23036193847656,92.62528624206556,91.25951891299808,92.23859078355244,10580120
2015-05-25,92.658203125,93.05312076796893,91.73671969732303,92.31264516573061,8279640
2015-05-26,91.86012268066406,92.77337716692652,91.50634260819079,92.2385892879647,6425326
2015-05-27,90.88929748535156,91.76964345995457,89.85263020844819,91.53104038766367,8946008
2015-05-28,91.25130462646484,91.76964160220486,89.0627863518752,91.07852563455151,12361740
2015-05-29,92.42784881591797,92.97085897865958,91.25954002064321,91.25954002064321,17654976
2015-06-01,92.73224639892578,93.45627098210757,91.94240444252831,92.14809210327964,4461161
2015-06-02,90.30514526367188,92.47720594106785,89.85263234356593,92.46898378987984,5428366
2015-06-03,89.77857971191406,91.86013631774259,89.52352565420215,90.54373518948742,9938402
2015-06-04,90.9468765258789,92.29619296208625,90.008942114428,90.008942114428,12418162
2015-06-05,91.45701599121094,92.96265422998431,90.60135635202205,91.21019070900851,9048973
2015-06-08,91.32534790039062,92.42783919621314,90.5848722694687,91.45698935166699,6071763
2015-06-09,89.44125366210938,91.71204702561903,88.95583206847033,91.02915989949537,6360473
2015-06-10,92.60062408447266,93.29174012380321,89.13684182283076,89.26848329201579,9516498
2015-06-11,89.8526382446289,93.13541266878991,89.35898775391105,92.9708625052173,10654536
2015-06-12,88.4210433959961,91.22662471419109,87.04704700367496,89.85262832186996,11815543
2015-06-15,89.00521087646484,90.17351306375659,87.51603050187322,88.19891102776243,5508510
2015-06-16,88.90646362304688,89.9184443235246,88.04257537293482,89.35074766970631,6020206
2015-06-17,89.9349136352539,91.15258217164745,89.03811657981619,89.18620904931478,7280782
2015-06-18,91.50636291503906,92.21392991256836,89.63048715213144,90.09122891998048,9528344
2015-06-19,92.40316009521484,95.06887793754262,91.62154686633102,91.89305863685996,27555342
2015-06-22,92.18102264404297,92.73226164816721,91.004485013734,92.13165625823228,8081059
2015-06-23,91.72026062011719,92.80628739037668,91.3253363163816,92.80628739037668,5694782
2015-06-24,93.03668212890625,93.46450851635213,91.65445680380583,91.81900695949186,7592163
2015-06-25,90.85639190673828,92.7898562220183,90.46146751861993,92.72403214288377,11733234
2015-06-26,91.92597198486328,92.37025608256843,91.17726740963178,91.17726740963178,4171246
2015-06-29,90.89752960205078,91.31713383584106,89.227341513741,91.01271337128108,4477214
2015-06-30,89.95958709716797,91.25130847219994,89.67985317709945,90.83170424431573,8373885
2015-07-01,90.95511627197266,91.48990426401639,89.06278953089483,89.52353129392199,6424723
2015-07-02,91.44876861572266,92.23038185101353,90.3462839176881,91.48168400313261,5362553
2015-07-03,90.4285659790039,91.22663696963585,90.17351188025613,91.06208680212934,4578990
2015-07-06,90.5108413696289,90.7905753162257,89.46594512419453,89.60581544527467,3867641
2015-07-07,91.12788391113281,92.52656002367407,90.9468760889321,91.07851753275426,4165118
2015-07-08,90.95511627197266,91.94241718036109,90.3380532042299,90.68361120039096,5195982
2015-07-09,89.66341400146484,91.5639698520758,89.39190219676972,90.94690000342824,3664431
2015-07-10,90.28046417236328,91.22662753770173,89.77035602760789,90.50260285819205,5939475
2015-07-13,92.09050750732422,92.47719630870891,90.35450223735354,90.35450223735354,4831150
2015-07-14,93.03668212890625,93.3657824402783,91.47345564988899,91.73673188164885,3293913
2015-07-15,95.06888580322266,95.40620828925219,93.22591857566009,93.46451497878955,8716285
2015-07-16,94.66572570800781,95.76821710424747,94.15562424424904,95.25810894492575,4637732
2015-07-17,93.5220947265625,95.4226501804934,93.0037644643824,94.94545745326609,5034174
2015-07-20,94.72996520996094,95.41303644578451,93.6303887764537,93.96359293460063,3991263
2015-07-21,96.06279754638672,97.47891545001062,94.5217280630313,94.55504712848163,8343864
2015-07-22,97.39559173583984,98.0620000060215,95.96281802238254,96.62922629256421,5474926
2015-07-23,98.1369857788086,98.92834573026889,95.73791832179374,97.89541409680572,11890199
2015-07-24,94.42176818847656,97.62886565326416,94.16354033572858,97.13738399506221,12045388
2015-07-27,93.57207489013672,94.92154755898558,93.25552689690889,94.13018774449915,5267502
2015-07-28,92.73905944824219,93.67202690015597,92.21425890117658,93.54707535738632,8265859
2015-07-29,94.10519409179688,94.6299878549655,92.7890405650551,92.79736524458556,6008291
2015-07-30,93.63037872314453,94.91322001751332,92.58079116092311,94.62999109025462,5578062
2015-07-31,94.93821716308594,95.29640891903527,93.78866553692004,93.79699021757233,7047102
2015-08-03,95.02985382080078,95.94616528957548,94.79660683404258,95.12981100450611,3455284
2015-08-04,93.27217102050781,95.11312483695549,92.88065353218965,95.11312483695549,7786595
2015-08-05,95.85452270507812,96.29602225193989,93.27219065559088,93.50543083876109,5696430
2015-08-06,95.22976684570312,96.58757779197633,94.79659874942031,96.46262623870886,5022969
2015-08-07,94.81326293945312,95.94615839341311,94.30512526020756,95.22976812259608,4219929
2015-08-10,93.87196350097656,95.5379842258069,93.31384384653613,94.6383289669651,3854564
2015-08-11,94.32178497314453,94.53836901682828,92.47249931122498,94.29679059557209,6672931
2015-08-12,96.25437927246094,96.84581123589659,93.67204024170147,93.67204024170147,7323971
2015-08-13,95.16313171386719,96.54593030254544,94.26347643468884,96.22105083061513,5510921
2015-08-14,95.83788299560547,96.26271972695623,94.4051089337698,95.16314988122986,4568222
2015-08-17,95.93782806396484,96.46262866833989,94.77161353742802,95.92949660439271,2212863
2015-08-18,95.15479278564453,97.87873923013909,94.71329325080389,96.2460376552363,7479918
2015-08-19,97.42060089111328,97.75380507674778,95.29641742863683,95.57964640967135,5814979
2015-08-20,96.08777618408203,97.68715207512517,95.58796316800212,97.46224333589795,6423955
2015-08-21,95.96282958984375,96.12943167747156,93.91362255621043,95.76290166144534,7385267
2015-08-24,90.68986511230469,95.62961406263362,89.31539795510069,94.78827898358989,11884861
2015-08-25,90.18173217773438,91.88107212424066,88.01590502772181,91.52288034566881,15297276
2015-08-26,91.7894287109375,92.7307344663137,90.48160653937052,90.78149161877404,11044007
2015-08-27,91.85606384277344,92.87233906522029,91.06470410073764,92.87233906522029,12857543
2015-08-28,93.89695739746094,94.20517396384747,92.02268395632797,92.34755666364646,5714915
2015-08-31,95.2630844116211,95.79620967473208,93.41380551966836,93.8969488064443,8954392
2015-09-01,93.98858642578125,95.29640866671653,93.29718373672598,95.17978856827825,7103043
2015-09-02,92.33921813964844,94.829924523014,91.49787632573621,94.321786850924,6572206
2015-09-03,94.48839569091797,94.63000339390372,93.05561506681678,93.13058464828643,3285449
2015-09-04,92.29757690429688,95.22977635884621,91.1646813523548,94.63000613162502,7928355
2015-09-07,91.98103332519531,92.76406176163024,90.65654811752634,92.28091843122847,5709214
2015-09-08,93.89695739746094,94.29679968661351,91.6311663481133,91.6811483290214,4094153
2015-09-09,93.48045349121094,95.55464810582943,92.99731015349639,94.43008402547596,4099134
2015-09-10,91.98103332519531,93.25553655201607,91.68947967914622,92.46417665559709,8775869
2015-09-11,93.14724731445312,93.7720051234251,92.43085700435404,92.46417606502133,4084660
2015-09-14,95.23809814453125,95.57963374536442,93.16390371959866,93.46378202369061,10684962
2015-09-15,95.1464614868164,95.62960475920808,94.30511971056751,94.7965944419429,4937700
2015-09-16,96.72087097167969,96.9624494402341,95.20479592717484,95.6129697168855,9941709
2015-09-18,98.62847137451172,99.12827767987464,96.62924615306001,96.74586626849998,9898909
2015-09-21,98.6617660522461,99.46145729897374,97.3789315413784,98.26191703935467,11840733
2015-09-22,99.27821350097656,100.66934371545996,98.2952638453084,98.62846803761038,18028038
2015-09-23,98.42019653320312,99.36149548422331,96.98741606959446,98.14529905986554,7529166
2015-09-24,100.46940612792969,100.7776226878311,97.79544816475386,98.96166272580957,11094738
2015-09-28,98.7867202758789,100.29447032106512,98.30357021958513,100.29447032106512,5322644
2015-09-29,98.01202392578125,99.61140658204903,97.46224249305409,97.5621996721609,8118296
2015-09-30,99.60307312011719,99.78633811337947,98.6284550533744,98.97831534179909,9590429
2015-10-01,99.91962432861328,102.17707708332244,99.51977527025059,99.63639537012705,18667659
2015-10-05,100.01126098632812,101.61064383657504,99.47813562926471,100.02792390772814,9100269
2015-10-06,99.85297393798828,101.62729005509208,99.6613842686602,100.36111160849376,8106115
2015-10-07,98.10365295410156,99.92794428312217,97.46223904558954,99.92794428312217,4985700
2015-10-08,98.26191711425781,99.4531259159435,97.5705212738312,98.56180217939118,5878542
2015-10-09,98.686767578125,99.40315789565841,97.49556538827918,99.24488727155428,7196840
2015-10-12,97.28730773925781,99.96127240658619,96.96243504787529,99.96127240658619,5656995
2015-10-13,97.52055358886719,98.91168371145685,97.23733139993062,97.46224692649989,5195476
2015-10-14,97.11238861083984,99.03664422395438,96.80417201384822,96.97910557486895,5600910
2015-10-15,96.14607238769531,97.95370745996053,95.97947032680655,97.95370745996053,4486078
2015-10-16,96.12110137939453,96.9874308897219,94.23016495033471,96.462637018972,4888068
2015-10-19,96.22106170654297,97.33730116682551,95.14647954908709,96.94578353176442,5330665
2015-10-20,95.2630844116211,96.61256387738987,94.9631993326663,96.46262472744024,7156819
2015-10-21,96.27103424072266,96.54593173805443,95.16313312881583,95.76289654479658,5404803
2015-10-23,94.5883560180664,95.59630000861026,94.07189361150499,95.59630000861026,9916189
2015-10-26,94.80494689941406,95.67960792627245,94.24683393066232,95.0631815107741,5681966
2015-10-27,95.81287384033203,96.19605995848109,94.29679228641619,95.00485108638847,15674230
2015-10-28,96.29603576660156,96.83749256264606,94.92156173604755,95.77956657259809,7496963
2015-10-29,95.72956848144531,96.61256077145944,95.12979834281734,96.47094630623872,8150157
2015-10-30,95.43801879882812,96.47095027648169,94.82159249595871,95.37970536273612,6049662
2015-11-02,95.82121276855469,96.18773599659237,94.71330484539592,95.54631526323433,9695048
2015-11-03,95.67127227783203,96.57092764779894,95.1881289195758,95.82121822902144,5637257
2015-11-04,95.4713363647461,96.45429262930604,95.20477712448401,96.14607609316108,4350852
2015-11-05,95.10482025146484,95.7795600301031,94.85491713189926,95.50466253114737,3277977
2015-11-06,94.95487976074219,95.40470401384563,94.41342300927087,94.67165080595863,3659753
2015-11-09,93.33882141113281,94.46338527949388,92.66408851336014,93.88027808849183,7082536
2015-11-10,92.63910675048828,93.59706869470315,91.87273448349404,93.45546099647014,7630478
2015-11-13,91.88105773925781,92.50581547317955,91.69779953807392,92.29756289520564,3326617
2015-11-16,92.21426391601562,92.95564853334466,90.33999067254307,91.61450054553765,5924403
2015-11-17,92.60577392578125,92.79736357452369,91.79775125957906,92.79736357452369,7816195
2015-11-18,92.35587310791016,92.7723782493331,91.8227478826998,92.21425864820434,6561801
2015-11-19,92.75572204589844,93.6303829061963,92.07265763195626,92.53914477992623,5367129
2015-11-20,94.91322326660156,95.79620879786451,92.9639736607656,93.5804067314962,9887773
2015-11-23,94.9798583984375,95.98780222726272,94.5550217854056,95.62127904743225,5929566
2015-11-24,93.93861389160156,96.1960736244991,93.71369835274157,95.4963461844608,5441907
2015-11-26,94.8799057006836,95.4546883047961,93.130583845869,93.130583845869,10273112
2015-11-27,94.95487976074219,95.02984933975011,94.11353791418328,94.87990340267837,7137918
2015-11-30,94.95487976074219,95.92116638627704,94.49672404795876,94.79660236399047,22234597
2015-12-01,96.95411682128906,97.87042836151555,96.49596105117581,96.49596105117581,9200387
2015-12-02,96.25437927246094,97.52888247861476,95.97115031193252,97.4289185185393,3787604
2015-12-03,95.38802337646484,97.4622242777619,94.84656672556738,97.4622242777619,6974419
2015-12-04,94.84658813476562,95.35472584688713,93.66371740554257,95.35472584688713,5513331
2015-12-07,95.97115325927734,96.19606878682642,94.61334897104683,95.27142585442814,6213411
2015-12-08,94.4134292602539,96.44597338299927,94.02191164087661,95.66294492330103,3736804
2015-12-09,94.18019104003906,95.6046403843828,93.7220352542538,93.96360694912919,4223545
2015-12-10,94.14685821533203,94.96320569361595,93.23887823747192,94.47173091468764,6014387
2015-12-11,94.28015899658203,94.58836883442274,93.39716645268527,94.46341725120311,3691311
2015-12-14,94.47172546386719,94.96320021443844,93.29717951483718,93.83031156195406,3973023
2015-12-15,93.11393737792969,94.96321660626216,92.69743213113543,94.69665731574788,6393961
2015-12-16,92.45584106445312,93.10558640163858,92.00601006895747,92.00601006895747,10970066
2015-12-17,92.6474380493164,93.03062418214827,92.14763181841984,92.8806782454458,10163672
2015-12-18,92.33087921142578,92.85567975977678,91.70612149604727,92.29756015574995,14961660
2015-12-21,92.60577392578125,93.17221819262792,91.38124612835215,92.2642383623642,6207683
2015-12-22,92.53914642333984,92.88067524684841,92.13096592470748,92.43085100937499,6653875
2015-12-23,92.6807632446289,93.29718961439934,92.29757708642902,93.29718961439934,4221929
2015-12-24,92.8307113647461,93.26387273624125,92.38088029338229,92.71408447717387,2154842
2015-12-28,93.53875732421875,93.96358717657805,92.55580105048662,92.55580105048662,5220702
2015-12-29,93.97191619873047,94.66331883401915,93.1222497369919,93.6137244715841,4268569
2015-12-30,92.98064422607422,94.63000211229289,92.63077714521279,94.28014181048748,2678249
2015-12-31,93.28053283691406,93.8636401409203,92.79738271758943,92.96398480444834,7054776
2016-01-01,92.70577239990234,93.26388541619919,92.31425471909475,93.26388541619919,3165524
2016-01-04,92.91401672363281,93.29719612953458,92.6307877310177,92.79738983064692,3431636
2016-01-05,92.78073120117188,94.13020410456248,92.33923158155457,93.6303978190719,4687529
2016-01-06,92.4808349609375,93.26386335830071,92.13096789151386,92.7973761920878,6123539
2016-01-07,91.60616302490234,92.87234135499934,91.14800737348047,92.13095678672722,11168290
2016-01-08,92.59745788574219,92.93899350602831,91.55619488429424,91.98103154469621,4648302
2016-01-11,89.5403060913086,92.2892403871765,89.03217517501412,91.96436768983966,9954184
2016-01-12,91.44791412353516,91.7977744547344,88.49905162609589,89.38204408321953,6982168
2016-01-13,91.04804992675781,91.94770515573508,90.04010606588353,91.1313509602341,3587567
2016-01-14,90.83980560302734,91.6145093522331,89.29873634358819,90.79815508250196,5838665
2016-01-15,90.48161315917969,91.43957512407518,89.46533775436382,91.06472044215955,3334175
2016-01-18,91.15633392333984,91.7644286799505,88.4240563000131,89.46531908808245,9031923
2016-01-19,90.29833984375,91.96436049885301,89.63193158170878,91.29795223681181,5106281
2016-01-20,90.3899917602539,91.94772411915154,88.83225940135627,89.80688440565902,6238110
2016-01-21,91.76443481445312,92.46416209900197,90.22336578508919,90.22336578508919,9300264
2016-01-22,91.64781951904297,92.58079379989515,91.14801332124118,92.58079379989515,4445262
2016-01-25,91.9756851196289,92.43804335722344,91.42926174792629,92.11859858410793,4242825
2016-01-27,92.90040588378906,93.30392265088012,91.3872333999841,92.47167231179664,11160519
2016-01-28,92.00929260253906,93.09373126153417,91.53012553245311,93.00966614314328,6459529
2016-01-29,94.62372589111328,95.11130771724436,92.2362777270438,92.2362777270438,7734574
2016-02-01,95.52323150634766,96.48998049789544,93.69901545536672,95.09449797663108,8037187
2016-02-02,95.37190246582031,96.09486389109917,94.85911068905526,95.85107640290579,6855160
2016-02-03,93.7830810546875,95.24581295054126,93.15259257878176,95.24581295054126,3213476
2016-02-04,94.1445541381836,94.43037417870576,93.09373329411729,94.20339561759984,5609982
2016-02-05,93.79988861083984,95.12811481404894,93.37956299700947,94.15295802171504,5742094
2016-02-08,91.63101196289062,94.18659738060653,91.34519188995175,93.82511321789279,4384750
2016-02-09,90.15986633300781,90.77354584512351,89.78157327366812,90.77354584512351,4267924
2016-02-10,89.31079864501953,90.22711388498568,88.77278326935388,90.15985768725456,5157374
2016-02-11,86.95697784423828,89.4957471627139,86.26764797638957,89.31080116528014,5269476
2016-02-12,86.97380828857422,89.0165882791597,85.4522280166163,88.23478528059934,9598621
2016-02-15,88.3945083618164,88.70555209213093,87.11672243789624,87.91534120581062,5214324
2016-02-16,88.53741455078125,89.19311980143634,87.62110603954977,88.60466391553241,3685887
2016-02-17,88.59626007080078,89.10065085312549,86.9653979095318,87.93214690898749,5763710
2016-02-18,91.0089340209961,91.42925968203912,88.78961589893655,88.78961589893655,4740372
2016-02-19,92.02611541748047,92.38759271777758,90.47931848875723,91.0257418001871,5768537
2016-02-22,91.25271606445312,92.15221566164453,90.20190197485455,92.0008943279998,4520996
2016-02-23,90.78194427490234,91.41243268901086,90.05058181927873,91.15183628416904,5036873
2016-02-24,89.77317810058594,91.16866072970912,89.19313002907208,90.80718338055595,5189321
2016-02-25,89.7563705444336,90.5802061552131,87.78083981372343,89.848843563906,5119049
2016-02-26,89.1931381225586,91.10982750652305,88.55424166123711,90.82400054452526,5250574
2016-02-29,87.46978759765625,89.42010133474287,85.39337616656587,88.94092736103347,11091282
2016-03-01,90.0253677368164,90.62223153379458,88.0078045974454,88.26840787119507,9201448
2016-03-02,90.7146987915039,91.10139973693414,89.13427716907808,90.79035603618348,9548461
2016-03-03,91.24430847167969,92.2110574371638,89.99173944116951,90.8155817947594,6511139
2016-03-04,90.2775650024414,91.7403037818266,89.96652811674394,91.61420608299946,8533469
2016-03-08,91.03414154052734,91.37880991568103,89.81519724781019,90.40365311325985,8277325
2016-03-09,90.47931671142578,91.12661405520046,89.65547439947994,91.12661405520046,10597186
2016-03-10,90.09261322021484,90.77354206693204,89.56299885444055,90.63062862507937,6464851
2016-03-11,90.6222152709961,90.75672082439709,90.06738413898988,90.08419989862874,5963203
2016-03-14,90.93326568603516,91.29474297397505,90.20189638847465,91.29474297397505,5552606
2016-03-15,89.64705657958984,91.29473417956342,88.8400369594886,91.04253883797266,10384866
2016-03-16,90.52975463867188,90.8744230284452,89.11746323818308,89.96652239116492,10071645
2016-03-17,90.65586853027344,91.45448738140534,90.05060361100095,91.05938531769388,9839474
2016-03-18,92.68181610107422,93.11054958491759,90.87441600591475,90.88282388623267,13512583
2016-03-21,93.55611419677734,94.55648792924035,91.09300165078895,93.21144577702437,5891875
2016-03-22,92.9508285522461,93.581316966545,92.65660062557328,93.56450120566883,7905422
2016-03-23,93.43838500976562,94.0184397089835,91.76549078352555,92.488452056928,7693379
2016-03-28,93.50566101074219,94.75822997612424,92.35396608829265,93.90917086494673,7775976
2016-03-29,93.00127410888672,93.98483198454831,92.13539920088249,93.64857147842724,8018333
2016-03-30,94.48082733154297,94.76664741052241,92.68182804365313,92.92561555686389,7883464
2016-03-31,94.86751556396484,95.8342645165239,93.68220275599111,94.46400569417432,20671520
2016-04-01,94.51445770263672,96.25460192541796,93.68221421859019,95.32988542286884,7355416
2016-04-04,95.20376586914062,96.01920024347257,94.68256624660526,95.31305462637633,3719124
2016-04-05,93.98482513427734,95.26261770089792,93.6905972128668,95.203769380121,4395422
2016-04-06,93.85033416748047,94.4892236623316,92.93401880640238,94.1529631529415,5808793
2016-04-07,92.77429962158203,94.15296638922229,92.53051211214212,93.81670586827404,3246500
2016-04-08,92.39599609375,92.7070397769709,91.88319748900825,92.13539285121858,5016142
2016-04-11,95.11971282958984,95.5988867955533,91.16024393362972,92.30353104236326,5949523
2016-04-12,95.75861358642578,96.12849879833415,94.33791422634711,95.04405996566997,4493886
2016-04-13,98.33941650390625,99.5163283574336,97.6080471155762,98.01997173730116,10674994
2016-04-18,98.96147918701172,99.95345167430246,97.54918795513201,99.02873538548589,13105324
2016-04-20,101.08834075927734,102.0550897023416,99.12961923076122,100.54191744363233,25034223
2016-04-21,93.9596176147461,96.78420730751047,93.62335709992266,95.83426724839165,30976914
2016-04-22,93.80830383300781,94.5985146806051,93.3291298592451,94.15296539033292,11492685
2016-04-25,92.88358306884766,94.44719588499903,92.65661131824955,93.83352316075776,9151325
2016-04-26,93.21983337402344,93.81669711124172,92.50527983370623,92.8751718452131,9657501
2016-04-27,94.15294647216797,94.36310925330292,92.84993722913126,92.84993722913126,4790110
2016-04-28,92.99287414550781,94.82549132340374,92.63979784752436,94.06890512021472,14505825
2016-04-29,93.2030258178711,93.61494355536239,92.19424433442924,93.31230774208238,6830286
2016-05-02,92.2194595336914,92.9676377526717,91.68144412011215,92.6397851444935,5296409
2016-05-03,91.43766784667969,92.42963367331802,90.63064120673022,92.3035359746146,9210403
2016-05-04,90.79036712646484,91.36201415426214,90.28597631200512,91.21069280518128,6997112
2016-05-05,91.31156158447266,91.68144676439934,90.28596432804028,90.62222482638042,5824718
2016-05-06,89.63025665283203,91.91682387455702,89.37806128594227,91.91682387455702,6870419
2016-05-09,90.6222152709961,90.80716126207705,89.36123853518042,89.60502600252413,5356158
2016-05-10,90.5633773803711,91.14342533356456,89.85722490736661,90.58018629943884,5211513
2016-05-11,90.42047882080078,90.69789102281912,89.6302679399492,89.84883865369233,3859455
2016-05-12,91.17705535888672,91.33677772619815,90.06739298587748,90.45409392442538,5328180
2016-05-13,90.73153686523438,91.24432878374158,90.28598748591025,91.24432878374158,4528516
2016-05-16,90.92486572265625,91.37881605252792,90.15146379677284,90.90804996030488,6225662
2016-05-17,90.81558227539062,91.19387535084302,90.46250600180669,91.1266191437978,6809208
2016-05-18,90.7146987915039,90.93326948598512,89.94970478143837,90.60541686488202,7621128
2016-05-19,91.28633880615234,91.45446905691335,90.3279977450621,90.79035593465487,6685262
2016-05-20,91.36199951171875,92.12698665138794,91.21067818689008,91.36199951171875,4706510
2016-05-23,90.76515197753906,91.53854713573891,90.50454868373454,91.46288988043783,4875689
2016-05-24,90.39524841308594,90.85760657435766,90.04217217162001,90.76513357385592,5286206
2016-05-25,91.8159408569336,91.95884744612545,90.6222135005218,90.79034372867915,6641075
2016-05-26,91.62260437011719,92.26990860780765,91.29475173126579,91.81595827391821,6586563
2016-05-27,91.69828033447266,92.63980580793567,91.29476355335535,91.31998720037194,6460681
2016-05-30,92.49687957763672,92.891981551474,91.53853170128359,92.00088987834485,5706643
2016-05-31,91.7066650390625,92.80791955707178,91.35359561487373,92.63978930519976,11040471
2016-06-01,93.22824096679688,93.44681165258446,91.73188452936304,91.73188452936304,5452990
2016-06-02,90.85762023925781,93.97643803715079,89.85723968506039,93.48044828020059,13762753
2016-06-03,90.92486572265625,91.37881605252792,90.62222988899588,91.04255553540257,7088563
2016-06-06,89.9665298461914,91.10981703911607,89.68070975826978,90.95849569287181,10304205
2016-06-07,90.76515197753906,90.98372270270538,90.31960264523111,90.79036878222662,10313858
2016-06-08,91.56375885009766,91.63941609553993,90.79035695144053,90.95848720408448,8129181
2016-06-09,91.5973892211914,91.98409019453669,91.16024780067275,91.98409019453669,9430088
2016-06-10,91.68984985351562,91.99248565445389,91.29474105211888,91.54693641269459,6359182
2016-06-13,90.99211883544922,91.58057476464349,90.59701681630445,90.89124478090159,3480377
2016-06-14,91.31156158447266,91.46287607223078,90.7903550755505,90.99211000630712,5602446
2016-06-15,91.9756851196289,92.09337493913262,91.17706634560201,91.76552228435867,2263231
2016-06-16,92.45484924316406,92.6397884137011,91.05095891704768,91.74869671910707,3681988
2016-06-17,92.81633758544922,93.14419024419604,92.30353889292816,92.69023988275903,8613805
2016-06-20,93.65699005126953,93.95962590957508,91.64783466607724,92.47167026362843,7409230
2016-06-21,94.32109069824219,94.63213439698826,93.04330490400703,93.76626634667603,5277033
2016-06-22,94.68257904052734,94.82548565451022,94.06889949655174,94.49763302097575,7391587
2016-06-23,94.7750473022461,94.96839435198741,94.04367798303142,94.65735065502545,3580004
2016-06-24,93.33753967285156,93.7746742497542,92.01771437831174,93.01808806998336,7210062
2016-06-27,92.13540649414062,93.30391731839833,92.00090091279749,93.30391731839833,5685011
2016-06-28,91.1938705444336,91.92523301368554,91.0005166557617,91.62259720102665,5295833
2016-06-29,93.23665618896484,93.64857395159399,91.12662008908373,91.53013681182799,4993854
2016-06-30,93.80830383300781,94.51444955125991,93.32072197806303,93.76627126833522,7785230
2016-07-01,93.96802520751953,94.99361566984132,93.65698149576723,94.11093182113837,2872943
2016-07-04,94.43879699707031,94.99362140533533,94.15297007009976,94.48923060419398,5305017
2016-07-05,94.98521423339844,95.66613629799328,93.48885084853092,94.43038301971133,4831470
2016-07-07,94.08570861816406,95.48959890422817,93.74104024672896,95.3298696980539,7614019
2016-07-08,94.43037414550781,94.73300994646365,93.32071182241538,94.08570578445357,4648377
2016-07-11,95.81149291992188,96.17361492088473,94.76722759177335,95.16303424459154,5509102
2016-07-12,96.13995361328125,96.32522952363169,95.16305735163805,95.41570258205746,3498900
2016-07-13,96.67050170898438,97.31895361454188,95.97151253896507,96.66207883157408,5638382
2016-07-14,96.10626983642578,96.67051359759054,95.2472733037297,95.92941680281888,2713977
2016-07-15,93.39452362060547,96.83050223660024,93.17556309035338,95.98835162289161,18280203
2016-07-18,92.96504974365234,93.3019100772116,91.76077679255438,93.22611787284897,8784787
2016-07-19,92.51026916503906,93.26820474759936,91.62601098538539,91.79444111484324,14877681
2016-07-20,90.75859832763672,91.16282789592458,87.2468273960579,87.2468273960579,50777299
2016-07-21,91.28915405273438,91.76075980308794,90.76702474445416,90.76702474445416,7703480
2016-07-22,90.57331085205078,91.12070870132672,90.1101280565096,90.9522785938572,7330024
2016-07-25,91.43231964111328,91.57548113997062,90.11014037534869,90.56490035699832,3908543
2016-07-26,91.97970581054688,92.76290307588478,91.11228663728497,91.28913962239186,8752205
2016-07-27,92.4934310913086,93.09977545071554,91.38178948556981,91.97971782118022,7535086
2016-07-28,93.27662658691406,93.77349409259838,91.62600996590496,92.18183075761938,6127465
2016-07-29,91.80287170410156,93.14188997509062,91.39864210082037,93.02399024525361,7435123
2016-08-01,93.93350982666016,94.61564637246067,91.79444168647335,91.8028645636866,12123703
2016-08-02,92.56922149658203,94.15246195577384,92.29973055085432,93.98403182805389,6216329
2016-08-03,92.29131317138672,93.50401564596018,92.0976212543467,92.29973604896234,7703918
2016-08-04,92.33342742919922,92.9734633699536,91.8534056137137,92.26605811056838,6132105
2016-08-05,92.16498565673828,93.05766670994751,91.8955015627578,91.95444799576627,3108623
2016-08-08,92.46817016601562,93.11662896564656,92.00498726726214,92.00498726726214,5468510
2016-08-09,92.86397552490234,93.05766743312603,92.01340199727746,92.24920143802278,4676916
2016-08-10,91.39863586425781,92.80502335534922,90.96071477938455,92.63659322323483,3369775
2016-08-11,91.45758819580078,92.22394671702551,90.95229776687547,91.10388900761711,2665604
2016-08-12,91.58392333984375,92.55239679452374,91.03652530024202,91.03652530024202,4163470
2016-08-16,90.36280059814453,91.96288710394008,90.07647069937451,91.5839192473043,4939065
2016-08-17,88.89744567871094,90.64070028781838,88.69533089082128,90.39647111345211,5300457
2016-08-18,88.44269561767578,89.27642349468165,88.12267421861792,89.25957773820058,4851732
2016-08-19,87.60053253173828,89.23430339625791,87.42367952734236,88.74585876834483,5503785
2016-08-22,86.82575225830078,87.58368784053341,86.65732212891575,87.24682758176336,5422857
2016-08-23,87.51631927490234,87.66790365126302,86.74153793176217,86.78364546446674,6156019
2016-08-24,87.52474212646484,87.92054882170812,87.08682104508976,87.60053431462296,5587134
2016-08-25,84.88882446289062,87.79424483455588,84.59407167156226,87.75213729293755,25798062
2016-08-26,82.53077697753906,85.23408169617872,82.19391674726468,84.8887985894597,17698571
2016-08-29,80.64437866210938,82.79186309887113,80.35804192112214,82.69922514463646,27176665
2016-08-30,82.43814849853516,82.60657863298997,80.53488660850793,80.66120920934902,24165572
2016-08-31,82.80868530273438,83.54135905713653,81.89916540724947,82.83395393248837,14992145
2016-09-01,81.51177215576172,82.48024530289524,81.09911975071434,82.48024530289524,10604872
2016-09-02,81.45283508300781,81.7812793505775,80.72859093770076,81.52021125349604,8611208
2016-09-06,81.33493041992188,81.75600575954176,80.8464857673387,81.68863644657849,8491053
2016-09-07,81.14125061035156,82.48869189815693,80.85492070738108,82.16025445494253,11453063
2016-09-08,79.8274917602539,80.7875422803824,79.19587867419034,80.34120510760705,11891858
2016-09-09,80.95596313476562,81.3517766979291,79.88643587731849,80.44224984643851,10113106
2016-09-12,80.91385650634766,81.4191469227969,79.52430786111226,79.9706518410397,10068429
2016-09-14,80.5180435180664,81.68020864396546,80.14749175879251,81.60441645809193,9826386
2016-09-15,80.58541870117188,80.81280212880674,79.87801349238767,80.81280212880674,9677981
2016-09-16,80.74542236328125,81.23387385368996,80.50962292200776,81.06544372322617,12324284
2016-09-19,80.83806610107422,81.17492638615158,80.20645306655415,80.84648897888916,11299922
2016-09-20,81.02334594726562,81.26756829515892,80.52647151981328,81.26756829515892,5829321
2016-09-21,81.49491882324219,81.60440249827657,80.88857458654006,81.3433344774262,8668616
2016-09-22,81.14125061035156,81.72233329502947,80.77912165218939,81.68864863352249,7633032
2016-09-23,80.88018035888672,81.46968590676757,80.68648842024497,81.39389370701387,12300882
2016-09-26,80.72859954833984,81.01492945649468,80.18961754070614,80.91386861670313,11939239
2016-09-27,81.55389404296875,81.68863952741691,80.67805867421572,80.90543525412197,9878285
2016-09-28,81.46966552734375,81.63809564174879,80.90542190271132,81.5875652367395,4245028
2016-09-29,79.53273010253906,81.51178421780095,79.16218517079501,81.46967668343368,26351076
2016-09-30,80.66962432861328,80.8464773234705,79.6674664956745,79.6674664956745,11216973
2016-10-03,80.66962432861328,80.86331622323272,79.88642702009585,80.8464773234705,5336686
2016-10-04,81.14966583251953,81.68021804815832,80.67806005559606,80.67806005559606,7095976
2016-10-05,80.77068328857422,81.37702758832873,80.28223184476872,81.14965104596038,7538366
2016-10-06,80.50962829589844,80.94754255227063,80.34962103196551,80.8464885793109,7396014
2016-10-07,80.332763671875,80.79594649465764,80.10538027204247,80.50961666580709,5566297
2016-10-10,80.34119415283203,80.80437701945553,80.18960292078235,80.37487880880762,3538004
2016-10-13,80.5517349243164,80.6780575291737,79.90327614467303,80.34119724955427,7329358
2016-10-14,80.00433349609375,81.0485989468833,79.88643377403422,80.47593923777151,6884195
2016-10-17,79.52429962158203,80.11380504636068,79.43166168414326,80.012751085605,8298392
2016-10-18,81.30966186523438,81.53703841761754,79.66746817756386,79.68430707768158,5801342
2016-10-19,83.3729248046875,83.69293927152273,81.47808607186087,81.68862370884162,12378636
2016-10-20,83.4403076171875,84.40878090410696,82.90133254993766,83.86138295932639,6252382
2016-10-21,84.08035278320312,84.38352843367575,83.08661760750792,84.18983649630076,10617160
2016-10-24,81.51177215576172,82.53077570734649,80.4422381997257,82.53077570734649,18579446
2016-10-25,81.082275390625,81.62125038933769,80.71173050734997,81.52019643213846,18599248
2016-10-26,79.42325592041016,80.9728118664489,79.25482577728769,80.9728118664489,7329390
2016-10-27,77.76420593261719,79.77694450470324,77.47787609805685,79.38113783304134,10042829
2016-10-28,77.83158111572266,78.55583206024767,76.4841400481188,77.76421180371834,12320247
2016-11-01,77.60418701171875,78.56423718475985,77.4778644401755,78.32843779258769,3786724
2016-11-02,77.12418365478516,77.62105122756887,76.19781782797337,77.09049899540734,7523630
2016-11-03,75.38935089111328,77.4694659657541,75.12828279033937,77.1410285469793,8053976
2016-11-04,76.21466064453125,76.4251983243219,74.8166890800334,75.41461746132683,6547449
2016-11-07,75.7935791015625,76.7115219398741,75.53251102923254,76.63572975202077,7134574
2016-11-08,76.08832550048828,76.78730774085417,75.19564451456439,76.29886314559113,6916238
2016-11-09,75.27144622802734,75.86937458652523,68.73635552578321,71.58282210665726,11558738
2016-11-10,74.94300079345703,76.02937369256287,74.12611197324429,75.9872661627259,8316376
2016-11-11,74.50508880615234,74.808264428551,73.1071172747985,74.42929661391267,10485629
2016-11-15,75.44830322265625,76.02938585668734,74.03348588171079,74.36193014973897,37705734
2016-11-16,75.001953125,76.55151582768521,74.46297807136324,75.62515009837713,8829107
2016-11-17,73.83979034423828,74.94300911921613,73.06500896778853,74.63141062243007,11076418
2016-11-18,73.6292495727539,74.4461384493373,72.86289110614962,74.10085531015959,5763107
2016-11-21,74.4124526977539,74.74089696131034,73.63767814740771,73.68820856129639,8909576
2016-11-22,75.86094665527344,76.29886772474524,73.95768485862966,74.44613633664657,5891539
2016-11-23,75.60829162597656,76.1051590628869,74.46296554624932,75.86093678238234,6756803
2016-11-24,75.91990661621094,76.61888895998624,75.22091741899565,75.53251592122223,7374200
2016-11-25,78.2779312133789,78.65689904332916,75.96201669701624,76.29887699030536,6822590
2016-11-28,77.57893371582031,78.82532078007677,76.73678307244683,78.82532078007677,6135518
2016-11-29,78.34529113769531,78.57267454978012,77.56209379107321,77.71367816350349,3333673
2016-11-30,78.36214447021484,79.32219491314618,77.81474650630908,78.32003693452978,11587709
2016-12-01,78.87586212158203,79.32219928305663,78.19371863521636,79.1116615930327,3302127
2016-12-02,77.54525756835938,79.33061986956126,77.22524303014404,79.24640479598457,4041268
2016-12-05,76.91363525390625,77.47787892029488,76.30729090923964,77.47787892029488,3176116
2016-12-06,77.1073226928711,77.95788922595138,76.78730138673302,76.80414713832286,3357785
2016-12-07,76.35781860351562,77.4357755859747,76.13044203198051,77.2083921609998,3144911
2016-12-08,77.24207305908203,77.38524140909105,76.48413748396489,76.63572871105198,5596430
2016-12-09,77.1578598022461,77.6799959520423,76.88837570351225,77.1578598022461,5430270
2016-12-12,76.3915023803711,76.78730904783804,76.0462192658376,76.63572468215948,3831332
2016-12-13,78.1094970703125,78.16002748240855,76.64415624016611,76.8883785696172,6269049
2016-12-14,78.53899383544922,78.88427012924494,78.02528055331253,78.17686493334774,5507907
2016-12-15,78.50529479980469,79.48219085926958,77.578929146654,77.578929146654,5511310
2016-12-16,78.06739044189453,79.18744813139767,77.46946207427108,78.53899620453163,8818851
2016-12-19,78.0758056640625,78.57267315760184,77.89052978687326,77.94106019460118,4144553
2016-12-20,78.59793090820312,79.1453287814274,77.75578033401196,78.64003843691269,4334313
2016-12-21,77.89053344726562,79.24639737557915,77.67999578303805,78.90953711281502,5486622
2016-12-22,77.76420593261719,78.52214147592116,77.35997638423073,77.91579029990233,4312617
2016-12-23,77.26734161376953,78.32002991150047,76.70309794480997,78.26107662545176,3585124
2016-12-26,76.82099151611328,77.56208813047564,76.34939267921956,77.20838214936646,3316809
2016-12-27,78.35372161865234,78.4884671035777,76.48414429223307,76.63573553281412,2952121
2016-12-28,79.05270385742188,80.08013046839608,78.32845972717847,78.48846699191968,6353966
2016-12-29,79.55799865722656,80.34120297522225,78.16003387992926,78.99376176071657,10907890
2016-12-30,79.91168212890625,80.2569652132108,79.33902251599025,79.77693667485588,2779631
2017-01-02,79.42325592041016,80.57699828873506,79.24640289944355,80.01276142133881,2460948
2017-01-03,78.65689086914062,79.85274067397765,78.4379303305695,79.6674716439863,3686937
2017-01-04,80.10539245605469,80.44225274204207,78.50530609761465,78.656897338373,6050638
2017-01-05,80.91385650634766,81.84022226983792,80.35803567756552,80.35803567756552,5216996
2017-01-06,79.15377044677734,80.863333776813,78.9937631703875,80.59384964116708,8381720
2017-01-09,79.49903106689453,79.91168345837019,77.78104534612652,78.99374074587814,3922249
2017-01-10,80.25697326660156,80.65277993913358,79.37271513080304,79.6000916822306,3528383
2017-01-11,80.2064437866211,81.09912480948041,80.00432900964748,80.49277362512032,4507028
2017-01-12,81.38545227050781,81.56230526523312,79.87800408392356,80.17275679065273,3741476
2017-01-13,81.62967681884766,81.93285241051937,80.90542592025392,81.70546900340578,4322788
2017-01-16,81.64651489257812,82.1433823373214,80.81278723398333,81.33491645339002,3227332
2017-01-17,81.25072479248047,82.1434059868828,80.93071023856292,81.7475923802748,2948943
2017-01-18,81.34334564208984,82.02548899876476,80.84647815878706,81.25070770540377,2863620
2017-01-19,80.67804718017578,81.59598995370139,80.04643423690966,81.41913695889907,4785278
2017-01-20,80.4927978515625,80.81281929374231,80.00435308907926,80.26542122907189,4077220
2017-01-23,80.80438232421875,81.57074085181296,79.45694116921888,79.59168665540689,6108473
2017-01-24,81.09913635253906,81.35178157307557,80.1727705439052,81.29282828024095,3921167
2017-01-25,79.7853775024414,81.52020933676026,79.3643021471912,81.1833490525601,10906509
2017-01-27,78.41267395019531,79.78537685580972,78.20213627427654,79.07797163541065,10272157
2017-01-30,78.44635009765625,78.82531787319894,77.05680158733301,78.15159738334526,9853933
2017-01-31,77.14102935791016,78.45478590026023,75.01038384565052,78.45478590026023,14628407
2017-02-01,76.80415344238281,77.64630402223003,75.79357274656616,77.64630402223003,8750755
2017-02-02,77.08329772949219,77.47239499914883,75.46770253646811,77.14251072752114,8171731
2017-02-03,77.43855285644531,77.75151712513151,76.8210705339124,77.14250166833014,4682452
2017-02-06,78.0052719116211,78.2928699888237,76.88874018064124,77.59080164291727,6599518
2017-02-07,77.57389068603516,78.15753307088693,77.0663743716196,78.15753307088693,4459769
2017-02-08,77.9037857055664,78.69043334843134,77.32859633937038,77.54006149967078,7007704
2017-02-09,78.8342056274414,78.97799775741426,77.37086308514546,77.53158205927569,5274137
2017-02-10,79.38404846191406,79.88310490520362,78.56356081792646,79.06261726121603,4093449
2017-02-13,80.26373291015625,80.52595107713603,79.04569500312422,79.17257409518238,4523470
2017-02-14,80.64437103271484,80.81354315723456,79.88309647237614,80.72049711202244,4619060
2017-02-15,80.30602264404297,81.08421713017165,79.27406998421549,80.61899381172388,5640489
2017-02-16,81.33798217773438,81.52406739066092,80.01843818625996,80.01843818625996,5667011
2017-02-17,80.41597747802734,81.82010734101772,80.19605924611939,81.54097611828492,4210692
2017-02-20,80.46674346923828,80.76279470386594,80.02690005082768,80.35678433554357,3054543
2017-02-21,80.49212646484375,81.32952718346044,80.2129883028835,80.35678737573866,6829411
2017-02-22,80.27218627929688,80.78816258788105,79.54474483470531,80.37368541440198,5558777
2017-02-23,82.23458099365234,82.76747728200773,79.77313224612126,80.27218860483052,8693864
2017-02-27,82.8520736694336,83.33421700706769,81.14343235449597,81.20264535512885,7528200
2017-02-28,82.69136047363281,83.26654297123667,82.39530924147135,82.89436565610289,5401139
2017-03-01,82.64906311035156,83.76559499725602,82.1838397699002,82.55601706553502,5426302
2017-03-02,82.9281997680664,83.81635347592639,82.5729355314697,83.57105525714856,5423075
2017-03-03,83.54566192626953,83.85016618820106,82.42066337233766,83.02968566346094,3947295
2017-03-06,83.21578216552734,83.34266125314895,82.6575128032661,83.1142830256087,3143300
2017-03-07,83.76559448242188,84.51841593561221,83.21578508344948,83.48646323331917,8801080
2017-03-08,83.75713348388672,83.94321867119469,82.77593388768706,83.6810005289196,3064671
2017-03-09,81.96389770507812,83.40186046041477,81.76934567270757,83.40186046041477,3759439
2017-03-10,82.39530181884766,82.71672608850031,81.81165250683091,82.06541068296652,2914404
2017-03-14,84.81446838378906,85.36427779075662,82.79285598049552,82.89436200908055,6553246
2017-03-15,83.70637512207031,85.58418125734983,83.30035796152298,85.55034821487843,9607608
2017-03-16,84.67912292480469,85.0766732589322,83.74021632386638,84.12931355927506,8848888
2017-03-17,85.3050537109375,85.77027699485446,84.40844018702599,85.26276068512686,8875816
2017-03-20,84.16314697265625,85.30505873682088,83.77404973554805,85.26276570851849,3751881
2017-03-21,84.3576889038086,84.92441821470864,83.4187892185235,83.4187892185235,5951390
2017-03-22,84.67912292480469,85.16125931516753,83.23269998645442,83.4864581551604,10620082
2017-03-23,86.2778091430664,86.61615341166315,84.73833996749849,85.09360420297777,14922870
2017-03-24,86.82760620117188,86.95448528380746,86.1847508057588,86.1847508057588,8062056
2017-03-27,85.26275634765625,86.69225917060814,85.05975121081855,85.99865771277682,5232713
2017-03-28,85.86334228515625,86.44698479551188,85.04285464696491,85.43195194841267,3323252
2017-03-29,86.65843200683594,86.93757011209935,84.9582509636828,86.01557662688369,5380707
2017-03-30,87.28437805175781,87.74960140021865,85.66878286492205,86.40468436957633,14290321
2017-03-31,87.24208068847656,87.57197182609292,86.24396794387893,86.64997827437905,8061645
2017-04-03,85.78720092773438,87.3774160183362,85.54189585977882,87.36895603605656,4160286
2017-04-05,86.38775634765625,86.61614145087415,84.94134030604559,85.60110878524937,6502814
2017-04-06,87.07292175292969,87.21672082871973,85.67725156553944,85.78721758927068,7980291
2017-04-07,86.59921264648438,86.86989074980646,86.09169636547806,86.85297767061766,12196978
2017-04-10,85.33042907714844,87.59733945199001,85.00900482576041,87.11519619127728,13798807
2017-04-11,86.30316925048828,86.51463438660768,84.61990814370402,85.22893048918019,6303993
2017-04-12,84.71295166015625,86.25242055875935,84.46765348628139,86.22704061300162,7258323
2017-04-13,83.8078842163086,85.25430718574033,83.28345478655888,84.71295779092762,9674765
2017-04-17,83.28345489501953,83.86709731961881,82.91127073219701,83.86709731961881,7798259
2017-04-18,83.57103729248047,84.20543266172331,82.99584802752211,83.0635209970862,6285310
2017-04-19,84.2900161743164,84.50994127242818,82.94509940872183,84.16313710428616,6543459
2017-04-20,84.5438003540039,85.4488740857692,83.91786479245822,84.24774909941574,5025646
2017-04-21,83.10582733154297,85.16126590362707,81.71015729568475,84.58608343018048,8445800
2017-04-24,83.15657806396484,83.7402205043994,81.98082631669246,82.454509631984,6887352
2017-04-25,83.62179565429688,84.58607530057712,82.75055516122667,83.48645659013123,11770706
2017-04-26,83.03816223144531,86.70073604029622,82.6575180607384,85.0936008282,60514032
2017-04-27,83.91785430908203,84.27311164002823,82.62368342766204,83.55413011156092,19864101
2017-04-28,83.61332702636719,84.1969693663744,82.90280561750492,84.0785502788357,12086663
2017-05-02,83.72329711914062,84.23927344358592,83.50337887783724,83.93476226164846,5568494
2017-05-03,83.98551940917969,84.53532880678023,83.61334211676096,84.26465754121719,4065380
2017-05-04,84.57762145996094,84.8060065775515,83.55412874765302,84.1039381428002,4048926
2017-05-05,84.46765899658203,84.75525021518376,83.96860263435681,84.53532508908916,2722905
2017-05-08,84.97518157958984,85.31352583422638,83.92631576694284,84.58608431003151,5002041
2017-05-09,86.09170532226562,86.23550437029667,84.67912232334746,85.26276473049955,7581832
2017-05-10,84.52685546875,86.30316247265027,84.35768337314045,85.83793920972401,4459065
2017-05-11,85.37271118164062,85.5588032298763,84.65372981543065,85.06820693344378,3393796
2017-05-12,85.77873229980469,85.90561137031872,85.29658907839931,85.54188723800041,6031102
2017-05-15,85.65187072753906,86.27780622655776,84.86521619946438,86.27780622655776,3549668
2017-05-16,87.18286895751953,87.32666111863868,85.51652094608961,85.51652094608961,7146846
2017-05-17,86.370849609375,87.5465944900049,85.9394593180792,87.46200842832461,7362627
2017-05-18,88.88304901123047,89.2975192929815,85.56727298996107,85.76181815783484,17123643
2017-05-19,87.92723846435547,89.2975355213946,87.63964720946494,89.15373645213342,5097614
2017-05-22,88.17252349853516,88.53624766724471,85.69415482664787,88.2571095540075,5733070
2017-05-23,89.05223083496094,89.49207422708477,88.00335815948803,88.3078693593469,8735341
2017-05-24,88.81538391113281,90.03342180197556,87.94415024403247,89.27214725974494,6636990
2017-05-25,90.75239562988281,91.13303286876875,88.92534239013479,88.92534239013479,20100101
2017-05-26,91.18377685546875,92.18189631330351,89.93190614711389,90.33791640830196,7765843
2017-05-29,90.43943786621094,91.19225241607525,89.66124336841771,91.18379243343227,3166943
2017-05-30,90.70165252685547,91.35296102713721,89.55974077215241,89.66123990905861,6637379
2017-05-31,90.5916976928711,91.35297228986249,90.1687673612092,90.93850194156019,15642998
2017-06-01,91.5475082397461,92.19881670555026,90.43942958933557,90.58322174658197,4250820
2017-06-02,93.32382202148438,93.70445928023707,91.48830182026894,91.86893907902164,6428073
2017-06-05,93.98359680175781,94.38115405204996,92.46104766492542,93.30690829649897,9633970
2017-06-06,94.82945251464844,96.08978341359499,93.30690345678873,94.05971800311538,11049943
2017-06-07,92.94317626953125,94.99015454381316,90.54938693083149,94.77023632131264,13762215
2017-06-08,92.35108184814453,93.55219972781433,91.63210036337614,93.02777030439712,8001795
2017-06-09,90.83699035644531,92.03811517840359,89.93192363218664,92.03811517840359,9384610
2017-06-12,89.04376220703125,90.60860420175882,88.07948257079013,90.60860420175882,12396076
2017-06-13,87.63117218017578,90.23642676122478,86.86989769777853,87.96951639457455,8946043
2017-06-14,86.64997100830078,88.40936502140572,85.36426714710967,88.40936502140572,8080517
2017-06-15,88.25711822509766,88.61238244643783,86.29472567551657,87.96952698496258,8317803
2017-06-16,86.36239624023438,89.01839740366985,85.53345552573852,88.00336458577361,8030288
2017-06-19,86.12556457519531,87.25901659828158,85.71954728687402,86.61616105449713,3891671
2017-06-20,86.0240478515625,86.73456941336678,85.77028965923014,86.27780604389486,2063458
2017-06-21,86.58231353759766,86.78531870602963,85.26276961734303,86.02404416168632,4895705
2017-06-22,86.29472351074219,87.58042751780826,85.66878114754687,86.61614779160087,3843239
2017-06-23,86.90374755859375,87.93570036564785,85.60112345782342,85.93946773769271,6051953
2017-06-27,86.80224609375,87.30976250004157,85.7533733471753,86.44698185589317,9540496
2017-06-28,87.42817687988281,87.76652113240705,86.02404685518096,87.29283780214683,4448070
2017-06-29,87.732666015625,88.2740153067666,86.63304747151905,87.96950417936516,12944967
2017-06-30,87.4112548828125,88.2571154944696,86.68382026369241,86.88682543376386,7242552
2017-07-03,87.83417510986328,88.10485322798635,85.2627605222161,87.96951416892482,5572713
2017-07-04,87.96952819824219,88.29095937522875,86.27780689925474,87.29283967864721,5868339
2017-07-05,87.22517395019531,88.1048676526746,86.76841057425719,87.9695285714551,5030668
2017-07-06,87.208251953125,87.9864464892939,86.56539649502436,87.22517191924533,4398852
2017-07-07,87.19132995605469,87.37741514619537,86.27779643521866,86.31162948036872,3889807
2017-07-10,90.7608413696289,90.99768641128144,88.05408809563106,88.05408809563106,1769468
2017-07-11,89.05223083496094,92.53717245841072,88.68004665533824,90.06726357873626,10827743
2017-07-12,89.25523376464844,89.93192224349835,88.40937316608606,89.22140071743218,3170908
2017-07-13,89.33981323242188,89.9488286882709,88.46011965155284,89.28906022352679,4331508
2017-07-14,87.91876983642578,89.64433096337119,87.63117860981194,89.37365281853982,6545345
2017-07-17,90.28717803955078,92.70634068730001,89.50899043219754,90.13492588783392,20717986
2017-07-18,91.01461791992188,92.24957572799362,90.16875735050711,90.4394354861722,7342675
2017-07-19,91.72514343261719,92.04657459322945,90.43943944106185,91.35296614252567,7928152
2017-07-20,91.06537628173828,92.79093056801035,90.76086508212995,91.60672570124679,7137662
2017-07-21,96.78338623046875,98.42435429861835,94.82098702747436,96.05594479055029,43712663
2017-07-24,98.64427947998047,99.30405483069565,97.86609191414118,98.18751616556578,17479614
2017-07-25,97.96759796142578,99.11796975256775,97.78151275986077,99.08413670534057,8993269
2017-07-26,97.89993286132812,98.62737436044107,97.37549653127127,98.11985799598523,7921576
2017-07-27,98.01836395263672,99.21948891547527,97.18941632583915,98.11986999138975,15748342
2017-07-28,97.79841613769531,98.40743846187932,97.40931892411277,98.11984726353762,6488043
2017-07-31,97.59542083740234,98.28902928305617,97.24015663184674,98.11985716300705,6801080
2017-08-01,99.7439193725586,100.13301667996156,97.781526634978,97.781526634978,10760455
2017-08-02,99.40556335449219,100.72510729692834,99.13489208657666,99.47323633419457,6469635
2017-08-03,97.81534576416016,99.9469103421104,97.64617364446738,99.71007212799299,9722197
2017-08-04,97.9168472290039,99.20255812262666,97.78151503694369,98.05218630469547,6796056
2017-08-07,97.35857391357422,98.08601539287129,97.13865566853903,97.98451625292375,3921329
2017-08-08,97.24015808105469,98.64428807511482,96.39429746820296,98.55970201382965,7279766
2017-08-09,96.93563842773438,97.6292468232199,96.73263327508492,97.13865046401452,2906265
2017-08-10,97.49390411376953,97.93375433108426,96.68187664991255,96.76646270065535,7222248
2017-08-11,98.01836395263672,99.65933235493021,97.3416753839687,97.44318142272174,9466389
2017-08-14,97.61233520507812,98.4243558278419,97.18939804557839,98.13676461697716,4292153
2017-08-16,98.10293579101562,98.15368880302894,97.44316728573591,97.9168437081772,5363422
2017-08-17,97.56158447265625,98.45819805515451,97.44316536937481,98.42435812539043,7032915
2017-08-18,97.47698974609375,98.45818929847434,97.40931677621523,97.46006978271653,7948899
2017-08-21,97.34165954589844,98.52586434839026,97.2063204774589,97.8999289009422,7613358
2017-08-22,98.20443725585938,99.13488385959296,97.74766705257645,98.28902331074424,7238720
2017-08-23,98.1198501586914,98.72886561721472,97.98451109558711,98.49202741950522,6223409
2017-08-24,97.9168472290039,98.45820353177012,97.71384205728225,98.27211144224032,7413579
2017-08-28,98.35669708251953,98.72887437635258,98.01835283655652,98.11985886379794,5715785
2017-08-29,98.37362670898438,98.79655705797173,98.15370155078456,98.39053979276468,4691806
2017-08-30,98.52586364746094,98.79654178241438,98.32285848806133,98.61044970418003,4899684
2017-08-31,101.19879150390625,101.67247483143343,99.50707025104589,99.81158145328703,27585715
2017-09-01,100.30217742919922,100.92811291332312,100.08225229055262,100.82661376876948,8535629
2017-09-04,100.58975219726562,100.8265972630477,100.04840286403986,100.47133310618972,8020043
2017-09-05,100.57284545898438,100.96193579939062,100.2852473692849,100.62359158433776,7789014
2017-09-06,100.55593872070312,100.79277694893871,100.18376141191938,100.48827262224484,8243296
2017-09-07,101.14804077148438,101.46946506332658,100.65744435053962,100.82661647964217,8910077
2017-09-08,101.6724624633789,102.07847276122328,100.99577404455124,101.50329035867199,12046586
2017-09-11,101.89238739013672,102.65366191135759,101.58788308855318,101.97697344805015,14275591
2017-09-12,100.86043548583984,102.48448356892753,100.6574303359077,102.21381233022822,20911485
2017-09-13,100.11608123779297,101.40179208519153,99.9130760733698,100.86044268551939,17684075
2017-09-14,95.9037094116211,97.7476829546456,95.14243479380939,95.24393394600514,15503769
2017-09-15,96.681884765625,97.18940111268397,95.29467479372337,97.1048150548408,15001278
2017-09-18,97.88299560546875,98.11984066389007,95.92059658942935,95.92059658942935,4860657
2017-09-19,97.8660888671875,98.61044336501229,97.27397962458672,97.88300194726551,4557233
2017-09-20,98.7626953125,98.84728136361757,96.85104918051667,97.73074961904383,5712945
2017-09-21,98.7626953125,99.1010395169703,98.0183408161175,98.32285197686687,4954436
2017-09-22,99.6254653930664,99.79463747765122,98.27208871638787,98.3397547967699,8097163
2017-09-25,98.7626953125,99.65930883107241,98.15367987463172,99.20254553176358,3578780
2017-09-26,98.20443725585938,98.89803877573686,97.79842006223352,98.45819542051399,4138670
2017-09-27,97.54467010498047,98.39053072499985,97.20632585697273,98.33977771107241,6102854
2017-09-28,96.73262786865234,98.20443063127014,96.39428367193659,98.00141860633644,10644440
2017-09-29,94.82099151611328,97.40932626346905,94.4657342032643,97.18940113629719,4236150
2017-10-03,95.7345199584961,96.64804658118467,94.82098645217687,95.21008367429633,3430145
2017-10-04,95.6668472290039,96.8510519788656,95.2777568895253,95.71760023786698,2334927
2017-10-05,95.9544448852539,96.42812127615773,95.3961755575394,95.9544448852539,1547076
2017-10-06,96.969482421875,97.10481460689496,96.00519586000644,96.42812614727126,3982263
2017-10-09,97.03714752197266,97.20631963514843,96.27587301268164,96.74955630630001,1350306
2017-10-10,97.10482025146484,97.54467052924055,96.42813175250616,97.03715415502153,2435394
2017-10-11,98.33976745605469,98.74578464150272,96.83413846288198,97.08789662242552,5113769
2017-10-12,99.28714752197266,99.81158387654436,98.08602264982795,98.45820684139835,4607998
2017-10-13,98.7626953125,100.06532600661505,98.39051806430875,99.65930883107241,4222649
2017-10-16,98.35669708251953,98.94879951295479,97.18940530376835,98.76270742422261,6938446
2017-10-17,98.0691146850586,99.01647452892229,96.8172367320371,98.79655625613931,9840952
2017-10-18,99.72699737548828,101.19879351804335,97.98452307363574,97.98452307363574,14532324
2017-10-19,98.81346893310547,99.74391568949677,98.49204462525941,99.74391568949677,739517
2017-10-23,100.45442199707031,100.62359410884102,98.89803994550589,99.03337901164863,7465974
2017-10-24,100.42060089111328,101.13112246830275,99.84541839615792,100.30218177552032,3978687
2017-10-25,101.13111114501953,102.12923074156251,100.14991839685412,100.5897617603277,4602841
2017-10-26,102.28147888183594,102.83974820939852,100.53900481007481,100.75892992500924,10070656
2017-10-27,100.47135162353516,101.48638439177016,99.811583077635,101.30029229747447,3277807
2017-10-30,99.21947479248047,100.25142058263178,98.81345757889328,100.25142058263178,3809919
2017-10-31,99.49014282226562,100.30217033945434,99.03337949498162,99.21947157228998,2886132
2017-11-01,99.32096862792969,100.36983432731704,99.15179651887912,100.1499160924559,2277490
2017-11-02,99.21947479248047,100.04841541765374,99.11796876817588,99.3040608515239,2564335
2017-11-03,99.6593246459961,100.09917493505945,99.33790035419472,99.38865336964534,2107524
2017-11-06,101.45252990722656,101.84162709623153,99.28712574912197,99.43937787873563,3876529
2017-11-07,102.26458740234375,104.46382524896343,100.9112102659624,101.45255974378853,15161185
2017-11-08,102.3153305053711,103.73638058663006,101.85856711210751,102.77210078226653,5255548
2017-11-09,102.34915924072266,103.0089277495085,101.3679595765651,102.5183313592453,2553036
2017-11-10,102.39990234375,102.85667255716977,100.91119325164274,102.36606929777136,4214004
2017-11-13,101.02960968017578,102.99200201493302,100.84351760677268,101.6047920974805,2073570
2017-11-14,100.99578094482422,101.55404342159441,99.96382828215432,101.435624316935,3545721
2017-11-15,100.31908416748047,101.41870283209131,99.50705669996482,100.99577257647175,3918684
2017-11-16,100.70819091796875,101.2157073074716,99.71007810539913,100.82661691575802,4846150
2017-11-17,99.86231994628906,101.11419770783836,99.64240170714214,100.89427258506056,4640212
2017-11-20,99.5916519165039,100.45442558719054,98.93187652684001,99.84541009322899,5142518
2017-11-21,99.47322845458984,100.82660533785605,99.18563035999114,100.53900724325734,5494382
2017-11-22,99.57473754882812,100.04842088206911,99.13489414795767,100.04842088206911,3391791
2017-11-23,99.32096862792969,99.8792379645227,99.16871648323648,99.8792379645227,1803850
2017-11-24,99.03337860107422,99.60856102525771,98.45819617689072,99.60856102525771,4289313
2017-11-27,99.7439193725586,99.9300114841611,98.45821521006762,98.54280128195381,2796903
2017-11-28,99.76082611083984,100.11608343547098,99.23638978123944,99.8115791239675,4009460
2017-11-29,101.04652404785156,101.23261612362477,99.30405680938807,99.81157314299044,6735475
2017-11-30,98.7626953125,101.65554101417331,97.899921721279,101.28336376598206,18265488
2017-12-01,97.9168472290039,99.4224832601715,97.46008387172235,98.79654777918333,3808745
2017-12-04,98.10293579101562,98.4920330382762,95.66685316705669,97.08790308527384,8790643
2017-12-05,95.9037094116211,97.64618380244983,95.64995120568386,97.64618380244983,4956230
2017-12-06,95.582275390625,96.24205083670657,94.93942679485606,95.85295355573001,5759926
2017-12-07,95.14241027832031,96.34352801341694,94.73639312326065,95.93751774198739,6731998
2017-12-08,95.71761322021484,96.76647904991144,95.27776981221645,95.6499471216402,4843796
2017-12-11,97.9168472290039,98.1198592843569,96.15745989590773,96.15745989590773,4125876
2017-12-12,97.37548828125,98.57661299548411,96.49579470078379,98.28902179005121,3314548
2017-12-13,97.1724853515625,97.93375985115722,96.51270998840191,97.57849566456069,2911417
2017-12-14,97.64617919921875,98.28903466734734,95.53152758276391,97.57850621731326,3375145
2017-12-15,98.01836395263672,98.37362820464026,97.00333109963469,97.64618661659573,4930972
2017-12-18,100.08224487304688,100.74202024008802,96.17436633202351,97.10481294811184,6890507
2017-12-19,98.93187713623047,100.47134617129775,98.30594167317923,99.811577661201,10183834
2017-12-20,100.31908416748047,100.99577257647175,98.93186742214395,99.76081485333656,7081611
2017-12-21,100.74201202392578,101.16494226947324,99.60855345895436,100.08223671069356,3711281
2017-12-22,102.04464721679688,102.65366270832313,100.16683396308767,100.82660935011329,4689556
2017-12-26,102.4844970703125,103.87171402546807,100.87736185587609,101.92623455536085,4948094
2017-12-27,103.73637390136719,104.21005723126045,101.52021629559769,102.82284029008058,4841953
2017-12-28,104.21004486083984,104.85290024055298,102.34915169429846,103.49951650852863,13459388
2017-12-29,106.32469940185547,107.05214085659202,102.51832690063833,103.33034752732665,10069992
2018-01-01,107.10289764404297,108.27018945745344,104.70065480310433,105.39426328137569,8934389
2018-01-02,107.83033752441406,109.62356480732916,106.39237445833562,106.86605778624069,7665379
2018-01-03,104.86981964111328,108.40552100080451,104.4638093155786,108.40552100080451,5860470
2018-01-04,105.44501495361328,105.90177831668224,104.02396496629366,104.92057861002543,3905556
2018-01-05,104.73448181152344,106.20628474718369,104.10854635073301,105.90177355761152,4301878
2018-01-08,105.27584838867188,105.86795086042339,104.58223988259597,104.88675110193739,4760660
2018-01-09,107.32282257080078,108.27018923916901,103.66870185981648,105.76644037302285,12201522
2018-01-10,110.5370864868164,110.92618373425461,106.61229473288257,107.05214499235726,10163032
2018-01-11,108.64237213134766,110.3171804115394,107.9318505353414,109.47131972971484,5643897
2018-01-12,107.86416625976562,109.5389743646442,107.32281685679088,108.60852771203315,8433768
2018-01-15,106.57846069335938,109.70814484167437,106.03711129848514,107.8810846107967,3187225
2018-01-16,112.31339263916016,113.00700106849473,106.91680489001726,107.22131607566735,16443849
2018-01-17,110.19873809814453,112.8378257882661,109.96189989574192,112.66865367694115,8113347
2018-01-18,110.080322265625,111.06152191717123,108.9976234744484,110.63859162630054,4722081
2018-01-19,111.29834747314453,111.6536116305385,108.43934178535012,110.63857904784744,4288268
2018-01-22,108.79461669921875,111.298358477163,107.25514770981192,107.25514770981192,12193514
2018-01-23,106.66304016113281,109.2682878350395,106.0371047468701,108.9806966321221,8613403
2018-01-24,106.22319793701172,109.42055510532904,105.6310955225416,107.08597849440635,17542056
2018-01-25,105.54651641845703,107.59350193968068,104.4638175426754,106.81530739021592,22129831
2018-01-29,105.27584838867188,106.95064976960201,104.75141201738211,106.27396123045743,9397269
2018-01-30,103.97321319580078,105.66493447454229,103.09351950758149,104.73448777123446,6079993
2018-01-31,103.43011474609375,104.87277271132996,102.36084922593272,103.90534463351045,7530432
2018-02-01,102.08926391601562,104.9236602838716,101.83467729184704,103.54888975091961,5872873
2018-02-02,102.03834533691406,102.66632429609037,100.20532025939889,101.59705909203116,6713662
2018-02-05,101.41036987304688,103.71861787094299,100.45991034643386,101.15578323978673,5851054
2018-02-06,100.01863098144531,100.52780428306711,98.47414277685544,99.01725958403105,6489310
2018-02-07,98.21955871582031,101.22367989337828,97.76130411349878,101.22367989337828,6662763
2018-02-08,98.3722915649414,100.01861696152709,97.43880730948413,98.47412897343287,14125508
2018-02-09,96.74295043945312,98.10075285041627,96.4035015632386,98.10075285041627,8405269
2018-02-12,98.08377838134766,98.7626761388792,97.04845653867001,97.72735429620155,6722288
2018-02-14,99.6113052368164,100.7314893767913,98.28745313669305,98.44020928638359,8063123
2018-02-15,99.28882598876953,100.34111614576894,98.59295301556875,100.34111614576894,4415065
2018-02-16,98.77964782714844,100.44294174897715,98.45716726014327,99.44157035472477,8209045
2018-02-19,98.4232177734375,99.45853951632404,98.03285021926203,99.45853951632404,4420870
2018-02-20,98.9323959350586,99.5434066506024,98.13469248861875,98.44019784639066,9160624
2018-02-21,99.1869888305664,100.08652975496595,98.62689679038516,99.79799958460144,13748271
2018-02-22,99.33973693847656,99.88286067194535,98.79662011111292,99.42459915856791,12838500
2018-02-23,100.13743591308594,100.45990955021787,99.22091989695076,100.30716033391418,9779768
2018-02-26,98.98331451416016,100.37505346871062,98.57597173563735,100.06954811134472,13418935
2018-02-27,99.03422546386719,99.91679105568001,98.83055063751449,99.27183688647303,10467034
2018-02-28,99.3906478881836,99.7300967420341,98.10074638721444,99.45854180261647,13724575
2018-03-01,99.28882598876953,99.83194282082356,98.84753967804144,99.39065651009548,10895423
2018-03-05,98.76268005371094,99.7131397143722,98.37231244643559,99.66222099931795,9996650
2018-03-06,97.40486145019531,99.10210550993084,97.13329963819614,98.86449410400937,12604231
2018-03-07,96.86176300048828,98.72873181830882,96.50533891828051,97.91405313476612,4868340
2018-03-08,96.81083679199219,97.67642721502492,96.11496388769717,97.2351478540978,5387353
2018-03-09,96.75992584228516,97.72735376024096,96.43745217166824,96.74295063599791,2681455
2018-03-12,98.67781066894531,99.11909695924781,97.11634725927517,97.18423427035022,4658262
2018-03-13,100.68055725097656,101.63100990711747,99.28881831819922,99.28881831819922,8546243
2018-03-14,99.74707794189453,100.68056234608515,99.45854778000208,100.13744552850434,5547337
2018-03-15,99.59431457519531,102.51358020672748,99.11909171062452,100.29018747933823,13181140
2018-03-16,100.39202880859375,100.86725169168234,98.79661500959487,100.13744216146566,12891090
2018-03-19,97.98193359375,100.64661261674415,97.28606758822467,99.64523435595707,3963271
2018-03-20,99.66221618652344,100.20533300662844,96.62414460419299,97.3879045748077,8064555
2018-03-21,100.22230529785156,100.57872246344218,98.84753462828888,99.96771864838476,8382829
2018-03-22,97.91404724121094,100.13744000741076,97.47276096657285,99.73009723710528,5036841
2018-03-23,96.6241455078125,97.62552384453517,96.08102868262831,96.42047756163157,8771707
2018-03-26,93.00901794433594,96.94663065105178,92.4489258863888,96.60718175606631,18744243
2018-03-27,93.0259780883789,95.31725775851744,92.75441625392077,94.68927878570034,14239615
2018-03-28,95.4360580444336,96.2337613919004,92.6695487743601,93.00899759507821,13853121
2018-04-02,98.32138061523438,98.7117481704344,94.63836200717391,96.23376882534248,6543819
2018-04-03,96.36955261230469,97.54065531274473,96.08102246504428,97.52368010745101,4300609
2018-04-04,95.58882904052734,97.25212299613662,95.04570531793125,96.74294968578154,4358041
2018-04-05,97.1672592163086,97.3200153506234,96.06405039493399,96.06405039493399,2813628
2018-04-06,96.38653564453125,97.08240171430086,96.16589248831932,97.08240171430086,1802274
2018-04-09,96.75992584228516,97.0993747191893,96.14891510141565,96.64112011658972,2986425
2018-04-10,97.08240509033203,97.89708382292669,94.28195169498544,95.24938657462592,11673823
2018-04-11,96.9805679321289,98.16863898829105,96.3525888979499,97.76130310290604,3468465
2018-04-12,97.37094116210938,98.60993100229513,96.77690559959206,97.18424150859033,5989886
2018-04-13,99.84890747070312,100.12046932985405,97.37093485689705,98.2704757459664,8491437
2018-04-16,98.40624237060547,99.7979881614821,97.57459546190505,98.10074393466128,6256147
2018-04-17,96.65808868408203,98.03285940178783,96.16589057365186,97.79524794973985,5854046
2018-04-18,99.33973693847656,99.73010453211782,97.2521249430082,97.8291921832925,7066675
2018-04-19,99.27184295654297,99.73009753164847,98.32138339579444,99.4585425900808,2552252
2018-04-20,101.17276763916016,101.83469713463988,99.76405332971437,100.06955871946613,8937349
2018-04-23,100.93514251708984,102.17413220972729,99.73009632847575,101.76678944313308,10660490
2018-04-24,97.40486145019531,100.35806335169363,97.13329963819614,99.93375233675975,9443424
2018-04-25,97.47274780273438,99.73008376841027,96.11495256396435,97.72733441000375,17195110
2018-04-26,95.50394439697266,96.06402938196639,93.0089902371858,93.34843903105032,25550129
2018-04-27,93.73882293701172,94.80808820611261,93.12781223863847,93.82368515033554,6519427
2018-04-30,94.62139129638672,95.84341272828782,93.72185042805584,93.73882563365078,5648769
2018-05-02,93.53516387939453,94.70625977191631,93.12782107313524,94.70625977191631,6354939
2018-05-03,92.1434097290039,93.6030355537637,91.49845557103836,93.34844893136447,8949440
2018-05-04,91.61726379394531,92.55074810168755,89.63148946596904,92.49982939458984,8256123
2018-05-07,93.26359558105469,93.56910093816815,90.70076081584152,91.65121348606645,5265878
2018-05-08,92.58468627929688,93.6709266458562,91.65120202524477,93.41634003111473,5221180
2018-05-09,91.7360610961914,93.144775030856,91.51541798973247,92.669545318353,5165820
2018-05-10,91.80397033691406,92.19433100650672,91.10809740170961,91.95671956361511,4808846
2018-05-11,92.5507583618164,92.87323203234399,91.07415712891338,92.16039077226375,4066852
2018-05-14,92.44891357421875,92.99203725874769,91.6512101584606,92.12643992937116,4104721
2018-05-15,91.99066162109375,92.95808948921938,91.02323375296812,92.60167233049137,4501617
2018-05-16,93.24662780761719,94.68928547969206,91.65121400307149,91.9567193619083,8413891
2018-05-17,94.48560333251953,95.31725016184683,93.12780117454832,93.34844428419753,6949715
2018-05-18,91.27781677246094,93.85762662037446,90.9892866346339,93.85762662037446,12844244
2018-05-21,89.9030532836914,91.46452362320386,89.64846662913241,91.345710992859,8120387
2018-05-22,89.93701934814453,90.61591721178796,89.30903329938941,89.61453871925019,3966732
2018-05-23,89.4278335571289,90.1915935478827,89.13929648018217,90.14067483394474,9401189
2018-05-24,89.73333740234375,90.29342947699276,88.91866555496954,89.6484751760668,6267787
2018-05-25,89.81818389892578,90.17460794931134,89.49571025798984,89.95396481841097,6265014
2018-05-28,89.37690734863281,89.86910542784845,89.1562642108068,89.1562642108068,3131052
2018-05-29,89.27506256103516,89.78423580348415,88.81680802405188,88.81680802405188,4768596
2018-05-30,88.54525756835938,89.42783016014499,87.7645293066863,89.24113051816612,7799451
2018-05-31,88.90167999267578,89.78424566194035,87.57782803572648,88.86773648733961,13729428
2018-06-01,88.46038818359375,89.7842400579127,87.93424661846102,89.25809849277996,3800052
2018-06-04,88.3076400756836,89.0883751900191,87.59479887474069,88.74892634136965,4223321
2018-06-05,86.64434814453125,88.93562810585135,86.22003704058308,88.32462425982912,6572043
2018-06-06,88.00214385986328,88.42645496469234,86.0503127776496,87.2893025849715,5079518
2018-06-07,89.81818389892578,90.2424949560017,87.59479810351056,87.59479810351056,5339491
2018-06-08,89.61451721191406,89.9539660622686,89.10534393638224,89.81818514090588,5026132
2018-06-11,89.75031280517578,90.37829189976942,89.35994518223194,89.78425631453922,5541131
2018-06-12,90.4461898803711,91.36269920481048,90.1406844701893,90.5480204130277,6065963
2018-06-13,91.24388122558594,91.65121711379048,90.58195177462225,91.31176823825167,4100905
2018-06-14,90.42919921875,91.34570838657038,89.83516370839479,90.68378586604508,6231142
2018-06-15,90.59892272949219,91.22690173855007,89.9539685150119,91.22690173855007,12894495
2018-06-18,90.20854949951172,91.3117582240231,89.58057052985689,91.3117582240231,8318768
2018-06-19,88.59617614746094,90.27645220443532,88.29067078200151,90.27645220443532,9780146
2018-06-20,88.15489196777344,89.12231981740166,87.6966304914349,88.69800875123975,5125212
2018-06-21,87.79847717285156,88.69801810924093,87.27232863285816,88.59618068017598,10174400
2018-06-22,87.66268920898438,88.12094379083179,86.55948040900499,87.83241363975044,6965470
2018-06-25,87.4081039428711,88.68103719371415,86.89893064253387,87.54388487084866,4371876
2018-06-26,87.4420394897461,88.23974977922087,86.94984143999312,87.40809598736732,5289660
2018-06-27,86.91590118408203,88.22277787026127,86.287915289149,87.95121602887919,8530568
2018-06-28,87.27232360839844,87.90030954130226,86.79709381029753,87.03471216240044,10412698
2018-06-29,88.7658920288086,89.10534086747207,86.55947457749609,87.91726993214994,9652752
2018-07-02,88.46038818359375,89.02048015804843,87.61176607263346,88.4943385929157,10055613
2018-07-03,88.90167999267578,89.20718535291097,87.76452767423268,88.7489307656106,10490968
2018-07-04,88.91864776611328,89.12231568721151,87.61176421801578,88.95259126861228,10224848
2018-07-05,89.64848327636719,89.88610167507635,88.30766274248211,89.10536636034182,12472818
2018-07-06,89.20718383789062,89.75030063236,88.76589755770036,89.27507084741002,7580592
2018-07-09,89.93701934814453,90.03884988402733,88.98655957660127,89.37692722941748,5832667
2018-07-10,91.85487365722656,92.43194081768225,89.5126822315965,90.29341040477179,13242228
2018-07-11,92.36404418945312,93.28056015634733,91.4475351286629,92.65258121424263,10556522
2018-07-12,94.8590087890625,95.55487480840029,91.60029420817577,92.48286676906037,11900279
2018-07-13,95.33423614501953,98.37230060216578,94.45166360662427,94.97781208865956,20625128
2018-07-16,96.09798431396484,97.42182914752767,94.65532687206878,94.79110087112898,12543791
2018-07-17,96.36955261230469,98.0837721027828,95.63973618845446,96.06404725975057,14471569
2018-07-18,96.67506408691406,97.5236862832462,96.28469649538026,97.08239997871145,6125915
2018-07-19,97.0145034790039,97.88010079706338,95.58882109101656,97.08239048563019,7434390
2018-07-20,96.06404876708984,98.64386564593372,95.21542661118193,97.59156864772407,13966393
2018-07-23,93.84066772460938,95.89432930465371,89.39388187235878,95.89432930465371,23582642
2018-07-24,92.652587890625,94.5365248526923,91.37965471107772,94.43469434199122,9224277
2018-07-25,93.24662780761719,93.92552553565243,92.53377966829633,93.34845832315958,6629507
2018-07-26,92.1264419555664,93.38239996492747,91.53240645538935,92.80533967005448,11554893
2018-07-27,93.17874908447266,93.51819800383934,92.33012678605596,92.33012678605596,4829553
2018-07-30,92.72046661376953,93.00899672746768,91.48147704848517,92.94110972639889,7272923
2018-07-31,93.82369232177734,94.11222248791125,92.05856091216566,92.83928919075711,7436176
2018-08-01,94.14616394042969,94.53652458952058,92.90717426789854,93.68790247218479,4219572
2018-08-02,94.7402114868164,95.31727183764603,93.2126845749917,94.02736329259643,8010016
2018-08-03,94.3667984008789,95.19845220397418,94.06129306313174,95.19845220397418,4362841
2018-08-06,94.0443344116211,94.94387531266447,93.43332367345066,94.70625695621818,4540062
2018-08-07,94.18010711669922,94.8759731068343,93.55212122716893,93.55212122716893,4592433
2018-08-08,94.53652954101562,94.85901010615632,93.14479057691138,94.85901010615632,3821153
2018-08-09,94.60442352294922,95.16451553133417,93.53515821714245,94.40075558520145,6388521
2018-08-10,94.65532684326172,95.0117439498418,93.85761661545546,95.0117439498418,3598180
2018-08-13,95.6736831665039,96.55624878191456,94.19707516648683,94.36679958891598,6481139
2018-08-14,96.75992584228516,97.42184838980621,95.38515512838131,96.74295063599791,5241916
2018-08-16,94.8590087890625,96.74294581840135,94.38377900384113,96.74294581840135,6015278
2018-08-17,95.06266784667969,95.38514147112478,94.18010227431577,94.8420247270627,7277246
2018-08-20,96.75992584228516,97.21818044488474,95.04570625147716,95.31726811544252,4291894
2018-08-21,98.08377838134766,99.96772242093972,96.40350228779403,96.69203935962902,16189619
2018-08-23,98.3553237915039,99.49247596389742,97.89706235695526,98.4401859969975,7277960
2018-08-24,99.16999816894531,100.0865141571651,97.38789180452835,97.99890246334155,11267031
2018-08-27,100.42597961425781,100.9181777387112,98.79662219174783,99.11910277854945,6811390
2018-08-28,100.34111785888672,101.15579657392932,99.83194452524825,100.73148546256394,4051198
2018-08-29,100.73147583007812,101.00303077172123,99.492486122149,100.66358191508886,4285462
2018-08-30,101.47825622558594,101.83468027229526,99.7979872193377,100.98605816689627,9067763
2018-08-31,102.25898742675781,104.04109378015961,101.66495197562388,101.83467639023358,18087318
2018-09-03,104.66908264160156,110.99980528706843,103.97320971338463,110.99980528706843,68625769
2018-09-04,106.3663330078125,106.92642504217415,104.99156227857075,105.38192987258675,21828613
2018-09-05,108.23328399658203,108.62365152619988,106.75668299038797,106.7736512879602,30871477
2018-09-06,109.03099060058594,109.47227684827106,107.94475709165916,108.62365476126445,26924326
2018-09-07,110.21907806396484,111.42412437080809,108.31816568500382,109.26862532753697,22940730
2018-09-10,110.3208999633789,111.33924647727702,109.70988929259832,110.11723204182015,16966961
2018-09-11,109.96448516845703,111.33925584027155,109.69293021891056,110.98283176799227,12710847
2018-09-12,111.59384155273438,112.18787706413985,110.3378835196333,110.3378835196333,16704169
2018-09-14,112.0860366821289,113.0364962377156,110.04934355396139,111.5938386052636,11404741
2018-09-17,111.98420715332031,114.05484380392977,111.37319644705963,112.7819105876406,12352938
2018-09-18,112.88375091552734,113.22319978194943,110.32090921159862,111.8144856050768,7248678
2018-09-19,112.9346694946289,113.22320657327855,111.0167888091901,113.17228785904007,7797531
2018-09-21,113.78328704833984,114.69980314875457,111.33925792611059,112.66310991152852,17700584
2018-09-24,112.9346694946289,114.73375135702007,112.10302248445308,112.10302248445308,9975645
2018-09-25,111.44107818603516,113.68143902069792,110.74520534138732,113.03648488035914,9037680
2018-09-26,108.36907958984375,111.66173087302312,107.4016516896193,111.40714422001115,20972861
2018-09-27,108.2672348022461,109.86264852960299,107.50347489515843,109.2686130463126,47992758
2018-09-28,109.98145294189453,110.88099375858243,107.06219426839226,108.28420872403224,18433179
2018-10-01,112.06906127929688,112.84978945194337,109.64200074085458,109.98144957403241,10879266
2018-10-03,111.16952514648438,112.01814726497344,109.47228090950627,111.79750413294538,9550589
2018-10-04,110.54154968261719,112.15393175912767,109.16677904441372,110.3548500481583,12296495
2018-10-05,110.42274475097656,111.32227870677185,109.03099889749494,110.25302032065976,8937680
2018-10-08,107.77503204345703,109.77778153829152,106.14567488349915,109.09888387265978,9465389
2018-10-09,109.18375396728516,109.57412153444079,105.80623369314397,107.60531539945875,9932090
2018-10-10,107.24889373779297,108.87825105191686,105.28009446484018,108.75944533041101,9764277
2018-10-11,106.26449584960938,107.07917454654753,103.48101778335129,104.55028314145103,7138056
2018-10-12,107.36768341064453,108.6066729636772,105.05943561778054,107.31677161339832,8960733
2018-10-15,108.606689453125,109.31953759604735,106.63789017553879,107.72412378344119,8342805
2018-10-16,108.30117797851562,108.86126995657496,107.2998066435796,108.62365852641862,8320912
2018-10-17,109.69292449951172,111.71264238750638,107.43558827368535,109.54016837388323,12641962
2018-10-19,109.69292449951172,110.69429584106783,107.7750371224982,109.76081150683248,7051648
2018-10-22,109.37045288085938,111.08467246979225,108.62366811492916,110.1851315657592,4842137
2018-10-23,104.92366790771484,108.70852404325272,103.5658724801572,108.25026946767295,10176672
2018-10-24,104.82183837890625,105.78927321875065,101.83469235707808,104.95761931310416,12479882
2018-10-25,108.1314468383789,109.69291696048417,100.47687996739859,100.47687996739859,37804166
2018-10-26,108.82732391357422,109.47227808822527,107.26586063701673,108.21631324156706,11805695
2018-10-29,111.84842681884766,112.7649359769671,107.48651035591561,108.2842137944425,6600369
2018-10-30,111.16952514648438,113.59658578658397,110.54154616002337,111.6786984175778,9880349
2018-10-31,112.42548370361328,113.29108103141189,109.33650055748244,111.40713715613468,8013245
2018-11-01,111.89934539794922,113.01952248921621,109.47228467438029,113.01952248921621,6681864
2018-11-02,108.08053588867188,112.56125765781333,107.62227444578578,111.67869208584354,9761930
2018-11-05,110.01541137695312,110.49064120367636,106.62092248050904,106.96037137015344,6810854
2018-11-06,110.28695678710938,110.94887926065985,108.99704843658026,110.2530132844332,6109153
2018-11-07,110.4397201538086,111.25439885295022,110.16816519149819,110.45669536037403,380109
2018-11-09,110.26998901367188,111.3392543097058,107.825959970827,111.3392543097058,12329274
2018-11-12,109.76081848144531,110.83008380437181,109.23467687601509,110.23604828120207,6897542
2018-11-13,110.7112808227539,111.23742244121416,108.96311771576828,109.81173991274139,6101731
2018-11-14,110.16817474365234,110.69431641343216,108.16542478222769,110.32092399156453,4883777
2018-11-15,109.69292449951172,112.18787215706527,109.18375122629244,110.03237334832457,8942797
2018-11-16,110.72822570800781,112.15391484110393,109.81171669152747,109.81171669152747,7275846
2018-11-19,112.9855728149414,113.85117012074485,109.13282985610127,110.4906252182373,7513344
2018-11-20,109.06494903564453,112.3236567083555,108.6576062602402,112.3236567083555,6907315
2018-11-21,106.63790130615234,108.62367599673762,106.3323959138841,108.62367599673762,6943816
2018-11-22,104.2447738647461,108.21632286776197,103.87138149024027,106.92642130982323,8239488
2018-11-26,108.0975112915039,108.58971626833609,102.73421669176727,102.98880332961355,18657115
2018-11-27,105.925048828125,109.40440683120357,105.5686316399031,107.55440625061314,11458234
2018-11-28,105.33100128173828,107.11310773824863,104.97458413409892,106.56999096129495,16926705
2018-11-29,106.8924789428711,107.48651446967374,105.09339715639823,106.5869735764373,7793384
2018-11-30,110.20211029052734,110.796145843426,106.48514083015543,106.94339544688476,16991251
2018-12-03,111.42410278320312,111.84841380817947,109.65897168174311,110.32089411826463,7115262
2018-12-04,113.69841766357422,115.83694819030941,110.55851578742919,111.4241131211326,15925097
2018-12-05,114.20759582519531,114.97135577367871,111.39017438111946,113.03649999996271,10264210
2018-12-06,112.57823944091797,114.20758976759852,111.67869861252841,113.12135621647816,6232265
2018-12-07,113.13833618164062,114.17365106790298,110.13420822566229,112.96861175050535,9264269
2018-12-10,110.86402130126953,114.224566317135,110.35484802329307,111.44108849330559,8528293
2018-12-11,111.3392562866211,113.30806248272394,110.25302267187084,110.4566906113734,11795237
2018-12-12,112.0351333618164,112.69705591614805,111.32228518809907,111.95027114171722,7028448
2018-12-13,114.95438385009766,116.75345863947969,111.67870101531399,112.35759872589693,13728244
2018-12-14,113.07044219970703,116.43098731545047,112.79888725371151,115.07319186715854,12792082
2018-12-17,115.27685546875,116.00667187598663,113.5117242147817,114.03786578754892,9162003
2018-12-18,113.73236846923828,114.86952074441481,112.88374633759838,113.80025547732764,9864405
2018-12-19,115.65026092529297,116.17640946377894,112.49339041269312,113.73238023427547,9978008
2018-12-20,113.12135314941406,115.4126328112107,112.815847813287,114.13969966576813,6421739
2018-12-21,109.33650970458984,113.64751459323787,108.87825510110774,113.1043908642612,26209361
2018-12-24,110.89796447753906,112.1878728737095,109.09888971100136,109.54016907361421,11285031
2018-12-26,110.7112808227539,111.10164841458257,108.40302568454499,110.55852468363568,6281385
2018-12-27,111.15255737304688,112.47640934762003,109.98146153367732,111.27137000246243,13527065
2018-12-28,112.0351333618164,113.00256128972617,110.59247562013014,110.72824964740472,5945206
2018-12-31,112.30668640136719,113.3080647250713,111.69568257076784,112.35760511377673,5696321
2019-01-01,110.88099670410156,112.9516333236785,110.45668563836429,112.27273561849887,4036542
2019-01-02,110.50760650634766,112.45943744687,109.6420091528915,111.6108152988168,8822139
2019-01-03,110.49063110351562,111.32227804467985,109.6589841623514,110.99980439143773,9446080
2019-01-04,110.13420104980469,110.94887964739415,108.50485076073011,110.1511762542541,6414073
2019-01-07,110.06632232666016,110.91494449090257,109.40439980099302,110.69430134697858,5076276
2019-01-08,110.50760650634766,111.16952901938726,109.50622822798205,110.32090687133406,5559089
2019-01-09,111.67869567871094,112.90071011814497,110.1681511072876,110.1681511072876,10474346
2019-01-10,110.57548522949219,112.37456681098806,109.64200093658671,112.2897046025421,8265043
2019-01-11,111.57685852050781,111.98420127198982,109.81172731573211,110.52456849819521,4263836
2019-01-14,106.09475708007812,112.3915357448313,105.68742123967486,112.03511861100452,18435523
2019-01-15,111.95025634765625,112.79887843650401,106.94337911735018,108.28420616139219,40188776
2019-01-16,114.24154663085938,115.34475544914193,111.6956801271304,112.62916451183102,26390100
2019-01-17,113.85118103027344,114.93741466162638,112.56127255019994,114.39429784594991,14104487
2019-01-18,117.50025177001953,117.95851328235172,113.17228546133727,114.05485116705329,26911902
2019-01-21,114.66586303710938,117.07594181851242,113.10439265079498,115.41264781709046,41658250
2019-01-22,117.61905670166016,118.67135368437782,114.05484369931952,114.326405547654,17817926
2019-01-23,119.3332748413086,120.77593246876246,118.12822864887588,118.34886487877925,26499796
2019-01-24,119.40116119384766,119.82547225841564,117.61905472266214,118.87501271134154,11281453
2019-01-25,119.97821044921875,121.64151795673727,118.12821714022029,118.2130793453322,13964137
2019-01-28,120.55531311035156,123.11814126331235,120.24980081210346,120.2837512270903,18399880
2019-01-29,122.3424301147461,122.81899483509206,120.18083803406978,121.18503688486213,12320260
2019-01-30,123.65302276611328,125.15082372179715,121.86588381474547,122.20629123405362,19757160
2019-01-31,125.67842864990234,126.42733596104226,123.67003066402039,124.5891278126238,20517517
2019-02-01,126.47836303710938,126.7847240672302,123.73808149646307,125.98477522137757,8977608
2019-02-04,126.37625885009766,127.55066146021774,125.30398121720775,125.95074965431424,8383256
2019-02-05,125.42310333251953,126.6996307962223,124.52102946532003,125.95073745442524,6550401
2019-02-06,126.69963073730469,127.63575087691807,125.52522824148615,125.66139948161013,5811361
2019-02-07,127.17623138427734,127.48259248813744,125.83162499322847,126.631574031624,5982481
2019-02-08,126.8698501586914,127.61875744437815,125.50822069556813,126.46136408999665,3735809
2019-02-11,126.9889907836914,128.46976827794307,125.84862063513341,126.25712053093412,7927406
2019-02-12,127.65279388427734,128.07830310488353,125.38909037113712,127.36345592499211,7939320
2019-02-14,127.68683624267578,128.81018332083386,127.2953594610087,128.12936858876367,8199603
2019-02-15,128.02725219726562,128.45276143335428,126.00183100372601,127.73790037624049,9393792
2019-02-18,127.85704803466797,128.94634890482394,126.20606666420437,128.94634890482394,9280197
2019-02-19,123.72107696533203,127.78895590101554,123.29556777550827,126.81878940773315,8171619
2019-02-20,126.69963073730469,127.31236668983897,122.95515017885116,123.6359648258427,11761287
2019-02-21,127.49960327148438,128.26551980812127,126.22307571042289,126.90389040965569,6861558
2019-02-22,128.92930603027344,129.3548151996723,127.14216751879825,127.65277852207687,8519101
2019-02-25,131.1930389404297,131.63557130020357,129.09952526384188,129.62715946775646,12475916
2019-02-26,131.9589385986328,132.40147090160053,129.7803233575648,130.88664718937915,10140096
2019-02-27,127.44853973388672,130.66538621621157,126.76772507725882,129.4399142937975,21357373
2019-02-28,125.5762939453125,128.23145990926508,124.79335435413279,127.61873782602004,25142033
2019-03-01,127.89107513427734,128.7931629846251,124.41892269541295,126.25713082272573,18763773
2019-03-05,123.77214050292969,127.53364433264166,123.22748322532789,127.31237125371158,36042630
2019-03-06,125.92805480957031,129.763303360705,123.95368903943394,124.54372301615831,43014120
2019-03-07,122.0246810913086,127.22155790900479,121.4119451399864,127.0854005203596,16200268
2019-03-08,116.96397399902344,119.02910643481519,116.44200496800693,118.50715125500956,54689738
2019-03-11,117.89440155029297,118.41635666949418,116.85049131189055,117.55399423109097,14708454
2019-03-12,118.62063598632812,119.52838906240301,118.07597860019811,118.46177642777248,12580708
2019-03-13,117.05473327636719,120.54958746965804,116.28315162478516,119.14256770932496,14439446
2019-03-14,116.57817077636719,117.87172144934412,115.7384965604902,117.71286191911709,8978946
2019-03-15,119.57374572753906,119.9368413149722,116.73701816569015,117.10011375312328,17440194
2019-03-18,116.91857147216797,120.1637851856946,116.21505469293304,120.1637851856946,11497228
2019-03-19,116.85049438476562,117.50860690847063,115.78388198630826,117.00934005693638,10103694
2019-03-20,118.71139526367188,119.36952174151476,117.2816870320672,117.2816870320672,12229124
2019-03-22,118.25751495361328,119.70992527468164,117.32707368153632,119.119891373054,6396058
2019-03-25,116.4193115234375,118.91563204343323,116.19237329434698,118.91563204343323,6747924
2019-03-26,115.73849487304688,117.37245286502602,115.01228978203281,116.69163818930221,7701032
2019-03-27,115.53424835205078,116.37391560461883,115.17114581755428,115.82926526567648,6715462
2019-03-28,115.62503051757812,117.05473862517849,115.33001358286862,116.14698568686579,14209672
2019-04-01,118.75678253173828,119.77800464880099,116.16968788696725,116.19238309691201,14133132
2019-04-02,118.75678253173828,119.77800464880099,117.64479342610798,119.55106640056484,7413134
2019-04-03,118.75678253173828,119.41490899210771,117.19091692963568,119.09718990409252,7538708
2019-04-04,117.57669830322266,119.02910860070331,115.71580886368463,118.46176299250168,12838396
2019-04-05,118.96102905273438,119.75531289857322,117.78094742581732,118.46176215082204,7229104
2019-04-08,119.68721771240234,120.50418972940619,118.34827673048085,119.68721771240234,7274928
2019-04-09,124.2713623046875,124.81601956691787,119.52836187187035,119.59644056684675,27982768
2019-04-10,127.53926849365234,127.90236407343556,124.81601009165264,126.1776392926525,37061332
2019-04-11,127.6754379272461,129.17323850048,127.15348278782616,128.67397164273538,18883256
2019-04-12,128.62857055664062,129.21861819455336,127.72081774558288,128.17469415111174,11578108
2019-04-15,130.58026123046875,131.39723330639754,128.96899150959516,129.35478926536544,14134384
2019-04-16,127.49388885498047,132.28229359378065,126.17764995305029,132.23690317967072,40734118
2019-04-18,129.26402282714844,131.41993622162263,127.17620198925853,131.1703096848524,54851156
2019-04-22,130.82989501953125,131.17030237864537,129.40018688149408,129.58173470277944,16824108
2019-04-23,132.12347412109375,132.4638815532928,130.12641995576888,131.488049684565,12355568
2019-04-24,133.0084991455078,133.5758447549857,131.7149622368672,132.5546226579255,18298138
2019-04-25,133.98435974121094,134.3247671451762,132.91774710521057,133.00851410220702,20781632
2019-04-26,133.8027801513672,134.64245440576786,133.21274627055095,134.52898528628697,12393102
2019-04-30,135.5048065185547,135.91330639822672,133.8935506863721,133.8935506863721,14679834
2019-05-02,133.28082275390625,135.64098594031447,132.82694628353627,135.5048146884771,9078250
2019-05-03,132.03265380859375,133.30351615307944,130.9660414028748,133.21273532446983,14816616
2019-05-06,132.00999450683594,133.34892198989527,131.2611009856383,131.57880625309738,8608690
2019-05-07,133.37159729003906,133.87086415411048,131.76032758559083,132.82694001083206,8707688
2019-05-08,132.00999450683594,133.55317197350044,131.64688496389485,133.55317197350044,7904232
2019-05-09,132.10072326660156,133.03117821554886,131.76031595993496,132.44113057326817,7497994
2019-05-10,131.78305053710938,132.71349186392973,131.6241909846441,132.30500576559913,6133344
2019-05-13,131.2156982421875,133.21275206162545,130.8299004489388,131.85112256866165,8563900
2019-05-14,129.17324829101562,131.17030202214872,128.4924335746377,131.17030202214872,16740848
2019-05-15,128.44703674316406,129.78597782567053,128.12931768423402,129.58172788047116,8631244
2019-05-16,129.51364135742188,130.2625346925553,128.83282671617158,128.83282671617158,7191096
2019-05-17,129.99020385742188,131.57877132668452,129.4909370254118,130.03559426964262,6713562
2019-05-20,131.73764038085938,132.3049859466684,130.44408972057275,131.39723304137394,8366922
2019-05-21,130.21714782714844,132.07804400083862,129.8086618015115,131.8964961951344,5029334
2019-05-22,128.492431640625,130.4894853416993,127.53928828180001,130.26254710632244,15300108
2019-05-23,128.08395385742188,129.76328859691702,127.76623476689524,129.62713118738364,9712568
2019-05-24,128.40164184570312,128.99168952723392,127.08540294261088,128.85551828478387,9855298
2019-05-27,127.31237030029297,128.9463286251917,127.17621287789011,128.90093820065314,10900622
2019-05-28,128.4243621826172,129.69521085170302,126.92656141061069,127.53929746046737,88274856
2019-05-29,129.67250061035156,130.94334906425226,128.67396693142294,129.1278433579888,11011746
2019-05-30,130.71641540527344,131.6241682900323,129.5817242993249,129.8086625205146,23151914
2019-05-31,129.99020385742188,131.62416173890526,129.35477963995862,130.78448759205318,14648962
2019-06-03,132.2141876220703,132.5545949165156,130.375993772549,130.94333926329116,11706676
2019-06-04,133.32620239257812,134.32473608715102,131.98726137274758,133.43967150099735,22163334
2019-06-06,132.30499267578125,133.71201252079157,132.07805443791543,133.43968386511042,17201760
2019-06-07,133.91624450683594,134.3020422695885,132.53192683890006,132.7588650697886,13569768
2019-06-10,134.8466796875,135.25516567264552,134.1204746854589,134.23394378417754,14963786
2019-06-11,135.11903381347656,135.93600593806232,134.39282867428312,134.80131473657602,14468168
2019-06-12,135.2551727294922,135.61826832385282,134.73321761839534,135.0282345202145,12445080
2019-06-13,135.4367218017578,135.66366001317203,134.8693762732223,135.25517400286827,10004562
2019-06-14,135.6182861328125,136.88914858237848,135.2551904907713,135.595597849389,15931606
2019-06-17,135.77713012695312,136.50333517911213,135.6409727395774,136.16292785946348,12357208
2019-06-18,135.2551727294922,136.38986377588054,134.34741989238148,135.9359873573252,16803584
2019-06-19,133.46238708496094,135.79986227754804,132.60002445480094,135.7090814317576,23805922
2019-06-20,130.23985290527344,130.62563680691588,128.17470674645614,128.92360011892856,19120844
2019-06-21,129.7406005859375,131.62418529491552,128.99170712950186,130.26255579186468,12954516
2019-06-24,128.8555145263672,130.53486284246716,128.5151072069855,129.58171957795662,6343478
2019-06-25,129.49095153808594,129.9448280087434,127.92508602504414,128.90091766671551,5619496
2019-06-26,129.8767547607422,130.71642903695096,129.15054960696133,129.42287827103056,4663538
2019-06-27,128.03855895996094,130.62564660911164,127.40313465233854,130.4214105019532,10178400
2019-06-28,127.31237030029297,128.81015735157598,127.08543202881295,128.81015735157598,6298778
2019-07-01,127.9931869506836,128.6286113496997,127.51662211422479,127.811639101138,3471842
2019-07-02,129.01437377929688,129.35478109797575,127.85699443627237,128.19740175495124,5218738
2019-07-03,128.37896728515625,129.62712762602956,128.0158577843573,129.3094085442319,2516552
2019-07-04,128.8328399658203,129.30940472322348,127.99316571834787,128.4470421925264,3256662
2019-07-05,123.38633728027344,129.15056089258218,123.00053946006395,128.90093434191203,9170926
2019-07-08,121.13961791992188,123.11398318548868,120.75382017932911,121.52541566051462,7149570
2019-07-09,120.50418853759766,122.88703972336936,119.93684301717582,121.41194137027259,5240124
2019-07-10,121.16233825683594,122.31971780129862,119.50567793662825,120.14111612305886,5561126
2019-07-11,121.52542114257812,122.54664316898635,120.77652776012081,121.41195202853277,5383786
2019-07-12,117.53131103515625,121.93390424324987,117.12281115347314,121.63888732408641,15190556
2019-07-15,117.96248626708984,118.91562957976507,116.14698047197892,118.00787668220961,9494898
2019-07-16,118.00788116455078,119.23335316328223,116.30584441698514,117.55400469853328,9723314
2019-07-17,117.82632446289062,119.27872073389251,117.14550981520583,118.9156251289444,11637538
2019-07-18,122.1381607055664,124.43023133592344,117.80363211136792,118.46175853258876,42054706
2019-07-19,120.1410903930664,122.38777029548922,119.59643316454704,122.13814381228958,8459390
2019-07-22,120.18648529052734,120.86730000444925,119.09718451849449,120.54959478201218,8839780
2019-07-23,120.05033111572266,122.54665180054864,119.73261203353306,120.23187894074049,9361236
2019-07-24,119.9141616821289,120.66305504221896,118.915627967869,120.05031907443264,4498944
2019-07-25,119.02911376953125,120.48152413008268,118.68870638982811,120.48152413008268,9982362
2019-07-26,119.64183807373047,120.16379323444065,118.37097567025096,119.0064137975959,5438744
2019-07-29,119.09718322753906,121.25309646492268,118.12135158507071,119.36951188039808,5764526
2019-07-30,119.05178833007812,120.18647946494815,118.46175448042978,119.32411697268896,4830174
2019-07-31,120.41343688964844,120.86731341595878,118.25752338967432,119.14258815646441,5698432
2019-08-01,122.72819519042969,125.33798490298095,121.88852094745366,123.22746207959467,35302414
2019-08-02,119.66452026367188,122.95512444344003,118.77946951914969,122.50124800485132,9957332
2019-08-05,118.91563415527344,120.45881137025245,118.14403862217868,118.52983638872607,7665468
2019-08-06,117.50860595703125,119.23334471643847,117.00933910953944,118.91562567225017,7906452
2019-08-07,119.16526794433594,119.93686352452414,117.55401193132167,117.55401193132167,7992066
2019-08-08,120.61766052246094,121.185006056433,118.62060701312113,119.3695003477224,7250870
2019-08-09,119.59645080566406,121.95661400910645,119.30143386803645,120.73114198977852,7060998
2019-08-13,117.32706451416016,120.2318710781178,117.1001262849258,120.2318710781178,4380900
2019-08-14,113.94568634033203,118.05326967663673,113.58258378825555,117.91709842830227,8706726
2019-08-16,113.10601043701172,113.92298943561524,111.22242593172464,113.4691129836805,9944870
2019-08-19,114.42224884033203,114.92150874953532,113.46910558319138,113.60526989501213,5540152
2019-08-20,114.96690368652344,117.59938842477561,114.46763683206694,114.96690368652344,15930242
2019-08-21,114.55841827392578,115.69310944908592,113.96838440332677,115.05768516123837,6826530
2019-08-22,114.39957427978516,115.05769382581758,112.7883113045983,114.3768790694518,6739804
2019-08-23,114.10455322265625,116.69165490140487,113.26488582437283,114.80806320677901,9793938
2019-08-26,113.06063079833984,114.80805104244747,112.49328521409608,114.55841760025916,6529420
2019-08-27,113.51451110839844,114.21801411619128,112.15288166011987,112.8790798771718,8045102
2019-08-28,113.12870788574219,114.92151852127785,112.60675272591965,113.51450564777113,5363314
2019-08-29,112.92446899414062,113.58258850143545,112.13018515846625,112.13018515846625,5438102
2019-08-30,115.46615600585938,115.85195372484203,113.08330485187143,113.51449298212421,8368026
2019-09-03,115.12574768066406,115.89734311181002,114.62648778912741,115.32999760396996,4411118
2019-09-04,116.2150650024414,116.57817449041578,114.05915868813698,114.14993259732789,6606662
2019-09-05,116.0108413696289,117.50862834627227,115.5115744270104,117.50862834627227,8811234
2019-09-06,114.37686157226562,116.78240113627787,112.92445836599273,115.89735039912297,22872104
2019-09-09,116.0108413696289,116.23777962979986,113.627989637834,114.10455444370812,11581912
2019-09-11,112.62944030761719,115.73849681585374,112.26634468162018,115.28462035775235,19598224
2019-09-12,110.99549865722656,112.78830943413698,110.74586519891115,111.51745385820865,9329514
2019-09-13,111.35860443115234,112.28904573560285,110.38276577988108,111.1997448825064,7620240
2019-09-16,112.15287017822266,112.49327750544235,110.7912408693439,111.24511730563682,7950382
2019-09-17,110.81392669677734,112.28902508206431,110.60968369008931,112.08478207537628,6329530
2019-09-18,110.88201141357422,111.63090474053642,110.42813499102631,111.38127132301416,5052560
2019-09-19,109.61116027832031,111.58552556289226,109.0438147282255,111.3131969286048,5137674
2019-09-20,111.63092041015625,112.87908074736711,109.15729494516854,109.79271925568821,12392500
2019-09-23,108.63534545898438,112.56137450097354,107.34179463500098,112.42521016282699,13553962
2019-09-24,109.2480697631836,110.26929186573318,108.70341936027828,109.33884367606689,11536662
2019-09-25,108.38571166992188,109.54309815230538,108.02260907781644,109.15730034964224,7209996
2019-09-26,107.6141128540039,109.1345948596724,107.36447941259408,108.5672492771979,10777480
2019-09-27,107.38716888427734,108.47646957419467,107.02406634576995,107.75026449717987,6383350
2019-09-30,108.83958435058594,109.22537521407428,107.00138316975949,107.56872878571792,6597906
2019-10-01,105.98015594482422,109.13459603215081,105.39011514759065,108.93035300538678,8754660
2019-10-03,107.04676818847656,108.74880495047944,105.54897445279296,106.2978678578321,9570460
2019-10-04,107.88642883300781,109.33883206167738,107.22830937750496,108.02259315067165,5951042
2019-10-07,107.59142303466797,110.01965809392209,107.2056252490192,108.04529952338152,4447336
2019-10-09,107.90913391113281,108.74880817553104,107.29639788839836,108.58994863612418,4556276
2019-10-10,108.56725311279297,108.74880786096215,107.02407584418522,107.90913359899277,4135724
2019-10-11,108.68071746826172,109.11189872214972,107.34178329014416,107.56872152120155,5316578
2019-10-14,110.49623107910156,111.13166232606453,108.02260557192443,108.839584646245,7184274
2019-10-15,110.58699798583984,111.42667221677864,108.58994430901951,111.17703877577479,17103786
2019-10-16,112.9698486328125,114.24070411166015,110.74585673903302,111.60821924667684,32571658
2019-10-17,112.49327850341797,113.53718877566882,111.92593295301866,112.96984322526951,10324480
2019-10-18,112.9698486328125,113.78682764961492,112.49328388814918,112.49328388814918,5528778
2019-10-22,115.08036804199219,115.48885405104905,112.15286650880579,113.01522893930564,12546576
2019-10-23,115.44348907470703,115.98813948264805,113.49181876444653,114.73997912354729,5348508
2019-10-24,113.2875747680664,115.37540246843216,113.10602001655268,115.23923813619827,7834196
2019-10-25,114.83074188232422,115.05768010738811,112.90176696928123,114.39956063982385,6530578
2019-10-27,115.12574768066406,115.85195270094107,114.83073078682897,115.53424060167151,630698
2019-10-29,115.82928466796875,116.1469968417706,114.46765512972709,115.12577468808936,6382884
2019-10-30,115.62503051757812,118.41636803264751,115.01229451397494,117.10012904233623,8119090
2019-10-31,117.69017028808594,118.00788937689293,115.19385647687278,115.28463039127233,6992524
2019-11-01,117.37244415283203,118.4617447828927,116.53277001152375,118.09864918994214,5061842
2019-11-04,116.46471405029297,118.325610492586,116.07891625047914,117.69017230408713,3841070
2019-11-05,117.32706451416016,117.73555055653993,115.60233258685805,116.7824072235136,3169448
2019-11-06,116.57817077636719,117.75825233506913,116.21506129996108,117.55400238889005,3255238
2019-11-07,117.84901428222656,118.23481202452548,116.46469668768239,116.64624449252611,4253934
2019-11-08,116.37391662597656,118.3709701948273,116.07889970976164,118.07595327861236,3079708
2019-11-11,116.3966293334961,116.87319409904664,115.01229775285846,116.73703669494962,3804758
2019-11-13,114.87613677978516,117.5540051697813,114.44494859485579,116.7824096339742,3722946
2019-11-14,114.71727752685547,115.62503046475342,114.10454152353222,115.28462311304169,5796412
2019-11-15,114.62651062011719,115.37540406938685,114.21801761774724,115.2846301551732,2425834
2019-11-18,113.219482421875,114.60380702051113,112.69752725915238,114.60380702051113,5756874
2019-11-19,113.65067291259766,113.99108028784578,112.42520774682556,112.65214599699098,4061312
2019-11-20,112.9698486328125,114.26339931988345,112.74291040178989,114.26339931988345,2988298
2019-11-21,112.35710906982422,113.24216670302353,112.10747565389504,112.74289987116518,3488196
2019-11-22,110.33737182617188,111.49475127578482,109.88349535946709,110.42814573439178,8183112
2019-11-25,110.29197692871094,110.65507947244497,109.52038835177922,110.31467213624525,3782394
2019-11-26,107.81834411621094,111.01817423740502,107.34177249380254,110.8366195154566,15380804
2019-11-27,108.95305633544922,109.33884720907041,108.04530332607344,108.47648462040576,3894494
2019-11-28,108.83958435058594,109.15729651040152,108.13607440167635,108.90766305425868,3198740
2019-11-29,107.88642883300781,109.47499637934122,107.50063801283264,108.9530412415022,5333922
2019-12-02,108.29492950439453,108.79418947060536,106.91060487309088,108.136069968197,7259920
2019-12-03,107.47795104980469,108.24953967494527,106.84251982716712,108.24953967494527,5730370
2019-12-04,109.92887115478516,110.17850457911729,107.34177686080841,107.38716727454326,6671932
2019-12-05,110.60969543457031,111.15434581877065,109.4296207564038,110.1558189601358,5226290
2019-12-06,109.38423156738281,110.9727992457473,109.08921462592873,110.60969667700003,2735116
2019-12-09,109.11189270019531,109.67923824652662,108.29492065396208,109.29344743038422,2414590
2019-12-10,108.09069061279297,109.11191278416324,107.61412580663838,109.11191278416324,4411226
2019-12-11,108.95305633544922,109.29346371396512,107.27371465322518,107.86374856883477,4775320
2019-12-12,108.68071746826172,109.49769648518935,108.34031012167563,109.08921043952813,2811896
2019-12-13,110.67778015136719,111.13165662207099,108.93035296891537,109.838105910323,8623666
2019-12-16,110.36006164550781,111.83516018283534,110.11043512582899,110.7004690002757,5685154
2019-12-17,111.08626556396484,111.63091594054657,110.5416151873831,110.85932732992201,4422758
2019-12-18,112.69751739501953,113.4237155176102,111.4266620234801,111.58552154202425,10598214
2019-12-19,113.10601043701172,113.76412990719606,112.4025005513919,112.83368872121392,4968422
2019-12-20,114.28609466552734,115.1938475907093,112.24365058386799,112.56136272256062,10423252
2019-12-23,115.21653747558594,115.60232829560037,114.19531548193999,114.73996582676352,3701304
2019-12-24,114.49032592773438,115.26191444975777,113.96837081961385,114.83073323970979,3088960
2019-12-26,113.60528564453125,114.55842210820411,113.26487828058974,114.3768742843442,4052868
2019-12-27,112.35710906982422,113.80951222758777,111.81245875136345,113.46910491284923,5022240
2019-12-30,112.99253845214844,113.26486708662964,111.92593297257429,112.76560023194907,4333614
2019-12-31,111.5628433227539,112.83369888779924,111.33590507633886,112.42520588888878,4329828
2020-01-01,112.42520141601562,112.85638268192838,111.74438670385695,111.88055103140977,2827732
2020-01-02,112.69751739501953,113.4237155176102,111.81245975388471,111.92592885981493,2887932
2020-01-03,113.96837615966797,114.69457430387928,112.26633952004093,113.24217108985184,6762808
2020-01-06,114.44493865966797,115.48885583018962,113.53718580279777,113.92298353720948,9133390
2020-01-07,115.82928466796875,116.35124681299163,113.55990210423266,114.94422685323286,8805574
2020-01-08,115.6477279663086,116.26045705617533,114.62650589092526,115.284625398829,5588820
2020-01-09,115.12574768066406,116.41929820878114,114.671871274392,115.39807629466902,4990046
2020-01-10,114.26339721679688,115.829269596911,113.92298987652836,115.26192402979682,4113154
2020-01-13,115.6477279663086,117.05474089258458,114.76267021943079,115.284625398829,13927198
2020-01-14,116.73702239990234,117.25897751997282,115.5342457146894,116.57816288043499,14593554
2020-01-15,112.67483520507812,116.19237789526687,111.9259417896672,115.28462494296011,20280902
2020-01-16,113.6733627319336,114.64920131673055,112.10749026517271,112.56136674397908,17623672
2020-01-17,113.96837615966797,115.23922464343896,113.310249785195,114.37686218293652,8281636
2020-01-20,112.56136322021484,113.83221870620928,112.19826066341568,113.83221870620928,3817166
2020-01-21,112.15287017822266,112.652130102782,111.65360332805852,112.51596578677315,3015884
2020-01-22,111.58552551269531,114.35416764054966,111.38127557426917,112.83368572234244,6800848
2020-01-23,112.87907409667969,113.06062883584946,111.35859211266187,111.85785206276714,3393088
2020-01-24,112.83351135253906,113.6765685328094,112.21830163827377,113.31200007078422,3421554
2020-01-27,111.80817413330078,112.9702261899604,111.53474602963644,112.9702261899604,3306994
2020-01-28,111.21574401855469,112.14994853316476,110.19039912647256,112.05880120212761,4272362
2020-01-29,112.44615936279297,112.74236733551403,110.85117837892356,111.46638811127072,4009378
2020-01-30,109.68912506103516,112.83352047753291,109.46127062303817,112.83352047753291,4294930
2020-01-31,107.91185760498047,108.98276923564339,107.09158028020627,108.45870683697486,11107276
2020-02-03,108.1852798461914,109.43847920266128,107.20550858528655,108.32199389397391,8463660
2020-02-04,109.48403930664062,109.9397481070845,108.41312084417174,108.91440330608579,6329512
2020-02-05,110.39546966552734,110.73725130535871,108.13971223335346,110.09926169243295,7751206
2020-02-06,111.03345489501953,112.08158660650341,110.12203722478398,110.62331972483953,6112396
2020-02-07,111.17017364501953,112.56008704171326,110.71446479059964,112.56008704171326,5519024
2020-02-10,109.78025817871094,111.94487519639732,109.11948174297233,111.83094798494014,4517992
2020-02-11,109.93975830078125,110.69167510980614,109.27898186958284,109.62076350160599,5460620
2020-02-12,111.39802551269531,112.62843800064542,110.14482619183472,110.14482619183472,6838800
2020-02-13,111.07904052734375,112.01324513069713,110.50940442207532,112.01324513069713,4829910
2020-02-14,110.6916732788086,111.80816548780129,110.28153810859108,111.10181540259111,3619586
2020-02-17,111.10182189941406,111.64867114287014,110.25875772364378,110.69167975164795,2035556
2020-02-18,111.21574401855469,111.58031248200801,109.93975787325057,111.07902997556405,2505274
2020-02-19,112.83351135253906,113.1752929818942,111.42081116977842,111.42081116977842,3570768
2020-02-20,111.9676513671875,113.26642423554866,111.69423025786612,113.01578300349735,4241614
2020-02-24,111.28409576416016,112.92465034639508,110.46381847304269,111.64866422171959,7043950
2020-02-25,111.2385482788086,112.40060044237238,110.4866244013404,111.26132816157167,5059572
2020-02-26,109.32455444335938,110.94232231238838,108.6409911426625,110.76004154696209,7988388
2020-02-27,105.54216766357422,108.89162338730657,105.04088516984099,108.89162338730657,9733628
2020-02-28,100.91673278808594,104.58519076104942,100.11924222672717,104.12948186884441,11274618
2020-03-02,100.62051391601562,103.44590735164715,99.52680852077545,102.89905813080962,11532350
2020-03-03,101.94206237792969,102.89905368825212,100.52936919788802,102.07877641562787,10346226
2020-03-04,104.2889633178711,104.69909846295958,101.37242277940834,102.48890796642884,9036356
2020-03-05,104.67631530761719,106.59029097451409,104.19781965250176,104.38010735393682,5941556
2020-03-06,101.87371063232422,102.9901958783455,101.41800180100411,102.5344870470254,5868566
2020-03-09,97.7039794921875,100.71166083240966,97.06598985205095,100.34709234366068,17462228
2020-03-11,97.1115493774414,97.70396526261803,92.82788242725225,92.82788242725225,12270332
2020-03-12,90.73162841796875,94.30893846605524,90.00249152796191,92.96459884407204,10764010
2020-03-13,89.9569320678711,93.16968113177346,77.12872960103135,90.68606907299994,13043196
2020-03-16,81.91365814208984,88.38472181740016,81.36680896384304,88.38472181740016,11201148
2020-03-17,78.88318634033203,84.55675881044188,77.81226801087985,81.36679760355369,12175374
2020-03-18,77.44772338867188,81.34403573474685,76.78694689806635,80.52375835343122,12733198
2020-03-19,73.98433685302734,78.08571662909392,72.63999014135317,75.19196256122078,11980172
2020-03-20,81.66301727294922,84.67069819712154,74.05268154489451,74.32610961202458,20319490
2020-03-23,77.53885650634766,80.66046484828647,75.19195875687721,75.19195875687721,10720786
2020-03-24,80.3642578125,82.82508280066736,76.58187299815265,76.78694058823906,12061562
2020-03-25,79.58953857421875,85.67325379250597,77.56163581931114,80.84273776533253,13456292
2020-03-26,83.21244049072266,85.12641630909526,78.60977823030476,80.6376812635039,10247690
2020-03-27,83.62257385253906,86.35682694853489,82.71115615387379,83.46307297384655,13535120
2020-03-30,83.91879272460938,85.39984667733604,81.7313955265121,82.52888611644185,7334804
2020-03-31,89.6379165649414,91.05061657901848,84.60233310300345,85.21754274380957,10615252
2020-04-01,86.3568344116211,89.18222813094515,85.2175621898319,89.18222813094515,9875668
2020-04-03,82.027587890625,86.40239535955091,81.00224304199219,85.67325846354166,13147474
2020-04-07,87.45051574707031,87.81508417698485,83.4174970480407,85.78718141213855,9562862
2020-04-08,87.90623474121094,91.14177037080046,86.03783262074867,87.26824513004144,10275308
2020-04-09,89.6379165649414,92.48609646948049,88.88599985156877,90.41262010826318,6930346
2020-04-13,86.22010040283203,90.23033908626789,83.34913367755613,90.23033908626789,12384376
2020-04-15,85.01248931884766,88.22523817615601,84.67070767346519,86.60747033063255,22652006
2020-04-16,85.60490417480469,86.47074814689181,82.02758717491713,82.02758717491713,43380846
2020-04-17,85.21754455566406,88.29357891796745,84.55676819447473,87.7239429249483,13212894
2020-04-20,82.52886962890625,86.12896650565317,82.09594068943876,86.12896650565317,16203026
2020-04-21,81.13896179199219,81.98201898880768,79.20219918763702,81.57188380695854,18086618
2020-04-22,81.3668212890625,81.79974333102051,79.77184022132673,80.66047113978067,10621898
2020-04-23,82.4377212524414,83.2124317951581,80.70603333088904,81.75415803491349,11104460
2020-04-24,81.00224304199219,82.39215633862962,80.72881496759751,82.0048010588313,9282278
2020-04-27,82.9617919921875,83.34914031667735,79.97689783333581,82.02758752137007,18283250
2020-04-28,81.89087677001953,83.37193049301553,81.11617313639617,82.98458215298636,13329834
2020-04-29,82.32379913330078,83.14407643570219,81.75416308351717,82.07316483424803,10060582
2020-04-30,87.01760864257812,87.7695324615095,83.64536573536151,84.30614221607165,17667854
2020-05-04,86.60746002197266,87.17709602980783,83.41749837809569,84.07827475647159,17140740
2020-05-05,83.94156646728516,88.40751446499263,83.03014879238832,87.24545553878616,13864778
2020-05-06,85.2403335571289,85.6732555321369,82.48329388998287,84.62512388757338,10885580
2020-05-07,83.89599609375,84.48841199372289,82.57443635069461,83.85042243056837,11402138
2020-05-08,83.85043334960938,84.76185110340948,83.18965686881742,84.39728261117631,8227344
2020-05-11,84.16942596435547,86.56189750530896,83.89600481752862,84.30614001455162,8787666
2020-05-12,85.2403335571289,85.6732555321369,83.21243076104389,83.94156067854038,7030818
2020-05-13,86.44796752929688,87.26824485072166,84.3744908692847,87.26824485072166,10560968
2020-05-14,84.76183319091797,85.37704282614868,83.44028050861426,84.19219721517256,10324394
2020-05-15,83.75927734375,84.7618352952389,83.23520806091504,84.7618352952389,6849030
2020-05-18,83.03015899658203,84.30614528896604,81.84532004574149,82.9618054439903,14454486
2020-05-19,84.03271484375,84.76185183450535,81.11618078785996,83.05294353139033,11486668
2020-05-20,84.2833480834961,84.71627008829809,83.03014878068953,84.3061349160783,15415706
2020-05-21,86.17454528808594,87.35938411180786,83.57699931123086,83.57699931123086,14258230
2020-05-22,86.12896728515625,86.97203138656914,84.9669083993261,86.15175411694993,9177652
2020-05-26,86.037841796875,88.04295817745661,84.62514142403387,86.12898218625307,11822268
2020-05-27,91.7114028930664,93.64816543863427,85.5365467982488,86.4023977554652,36165936
2020-05-28,90.8455581665039,92.73674703217137,89.34171763472868,92.73674703217137,24695246
2020-05-29,96.97484588623047,97.93183031108653,89.38728926648619,90.84556316761689,61260422
2020-06-01,98.00018310546875,100.71164919302967,97.24825938053125,98.20525068370088,26749248
2020-06-02,98.36475372314453,99.59516617325916,96.13177628431843,98.02297210069241,12812554
2020-06-03,96.31407165527344,99.09389156702565,95.94950317159096,98.47868876977911,16844202
2020-06-04,98.54703521728516,100.23315651005866,95.76720855227333,96.31406471517498,14794936
2020-06-05,99.6863021850586,100.36986540004185,97.97739414760045,100.25593819754464,14491168
2020-06-08,103.19526672363281,103.58262202392483,98.36475713109067,99.80023721369724,24427392
2020-06-09,99.50401306152344,103.1268964050757,98.95715697274542,102.12433849825604,15690504
2020-06-10,98.8888168334961,100.73443899921213,98.25082724825437,100.25594333349835,14787292
2020-06-11,97.0204086303711,99.18502560644453,96.76977433283565,98.88881764377628,12497490
2020-06-12,94.74187469482422,95.47101169444197,94.01274464877224,94.7874483648875,12418688
2020-06-15,97.4305419921875,99.29894388396863,94.85578312220821,96.58747793801746,28511450
2020-06-16,96.79255676269531,99.29895543262313,95.51657754812969,99.09388784125117,15921712
2020-06-17,99.25338745117188,99.68630946154902,96.17735275921551,96.61027476959264,27938908
2020-06-18,99.41289520263672,99.93696461741524,97.81791402938794,98.79769235080897,12408426
2020-06-19,101.19015502929688,102.12435959478636,97.97740613508451,99.34453273231824,22447354
2020-06-22,99.3673095703125,101.05343081323642,98.79767354543517,100.7800027398694,12961806
2020-06-23,100.52937316894531,101.30407680841718,97.06598319375162,97.97740087632206,14850298
2020-06-24,99.4356689453125,102.07878164651567,99.13946097642501,102.07878164651567,16492172
2020-06-25,99.4356689453125,101.16736395324321,98.1141160714935,98.86603288701721,10193692
2020-06-26,102.73956298828125,104.81303973017832,99.48124736070409,99.93695622909617,38389012
2020-06-29,100.11922454833984,102.94461779040856,99.66351573660087,101.19014303735229,13374148
2020-06-30,100.09644317626953,101.14457489114689,99.34452637731677,100.07366329729189,11001386
2020-07-01,99.8230209350586,101.34964134850995,99.50402614370793,100.71165176580863,7905234
2020-07-02,102.16991424560547,102.73955026052695,100.05087105152337,100.71164743811939,14359882
2020-07-03,102.44334411621094,104.12946535932512,101.46356598117252,102.16991604281306,10838912
2020-07-06,101.46356964111328,103.5598330699396,100.98508092575435,102.94462335938525,15175628
2020-07-07,102.4889144897461,104.0838954165985,101.16736164606584,101.71421085884508,18235138
2020-07-08,101.66864013671875,103.76489652860657,101.39521206433287,103.28640087871362,14152368
2020-07-09,100.9850845336914,102.35221109170944,100.09644670812747,102.1927102118479,13417996
2020-07-10,101.21293640136719,101.82813916478383,100.028090632945,100.71165389467355,9097518
2020-07-13,103.71932983398438,104.35731939822448,101.41799891069049,102.0559884749306,24694620
2020-07-14,102.53448486328125,105.58773257738599,102.12434970525403,104.08389207534492,27877134
2020-07-15,119.73750305175781,122.44897633357475,107.091582177595,107.54729103792519,260735176
2020-07-16,119.35014343261719,122.33504470435612,116.22854202412931,119.62357152037552,104555854
2020-07-17,119.09952545166016,120.23879771749365,117.11718892768344,117.84632595924332,37713024
2020-07-20,123.40593719482422,124.65913639195719,118.02857892997794,119.09949738895371,42789980
2020-07-21,123.65660858154297,128.32762464732957,122.76797069397976,126.91492432405563,65998100
2020-07-22,121.21855163574219,124.34015997620894,120.14763307858685,124.15787922134062,25167708
2020-07-23,121.49199676513672,122.33506102019354,119.64636735696389,122.2666935587881,20736656
2020-07-24,123.29202270507812,123.86165876249787,121.01347847539913,121.67426186485817,44244246
2020-07-27,122.5173110961914,124.49964711611156,121.74260058956052,123.29200769569367,27980494
2020-07-28,125.52500915527344,126.11742510147967,122.72238858286947,122.72238858286947,28087614
2020-07-29,126.23135375976562,126.68706261810412,124.11231034991772,124.77307985023013,21567278
2020-07-30,129.4668731689453,130.69727858759052,127.64403796461558,127.64403796461558,51694590
2020-07-31,128.0314178466797,132.52013927479427,126.96049917677857,131.97329695261803,33401320
2020-08-03,128.3048095703125,129.7858631990917,127.37061207501114,128.96559290600413,17817526
2020-08-04,128.07696533203125,129.12510401987188,126.80098612880731,128.30481975454484,16239042
2020-08-05,126.77821350097656,129.62639394530896,126.41363805982337,128.16811999495835,14690906
2020-08-06,127.43898010253906,129.53524364300773,126.57313604870852,127.917482750512,20305210
2020-08-07,126.41364288330078,128.44155299989544,125.95793399481943,128.0769775448314,14642400
2020-08-10,126.41364288330078,128.1453450038089,126.04908133536834,127.59848877477862,12621492
2020-08-11,127.43898010253906,129.71752440584615,126.82377035921999,127.14277212453528,20157816
2020-08-12,125.86679077148438,127.91748061014782,125.11486003827002,127.78075960995861,17807334
2020-08-13,126.23135375976562,128.4415445041335,125.22878870856864,126.64148895084413,19307912
2020-08-14,126.00350189208984,127.94026457940045,125.73007379010215,126.91491962729484,13163422
2020-08-17,128.48712158203125,130.51501771118885,126.52756509488165,126.96049408464742,29094008
2020-08-18,128.82887268066406,130.97069551945683,128.37316391830888,129.7630700806411,24108414
2020-08-19,127.48455810546875,130.3099587005068,127.25670366738927,130.10488414338278,18745042
2020-08-20,124.95536804199219,127.14276488577723,124.49965920727614,127.14276488577723,19783530
2020-08-21,124.5680160522461,127.11998837571201,124.27180808325681,127.11998837571201,15939272
2020-08-24,124.27179718017578,125.0692875920948,123.90722179044961,124.63635866277282,12309628
2020-08-25,123.01860809326172,125.18322510389126,122.74518000522983,125.02372422694513,15592276
2020-08-26,123.9755859375,125.18322550457874,122.12997067485524,123.01860848702069,19265334
2020-08-27,124.11231994628906,125.41109307440115,123.72496460532486,124.40852794568578,12380336
2020-08-28,123.9755859375,125.31993259546714,123.63380430314874,125.18322550457874,15199568
2020-08-31,123.63380432128906,128.5098945349348,122.12997069277492,124.8642237679863,41141934
2020-09-01,123.7705307006836,127.32505429015158,122.58568486848397,123.49710259984815,24586106
2020-09-02,124.7275161743164,126.00349537475294,123.58824406423727,124.36294075481294,16863810
2020-09-03,128.89724731445312,131.17579149923353,125.09207574444385,125.54778458139994,49790330
2020-09-04,125.77564239501953,127.37062336742014,125.36550721211403,127.00606185086644,21415428
2020-09-07,127.0288314819336,127.37061309130202,123.72494259137208,126.00348665382829,16651534
2020-09-08,128.76051330566406,130.76564311132262,126.91489826537452,128.60102635455232,44589722
2020-09-09,128.89724731445312,131.90492841978926,126.91491109226817,127.50732701745906,45588720
2020-09-10,129.6719512939453,130.72009002223587,128.0997640622057,130.62894268686077,19035804
2020-09-11,133.65939331054688,136.00630489379583,128.7377435449545,128.7377435449545,83871852
2020-09-14,139.99374389648438,140.60893962869312,133.59102714209163,133.63660080188112,76179084
2020-09-15,140.06210327148438,141.83936482033752,137.96583999793472,139.99374973251483,56312624
2020-09-16,142.24951171875,142.86472143458332,138.5582673308802,139.90261397262225,29986974
2020-09-17,142.04444885253906,144.32299301823824,139.9937591034098,140.01653898221483,53623304
2020-09-18,144.23184204101562,145.37111409505206,142.29507954915363,143.09256998697916,36975462
2020-09-21,142.13555908203125,147.87749222408377,141.246935346687,143.95839411715093,45477692
2020-09-22,142.29507446289062,144.3457640868554,138.5126969415405,143.73055441824016,47020668
2020-09-23,143.4799346923828,146.64710286638672,141.79380637879046,143.54828823868942,44278872
2020-09-24,138.8544921875,142.81915083906827,137.8291472747811,142.81915083906827,35838302
2020-09-25,143.04701232910156,143.66222208854376,138.62664460911736,139.58362211588172,44013790
2020-09-28,141.97608947753906,144.4597083222727,141.08746554664893,143.54829060415108,24921524
2020-09-29,141.95330810546875,145.16604996522827,141.49759925119758,143.54828909541783,29660738
2020-09-30,142.8874969482422,143.93563559319142,141.0874554283235,142.18115383020682,24786634
2020-10-01,142.65965270996094,144.84706357686994,142.20394385107957,144.18628016863968,18514618
2020-10-05,152.18397521972656,153.11817279445967,143.6394343271786,143.6394343271786,77811262
2020-10-06,150.4066925048828,152.79916384212143,147.19395084344282,152.6624567571311,55159848
2020-10-07,152.79916381835938,153.36879985094666,148.333222885727,149.01678612483173,35479916
2020-10-08,163.8045654296875,167.5869436389721,157.88034988296653,159.95381976146624,214540492
2020-10-09,170.43508911132812,171.39208036102605,162.8019668048716,164.96658357834434,110861504
2020-10-12,172.03009033203125,173.07821512087094,168.2021387855393,171.80223590775043,105931918
2020-10-13,171.32376098632812,173.94408707672574,169.9566343304685,171.93895685575976,72176286
2020-10-14,159.7031707763672,166.3337289283293,158.72338563094812,166.3337289283293,148263902
2020-10-15,155.67015075683594,161.43486510623217,154.46252504840604,159.95381129791812,77922358
2020-10-16,154.78150939941406,158.63225477656954,154.3030206658144,156.26256317414607,50488458
2020-10-19,156.3992919921875,157.90312572192477,154.32580825964106,156.05751033478074,25693748
2020-10-20,158.0170440673828,159.27024340749904,155.78407347914725,157.1056263654801,33993548
2020-10-21,156.5132293701172,159.54369081439555,154.53089284706434,159.31583636133504,19934922
2020-10-22,156.9689178466797,158.6778260222185,155.32836321673634,155.3967167623318,19082496
2020-10-23,156.03469848632812,158.17653552102124,155.53341599872658,158.08538819341018,17346096
2020-10-26,154.849853515625,157.17397130970613,153.43716728069523,156.62712906277096,17390338
2020-10-27,152.22952270507812,154.82706848983432,150.8623962724968,154.166285151235,19821156
2020-10-28,152.95867919921875,154.8726620131324,152.38904311259338,153.004252867575,17969178
2020-10-29,153.77896118164062,154.94101321792272,150.90798700420652,152.04725916022065,14479922
2020-10-30,155.25999450683594,157.2195367938791,154.23464970165847,154.59921118064776,22991068
2020-11-02,152.57130432128906,155.73848611978826,152.0700357550195,155.73848611978826,9662266
2020-11-03,152.95867919921875,154.69038124683848,151.59155259131785,152.8903256502499,9515596
2020-11-04,156.28533935546875,160.20442393064474,153.8017208193856,154.0295752205995,30763800
2020-11-05,157.40184020996094,159.04239491602232,156.78663045679653,158.5639061675228,11204872
2020-11-06,157.5613250732422,159.04237874348956,156.49040656102198,157.7436058204621,10915586
2020-11-09,160.38673400878906,160.77407540241722,158.1309696568834,159.49809619570374,14214570
2020-11-10,155.9891357421875,159.83988113567833,155.46507333956222,159.83988113567833,18099240
2020-11-11,158.0170440673828,158.47275291833415,155.62457259988818,156.99169915274226,15275758
2020-11-12,157.4701690673828,159.8170804950558,156.90053307175904,158.58666118165692,10228848
2020-11-13,156.83218383789062,157.78917511822846,156.17141440910984,156.99168470246846,9455776
2020-11-14,157.42462158203125,158.3815990035564,156.35370304537275,158.19931825217685,1498484
2020-11-17,158.9056854248047,159.7259558119137,156.62714111935657,158.1309747981,13307668
2020-11-18,157.35626220703125,160.56901798188497,155.76128121312857,159.38417217641688,14815616
2020-11-19,156.1258544921875,159.27024276973472,155.67014564306095,158.44997240415907,22113702
2020-11-20,157.81195068359375,158.81451559886278,155.87518829824177,156.67267869221024,12362786
2020-11-23,162.1639862060547,162.8703293134521,157.67525155240006,158.58666919143127,20666694
2020-11-24,162.00448608398438,164.69316535008448,161.77663167317706,163.5994669596354,20184882
2020-11-25,159.4980926513672,163.5083248466067,159.29301811224914,163.0981896755006,13624676
2020-11-26,161.70826721191406,162.4146102748686,158.22209774339407,159.9537855857444,14732740
2020-11-27,159.7259521484375,162.91591410289988,158.51832647567426,161.70828843013663,24804168
2020-12-01,160.79685974121094,161.2753484388318,157.78917875109983,160.72850619971217,21387134
2020-12-02,163.5539093017578,164.19189893302723,161.41208597484393,161.52601319139671,18868154
2020-12-03,164.19189453125,165.87802285388068,163.14376972991562,165.87802285388068,21394090
2020-12-04,164.4197235107422,165.14886034570932,163.59945326335944,164.55644449005825,14854786
2020-12-07,163.34884643554688,165.30838897076288,162.91591745567948,164.96660732575097,16784766
2020-12-08,165.7413330078125,166.33374901680034,163.32606748602907,164.19191161729287,23626602
2020-12-09,163.8273162841797,167.5869139457777,162.91589866924684,167.5869139457777,36275376
2020-12-10,162.18678283691406,163.1437742381731,160.75130268859095,162.32350384116873,13794794
2020-12-11,161.0930633544922,164.05517060146306,160.70570808692403,162.87032492124888,11727232
2020-12-14,159.20188903808594,161.57156670650164,158.1765441287472,161.09307797832906,23003678
2020-12-15,160.728515625,161.27535789618702,158.35882406179866,159.17909442214435,14463562
2020-12-16,163.32603454589844,163.57668273540483,160.95635708073934,161.27534490311675,13332544
2020-12-17,162.64247131347656,163.7133897971244,162.00448176166378,163.3260345276608,8330742
2020-12-18,165.67295837402344,166.6983033578165,162.91592520267685,163.57670864397383,34796162
2020-12-21,161.2981414794922,167.4502105143125,158.74616932065936,165.19444630535992,19330126
2020-12-22,165.9691619873047,166.65272523452236,159.2474567229975,161.32092634337252,16372078
2020-12-23,175.6985321044922,176.63274354102276,169.38697599717113,170.4351007329443,89748866
2020-12-24,174.1719207763672,176.22261051592977,172.5541460819899,176.1086833081763,24480344
2020-12-28,174.4909210205078,176.08590204246332,174.0807858248597,174.74156923966504,9451758
2020-12-29,175.44789123535156,177.95428968157088,174.58204728081074,174.99218242694806,22918252
2020-12-30,175.1744842529297,176.17704931493807,174.44534729029914,175.44791235230753,14376870
2020-12-31,176.01754760742188,176.6327573513594,173.71622342162053,173.71622342162053,12789210
2021-01-01,176.860595703125,178.06822129387766,175.47067545879273,175.47067545879273,10084672
2021-01-04,180.6429901123047,181.34934719267116,176.7238911177451,177.72645617698038,19511442
2021-01-05,185.1544952392578,186.74947617159202,179.32142767814477,179.59485576225666,50313494
2021-01-06,185.2000732421875,190.2128705755038,183.7873730304632,184.56208363573694,44972600
2021-01-07,185.3595733642578,188.20775365565697,184.03802049047468,187.86597202068907,24689510
2021-01-08,196.04595947265625,197.16243784869155,185.5874354480884,185.70136266444698,81986460
2021-01-11,203.61070251464844,205.52468519013584,198.2333438086676,198.68905264500938,94668036
2021-01-12,208.5779266357422,209.96783293496682,201.60557354072137,204.13476576517044,44268930
2021-01-13,209.17037963867188,213.02112530598373,206.34497896958882,210.08179741487524,58380386
2021-01-14,207.05133056640625,212.36033618972309,195.95481665575306,205.98041192651252,143103614
2021-01-15,199.85110473632812,209.35263676125635,198.96248084919944,207.23359345240488,50615558
2021-01-18,196.66114807128906,202.79043764845983,195.54466973637915,200.96760225386694,43021174
2021-01-19,196.06874084472656,200.306827762655,194.90668879188098,197.32194023420476,31355580
2021-01-20,202.76766967773438,204.08922263500497,197.3219430537001,197.7776519291128,48839358
2021-01-21,203.15499877929688,206.64118259054948,201.56001781205254,205.79811844072285,31822754
2021-01-22,203.1321563720703,206.44347314260995,201.16820855248778,204.3653419861123,22797624
2021-01-25,199.70664978027344,205.98673310669713,198.7475069936497,203.31484032195783,14760338
2021-01-27,203.90859985351562,207.69948090041927,199.70664766071098,200.04919765669848,59180420
2021-01-28,197.26312255859375,204.89057474956363,195.16214645164442,202.44704864490717,29624870
2021-01-29,190.86888122558594,199.91221072636677,189.7955549695381,199.77518234609008,31264842
2021-02-01,192.51312255859375,193.56360377299723,186.43857408880586,190.0467650572662,30163704
2021-02-02,195.64173889160156,198.93021074322073,193.49508650945327,195.48187942682097,26620996
2021-02-03,197.99392700195312,200.9398629790711,196.48671237176075,196.48671237176075,19795332
2021-02-04,196.3496551513672,199.5467884511423,195.59604794695633,197.99389792178766,14386598
2021-02-05,194.36288452148438,197.94824434655112,192.07921761868982,197.30882040144797,17358052
2021-02-08,198.81602478027344,199.9121959880853,194.70542456616664,196.55520302555226,25032680
2021-02-09,200.66583251953125,206.3293241865574,198.77039159857947,201.0768898132416,58949660
2021-02-10,200.50592041015625,202.85809413753958,198.67898719457395,201.87612032184296,21215470
2021-02-11,199.5924835205078,201.19105032215947,197.9482405939868,200.50595026430875,18474052
2021-02-12,201.87615966796875,205.16464567230804,200.78000231265466,200.96269288214083,38561668
2021-02-15,200.82566833496094,203.2006734955755,199.5011304114378,203.06365905995406,15689754
2021-02-16,199.8436737060547,204.52519059014676,198.1309236265088,203.70307612732307,24907596
2021-02-17,196.48670959472656,200.50595784403177,195.71025725778497,199.09008154993666,14780384
2021-02-18,197.74270629882812,199.4326113037937,196.09846347741652,196.53235178994754,16771472
2021-02-19,196.37252807617188,199.0215761826475,194.6141017238265,197.8340665720768,16957332
2021-02-22,191.23428344726562,197.69705838083638,190.00109767067866,196.7150843416121,21332174
2021-02-23,189.77272033691406,194.5684208508433,189.22463470282062,191.6910061178444,17984706
2021-02-24,193.24388122558594,194.47705289512328,189.43015500383328,190.7775239481157,10120594
2021-02-25,192.42176818847656,195.9386208039053,192.0335559646407,193.24389663880368,18220784
2021-02-26,187.39768981933594,191.75950171885728,186.3472086791013,190.89171113278573,23463882
2021-03-01,189.2703094482422,191.23427134075519,186.89530424075215,187.71741874749935,12843392
2021-03-02,196.57801818847656,197.81120372813658,191.02871113679612,191.69098002631625,29750468
2021-03-03,198.90736389160156,199.43260442992795,195.59604727113287,197.76553057419858,17564904
2021-03-04,200.41461181640625,202.92664553485363,195.2535299338642,195.89295391088044,25927594
2021-03-05,192.2162322998047,200.9626731266134,190.4578061222677,200.9626731266134,87862344
2021-03-08,190.41212463378906,194.18017464872577,189.79553184366583,194.15734355732667,24709676
2021-03-09,191.462646484375,193.10687557047132,187.28352473175482,191.73667537312625,23811258
2021-03-10,194.88812255859375,196.71505592614224,193.19820361825322,194.61407976578238,34582736
2021-03-12,194.20303344726562,197.6741958897436,192.78715722025686,197.08044808731876,17920252
2021-03-15,194.728271484375,195.75592154786173,190.82319288008782,194.0203264109354,15034204
2021-03-16,196.07562255859375,198.65617714969432,194.40854861044966,195.13932476177735,21347294
2021-03-17,191.6681671142578,198.9073942387553,190.77754535383897,195.93862716056492,24269624
2021-03-18,187.3291778564453,193.72344465887795,184.65728501203546,193.31238743782924,20165862
2021-03-19,187.4890594482422,188.92776686095732,182.44216098729635,186.78112825832753,33750804
2021-03-22,189.29315185546875,190.11526635081643,187.3520350218568,187.7402472378621,13245968
2021-03-23,189.77272033691406,193.38091126923862,188.4938724418916,190.77753935328647,23150388
2021-03-24,187.71743774414062,189.74990706149842,186.895323154197,187.8772972306291,10280694
2021-03-25,182.5334930419922,188.03713864948793,181.66570240523419,187.5804052682051,25474258
2021-03-26,184.47459411621094,186.21018917950764,182.99021075414694,184.88565133648802,18066738
2021-03-30,190.96022033691406,192.03354651909385,184.97701054159322,184.97701054159322,26339126
2021-03-31,189.15611267089844,191.73665329102073,188.79073156904585,191.73665329102073,14890268
2021-04-01,190.1837921142578,193.1297282302449,189.24749418445606,191.3027945616384,15193886
2021-04-05,194.31723022460938,195.43621868937848,190.0924462828875,190.20662963266378,42432790
2021-04-06,195.0936279296875,195.89291121133422,192.90131364681426,195.45902293576256,16641040
2021-04-07,200.04920959472656,200.50594294996566,193.38089982055652,194.11167597661824,27735300
2021-04-08,201.92184448242188,203.6802709084745,200.96270152835703,201.85333725821673,25833228
2021-04-09,205.57568359375,206.14660028116964,200.96267397172,202.2871978988545,23398770
2021-04-12,197.58285522460938,205.5756890610548,196.12130289058666,205.5300129371673,30172534
2021-04-13,191.34844970703125,199.84367918371402,188.44819003849244,197.3088145718645,40840640
2021-04-15,196.7150421142578,198.4277920260778,189.54432357474695,191.32558069536086,53517782
2021-04-16,214.29931640625,216.33177166895223,199.1357619826695,201.73914793257245,218723272
2021-04-19,215.92071533203125,218.2957345926922,210.59977399783196,211.46756467208982,87619710
2021-04-20,214.71034240722656,218.11299737149352,213.6598473793842,217.40506628143933,35461382
2021-04-22,222.26927185058594,225.8546312722121,215.39544082200706,215.39544082200706,85241858
2021-04-23,217.26805114746094,222.58899166630914,216.6514583628882,220.85339664534905,27192006
2021-04-26,219.3690185546875,220.99043028158417,217.86180410166935,218.95796133462758,18629288
2021-04-27,221.5384979248047,222.42913350083344,219.6887334987698,219.87142404456168,14418934
2021-04-28,223.47962951660156,225.26090078761,219.80293151033266,221.9039077732275,19231068
2021-04-29,223.7308349609375,225.07818998446965,221.83539434039164,225.03252780004829,15282266
2021-04-30,225.05535888671875,233.75612365492614,223.4796232491399,224.4844421975084,58231142
2021-05-03,222.58900451660156,226.53974527043295,220.7163949635821,222.8630473187208,17199462
2021-05-04,220.12266540527344,223.02291131425068,218.22721066436148,222.56617791902312,16204858
2021-05-05,224.07339477539062,226.5397521930388,220.7392328014472,221.4243328584826,23713182
2021-05-06,233.98448181152344,235.1263151483714,222.5433173516651,225.4892529360909,48827088
2021-05-07,235.33187866210938,235.92562649239983,231.7921948976623,234.76096192590825,29333162
2021-05-10,240.21893310546875,241.38359767974734,234.4184134515238,236.40519255606998,25088944
2021-05-11,236.7705841064453,239.00856083616313,234.78377727165602,236.56504851984064,15298998
2021-05-12,231.8378448486328,238.66599987962883,230.5818281708006,237.4785043531219,15742214
2021-05-14,227.6587371826172,232.2032255183306,225.05535158887935,231.7921683031076,13599758
2021-05-17,228.2753448486328,230.05661623675252,226.08303013180443,227.6587659171728,11505300
2021-05-18,232.0433807373047,235.12633095403626,228.77773996207569,229.28014945174078,18761492
2021-05-19,233.6876220703125,236.49652946122538,230.71885521488994,232.15756251868473,14980792
2021-05-20,232.13473510742188,236.13115209156342,230.01092772638592,235.67441872194723,12584608
2021-05-21,234.16720581054688,235.62875817886933,232.54579397406468,232.934020128625,10395006
2021-05-24,235.17201232910156,236.81624123323488,232.77414831071655,233.8017983449977,14873624
2021-05-25,236.3823699951172,239.71651830182654,235.5374243401055,236.31387670991876,15909128
2021-05-26,240.81265258789062,242.2742048456219,235.10348585987046,235.17200701132296,17646380
2021-05-27,247.04710388183594,248.91969964588554,239.8078628633058,240.81268190512503,58822252
2021-05-28,246.0422821044922,246.77304437580293,243.27905067780662,246.17929654576372,11757252
2021-05-31,246.2020721435547,246.88717207227813,242.5482058570297,246.0422266442342,10772410
2021-06-01,247.9148406982422,249.83312621897431,246.4761474652853,247.50379743602147,11930088
2021-06-02,248.00621032714844,248.91967703185247,243.4388768036282,247.5266458825371,9427136
2021-06-03,246.2020721435547,251.15764502072668,245.85952217919296,249.23935964494356,11275982
2021-06-04,247.18414306640625,249.14809128116423,246.8415929867346,248.23462440203988,9543432
2021-06-07,250.40408325195312,251.75145233956596,247.86921849069847,248.7826852786673,8696866
2021-06-08,251.47740173339844,253.71540656942722,250.8151605973443,251.20337284101706,10859468
2021-06-09,248.55430603027344,252.6877374617451,247.64083928843252,252.57355411901497,12413798
2021-06-10,253.14442443847656,253.71534104749432,249.1708392643554,249.1708392643554,11441488
2021-06-11,253.1673126220703,255.29113403729812,251.88846470482073,253.48703157058114,11224718
2021-06-14,256.5014343261719,257.0495199132328,252.57353872635187,252.98460988584532,11904318
2021-06-15,254.8115997314453,257.5976625910194,254.40052848084719,256.4558289802436,7674490
2021-06-16,253.6011962890625,256.93534421736945,252.80191291489618,255.72501754827834,10994538
2021-06-17,255.17694091796875,256.455788786246,250.997819406799,252.34518843170238,8798696
2021-06-18,251.1119842529297,256.66130547351446,249.3992342313653,255.77066988694284,20014232
2021-06-21,247.61802673339844,248.80552243597754,244.4437239924956,248.80552243597754,10781642
2021-06-22,254.19491577148438,255.74782016194337,247.68646616373573,249.0338349912239,11505842
2021-06-23,246.70457458496094,256.15893433126763,245.90529107850918,255.77072206456677,22485404
2021-06-24,250.76943969726562,251.45453972077703,246.2706273602573,247.50381297793606,17337360
2021-06-25,250.06149291992188,251.66005954132777,246.8643596771101,251.13480507215002,10079644
2021-06-28,250.01585388183594,251.5687305888732,248.57713263867657,251.08916613341745,6519660
2021-06-29,247.82350158691406,252.91608952905062,247.0927393863953,250.1985205537866,15855760
2021-06-30,249.21656799316406,250.28988023396155,247.54948008541453,248.8511590052576,8586644
2021-07-01,246.33912658691406,249.33075239661034,245.7225477015767,248.91968122185745,8658748
2021-07-02,245.99658203125,247.68650107629526,243.71291518032197,246.68168208652838,8314614
2021-07-05,244.9689178466797,247.96054355061636,244.6035367469229,247.96054355061636,6878338
2021-07-06,243.25619506835938,245.85958099566852,242.91364502205013,245.06029755428028,8386882
2021-07-07,243.0507049560547,244.99182202581449,239.8307119859574,243.91848174351668,10755374
2021-07-08,242.52542114257812,245.24299028817836,241.15522102312852,243.84995907542984,9131020
2021-07-09,240.15042114257812,242.50260935224892,238.98575652369837,240.88121132386377,11449216
2021-07-12,240.17323303222656,243.0506755834517,238.96290631989814,242.41123771055882,7731112
2021-07-13,239.71649169921875,241.84031296378174,238.68884164413188,241.15521292705716,8344716
2021-07-14,256.547119140625,257.2778813239028,240.05902906631124,240.35591688396246,58696166
2021-07-15,263.03277587890625,264.74552612674563,255.31397027792562,256.2274370767733,62132402
2021-07-16,263.877685546875,269.1301189242684,259.56154993531095,264.90533555549547,73815654
2021-07-19,262.0736389160156,266.73232551928015,260.33805744176317,261.5027221233802,21715702
2021-07-20,259.47021484375,264.0604074871033,256.4786168629322,262.9414051617247,21047054
2021-07-22,266.82366943359375,267.1890505940898,260.79478271662435,263.5808454268018,24086770
2021-07-23,273.6518249511719,274.86215172266895,266.5952884182615,267.8741363497728,28114910
2021-07-26,269.67816162109375,274.26832535433107,268.67334286375564,274.0856208978019,12199806
2021-07-27,270.13494873046875,271.5965010436686,266.8008008101262,268.9702842491096,7966274
2021-07-28,270.3633117675781,271.00272173069857,266.27554271486474,269.906578418153,9147860
2021-07-29,269.67816162109375,273.12649219298913,268.51349737188224,271.1168546783129,11668940
2021-07-30,268.1709899902344,270.8428688611671,267.18900216489504,268.94741436175974,6356412
2021-08-02,270.5003356933594,271.9390569452736,265.93300203876487,268.65057113860706,9247796
2021-08-03,273.7660217285156,275.866984299282,271.3681712855169,275.866984299282,10331214
2021-08-04,272.5784912109375,275.8669773105279,271.43665769557936,275.63861060745626,9018712
2021-08-05,274.4510803222656,280.66264271245956,272.89817578632153,272.89817578632153,22588728
2021-08-06,273.1265563964844,276.96312787116545,272.350104088895,275.7527732849121,10540400
2021-08-09,272.5784912109375,276.78044412281446,271.9847433583102,274.04004368595486,9293502
2021-08-10,275.79840087890625,278.12775750951084,270.8885177468065,273.3092266156917,14055564
2021-08-11,274.6109313964844,277.00878152510234,273.33208356991315,274.9078192297919,8565026
2021-08-12,276.7118835449219,278.10494253666025,274.33689247271866,274.9534713324655,7905016
2021-08-13,281.1193542480469,283.38018972353115,276.7803877730567,276.7803877730567,16729368
2021-08-16,280.4571228027344,283.58576314152884,278.8357248999686,281.3934206443208,7144852
2021-08-17,289.9800109863281,290.96197094893927,279.15542516824826,280.32008961900567,23645544
2021-08-18,287.46795654296875,291.9439374068294,285.2756143529408,290.36820191154266,13847154
2021-08-20,283.197509765625,288.63264781345913,282.2612119679505,284.31651205509576,12341386
2021-08-23,287.2167663574219,290.91632335194913,284.77325399749475,285.9150874136836,14072750
2021-08-24,289.3634033203125,290.4824055838474,285.0472676619868,290.4824055838474,8967436
2021-08-25,288.4956359863281,293.5881961888006,287.53647921093017,290.02568158095977,12815436
2021-08-26,287.262451171875,291.62424916666805,285.91508219003003,288.74683458580085,8416702
2021-08-27,290.00286865234375,290.4824331316836,285.5953803322541,287.513666126407,8743108
2021-08-30,288.8610534667969,292.0810184624468,287.99324882885645,290.4596204169432,8743710
2021-08-31,292.7432556152344,293.4740178478762,287.2396241471721,289.8429820239539,15591816
2021-09-01,293.2456359863281,295.66631711804405,290.1398548431761,294.0449193330035,9450444
2021-09-02,297.53900146484375,300.07386645082704,292.6519481405897,294.5930652371133,9077556
2021-09-03,299.2060546875,299.93684489143,296.64835866573475,298.246925648537,7549940
2021-09-06,313.52459716796875,314.5522471513374,299.9139496302671,299.9139496302671,24676832
2021-09-07,307.9524841308594,315.14603492813194,307.26738405492864,315.14603492813194,12812218
2021-09-08,302.44879150390625,308.47767653298905,301.44397268626113,308.47767653298905,13432462
2021-09-09,302.5173034667969,303.5221223465385,298.70359139405645,301.8550624539756,11611460
2021-09-13,306.3539123535156,306.8563079170569,300.4620406446764,302.51734083937015,11177578
2021-09-14,307.5871276855469,308.61477788192065,306.01139180908126,306.46812522969185,7322676
2021-09-15,307.86114501953125,310.8299121419507,306.0113803109212,307.83831392471774,8290832
2021-09-16,305.0293884277344,310.9212604073239,303.72770939532927,310.46452700973697,9315692
2021-09-17,303.84185791015625,308.0209791696708,302.70002454709663,306.65077913399927,10815562
2021-09-20,302.5858154296875,306.2396818801592,298.42955349299143,300.4163322247199,9092860
2021-09-21,304.91522216796875,305.55466011114686,300.1195212245202,301.6724260140695,7367102
2021-09-22,305.1664123535156,308.06665810265304,302.8142243470111,305.554624567346,9583304
2021-09-23,307.97528076171875,309.2084663357571,306.6507708225438,307.3358708218106,6462586
2021-09-24,308.9801025390625,319.32512377478946,308.29500253343264,310.80703588740874,24253176
2021-09-27,298.6579284667969,309.8250358157372,297.3333906908836,309.688021395385,16798164
2021-09-28,292.1265869140625,298.65789494458215,290.13980834998375,298.65789494458215,16224924
2021-09-29,292.6518859863281,295.2781026768024,286.5316481134631,287.71917151696937,17679132
2021-09-30,289.6146240234375,295.39231240953256,288.9066928624455,291.7384453832067,12027918
2021-10-01,290.59661865234375,292.19518551329963,287.83338722519295,289.9343496631604,8417708
2021-10-04,292.7889404296875,293.95360502407027,290.459611240922,292.2637137458807,10494244
2021-10-05,295.4379577636719,296.648312297898,289.59177643000305,290.68794762616227,10912148
2021-10-06,290.3682556152344,297.0822420911735,289.75167668324565,297.05941099680246,9673198
2021-10-07,293.65673828125,296.2144341110955,290.8935068508219,291.85263581781555,7448686
2021-10-08,301.9692687988281,304.892345544655,294.5930139651091,295.11826847405814,22091966
2021-10-11,298.1555480957031,304.32144879202565,290.0256994196144,296.39713571450636,20422932
2021-10-12,301.032958984375,302.5402014366907,293.47402713637484,297.7901631438024,18680432
2021-10-13,307.1988220214844,308.1579787262404,299.6170600073794,303.7276599160172,18925882
2021-10-14,323.48138427734375,337.91414650207986,317.42966759301646,318.3431342623489,118377606
2021-10-18,324.1665344238281,329.21343297722336,320.8095550454652,328.3913184230115,21198892
2021-10-19,324.98858642578125,333.39249061679067,323.36718872434335,327.5234507620337,21865148
2021-10-20,320.60400390625,330.1040527012632,317.77225135510736,325.92493109434855,16108782
2021-10-21,318.02337646484375,323.82389468117566,311.3550817448319,323.80106359259224,15916912
2021-10-22,311.67486572265625,322.22539551656365,309.77941106890046,320.5126453632155,10758302
2021-10-25,304.9609069824219,312.4970083351499,301.80943526601743,311.83473930758146,17621916
2021-10-26,305.1664123535156,310.03060601853457,303.7276910871227,306.49092240060196,12193966
2021-10-27,306.5137023925781,308.0894378319267,303.01970942023604,305.16636147697267,12631178
2021-10-28,300.02813720703125,306.74209489194067,299.16033272474715,306.46806604321426,10357542
2021-10-29,295.3923034667969,301.16999167797763,294.250470055638,300.6447371581276,13522634
2021-11-01,299.3658447265625,300.0509446712216,295.73480944451165,297.37903816097827,8802466
2021-11-02,298.61224365234375,301.9007291824883,297.3790580939408,300.0737958742735,8079378
2021-11-03,298.0185546875,302.2890009870931,296.9680734034242,301.1700264165228,6871182
2021-11-04,298.5666198730469,300.37072232231696,295.6892051178634,299.16036769922863,1565810
2021-11-08,300.6903991699219,301.90075373576707,295.7348533190759,298.22405572932075,9504460
2021-11-09,300.736083984375,304.29859858760324,299.93680061097416,302.859877364765,8284130
2021-11-10,298.0641784667969,300.9872831105447,297.5846140159548,299.5714208505745,8091390
2021-11-11,293.1314392089844,296.76247467844564,290.8477726089194,296.76247467844564,12067796
2021-11-12,301.4668884277344,302.58589088258384,294.9584371898826,295.96325628968196,12126506
2021-11-15,300.9416198730469,304.1844155548215,300.14233649884125,302.15194654219744,9435996
2021-11-16,302.1063232421875,305.44047159980573,299.00054159230746,300.71329190034373,11327094
2021-11-17,302.26611328125,305.097865512563,300.5305321965066,302.10626776590414,8854994
2021-11-18,297.53900146484375,304.16163626474787,294.7072485957323,302.996971582193,7842498
2021-11-22,294.15911865234375,301.6495570017787,291.39588736476054,300.53055468027026,11582434
2021-11-23,293.5881652832031,296.39708628267437,285.9378823617954,293.54250310304457,9134924
2021-11-24,290.7107849121094,295.780514079577,289.1578803305973,294.27329956034004,7985552
2021-11-25,290.8021545410156,293.1314836757149,289.1122354252565,290.93916898244606,6661362
2021-11-26,283.83697509765625,289.7516781632617,283.0148605585407,288.65550685991144,8277074
2021-11-29,288.0159912109375,289.04364107664276,275.84406619432315,281.59889429155777,10376060
2021-11-30,291.0533447265625,294.821395089833,287.9703944293412,288.0160566163606,26850200
2021-12-01,289.934326171875,295.0269141955936,289.22639505188323,293.4968407408589,9453644
2021-12-02,295.4151611328125,296.00890898466537,287.2853120894246,290.8935171439684,10210456
2021-12-03,292.6518859863281,298.6807716163402,292.26367380019167,294.47881933622324,13405010
2021-12-06,285.2299499511719,294.22760166590206,284.6133711380217,291.05329960990275,9409906
2021-12-07,288.83819580078125,289.82015582517624,284.544890950332,286.82855781189164,8557090
2021-12-08,293.0857849121094,298.2468659917385,291.51004934031715,291.852599339542,15360658
2021-12-09,293.7709045410156,295.7805146113472,291.3273643238547,293.10863558956856,6865604
2021-12-10,291.510009765625,295.00403043409443,290.0712888134819,293.29128067048913,8525212
2021-12-13,294.7757873535156,299.86834872576514,292.4007677771418,293.9079826255027,13123680
2021-12-14,295.4608459472656,297.74451293440853,291.9668243062193,295.0497747388622,8609412
2021-12-15,290.6651306152344,295.36947879613683,290.1855382706861,295.36947879613683,7123544
2021-12-16,294.2732849121094,296.83100833805935,292.0353082757927,294.13627048568844,12437240
2021-12-17,306.376708984375,309.11710893571427,296.9223235768965,301.44399464732226,104600018
2021-12-20,304.1615905761719,309.43685537660645,302.8142215714983,304.89235281084615,26298202
2021-12-21,315.5113830566406,318.3887974992061,306.46806857566753,308.75173525655924,27362096
2021-12-22,313.15924072265625,317.8407576819101,311.12677168693887,317.8407576819101,12327754
2021-12-23,317.22418212890625,320.6268515850467,314.73497948639846,315.19171289321474,12944908
2021-12-24,319.00543212890625,320.8095345399532,315.2145506824387,318.6857131902611,13182426
2021-12-27,319.53070068359375,320.17013864472983,315.6713254507258,319.64488404259686,10188656
2021-12-28,322.2026062011719,323.13890416438073,320.4213346600065,321.0836037138652,10158044
2021-12-29,321.4033203125,324.2807353465538,319.7362321420422,322.11125155374236,7898416
2021-12-30,326.15325927734375,328.80233488851223,321.5402638024844,322.0426593139597,18087350
2021-12-31,326.72418212890625,328.2999177200814,323.8695987669189,326.92971770632744,8549558
2022-01-03,328.25433349609375,331.9538632611366,327.0211476154804,327.93461450826106,9280810
2022-01-04,329.5331115722656,330.2638737805451,324.9886091706509,330.10402825898126,10228800
2022-01-05,325.8792724609375,329.23625171328644,321.0835718851283,328.84803948405744,14711264
2022-01-06,322.339599609375,325.308366732947,319.69055144370043,322.3624307041974,12883220
2022-01-07,324.96575927734375,329.5330925068215,323.1844881671315,323.3671926470265,13120326
2022-01-10,316.74462890625,323.823996963996,315.14606192546864,323.823996963996,27537820
2022-01-11,317.04150390625,319.00545197037644,314.6893157221949,317.42971614938386,15487458
2022-01-12,315.7626037597656,320.5126419518785,312.04024352551653,319.7133585554898,23460682
2022-01-13,296.76251220703125,304.1844295958181,295.9632287959311,302.9055817134165,61505934
2022-01-14,292.218017578125,296.5341536924028,290.7108029652898,296.5341536924028,26514548
2022-01-17,295.3467102050781,297.6303775603272,289.13511827272146,292.0810547363525,20457876
2022-01-18,289.249267578125,296.876721221798,288.26730745708403,296.37432561352546,14329980
2022-01-19,283.699951171875,288.49565167935657,282.7179632505781,288.198763830557,17382766
2022-01-20,280.9823913574219,284.27087739056816,278.83573881656287,283.4715939459671,16827124
2022-01-21,276.7964782714844,279.5184722518266,274.8522008458375,279.06099521049794,19646694
2022-01-24,262.0198974609375,277.0022661066742,260.05275235295505,277.0022661066742,26150716
2022-01-25,257.42230224609375,261.67683257591676,251.93257848575985,257.3308012656524,34712370
2022-01-27,249.2106170654297,254.76897425971796,245.75667100444352,253.89975671650018,31351744
2022-01-28,252.5959014892578,258.4516006881259,250.07977834018214,251.65805143231586,29899780
2022-01-31,261.9512939453125,262.77477480419583,257.35365612004216,260.3043880719008,26252174
2022-02-01,263.8041076660156,266.4346002609321,259.1378369566846,265.2909078283597,20920202
2022-02-02,268.9964599609375,269.91141390638285,263.04925931554266,266.2515981246014,16368826
2022-02-03,264.5360107421875,269.3623863308269,263.5753204453265,267.4867422570798,14082780
2022-02-04,261.5624694824219,264.3301996922468,259.86979903207435,263.9642236840532,13633558
2022-02-07,254.81468200683594,262.50028981147517,254.17420305554123,261.6311002886374,15091358
2022-02-08,256.3014831542969,258.8404748594752,253.64812220183867,256.8275928606563,13953814
2022-02-09,260.2815246582031,261.1049776102519,257.69676863870046,258.20001005319216,10207476
2022-02-10,262.4316711425781,262.9348846332922,259.0234621818606,261.859824938504,11603824
2022-02-11,256.8504638671875,258.9319786054633,254.86042218996838,258.9319786054633,15442458
2022-02-14,247.81529235839844,254.88331747515434,247.03757588691113,251.61234581074282,16241546
2022-02-15,257.7196350097656,258.58885240520885,248.5243592554263,249.59941894573652,13676992
2022-02-16,257.9713134765625,260.8991497730299,255.0663175254274,258.543159775347,14607822
2022-02-17,258.4288024902344,261.8598804419253,256.7132635143889,261.6768784489616,14228840
2022-02-18,257.30792236328125,258.7947224869033,254.05981918606167,255.72962126300067,13411838
2022-02-21,261.12786865234375,261.9970861299929,254.08273953451257,254.24284531725718,17534002
2022-02-22,258.085693359375,260.30444592111206,254.4029807058724,254.47161343342458,21490124
2022-02-23,259.4351806640625,261.17361550218476,257.39943046846633,260.3958990623162,14408512
2022-02-24,245.73379516601562,254.7689664104419,242.98893301581018,250.69740971876445,26953888
2022-02-25,254.01409912109375,255.61526858876385,250.46865244268136,250.6973909380628,15922624
2022-02-28,254.26571655273438,256.2328621111371,248.9132299517367,252.0698324893504,18316874
2022-03-02,253.99122619628906,255.4093936727646,251.79534226534864,253.89972521537925,16354110
2022-03-03,260.5560607910156,263.48392522089006,256.34726614389035,257.55959155364724,25911326
2022-03-04,263.1865234375,265.3366710111647,253.4651367840737,256.6446076504541,26948372
2022-03-07,261.6081848144531,265.17652739119114,257.21641722763655,257.5595249429246,21112334
2022-03-08,268.7448425292969,270.2545108948453,261.67681799720947,261.67681799720947,22039998
2022-03-09,267.8527526855469,272.8392625807583,266.3202160807258,268.9964450539736,23527232
2022-03-10,269.1108093261719,272.8849940723528,267.4410073302031,272.19877866395626,16161966
2022-03-11,268.17303466796875,269.91144175927013,266.43462757666737,268.5390106994772,9927188
2022-03-14,273.639892578125,274.8521899362171,268.0815355777345,268.2645375558752,15006442
2022-03-15,268.8592224121094,276.1788539745439,267.3037895362206,276.1788539745439,13853244
2022-03-16,273.6856384277344,274.23461645866195,271.05514545496465,272.3132073115067,11150296
2022-03-17,275.03515625,279.51842491127724,274.0287013450983,276.77356312818773,16881290
2022-03-21,274.4861755371094,281.8058068847656,273.5712216186523,276.8192968603037,15592952
2022-03-22,279.0838623046875,279.5184710765589,272.7249482102652,276.04165674595265,15580500
2022-03-23,279.60992431640625,281.34833118482,278.0087549519398,280.86798595991564,11393836
2022-03-24,279.3126220703125,280.79942256147285,277.13960596784744,277.68858404132817,7751490
2022-03-25,276.01873779296875,280.8908790297013,273.2281392516109,279.5184480246702,11986194
2022-03-28,274.57769775390625,278.603489722105,273.15950231728385,278.1460127274874,11476810
2022-03-29,275.6299133300781,276.93371170973757,274.09737643313235,275.8586518473645,9402006
2022-03-30,274.8521423339844,278.740696357464,274.2574278912993,276.8192876084858,15488764
2022-03-31,270.7806091308594,275.9958294391632,270.002892756535,274.486161137343,14476178
2022-04-01,275.3096618652344,276.04164184207156,269.59119918141766,270.68915518558293,8567994
2022-04-04,277.0480041503906,277.45974453621443,274.02866772826457,276.77352917462446,8855948
2022-04-05,276.379150390625,281.15344287572094,275.8717195730534,279.2852426926236,12862488
2022-04-06,273.7960205078125,275.8487467457942,272.6197480380675,275.8487467457942,8235902
2022-04-07,267.9376220703125,273.08096570997805,266.3923271917438,273.08096570997805,15721530
2022-04-08,269.229248046875,270.7745429500711,267.7761877044571,270.31325752766895,8636632
2022-04-11,263.44012451171875,269.5060397928716,262.0562680814601,269.3907184236834,17164216
2022-04-12,257.72021484375,262.01016436886295,256.5670010921265,262.01016436886295,16338532
2022-04-13,257.9508361816406,260.8569289635713,255.82890616201468,258.3198589206011,11204576
2022-04-18,248.44834899902344,253.6378106643314,247.2490180093382,253.6378106643314,18930062
2022-04-19,244.6888885498047,251.6542880374574,242.65922117551352,250.93930117422917,13286008
2022-04-20,247.4796905517578,249.3478913453129,245.10405877482177,247.2490477833032,8660976
2022-04-21,248.7251434326172,250.24737992844445,247.87174837786995,249.55545168901097,13388782
2022-04-22,248.033203125,249.486235464333,244.78114618881955,246.78772672369257,9782424
2022-04-25,244.18145751953125,245.01179390704382,241.3906859971046,244.4582457002459,9473768
2022-04-26,244.13534545898438,248.05627212200065,243.14357039413335,247.71030800467568,8718740
2022-04-27,239.38412475585938,243.09746753798925,237.33139857361567,243.09746753798925,16275078
2022-04-28,241.04470825195312,242.93599550530854,238.02329416049298,241.71357779088822,13241338
2022-04-29,234.7020263671875,243.7893551709962,233.87171820566712,243.7893551709962,24151260
2022-05-02,228.3363037109375,239.40715479995265,227.22922141749902,237.79265568280462,43822854
2022-05-04,226.83714294433594,232.41870026844475,225.68392920288022,230.64274829113972,17267854
2022-05-05,231.1732177734375,232.3495042054634,228.93598035784228,231.10402776621615,10869532
2022-05-06,223.76959228515625,226.44504247555378,221.87831897530893,226.02988835322532,18441782
2022-05-09,222.8700714111328,225.73004694830937,218.92608628424586,222.3395959375333,16675250
2022-05-10,220.33299255371094,223.14683661643016,219.64106437815613,222.80087252865277,14969534
2022-05-11,217.68060302734375,222.31653028856678,213.36758121499534,221.4400766637114,21029342
2022-05-12,218.5570526123047,219.5718862891049,213.1830796393895,215.9277338489295,14573000
2022-05-13,216.18142700195312,221.18637703499635,215.42030881197766,221.18637703499635,16775318
2022-05-16,215.88157653808594,218.81074177025135,214.4977202782264,218.649289057805,7314066
2022-05-17,224.48458862304688,225.56861237733787,216.01999677460987,217.2654732714236,11321450
2022-05-18,221.99365234375,228.45164950284092,221.69381957682697,226.44505471294576,15390968
2022-05-19,208.1089324951172,218.55704535023966,207.57845703149968,215.02821439616716,22945978
2022-05-20,212.00680541992188,213.20615046073655,209.88488943652905,213.11388773555257,12731912
2022-05-23,214.95901489257812,215.7893230530829,211.03808865526716,213.94418129434834,14111568
2022-05-24,212.16827392578125,216.6196762392349,211.26876155895954,216.08920072327285,13779460
2022-05-25,205.20285034179688,212.58341808467952,204.44173210877528,212.26051261500209,15481506
2022-05-26,209.123779296875,209.746517522617,204.81075715836957,205.7333281365604,11583082
2022-05-27,215.39727783203125,215.85856334911253,210.4615171683348,212.1913378573896,11414472
2022-05-30,219.6872100830078,222.10895885557642,218.257222278028,218.257222278028,12291148
2022-05-31,220.51751708984375,221.7629935111603,216.98868599920104,219.52575612777386,31587004
2022-06-01,217.15016174316406,220.93270869388687,216.1122693078542,220.93270869388687,10514566
2022-06-02,218.71849060058594,219.77945556887053,215.9277192934814,217.63446699101206,10535040
2022-06-03,219.3412322998047,225.10730044648724,218.87994684807006,221.25556410904034,23269778
2022-06-06,218.28028869628906,219.34123963985647,214.1287194917492,217.72674050475763,13791156
2022-06-07,215.7201385498047,217.15012626472736,214.56692492120817,216.8041621761484,4701342
2022-06-08,216.9886932373047,217.72675284206304,214.17484891265377,217.28852599249262,5627652
2022-06-09,219.13365173339844,219.64106855391512,214.15177440561547,215.44336806028068,7402238
2022-06-10,212.62954711914062,215.51258136212,210.48455838051146,215.51258136212,17453098
2022-06-13,205.77943420410156,208.96230087212138,205.27201741301104,207.60150321564876,14130822
2022-06-14,205.6871795654297,209.28521452577004,202.04302732189052,202.9655982229037,13056384
2022-06-15,203.0117645263672,207.8783212359312,202.6427276560534,206.86350151653195,11391596
2022-06-16,194.80084228515625,206.07927730644028,193.62457000420437,205.7333132147115,17944686
2022-06-17,186.91290283203125,193.16331614748876,185.45984214721724,191.89478093696795,41550546
2022-06-20,191.27203369140625,192.77121159722398,186.42853584184124,188.6657733782941,20750838
2022-06-21,196.1155242919922,196.85358389534656,192.19459760632037,193.7399068214307,12187804
2022-06-22,189.7036590576172,194.9853835851022,189.265432208199,194.9853835851022,16202862
2022-06-23,193.30165100097656,194.10890049174336,189.72668897043786,190.28023710931782,19655010
2022-06-24,193.16331481933594,196.50763489680506,191.77945823555564,194.20120725717118,15362102
2022-06-27,196.0001983642578,198.69872124774017,195.58504424617954,196.9689006913176,12447870
2022-06-28,197.084228515625,197.93760950020211,191.75638665829996,194.66247965732884,12091828
2022-06-29,194.0858612060547,195.95406172577506,192.5405520684519,193.7398971040831,16684176
2022-06-30,191.91783142089844,195.12377135662064,191.43348726476964,194.6163544785278,12123284
2022-07-01,194.6624755859375,195.21602380146842,189.77284660646737,191.43347717574423,8907248
2022-07-04,193.87828063964844,194.54715021321644,191.8947587165336,194.1781274619955,6372716
2022-07-05,190.7876739501953,195.14681321227613,190.53395849431837,194.24731498866362,11513210
2022-07-06,191.91783142089844,193.09411792156592,190.55704760841837,193.09411792156592,10522910
2022-07-07,194.1089324951172,195.56199307991943,192.44831595931393,193.73990972656452,10706024
2022-07-08,193.3247528076172,195.90795438222156,192.1484663548329,195.58504890640248,9535432
2022-07-11,189.68060302734375,191.4334822945359,187.07432869328804,191.31816091965968,16689574
2022-07-12,188.7349395751953,191.36427227840952,188.2044641216878,188.66574957296646,9777472
2022-07-13,187.60479736328125,190.04960460715617,186.98205919291624,190.04960460715617,11956780
2022-07-14,185.1830596923828,189.4038189759665,184.74483285991622,189.4038189759665,13161242
2022-07-15,181.67730712890625,186.40548376776061,180.36264056507846,184.95243717713709,22328354
2022-07-18,186.70530700683594,187.14353386483225,182.96889162372506,184.0529153693083,13632394
2022-07-19,187.12045288085938,188.11221385128823,185.06774093319325,185.8980491695254,12897178
2022-07-20,190.0957489013672,192.58668767499378,187.78932150406186,189.4960693316784,25237412
2022-07-21,190.97216796875,192.58666697331674,185.71351688362407,188.59655082035036,45382342
2022-07-22,189.5191650390625,192.54057966507744,188.68884262893232,191.7794613471128,15468542
2022-07-25,191.34121704101562,191.73331252588855,188.45818270712064,189.3576950502223,12535662
2022-07-26,186.91290283203125,191.6180068028454,186.49773459218883,191.34123266872288,15186298
2022-07-27,187.5817413330078,187.92770544984378,185.41370798055854,186.7975644479025,14084158
2022-07-28,191.89476013183594,192.3560456129221,189.54220136283345,189.95735548034784,15898464
2022-07-29,195.4466552734375,195.72341528792603,192.72505979423633,194.0166675302148,15919784
2022-08-01,197.8914794921875,198.76791912668963,194.9392551077673,196.599885723165,10365748
2022-08-02,198.16824340820312,199.11387300356907,195.8848746698885,197.86841066411017,16912426
2022-08-03,199.436767578125,199.73660030584634,197.19953032505614,197.8914585016353,12034938
2022-08-04,200.8898162841797,203.10398084421598,197.01502126545873,201.60480311075196,17789134
2022-08-05,202.96560668945312,203.88817762895064,201.18965481545735,201.18965481545735,12967586
2022-08-08,201.05126953125,204.2571950155131,200.75143679924193,204.2571950155131,9557496
2022-08-10,198.4219512939453,201.12047423387682,196.64599933673802,200.65918874251471,11329742
2022-08-11,202.25064086914062,203.88819882607032,201.25886574421918,202.04305675524617,9154644
2022-08-12,201.16659545898438,202.27367776698944,200.65917862859843,201.6278809270961,7092398
2022-08-16,201.6278839111328,202.87334624707776,201.3972411736635,202.27368076058377,4774208
2022-08-17,204.37252807617188,205.22590903712228,201.42030379373315,201.69707789962462,10401476
2022-08-18,200.6822509765625,203.77286945490926,200.22096547694753,203.77286945490926,16888260
2022-08-19,199.48291015625,204.11882356909646,198.8140405836849,202.4812657567,17253908
2022-08-22,193.73989868164062,198.76790752243915,193.3016718513155,198.76790752243915,12900580
2022-08-23,192.19459533691406,193.04797630329983,189.12704966392576,191.43347709885168,17028776
2022-08-24,191.9639434814453,193.50925260495748,191.13363527521068,192.7250616833796,7429170
2022-08-25,191.52572631835938,193.78602222969897,191.410404954747,193.41698541975043,8753902
2022-08-26,192.4713592529297,194.89310793136679,192.03313243257216,193.047966081129,7904194
2022-08-29,186.52081298828125,187.4433840785388,184.05293250637882,186.82064577715144,23519514
2022-08-30,190.7646026611328,191.8716990635993,187.39722432269127,188.73494938547014,19750992
2022-09-01,189.3346405029297,189.88817466062417,186.75143886840632,189.0809250296679,11778706
2022-09-02,188.0660858154297,190.39557173449572,187.7893117267003,190.30330901248095,9815080
2022-09-05,187.05125427246094,188.20446792395578,186.35932608156403,187.74318246335784,18018508
2022-09-06,186.56690979003906,187.90463480758737,185.090790688204,187.7431820812437,18226162
2022-09-07,187.95077514648438,188.59657200539056,184.97547815864226,185.482895003967,12248532
2022-09-08,190.41864013671875,191.13364107569498,188.9425350500256,189.1270464261978,14064948
2022-09-09,192.42523193359375,193.48619696615785,189.74978182547036,192.35604192821935,14671342
2022-09-12,194.6624755859375,195.76955793968344,192.8403922806878,193.67071460398418,11678424
2022-09-13,194.96231079101562,196.5076200079498,194.43183528955595,196.00020315021254,9408334
2022-09-14,192.03314208984375,194.98538046054324,188.6657636747417,188.6657636747417,17583964
2022-09-15,191.45654296875,194.15506598493153,190.62623469176327,193.60153182604586,10640314
2022-09-16,185.2753143310547,190.39558608795036,184.60645881662654,190.39558608795036,20192486
2022-09-19,185.41371154785156,187.37417491430742,183.1303427018765,186.8206266857934,13584188
2022-09-20,186.7744903564453,188.85027504222842,186.5669203342565,187.281907206211,8989822
2022-09-21,184.8601531982422,187.23577056736036,184.28354635732438,187.23577056736036,19290112
2022-09-22,183.5685577392578,184.67564004770477,182.20775997685894,183.5916163817465,16500324
2022-09-23,181.9079132080078,184.23739901231062,181.58500777417916,183.63773358070225,13966710
2022-09-26,182.11550903320312,184.14517648685492,177.41040539860472,180.82391526934856,18994144
2022-09-27,183.77613830566406,185.1599947900099,180.82391395452285,183.03807869854973,12454694
2022-09-28,183.6146697998047,184.7448247958991,182.36920751723252,182.66904024763056,8921590
2022-09-29,181.1929168701172,185.39061722824684,180.61631006480582,184.97546314388558,11883068
2022-09-30,181.86180114746094,182.9919562084729,178.74812414620447,181.0314929113855,13570530
2022-10-03,181.9771270751953,183.59162630146446,180.17811646710146,181.70035296380024,8140834
2022-10-04,187.05125427246094,187.2818970027599,184.0528987785744,184.49112559706845,12591696
2022-10-06,189.1962432861328,190.51090976462066,187.9507808938676,188.82722052042078,11203878
2022-10-07,188.2506103515625,189.93429956625556,187.39722938382835,189.03478723428682,7580186
2022-10-10,189.72669982910156,190.741533449359,184.3988585160369,184.65255988244388,18714926
2022-10-11,186.54385375976562,192.7712080222918,185.57515139235383,191.3873515195082,22723292
2022-10-12,188.18141174316406,188.94252994764264,185.25224621459225,186.47464988570215,12610118
2022-10-13,174.87332153320312,180.98535390727343,174.41203607100914,178.5174738690726,84896212
2022-10-14,174.0430145263672,178.7481322845251,173.5586703794905,178.51748953319023,27864794
2022-10-17,173.0281982421875,174.80415027757323,171.78272172975684,174.04301792146745,16909538
2022-10-18,174.965576171875,177.24894491886732,174.5504220571443,176.99524353689736,22328480
2022-10-19,174.3889617919922,175.842022246761,173.92767633392336,175.842022246761,10198278
2022-10-20,175.98040771484375,176.48782454993022,173.44333761672672,173.90462308911165,11868814
2022-10-21,176.46475219726562,176.8107163022745,175.38074259675687,176.44169355452456,8931540
2022-10-24,177.45652770996094,178.24070457039346,177.13362224681396,178.24070457039346,3472470
2022-10-25,177.43345642089844,178.2637787282665,176.97217094257695,178.2637787282665,5783256
2022-10-27,176.51087951660156,178.49441545293675,175.79589268022147,178.05618863237143,11723118
2022-10-28,176.7876434326172,177.98698838226088,176.21103663733794,176.58005935539092,7609676
2022-10-31,178.3098907470703,179.1632716722198,177.47958254154472,178.3098907470703,6638382
2022-11-01,181.00840759277344,181.28518167797375,178.33295761623816,178.97875443016238,11540196
2022-11-02,181.72341918945312,182.1385733030487,180.20116866984856,181.21600234958493,6716614
2022-11-03,179.2093963623047,181.6311449617953,177.84859866118884,179.78600317170722,10312476
2022-11-04,180.155029296875,181.0084102063501,177.89473337684643,179.20939974254432,9023630
2022-11-07,180.59327697753906,182.1385862498983,178.7942663058698,181.28520524182082,8252598
2022-11-09,180.33956909179688,181.93099559601472,179.50924675813374,181.7695428580261,6862546
2022-11-10,179.3939208984375,180.4087545884293,178.51748129925315,179.34778953483502,5494908
2022-11-11,184.37582397460938,187.21272704559502,183.2456688442031,183.8222757316927,28417046
2022-11-14,182.92276000976562,185.7366043846999,182.461474508213,185.7366043846999,17623428
2022-11-15,183.1995391845703,184.3066216034015,181.74649263002206,183.61469333196743,12462712
2022-11-16,183.70692443847656,185.29836481971677,182.76129492791105,184.0528885146319,11039528
2022-11-17,183.0150146484375,183.59162149988185,182.2077650564154,183.5454901363032,6057616
2022-11-18,181.67730712890625,184.00679340297597,181.19294888048702,183.52244923187382,9546202
2022-11-21,179.2786102294922,181.95407462766582,178.79426607604415,181.6773005068456,7904612
2022-11-22,179.34779357910156,179.62456768964196,177.36427159530803,179.44005630838706,8410828
2022-11-23,179.32472229003906,180.8008413906194,178.97875819558882,180.247293208573,6717760
2022-11-24,183.70692443847656,184.39885259078721,179.50922416566243,179.85518824181776,13370266
2022-11-25,185.80577087402344,186.54383039854275,182.62290413168063,184.0528918209403,13648550
2022-11-28,187.12045288085938,188.8733461581277,185.43676368771514,185.80578644223706,13679200
2022-11-29,186.8898162841797,188.619636897838,185.8519239159847,185.8980552811455,9102602
2022-11-30,187.6970672607422,188.20448412654662,185.736603884424,187.6970672607422,13892346
2022-12-01,190.8338165283203,192.05622028495785,189.88817280917334,190.441721038787,15852984
2022-12-02,190.23411560058594,190.92604377135237,188.688806537078,190.8799124111717,11726622
2022-12-05,190.2110595703125,191.41040456490148,189.42686866841956,190.62621366300854,9947062
2022-12-06,189.74978637695312,190.32639323109646,188.11221446479658,189.35769090067248,8832518
2022-12-07,187.4202880859375,188.8964072780107,186.9590025980791,188.66576453408152,6568616
2022-12-08,186.220947265625,188.20446912795927,186.0364218183533,187.85850503029758,8940712
2022-12-09,181.76954650878906,187.28191389093905,180.4779527335712,187.28191389093905,15423336
2022-12-12,182.8304901123047,183.36096556198964,178.9787538064201,181.23904968593513,10365880
2022-12-13,183.47630310058594,184.21436269784908,182.66905349549222,183.7530772092241,6813842
2022-12-14,184.53724670410156,186.58997267721213,184.16822395890466,184.8832108067169,9995152
2022-12-15,182.30003356933594,184.39887694427932,181.76954398731812,184.39887694427932,7766926
2022-12-16,179.7860107421875,182.1154967193385,179.00181981745325,180.54712894718529,18012634
2022-12-19,179.46310424804688,180.13197380218207,177.9178092045538,179.1863442313297,8838046
2022-12-20,179.4169921875,179.85520494493824,176.67233796417983,179.34778810399052,8778558
2022-12-21,179.67068481445312,181.40050527158843,178.90956662877656,180.31648163632065,10215214
2022-12-22,179.32472229003906,180.8008413906194,178.05618727705485,179.9474604755125,9093800
2022-12-23,174.2044677734375,177.98701453723572,173.90463501129508,177.13363353935628,12120710
2022-12-26,175.5191192626953,176.02653608916745,173.58171468064356,174.36590560131097,7261148
2022-12-27,178.3329620361328,178.67892613187908,175.4037965433515,176.44168883059027,7685840
2022-12-28,178.88650512695312,179.693754724236,176.78766180494404,177.5949114022269,7676002
2022-12-29,180.24728393554688,180.87002208898284,177.50262996318418,178.17149947563655,9485398
2022-12-30,181.16989135742188,182.80744935302295,180.61634309217573,181.28521273957173,8256556
2023-01-02,181.30825805664062,181.70035354258962,180.13198567610976,181.2851994128326,5559512
2023-01-03,183.1533660888672,183.4762715062272,180.68550041153932,181.3082244520981,5994422
2023-01-04,179.76296997070312,183.3609913396488,179.2555530911552,183.3609913396488,8926522
2023-01-05,178.4713592529297,180.91618087833862,177.01831272614578,179.9013471353664,9568980
2023-01-06,176.21102905273438,179.3477642531141,175.93425498745057,178.51745613457643,8484754
2023-01-09,180.73162841796875,181.28517657278084,177.6410244393252,178.0561785167771,7347432
2023-01-10,181.30825805664062,181.70035354258962,178.6789391833022,180.8239139181435,7879496
2023-01-11,181.67730712890625,182.6690681937879,180.5932833279494,181.28521161656224,7656600
2023-01-12,181.9771270751953,183.5454949366793,180.13198510231626,182.55373394172003,9510500
2023-01-13,181.7003631591797,182.94583969168434,178.2868531332814,182.66906556475922,13621860
2023-01-16,183.86839294433594,184.97547526763174,179.44004957383726,179.90133504832014,23867444
2023-01-17,182.8304901123047,185.4598087192576,181.63114513215956,184.53723782334825,14310032
2023-01-18,185.99029541015625,186.29012813129182,183.59160548644275,183.8222482069031,16080426
2023-01-19,186.0825653076172,186.3593394192476,183.9375905777846,185.48289979684802,9447456
2023-01-20,185.96725463867188,187.00514705904098,185.11387361090502,186.15176603127412,9265614
2023-01-23,187.74317932128906,188.08914341094746,185.6673947833387,186.91287113703484,8815290
2023-01-24,188.02064514160156,189.68536589894555,187.3501281063416,188.85299846427915,9552640
2023-01-25,185.68539428710938,187.69693113940056,184.96864642699987,187.28075450733735,6355554
2023-01-27,184.06692504882812,186.6333735746811,182.28661305448344,185.6854007614966,7410134
2023-01-30,186.00909423828125,187.18826370922915,182.67965297256478,184.06691781461535,7261256
2023-01-31,184.43687438964844,186.14782599465997,183.9050923247393,186.03222058437586,9566846
2023-02-01,186.07847595214844,186.77210845255058,184.2056738458584,185.662299274305,7029896
2023-02-02,189.3385467529297,189.59287301095384,186.07846571323114,186.07846571323114,10835460
2023-02-03,188.6217803955078,190.98013353516782,187.81254254154524,190.77203815649642,8850236
2023-02-06,187.11891174316406,187.83567374446463,185.7085314014897,187.46572796934512,5958022
2023-02-07,185.1998748779297,187.51198317852806,184.5293578259605,187.51198317852806,6683580
2023-02-08,188.0900115966797,188.48307283298578,185.4310870320063,185.4310870320063,8300976
2023-02-09,188.80674743652344,189.10733278808536,186.6102446759644,188.08999954892582,5277374
2023-02-10,187.6507110595703,188.20562271729185,186.26344602725612,188.20562271729185,5160140
2023-02-13,185.24612426757812,187.5813480618691,184.5987367504272,187.5813480618691,4825356
2023-02-14,187.3270263671875,187.95129846084063,185.6623054881091,186.35593801172595,4638822
2023-02-15,188.3905792236328,188.59867461295642,185.13051220415616,186.2172059146447,5227672
2023-02-16,189.546630859375,191.0957462039341,188.92235881162864,189.03796422373023,11189362
2023-02-17,187.8819122314453,188.66803468743854,186.81834807285583,188.1362526081438,5616244
2023-02-20,188.22872924804688,188.5755454897116,185.9859955082061,187.41949135082913,6497188
2023-02-21,186.24032592773438,188.6680396735335,185.93975466731902,188.39058385161576,5761172
2023-02-22,182.72592163085938,185.1305199800888,182.40223492630244,184.73745873485078,6883372
2023-02-23,182.1710205078125,184.36752341579404,181.9166801249579,183.02648929817178,6078322
2023-02-24,181.87042236328125,183.3501772316358,181.52360613900956,183.09585097863186,5106634
2023-02-27,180.50628662109375,181.87042196639254,178.24042344986105,181.61609571394362,5554710
2023-02-28,178.98028564453125,181.82418994905362,178.35602773572214,181.1999179282563,10061602
2023-03-01,180.78375244140625,181.1536841221952,179.09590210383539,179.46584789661338,4542612
2023-03-02,179.44273376464844,180.50631213428227,179.09591749211376,179.74331915710403,4438972
2023-03-03,180.5525360107422,181.0149576533749,179.92826397079028,180.62189643473937,4393936
2023-03-06,182.07852172851562,183.41954166932473,181.3155288408129,181.4773792380804,6727722
2023-03-08,181.54673767089844,181.7317035034661,179.8126565305982,181.10743147056033,4908842
2023-03-09,180.3907012939453,182.12478260455364,180.1594904525309,181.6392313703894,4157054
2023-03-10,179.92825317382812,180.29818482094035,178.7721991366177,179.37334159117202,4567396
2023-03-13,178.2404327392578,181.54674475335088,177.45431028019166,179.88202397132133,5982520
2023-03-14,175.4658966064453,179.02653476042684,174.4948083419091,178.74907895456099,8094852
2023-03-15,173.75494384765625,177.43120179741246,173.3618826027154,177.43120179741246,7687926
2023-03-16,172.41390991210938,174.19423603421308,171.09600542629295,173.56996400282756,7686620
2023-03-17,174.1017608642578,174.95724378651994,172.87634624630968,174.42546168197524,9044282
2023-03-20,169.77810668945312,173.84742569376832,168.8532633855618,173.40811947962436,8184754
2023-03-21,169.43128967285156,171.21161584706894,168.99199757271273,170.63358878478985,7211152
2023-03-22,169.43128967285156,171.09601043461313,169.17696341024427,170.10180670989084,5374846
2023-03-23,167.16543579101562,168.73766666623723,166.63365368627754,168.73766666623723,9485192
2023-03-24,167.28102111816406,169.6393742037341,166.93420490299164,168.02089853292946,7906696
2023-03-27,167.04981994628906,168.32147947529197,166.10186121491878,167.28103076974415,6227714
2023-03-28,164.71461486816406,168.3446139165938,164.344669041681,167.85907677732328,7813096
2023-03-29,166.03248596191406,166.81860840306493,164.15968394480402,165.54694887954884,8823840
2023-03-31,168.8995361328125,169.13074699678623,167.07296466262352,168.02093767211056,7914212
2023-04-03,170.14804077148438,170.35612203334995,168.85325176792873,170.14804077148438,4053500
2023-04-05,170.9804229736328,171.97462680273796,169.8012532875763,170.95730753351026,6443110
2023-04-06,169.54690551757812,171.30411636222158,169.17697381975302,170.63359928392518,6429614
2023-04-10,172.6219940185547,173.1306606492291,169.98619911558689,170.1711649507443,5624940
2023-04-11,171.2116241455078,173.3387666601929,170.44863120871574,172.71449458027593,6784354
2023-04-12,172.0902099609375,172.69136655823493,170.7954350178158,171.3734620659931,5578210
2023-04-13,170.30987548828125,171.04975289610624,169.24631141652443,171.04975289610624,6724634
2023-04-17,167.0960693359375,167.3735251537916,162.77242400101278,166.44868183560402,13603290
2023-04-18,170.1249237060547,170.58734536011409,166.1249792208387,168.06715581268375,8024898
2023-04-19,166.84173583984375,170.12493257726646,166.6567699909727,170.12493257726646,7475944
2023-04-20,167.7897186279297,168.18277989992046,166.00939223972946,166.7030247978342,4423266
2023-04-21,170.1942901611328,170.49487553651124,168.1596376335889,168.36773303008326,5299988
2023-04-24,174.77227783203125,175.0728490985914,171.35034614507077,173.4081282450411,17779044
2023-04-25,173.7086944580078,175.21156485907616,172.99194652690937,174.88787816296264,7528552
2023-04-26,173.2000274658203,174.633537437178,172.66824537812013,174.633537437178,7008146
2023-04-27,173.1306610107422,174.1479942742153,172.0439673229388,174.05550430044914,8491700
2023-04-28,178.03233337402344,179.41959830940542,175.72022514838676,175.72022514838676,27709406
2023-05-02,179.58145141601562,181.33864804920577,179.16527475152205,179.88202266748382,9746608
2023-05-03,178.0785675048828,179.58143775992846,176.6681731060319,179.58143775992846,4828488
2023-05-04,177.43118286132812,178.5641073734955,177.13059751598905,177.916719921973,6253358
2023-05-05,175.44277954101562,177.7548879011028,175.25781369460657,176.99189496467193,7902194
2023-05-08,175.88209533691406,177.10751001198798,175.53527906404463,176.18266661766953,9613544
2023-05-09,176.78379821777344,177.31559442612496,175.74334946367776,176.8762881962666,5716698
2023-05-10,177.45431518554688,177.82424687533987,176.64507726613397,177.56992060260586,3670402
2023-05-11,177.8704833984375,178.8878166649302,177.15373549158267,178.35603459416805,4049964
2023-05-12,177.22308349609375,178.14792672373156,176.43696110780652,177.84735549714682,4580358
2023-05-15,178.37913513183594,178.95716214133637,176.87626490713478,177.22308111283505,5089694
2023-05-16,178.93406677246094,179.7895355528688,178.72597138090873,179.18839304036774,4059352
2023-05-17,176.78379821777344,179.11903611082627,176.34450609990444,178.58725401446415,5376102
2023-05-18,176.9225311279297,178.19419070147964,176.76068072344367,178.12483027441112,4237016
2023-05-19,178.58726501464844,179.51210840858863,177.33872078803307,177.9398633492981,7281582
2023-05-22,183.0033721923828,183.39643342631197,178.21730518251522,178.72597183160065,12197390
2023-05-23,183.8819580078125,185.9397399023109,183.14208057878005,183.58138677126476,12725634
2023-05-24,184.8299560546875,185.17677232390795,181.8935754862229,182.4253576099629,8256974
2023-05-25,182.24038696289062,184.50625037314535,181.56986988190158,184.50625037314535,13605054
2023-05-26,185.75479125976562,186.147838391316,182.65656041302734,182.7259208414192,7926180
2023-05-29,184.8761749267578,187.74319487756557,184.66809364593433,186.81835155304555,7959308
2023-05-30,186.1247100830078,186.74898211934854,184.714329725932,184.96865598311336,7378972
2023-05-31,186.65650939941406,187.18829151212097,185.19988392130736,185.77791102468223,11783582
2023-06-01,188.2749786376953,188.66803987650255,186.84146864956912,187.28077487741064,7065484
2023-06-02,187.25765991210938,189.50039371005084,186.81835368315768,188.9917411653565,6320754
2023-06-05,186.91082763671875,189.4772620266963,186.67961682277524,189.08420082059473,7252860
2023-06-06,184.945556640625,186.51778753090568,182.91088995815497,186.51778753090568,13707400
2023-06-07,186.263427734375,186.63337350718697,185.43107444152756,186.07846190396316,8215860
2023-06-08,184.7605743408203,187.16517269222408,184.390642646138,186.86460142629602,10615052
2023-06-09,183.7201385498047,185.1305332233759,183.14211141604366,184.71435650946609,12018232
2023-06-12,182.9340057373047,184.87616818073485,182.47158409191817,184.87616818073485,11973622
2023-06-13,182.910888671875,184.27503826366663,182.42535155587575,184.02071198614124,13016186
2023-06-14,183.32708740234375,183.65077412301764,181.59300603876497,183.25771285820838,18512564
2023-06-15,179.85891723632812,183.78950149787337,179.53521641705206,183.62765108823533,28702320
2023-06-16,176.32135009765625,179.72015167354706,175.32714648195702,178.28664189389391,41110648
2023-06-19,175.7895965576172,176.64507947695847,174.37921609664147,176.64507947695847,10629440
2023-06-20,176.87628173828125,178.009220429505,175.99768342263266,176.55258093736336,11802658
2023-06-21,178.2635498046875,179.07278770911864,177.1537406438655,177.68552273009382,8829264
2023-06-22,176.78379821777344,178.49476403597097,176.4601115170262,178.49476403597097,9356174
2023-06-23,175.6970977783203,177.10747805537613,174.8416149705378,176.7837772809759,6470406
2023-06-26,176.1363983154297,176.59881995139142,175.2809154665028,175.7202216654618,4100400
2023-06-27,176.9225311279297,177.6855240496618,176.41386447611185,177.6855240496618,5880750
2023-06-28,176.50634765625,177.4543063843219,176.090156885888,177.4543063843219,7140112
2023-06-30,179.9513702392578,180.22882603309824,177.10748010436595,178.03232334250885,9070810
2023-07-03,181.0843048095703,182.14786886490424,180.11321660879418,182.14786886490424,9036924
2023-07-04,183.0958709716797,183.7432585052803,181.7317213624582,182.07853762460027,12617234
2023-07-05,182.1479034423828,182.84153598718396,181.19994460928402,182.24039342648572,12366958
2023-07-06,183.21145629882812,183.55827252293344,181.80106185360688,182.42533387939412,9037242
2023-07-07,183.04962158203125,183.78949907921861,181.82420697430908,182.65656033865145,9065220
2023-07-10,180.3213348388672,183.04961985399981,180.18259987146016,183.04961985399981,5630400
2023-07-11,181.29241943359375,181.63923570398987,179.35025678656967,180.3444606059738,9634838
2023-07-12,181.19993591308594,182.17102425160084,180.5063034015738,182.14789470069002,6848220
2023-07-13,182.33285522460938,184.321276833417,180.92247480384154,181.19993062274366,13595726
2023-07-14,187.30389404296875,187.511989441769,181.43114723048194,182.540956429441,31366784
2023-07-17,192.0205841064453,196.50607961477473,187.65069400696987,188.2056056142643,45759860
2023-07-18,192.9223175048828,194.35581332642857,190.63332469875596,193.29224917909033,17769026
2023-07-19,193.26914978027344,194.67953028122025,191.51193890199008,194.21710859409148,10830990
2023-07-20,193.13038635253906,194.21707997958433,191.74312149554206,193.5234475510858,8255710
2023-07-21,187.1420440673828,191.6044100880243,185.4310783480542,187.2807649151171,23514212
2023-07-24,186.84146118164062,188.66803233556723,186.58713492010142,187.88190988937353,6808460
2023-07-25,185.15362548828125,187.5119787212296,184.968659651028,187.5119787212296,6458200
2023-07-26,186.24032592773438,186.63338716611878,185.61605385641673,186.58714217713427,5329662
2023-07-27,184.945556640625,188.02065799155437,184.50625039963947,186.81835880063747,8948358
2023-07-28,184.390625,186.28655650578324,183.37329176899783,185.45418910442103,6760060
2023-07-31,187.30389404296875,187.74320027955173,184.4831331116115,184.85306480726797,6762180
2023-08-01,188.1824951171875,188.66803220232444,186.8414610496878,187.51197808343764,7181804
2023-08-02,186.263427734375,187.6969376160463,184.50623117748003,187.6969376160463,5399618
2023-08-03,184.8068084716797,185.89350216494213,183.6045093666231,185.89350216494213,6821698
2023-08-04,189.0611114501953,189.59289357318548,185.10739751946286,185.36173791705997,12481540
2023-08-07,190.12464904785156,190.98013187988062,188.69113918228777,189.56975156285108,8822866
2023-08-08,192.52926635742188,193.06104845892278,189.56977047290454,190.7026951044518,15724284
2023-08-09,193.1997528076172,193.5234535958225,190.77203923204235,192.136188695494,9309388
2023-08-10,193.5928192138672,194.5870229300529,192.15930928932585,192.87607130759088,9901644
2023-08-11,191.00326538085938,195.21130540537192,190.6795786786596,193.59282955840476,7571468
2023-08-14,191.97434997558594,192.45990118742088,189.36167041015142,191.0957516410136,5792180
2023-08-16,193.5928192138672,194.30958123213222,191.4425613830495,191.5119218075297,8131780
2023-08-17,193.0841522216797,194.40205673230506,191.67377184924908,193.5928188535688,6340960
2023-08-18,190.37899780273438,192.529255639881,188.66803206324767,191.92809903130976,10602392
2023-08-21,191.7200164794922,192.991676000855,190.35586698450757,190.42522740872963,7334260
2023-08-22,192.87608337402344,193.33850504880556,190.86454626632326,191.90499503458304,6350240
2023-08-23,192.0205841064453,193.26912816686357,191.72001286582267,192.9454273772771,6134234
2023-08-24,190.8414306640625,194.21710324228738,190.5177298471962,193.63907614930437,5776956
2023-08-25,189.45416259765625,190.19402597519823,188.25186344116653,189.59288345294803,6598510
2023-08-28,188.69114685058594,190.7258133809064,188.50618101473555,190.26339173528606,3401974
2023-08-29,188.7142791748047,190.4714758092033,188.25185752238517,189.43102709125938,3998562
2023-08-30,188.29811096191406,189.68537598144096,188.04377057447374,189.59288600201003,4018182
2023-08-31,188.85299682617188,189.59287427990583,187.95128308642407,188.66803099073556,22061952
2023-09-01,192.52926635742188,193.17665387716167,188.43683172936775,188.64492712699354,8476130
2023-09-04,200.7372283935547,201.8470374609769,192.36739423543273,193.29223747694925,27634648
2023-09-05,199.69679260253906,202.3094721056196,198.9800305770287,201.52334965492793,17973426
2023-09-06,198.51760864257812,201.40774395423918,196.94537785543227,200.5753906292763,13531912
2023-09-07,200.15921020507812,200.55227142247475,197.33843537151176,198.81819026806778,9322650
2023-09-08,198.84130859375,200.43666892377442,198.51760779542977,200.43666892377442,5748410
2023-09-11,201.0840606689453,202.30947523942632,198.88755779491726,200.2285777798208,8253314
2023-09-12,201.15342712402344,204.15916798909504,197.40780876207475,202.12451545667523,14545328
2023-09-13,201.4771270751953,202.51757583172136,199.5349504182176,201.13031082301998,7445670
2023-09-14,201.8239288330078,204.96839031544314,201.292132661606,202.7256425567118,14895010
2023-09-15,203.95106506347656,205.19960917536736,202.656290075729,203.37303799537693,19835876
2023-09-18,201.66207885742188,203.95105749496022,201.24590220623205,203.95105749496022,6025196
2023-09-20,198.88755798339844,202.00890417576474,198.40200677517024,200.80660504223326,9102700
2023-09-21,198.35574340820312,199.4193074028905,195.62744478255098,198.7950354442754,8893070
2023-09-22,193.52346801757812,197.3384467777813,192.6448696709595,196.2517530358104,19818260
2023-09-25,191.4888153076172,194.10149490623235,190.51772698360386,193.52346782193743,9301132
2023-09-26,190.9339141845703,192.7373559645631,190.3790166202595,192.7373559645631,6480566
2023-09-27,192.20556640625,192.62174309138433,189.73160762241034,190.63333553352606,7773994
2023-09-28,187.442626953125,192.59862575662476,186.8183548755736,192.59862575662476,16876116
2023-09-29,187.7663116455078,189.2460666200141,185.66229871212133,187.28077454149226,12780272
2023-10-03,187.48886108398438,188.71427561739833,186.63337822073697,187.9512827276869,5728104
2023-10-04,187.23452758789062,187.4888679684594,185.26923552999057,186.21720840158292,6905870
2023-10-05,188.11312866210938,189.77784948722322,187.28077530554714,188.64492486923513,8125304
2023-10-06,188.5986785888672,189.5003923669712,188.1825019134354,188.66803901610763,6365004
2023-10-09,187.55824279785156,190.05531713489,186.54090942143318,186.91085524558088,6030450
2023-10-10,188.55242919921875,189.01485085268095,187.83568128114788,187.92815714464697,5128014
2023-10-11,194.74887084960938,196.04365990870946,189.13045074641076,189.13045074641076,19092228
2023-10-12,192.87608337402344,195.0957017681818,191.76627417694425,195.0263413393624,10234398
2023-10-13,190.07843017578125,191.62754566086977,189.1535867950705,190.47149143498135,10914054
2023-10-16,189.68539428710938,190.47150274017795,188.73742129842108,190.0553260165545,5277652
2023-10-17,190.2402801513672,191.37321893492285,190.07842973771778,190.3790151253481,5979388
2023-10-18,188.41371154785156,191.280717380815,188.20561615546384,189.13045947809513,4881066
2023-10-19,182.79527282714844,183.46578986527643,180.3906887113564,181.24617158731627,25629102
2023-10-20,181.19993591308594,183.14209847812617,180.8068746674978,182.67967680378476,8429336
2023-10-23,177.17686462402344,181.731721013816,176.7375724933468,180.73751721998065,8837826
2023-10-25,176.57571411132812,179.2808836511287,176.22889786550726,177.7548837023234,6678294
2023-10-26,174.91098022460938,175.97454432077012,173.4312253750058,175.16530647439055,10995582
2023-10-27,176.8069305419922,177.7317738934743,175.2809305448529,175.2809305448529,6202812
2023-10-30,176.64505004882812,177.73174362414375,175.90517267125236,177.56989324280104,4688744
2023-10-31,176.55258178710938,177.61616005810941,175.32716722686038,177.1999833920611,6153536
2023-11-01,176.1595458984375,178.28667435203172,175.7896000846025,177.5005659576134,4241952
2023-11-02,177.40805053710938,178.10168296259943,176.69130267556477,177.47741095726082,4742730
2023-11-03,177.36183166503906,178.81847126261164,176.94565497087115,178.49477043826442,5291528
2023-11-06,177.8704833984375,178.70285082883754,177.10749050456232,178.49475544324036,4939936
2023-11-07,177.24620056152344,178.9571661931784,177.03811930058453,177.98607797283336,5692178
2023-11-08,176.73757934570312,178.42541572793172,176.41387851097858,177.84738860305958,7102052
2023-11-09,176.11329650878906,177.56992195240701,175.58151440867326,177.10750028065596,9231126
2023-11-10,175.3965301513672,176.55258430240966,174.33296597720377,175.85895181178415,10710700
2023-11-13,176.48321533203125,177.06124237956968,175.72022245167824,176.92252153295584,3585902
2023-11-15,181.10745239257812,181.3849082294763,177.68553470280756,178.2866772560952,10792518
2023-11-16,183.6276397705078,184.737448906497,180.02074243855688,181.1074361368752,13843576
2023-11-17,182.8415069580078,184.5062276236261,182.42533031960025,184.04380600050925,7886928
2023-11-20,185.06114196777344,185.47731861236898,181.82419055782628,181.82419055782628,8610496
2023-11-21,185.2692413330078,186.17096924437809,184.99178550551008,186.17096924437809,5440248
2023-11-22,185.0842742919922,186.1709680440245,184.5524921913775,186.12472305440812,5318582
2023-11-23,186.1247100830078,187.2807641829023,185.19986680309225,185.19986680309225,9677360
2023-11-24,183.1189727783203,186.58713514154607,182.91087739173125,186.124713493116,6250566
2023-11-28,183.5120391845703,184.39063751900284,181.77795795398407,183.58139961139594,8145314
2023-11-29,187.85879516601562,188.92235931539076,184.04381655649038,184.04381655649038,15544086
2023-11-30,191.00326538085938,191.67378244797013,186.8414703458009,188.18250448002243,19825958
2023-12-01,188.50619506835938,191.32697013933728,187.974412958648,191.32697013933728,9830426
2023-12-04,188.41371154785156,190.98014612335766,188.09001074013494,190.84142526975864,10662472
2023-12-05,186.980224609375,189.1304827769841,185.93977574324245,188.3906052053361,11165368
2023-12-06,193.6390838623047,194.40207683303572,187.72009183919027,188.09002354863864,22082070
2023-12-07,193.40785217285156,194.9107225125091,192.66797472169935,194.21709004805177,11250552
2023-12-08,195.41940307617188,196.29800143806682,191.90499551660244,193.66219224039233,15479122
2023-12-11,194.49456787109375,195.23444540599277,192.94545236939678,194.21711203150784,10084242
2023-12-12,195.23443603515625,197.87023110473433,194.28646313807093,194.54080352547945,11903364
2023-12-13,194.05523681640625,196.20549460242137,191.9049790303911,195.85867837525802,9696816
2023-12-14,200.87594604492188,201.61582344878283,195.7199478777462,195.83555328109986,24681376
2023-12-15,206.494384765625,207.85853429511602,200.4597878018527,201.63895737942096,41567234
2023-12-18,205.8932342529297,209.7082127651962,204.3903639299156,206.24005048131755,20182072
2023-12-19,202.86439514160156,206.86433982124913,201.1534292936186,206.0551018873093,16064694
2023-12-20,199.74302673339844,207.8585206142543,198.54072768497844,204.3903584238051,26449942
2023-12-21,200.6909942626953,201.84704837711178,197.54653271627805,198.33264104688803,10663008
2023-12-22,213.93936157226562,215.62719767787087,200.6909848639011,201.29212733044938,46080814
2023-12-26,217.38441467285156,220.02020954015666,207.32674405437174,209.93942348459063,54628644
2023-12-27,217.77749633789062,219.8352643513938,214.6099050002624,216.6445575745087,25262992
2023-12-28,217.0838623046875,220.76010617628617,216.25149481738973,218.5173582163859,16839956
2023-12-29,217.93931579589844,219.81213192664947,215.53473170741245,217.77747950962635,15961140
2024-01-01,220.64447021484375,223.5808502850386,216.55203611008304,218.72542333986195,20347278
2024-01-02,216.96826171875,221.037566929561,214.70238415728596,221.037566929561,14282514
2024-01-03,210.8180389404297,214.51741234271665,210.40186225507034,214.51741234271665,19534364
2024-01-04,209.19955444335938,212.64460142685942,208.73713278715744,211.3266968842861,15170336
2024-01-05,211.1417236328125,214.10121930622438,209.70821372650704,210.4249616236655,16889130
2024-01-08,208.25160217285156,212.71396847165246,207.65044553389018,211.5579142951761,10082886
2024-01-09,208.43655395507812,213.87000821791153,208.06662228836146,211.78911084065618,14465048
2024-01-10,209.75445556640625,210.86426466328905,207.62731323205435,208.76025187778183,8874676
2024-01-11,207.2574005126953,211.28046062058127,206.56376799975052,210.37874682094682,8638818
2024-01-12,215.23416137695312,216.87575258004497,210.40184951795408,210.40184951795408,36086734
2024-01-15,228.7137451171875,244.62104665172626,226.19354154374955,236.73676336379586,127844264
2024-01-16,224.27450561523438,228.89872222585777,222.19360814045385,228.89872222585777,25912492
2024-01-17,223.0721893310547,227.28022894573343,218.26300724798816,219.71963254599552,28668932
2024-01-18,223.1878204345703,226.1242009171397,216.5983115121383,223.0722150148785,26144924
2024-01-19,224.297607421875,228.13571544262612,223.62710452127772,225.66175688389882,15498620
2024-01-23,217.29193115234375,224.73692256166075,215.97402662356586,221.06066478854174,19972336
2024-01-24,221.53211975097656,221.97236287070672,216.89804119417684,218.26510002526695,11708750
2024-01-25,217.80169677734375,222.13456314803358,217.12974971555806,221.53212443765332,12852980
2024-01-29,219.19190979003906,221.0455411624707,217.80168626071534,217.80168626071534,10051300
2024-01-30,218.96018981933594,223.77962820599024,218.4967820101945,219.8406618282879,11828014
2024-01-31,221.5784454345703,222.3894091163861,217.33826672663596,218.96019409026755,10584480
2024-02-01,218.42730712890625,221.36994999616533,218.07975121880682,221.3004275004765,7828120
2024-02-02,223.89549255371094,225.44791162869754,220.11872152853306,220.11872152853306,16296222
2024-02-05,223.5247802734375,226.83814358730694,222.04186948998563,223.82599254886466,11566604
2024-02-06,231.54173278808594,232.53805685164417,223.87233841599362,224.61379381518307,29024038
2024-02-07,229.47958374023438,232.49173490651486,228.25154156646667,232.1441790027133,9103534
2024-02-08,226.5369415283203,231.75028009919873,224.79916200469418,229.80396137590307,11303840
2024-02-09,227.27838134765625,229.27102940775677,223.710135313986,227.48690639092166,7893788
2024-02-12,232.37586975097656,236.70872179213993,227.5332521093309,227.5332521093309,48873500
2024-02-13,237.0794677734375,237.7282359593343,227.8576540412489,233.14050090081696,22373576
2024-02-14,238.42333984375,239.58185947370018,230.3368671698635,233.5343926621943,22594656
2024-02-15,240.2769775390625,242.2927904342559,237.75139902284945,239.55870100653217,14570776
2024-02-16,251.63047790527344,252.5572936618306,241.412339846065,242.13061640056236,34942644
2024-02-19,248.3634490966797,252.97436297671848,246.2317559626854,252.97436297671848,18602758
2024-02-20,246.50982666015625,249.38296116410152,243.86839609549412,248.29393567896744,10374126
2024-02-21,241.62088012695312,248.52564057363023,240.74039384062357,248.34029439199458,13115574
2024-02-22,246.09274291992188,246.99639392036732,241.64403869581284,242.26962800464415,14596482
2024-02-23,248.4561309814453,250.8194997112456,247.1354016337105,247.9232006383675,19860994
2024-02-26,246.95005798339844,248.61831495273069,243.77569719663083,248.50246298863343,8820636
2024-02-27,246.27810668945312,249.03538904427214,244.47080476702172,247.45979104604115,10399260
2024-02-28,239.90625,246.04640402269067,238.6550431460893,245.60616090762588,12789056
2024-02-29,240.3232879638672,242.94155350221297,237.82090266653472,239.72086344511138,14462764
2024-03-01,240.55499267578125,243.38179740266045,239.8367161977978,242.08426113853406,9420630
2024-03-04,241.2037811279297,243.93789870222167,240.30013018156743,242.33913599468383,5662370
2024-03-05,237.86724853515625,241.20379077913702,236.6392205363597,239.92941916599077,10521548
2024-03-06,237.79774475097656,238.5855154527713,231.70392033256218,238.05261340650839,11091922
2024-03-07,238.88673400878906,241.1574436670601,236.5696948816427,238.07577031428784,9707982
2024-03-11,238.44650268554688,240.48550853173177,237.40383502687354,239.767232023702,11131512
2024-03-12,236.7318878173828,242.13058609520348,235.29532074610444,237.61235984749393,11652760
2024-03-13,233.74290466308594,240.36964506175556,230.22100235620866,238.0989354001332,13580480
2024-03-14,240.0220947265625,240.46233782835492,229.45638756230818,232.23683458309856,12825472
2024-03-15,239.5818634033203,240.16112322779642,234.66973726334578,238.53919571926332,13649086
2024-03-18,236.43069458007812,240.30013887697243,235.87459949418104,240.0452702121528,6393960
2024-03-19,229.31736755371094,235.87458552121782,228.529568585706,235.87458552121782,9617386
2024-03-20,228.69178771972656,232.28319877307587,226.69913950179946,229.8734721514135,8385344
2024-03-21,231.91246032714844,234.1599770485509,230.98564464258328,231.54172556807137,11644580
2024-03-22,225.72596740722656,227.4174032376324,222.2272296413964,226.72229146003394,28646502
2024-03-26,222.3662567138672,227.5100866093437,221.99552195351276,225.21621212530746,18273346
2024-03-27,218.86752319335938,222.87601243324863,218.38095060481407,222.29675261732075,14320668
2024-03-28,222.4821014404297,223.84914605017045,220.2577353768876,220.90651765089027,15455150
2024-04-01,224.72964477539062,225.40157767939994,223.15404675586996,224.15038495706256,6041008
2024-04-02,222.9918670654297,223.68697885286295,222.2504116637504,223.33942295914633,6932654
2024-04-03,223.91867065429688,226.00400590365237,220.55896386366854,222.4357599312546,13794516
2024-04-04,225.86497497558594,227.97348910098495,222.250399535023,225.12351961436963,16004046
2024-04-05,224.77597045898438,225.7491297657917,223.61745084185304,225.4479174937546,6414344
2024-04-08,222.38943481445312,227.8113125705198,221.60164991776495,227.0698571473358,26640770
2024-04-09,220.4894561767578,224.86866615122017,220.2114227718468,224.2662415844654,15801250
2024-04-10,221.1845703125,222.18090854494946,219.23826574710998,221.27725754317441,10771534
2024-04-12,218.1492462158203,222.4357688445964,217.80169032700064,220.11872958579852,13170046
2024-04-15,212.86639404296875,217.0370646012162,212.3334778556097,216.15659253400318,12176472
2024-04-16,207.7689208984375,212.47250794045794,206.12381447820536,209.94692939752656,21439424
2024-04-18,205.915283203125,211.05911322217844,205.2201714206066,209.69205439305802,21986258
2024-04-19,209.80792236328125,210.34083860878502,202.50924809001415,203.89947176111264,20470106
2024-04-22,214.09442138671875,216.01756108807422,208.53352732472604,209.80789888059937,18881740
2024-04-23,214.14077758789062,216.31878607162753,213.26030547139757,216.31878607162753,10322712
2024-04-24,213.12127685546875,215.32246424076655,212.5188522805374,214.9749083378248,5915168
2024-04-25,213.6310272216797,214.3493037604931,211.22130065041426,212.6578678701269,11805090
2024-04-26,215.2992706298828,220.48942959916627,213.90904720456126,214.0480638902598,21478294
2024-04-29,214.53466796875,216.87487193428376,213.90906454821484,216.712676359762,7249940
2024-04-30,214.27978515625,216.2956121147131,213.86272092327818,214.55783269225958,8902956
2024-05-02,211.96275329589844,214.55784015207283,211.0591164500558,214.279792606396,14937276
2024-05-03,211.93959045410156,214.09443420370874,210.01645063761526,213.35297878930473,9730626
2024-05-06,212.54200744628906,214.37247410952259,211.31397947294448,212.61151579533023,6918126
2024-05-07,214.97488403320312,215.64683102642257,210.387149461469,214.00172478657242,9278528
2024-05-08,214.6505126953125,216.13340926732235,213.77002650389628,215.48464113318775,8205680
2024-05-09,211.26763916015625,215.20660594432576,210.4103317963611,213.9785779517959,9233484
2024-05-10,209.39083862304688,212.00909013177636,208.67254797450778,211.33714309638256,6654714
2024-05-13,209.4371795654297,210.0396041023808,206.2164894110523,209.3908359528754,7111608
2024-05-14,211.47618103027344,213.12127328648089,209.55304122795164,209.78474515936597,4909420
2024-05-15,212.3798065185547,213.0517535405519,210.6883707381125,211.4761697196206,4793424
2024-05-16,215.2297821044922,216.64317039354108,211.3603237193135,214.0944272124406,14621472
2024-05-17,213.6310272216797,215.20661114500592,213.1907840900935,215.20661114500592,6876820
2024-05-21,213.5846710205078,215.39195877141563,213.0285900967358,214.5578303147151,8467448
2024-05-22,213.77003479003906,214.7663729776738,212.63469404681666,214.51149017582657,7765884
2024-05-23,215.85537719726562,216.874880153969,213.97858100661364,214.32613690429628,13171332
2024-05-24,214.85903930664062,218.03338579649431,214.09441920931005,216.41145837824197,8205526
2024-05-27,209.66888427734375,214.16393187037528,209.2749847822731,214.094423522324,40983758
2024-05-28,211.33714294433594,211.89323801750902,209.970098281087,210.3871625149242,15778126
2024-05-29,208.9042510986328,211.08227362935926,208.30182655630512,210.38716186109573,9756036
2024-05-30,202.48605346679688,208.30181597569154,201.62874616773476,208.07011206470636,20724568
2024-05-31,203.06532287597656,204.89577537433027,201.81411604047597,202.76409646374063,21438004
2024-06-03,205.79942321777344,208.78839528084802,204.61772474830082,208.62621385158351,8964424
2024-06-04,203.04214477539062,206.63355557974873,193.2410716667529,206.63355557974873,17730732
2024-06-05,209.22865295410156,210.8505804963814,203.45921932544314,203.76044575410666,12267428
2024-06-06,213.6310272216797,214.0944350898395,209.7384039575543,210.82741527614706,15425568
2024-06-07,224.5442657470703,225.40157308915408,217.0138882621597,217.8016872558767,72672440
2024-06-10,220.23458862304688,226.32839924101177,219.3541165048385,226.32839924101177,18311752
2024-06-11,220.6053009033203,222.06504694162768,219.81751604511538,222.06504694162768,9371714
2024-06-12,220.9991912841797,224.47475000895318,220.37358788530352,221.5089427255634,13875116
2024-06-13,223.640625,224.91499655195162,221.5784544681898,222.4357617951924,12995932
2024-06-14,221.27723693847656,225.03084315789172,220.67481242144646,224.7527956338453,11322596
2024-06-18,227.92715454101562,228.4600707417121,222.45893340920824,222.8991765248753,31870984
2024-06-19,229.73443603515625,230.38320418091823,225.56376548686293,228.11250859970886,20880284
2024-06-20,227.2552032470703,230.5454017588804,226.2588792136148,230.5454017588804,12571126
2024-06-21,227.32472229003906,232.14417539485527,226.652789371717,230.753951801255,95171176
2024-06-24,227.32472229003906,229.3405493291766,226.81498495272086,227.11619723625043,9934518
2024-06-25,230.2441864013672,230.77710258494355,226.74544875042085,227.32470854606578,9258210
2024-06-26,229.47958374023438,231.6575922521395,228.830801406136,230.2442039001807,12812090
2024-06-27,236.70870971679688,237.24164002553033,226.69911207966092,228.06615666870982,42137138
2024-06-28,238.58551025390625,239.2574572650627,234.4148539208852,237.26480925045718,16405832
2024-07-01,244.3781280517578,248.2939301960063,238.23797379634507,239.99894632334795,30757528
2024-07-02,249.4060821533203,252.55724951799579,244.81833364657422,245.28174144385494,36276968
2024-07-03,249.7768096923828,252.7657957249416,248.15488235671796,251.1207036556009,16049384
2024-07-04,245.93057250976562,254.31824399247492,245.18910291637758,250.88904258213887,19524632
2024-07-05,247.9695281982422,248.6183104992336,245.351290827047,246.23174876791202,10376090
2024-07-08,250.79632568359375,251.6304541288444,247.923191452913,248.36343455251375,12176360
2024-07-09,250.7036590576172,252.53412581108296,249.12806097722773,252.09388267531193,8681444
2024-07-10,248.17803955078125,251.79261470361897,246.4170955823903,250.7036176964234,9233748
2024-07-11,247.50611877441406,250.03169718724894,245.60615792301732,248.7109961422744,8807618
2024-07-12,259.57794189453125,261.73277162080683,250.9585381369096,252.55730102038703,54186042
2024-07-15,259.3693542480469,262.7058961025877,257.7242621962887,262.7058961025877,16099478
2024-07-16,259.3693542480469,260.71321991273385,257.84011414759794,260.36566405880603,11239032
2024-07-18,265.6253967285156,266.1814918293242,257.8169571488747,257.90964437970473,25019786
2024-07-19,258.2108459472656,268.7302092397649,257.05232638386633,268.7302092397649,26523490
2024-07-22,234.39166259765625,244.1000617893486,232.4221794223269,241.43546690507947,76014568
2024-07-23,231.9587860107422,235.4111800362175,225.3784032430122,235.4111800362175,25847632
2024-07-24,231.75025939941406,234.64655834676205,231.63440744152015,232.86243536677875,12240276
2024-07-25,234.87826538085938,235.1794776469656,228.59908069439388,229.85028751309346,21887890
2024-07-26,243.19642639160156,244.93420577456962,235.6428843304677,236.33799608365493,26153996
2024-07-29,243.01109313964844,245.86103450863808,242.29278832918743,244.67935012226818,12011554
2024-07-30,241.6671905517578,244.19276895740694,240.85622682507406,243.0110846125018,10816526
2024-07-31,241.89889526367188,243.2427893288048,240.71721091490753,241.80620803777128,7758508
2024-08-01,241.6903533935547,244.12324455454507,239.81355729762464,242.36230041866222,10759752
2024-08-02,232.7002410888672,240.62451788121035,232.16732490801425,238.6550345860825,15652228
2024-08-05,224.7528076171875,229.78078562631896,222.55162032609132,227.06984687097292,21938080
2024-08-06,226.83815002441406,231.4027203252326,225.49427004369778,226.95400199071867,11271584
2024-08-07,230.49905395507812,231.75026076453656,228.29786674212758,231.10149262492598,7079826
2024-08-08,225.8186492919922,228.92348767642173,225.3784203009429,228.92348767642173,13160570
2024-08-09,227.67227172851562,230.05883347681558,226.90765160214778,229.54908201187524,6065948
2024-08-12,226.62960815429688,228.92348271689758,225.86498801412517,227.7881278036739,7338468
2024-08-13,227.30154418945312,228.3210470883193,225.74912510612347,226.6295971685525,6289418
2024-08-14,229.45640563964844,230.2442046811051,227.27839712035615,228.46008154045512,11121756
2024-08-16,239.23431396484375,239.79040906818236,230.7539555624885,232.16734391551907,25931140
2024-08-19,240.85623168945312,242.4549944397526,238.0526198345582,239.11845224003426,11466562
2024-08-20,243.12693786621094,244.49396838541048,240.80989863479434,240.92575059636516,9543812
2024-08-21,243.9147186279297,244.72568239234081,241.4586625982617,242.54768805240238,6454402
2024-08-22,240.50868225097656,245.8610374419241,240.06843912181387,244.58666581149987,11496506
2024-08-23,237.45021057128906,241.64404625575327,236.96362380887004,240.9257696939123,11277706
2024-08-26,240.97207641601562,243.19642838763718,239.09528032384026,239.11844505896937,17351380
2024-08-27,239.65138244628906,242.47815903537432,239.1184521017738,240.97208351341547,7965796
2024-08-28,247.7378387451172,249.35976630816572,239.97575683624203,240.9720950814978,34375566
2024-08-29,249.6378173828125,251.14389291299523,247.48295954134426,247.92320266084724,25685318
2024-08-30,249.49880981445312,251.16706684142852,248.2476029021356,251.02805013654256,19434804
2024-09-02,246.74151611328125,251.1670554369318,246.4634544319631,249.49879848570532,15735982
2024-09-03,248.40975952148438,250.63411142990742,245.3744439173948,246.99637130872793,15056686
2024-09-04,240.57818603515625,244.79518597057947,239.4659959305195,244.67933401318686,20402128
2024-09-05,243.21958923339844,243.752519553695,240.74036864666266,241.52816761764348,12069118
2024-09-06,241.25009155273438,245.55980675912647,240.25378174420553,243.2195747205834,14579954
2024-09-09,238.58551025390625,241.78303559848834,237.93675626161362,239.62817787268267,11919540
2024-09-10,243.63668823242188,244.6793559424037,238.1916457469612,239.48918212921532,10287272
2024-09-11,238.35382080078125,243.86838563279701,237.84408346989656,243.2891258094412,8261524
2024-09-12,245.62933349609375,246.5329844908173,239.92942240624186,241.1806293001536,15779474
2024-09-13,255.15234375,256.03282995400747,246.00003896883865,247.36709774488403,35919706
2024-09-16,255.7548065185547,258.04865277374057,254.41091242522668,256.2645438454469,11088578
2024-09-17,255.7548065185547,257.14503008371986,253.50726145103516,254.41091242522668,8728238
2024-09-18,249.38294982910156,254.43407850538557,246.83420661283307,254.43407850538557,16665520
2024-09-19,247.1585693359375,255.54626852216686,245.2122789629399,252.18656155730392,20969182
2024-09-20,249.8231658935547,250.5878001758596,246.06957354300775,249.26709908915598,16664232
2024-09-23,247.8768768310547,250.42562007342826,246.5329827168619,249.82316722516657,8544290
2024-09-24,250.03167724609375,251.12070256581495,245.30491194583533,246.625641169646,12355694
2024-09-25,248.47930908203125,249.9622199439396,245.9537304978053,249.68415824748493,8065196
2024-09-26,251.12071228027344,251.67677904426486,248.2475781015851,249.6378015799018,11403400
2024-09-27,251.07437133789062,258.9986626653696,250.56463400871257,254.36458409403835,26462384
2024-09-30,250.91217041015625,252.325558607783,247.4597764858698,249.31340777040816,8199446
2024-10-01,253.36827087402344,254.6889720834284,250.3329547673011,250.3329547673011,9411274
2024-10-03,245.67567443847656,251.35242040335237,243.86837257272583,250.28655975812168,14035368
2024-10-04,247.25125122070312,251.1438884509139,244.70250806106213,244.70250806106213,11922754
2024-10-07,246.27810668945312,251.0280371355616,243.72936352324857,249.31342243964446,9878074
2024-10-08,244.19277954101562,247.36711209508908,241.1111059323859,246.32444440130521,11502804
2024-10-09,246.13909912109375,249.63782284945395,244.91105696361515,245.51348153204614,8841688
2024-10-10,243.2891082763672,249.1280355613324,242.57083180400411,247.9231865292504,12620244
2024-10-11,244.81837463378906,247.64517964096237,241.13427637178629,241.13427637178629,8436982
2024-10-14,254.66575622558594,255.73158853132088,248.52560274557126,249.6377928027883,33136266
2024-10-15,246.97320556640625,256.19500429756636,246.00003216507628,256.19500429756636,21601252
2024-10-16,246.60250854492188,249.6841539000561,245.14276244542506,246.99639391949256,12553622
2024-10-17,245.0269012451172,249.3134238673722,243.31228653938106,247.9000355784898,23755278
2024-10-18,254.24876403808594,258.76699121217337,243.1964682878905,246.5330109348207,74653054
2024-10-21,253.99380493164062,260.3888552257969,253.48406766316967,255.61573223844334,23966964
2024-10-22,252.76580810546875,257.42305116915696,252.02433860234663,254.7816208648628,18478300
2024-10-23,253.5767822265625,256.9596538887324,251.2597429669707,253.7157989253039,12698576
2024-10-24,253.43775939941406,255.1060163123116,252.62679567816693,253.57677609479387,9576604
2024-10-25,251.83901977539062,255.8011515198141,250.4719608631513,254.75848378264095,10124540
2024-10-28,258.8595886230469,259.4156836460173,251.491421492234,251.83897734606956,11185858
2024-10-29,260.52789306640625,261.0839881307313,256.38038724536796,259.4157029377561,12055630
2024-10-30,261.9412841796875,268.19729008225414,260.018130310786,260.66691260694245,20755492
2024-10-31,255.7084503173828,262.42786425653856,254.08652281482796,261.73275246972935,15680094
2024-11-01,255.49990844726562,257.1450289528126,254.87431915936094,255.662118166324,1962810
2024-11-04,250.61093139648438,256.0096435545876,247.55245124463377,255.3376965909359,9855560
2024-11-05,251.95486450195312,252.71947051672586,250.4256241882359,251.6304733362139,6862260
2024-11-06,261.3157043457031,262.21932704805664,250.70365300643863,253.69263936917218,19554884
2024-11-07,261.0840148925781,264.00347892432563,256.93650864640875,262.288864085308,11997142
2024-11-08,263.67901611328125,268.2204065160443,261.82538506854814,261.82538506854814,20852658
2024-11-11,265.764404296875,270.2594661379806,262.31201012737876,263.67906895365627,16139444
2024-11-12,264.4437255859375,268.63756136284337,263.702255986264,266.45953860782305,11260890
2024-11-13,263.67901611328125,265.81068050105824,262.08025368036596,264.1424238744645,11391200
2024-11-14,262.61322021484375,266.250960329234,261.454700651768,263.65588782161194,9783520
2024-11-18,256.19500732421875,262.61322273577076,250.37924471858454,262.61322273577076,15289764
2024-11-19,260.43524169921875,264.04981768874325,257.0523696613839,257.6547942789424,12919778
2024-11-21,258.18768310546875,263.030272288641,257.3303616517673,260.4351997612711,11672608
2024-11-22,264.9071044921875,265.81072715777213,258.53524665749035,260.4120427628762,14733232
2024-11-25,269.91192626953125,272.2752951518014,265.94979453905603,266.69123583587776,23297474
2024-11-26,272.9472351074219,273.5728244175138,268.4521731168999,271.0936036296126,15771340
2024-11-27,270.12042236328125,276.1910533291645,269.657014555682,274.1057181949678,13659676
2024-11-28,265.1619873046875,271.5570102160817,264.39735301003503,271.441158249266,11896556
2024-11-29,267.78021240234375,269.12410646893466,264.8839133658722,266.4595113553808,8540112
2024-12-02,270.88507080078125,271.34847868112956,267.94244207423833,269.9119255657187,11194000
2024-12-03,270.3057861328125,274.5228144273085,268.12776363831125,273.73501544621195,15445286
2024-12-04,272.48382568359375,275.2642728844467,270.44481975596625,273.0862502536109,14036431
2024-12-05,277.3959045410156,278.8788151940654,272.3911058356198,273.410608677352,13487264
2024-12-06,275.588623046875,277.25687980552044,274.52279076862004,277.25687980552044,7894350
2024-12-09,281.520263671875,283.32756556714025,272.2521068431713,273.4106264467593,9285213
2024-12-10,285.5519104003906,288.2396701565925,281.2422232397706,283.605591858255,17028502
2024-12-11,286.3860778808594,287.2202064314447,283.1885521054135,285.59827880590586,8608406
2024-12-12,286.478759765625,290.8347769080665,284.9495194040852,285.45925676320763,12958440
2024-12-13,287.26654052734375,288.28601518064926,281.9373501967142,286.4787415172861,7382211
2024-12-16,286.5714416503906,288.6104193329947,284.6251229155901,287.3128829378517,7221189
2024-12-17,286.2470397949219,289.3982075752562,284.8104584633571,288.23968792923836,10568517
2024-12-18,289.72259521484375,290.32501976662354,285.96897463682393,286.38605301799413,10965226
2024-12-19,289.8616027832031,290.4640273160065,279.1105352805333,283.9299881113001,12405595
2024-12-20,282.8641662597656,296.5810274664192,282.12269672059705,292.4103567676726,22214824
2024-12-23,285.3665771484375,287.915320580443,282.6788170042482,284.1617279306133,6693583
2024-12-24,282.95684814453125,286.57145233717273,280.6398086795935,284.99585418734574,8837902
2024-12-26,282.7251281738281,284.4861006947115,281.75198296737915,283.04951933736834,6516148
2024-12-27,286.478759765625,288.14701683563703,282.400776040128,282.8641839244839,8063921
2024-12-30,281.47393798828125,286.7567704812143,280.5007645376725,286.4787370862806,13709891
2024-12-31,279.7593078613281,280.8251401953347,273.6423189527148,278.92517943837373,9337030
2025-01-01,278.32275390625,281.149558868497,277.07157529133985,278.0447204994192,7878201
2025-01-02,281.5666198730469,282.16907275144285,275.40330065367453,276.1910997157385,8800435
2025-01-03,272.9009094238281,281.566614075587,272.4838310218605,281.1032061996995,12535720
2025-01-06,272.7618408203125,276.00569567069965,269.2862820520406,273.4106231040578,9173687
2025-01-07,272.5301513671875,275.7276769173768,269.9814081351781,272.7618552973702,7381943
2025-01-08,275.77398681640625,276.6081435331957,268.12775766307703,271.55698690005596,7937785
2025-01-09,270.9082336425781,276.191094755257,270.0277756465798,275.2642790010447,7964702
2025-01-10,278.554443359375,281.0568570274507,272.7618453167647,272.7618453167647,19505556
2025-01-13,270.49114990234375,277.34957997419525,269.0082392230916,277.07154659615924,9541248
2025-01-14,271.4179382324219,272.99350768971306,265.57898332363925,270.4447649388752,7670070
2025-01-15,271.23260498046875,273.1325941081773,268.4985156759664,271.55699612755757,4662694
2025-01-16,266.96923828125,274.80084188471824,265.71805977352847,274.24474683452576,10345666
2025-01-17,261.3157043457031,266.7375536965091,259.9718102340334,266.7375536965091,9358955
2025-01-20,278.2763977050781,283.0494926250342,275.21791738701626,279.8983250855407,39380165
2025-01-21,276.51544189453125,283.46655894424714,276.0056763403848,280.2690337877108,15619474
2025-01-22,286.478759765625,287.312888300631,277.4423060206858,277.4423060206858,30859317
2025-01-23,294.4493713378906,300.8443942745946,287.91530341312017,288.33238180897615,39904371
2025-01-24,296.6737060546875,298.89805803907456,293.4298511612402,295.6542031456272,17479586
2025-01-27,285.4129333496094,295.7932532091185,284.30074308986724,294.5420462379519,12372895
2025-01-28,286.9725341796875,290.75346340775667,285.03479064258164,287.35062133325425,12077491
2025-01-29,295.33782958984375,297.46460216342535,288.34308782643825,288.34308782643825,16338112
2025-01-30,292.0767517089844,296.5193546164998,289.19380501862076,293.9672161213403,9984186
2025-01-31,294.81793212890625,298.40983197594255,292.5966305787731,294.62890298718787,15597644
2025-02-01,288.1068115234375,296.09403649654183,286.7362419104247,295.432362306672,6046117
2025-02-03,296.42486572265625,296.80295288702996,283.8532583722681,286.40539721264355,14877076
2025-02-04,298.9297180175781,301.3873277926545,296.18855008800097,300.58387455996785,15366864
2025-02-05,299.733154296875,303.8449203817731,297.6536317941544,300.39479956868666,9628027
2025-02-06,300.53662109375,305.87717781542756,297.3228081992462,302.4743357687886,15062390
2025-02-07,300.5838623046875,301.5290945760859,296.802933219094,301.5290945760859,8589587
2025-02-10,301.5763854980469,303.41960021540694,298.5516591276092,301.3400773981906,12304840
2025-02-11,295.85772705078125,302.85244070702254,294.5344075233089,302.0017373569476,10627890
2025-02-12,293.2110900878906,298.4571181559513,292.40763681134194,296.2830952628925,9668342
2025-02-13,291.65142822265625,296.47211894662615,290.1390795491144,293.3055848247693,8832731
2025-02-14,291.22607421875,295.29056152588134,287.87048228267616,293.0692598759002,7371341
2025-02-17,288.6266784667969,293.3055608802263,285.4601446034459,291.2260672007686,7507772
2025-02-18,295.10150146484375,295.6213676312319,288.6266551895326,288.6266551895326,10368789
2025-02-19,296.8974914550781,299.16604336061,291.4151264333233,294.2035734470454,7835672
2025-02-20,296.1412658691406,297.08649816217485,293.2583189138664,294.15630113072905,7697134
2025-02-21,289.5718994140625,295.66862998951336,288.34308020740997,295.66862998951336,8722925
2025-02-24,278.8907775878906,286.68894403524723,277.2838999913071,286.3581358083803,12600963
2025-02-25,275.34613037109375,280.0722914062735,274.21186903036926,278.22910591027204,10810040
2025-02-27,278.37091064453125,279.5997010885227,275.39343468701315,277.8982944974268,15555649
2025-02-28,262.4437561035156,277.898310789088,261.82936084550124,277.898310789088,17458839
2025-03-03,268.0206298828125,270.6672978552482,264.0033922667289,264.14520020072956,11471554
2025-03-04,264.6650390625,267.5952649070748,261.1676680792655,263.7198067801339,9331785
2025-03-05,269.4857177734375,271.2344031891443,263.38895827835654,265.9883469420238,10285712
2025-03-06,270.2419128417969,276.0078357272572,267.9733610571144,272.6522725505603,9782051
2025-03-07,269.2021484375,271.94334519399126,267.4062128304959,271.6597581952849,8097300
2025-03-10,265.5157470703125,270.00560049141563,262.727329095453,268.87133904012046,8165123
2025-03-11,262.53826904296875,264.00336755675363,258.2374736538323,261.8293448241309,8602609
2025-03-12,253.84214782714844,262.4910473077437,247.83994520322958,262.4910473077437,18584311
2025-03-13,249.5413360595703,256.2524913970794,248.9269408119973,253.84213163878306,8683943
2025-03-17,245.61862182617188,250.67562046015934,244.7206395920822,249.54133014827772,12697926
2025-03-18,245.61862182617188,245.61862182617188,245.61862182617188,245.61862182617188,0
2025-03-19,251.1482391357422,251.9044134537834,242.2157821670994,247.65086801084897,14044300
2025-03-20,253.32223510742188,258.9463783581741,252.84961899714682,254.45652531056123,17038774
2025-03-21,249.82489013671875,254.78735980677095,245.9494607094484,249.54133197976765,22659168
2025-03-24,254.6455535888672,256.77232607793826,250.86462471940754,252.42425210882004,9269617
2025-03-25,256.157958984375,259.65533011046506,254.59833142400558,257.10319130535055,12563930
2025-03-26,252.755126953125,257.33950966216906,252.14073168919592,257.10320157248844,7308412
2025-03-27,257.292236328125,258.56827682010726,254.83462664833004,255.21271378840623,14783522
2025-03-28,247.88717651367188,256.96141257664425,247.27278127344067,256.15795933347977,14283389
2025-04-01,248.218017578125,248.5961047438563,244.3425592254253,246.0912448189095,8388635
2025-04-02,249.1632537841797,251.0064395630636,246.8001729039166,248.4070505947742,7136992
2025-04-03,242.310302734375,246.23301095930432,241.31780594761577,245.66586581741328,12262561
2025-04-04,232.8107147216797,240.0417359339805,231.44013079280504,239.14376814769022,14639785
2025-04-07,229.596923828125,230.49490606696565,215.51296808645233,218.3959295353868,13011904
2025-04-08,233.7086944580078,235.83546720838402,230.4949102933463,231.34561362425646,13806651
2025-04-09,223.68922424316406,229.0297955404645,221.184364347782,227.5174180491881,19063559
2025-04-11,226.61944580078125,231.58191541685676,225.29612633906794,231.58191541685676,11205821
2025-04-15,230.6366729736328,231.6291697378524,228.13181323721645,231.6291697378524,10694621
2025-04-16,234.08676147460938,234.84295016094572,227.99001633289038,230.63666952351787,16203319
2025-04-17,223.92552185058594,224.77623955829924,219.4356685108047,222.12958628391345,54875421
2025-04-21,225.39064025878906,227.61194194493845,224.39814345384784,224.39814345384784,16298364
2025-04-22,221.32614135742188,225.91052386620643,220.7117461203314,225.39064320699882,18367713
2025-04-23,230.25860595703125,231.91276256757573,223.16936334041208,224.20911027032227,31898042
2025-04-24,229.4551544189453,231.72370630410433,228.2736139739456,231.39288363336507,23000820
2025-04-25,227.70645141601562,232.66892090635434,225.01254806083466,230.58941276645146,16620430
2025-04-28,227.32835388183594,228.69893774619177,225.67419746065832,227.32835388183594,14218414
2025-04-29,228.17906188964844,230.25858440099296,226.71396342451894,228.36811988020682,16647246
2025-04-30,228.2736053466797,230.06954098596407,226.09956812542453,228.32086984731362,14206640
2025-05-02,228.4437255859375,232.33809230334896,227.56466650756312,228.78400977633075,10822257
2025-05-05,230.23023986816406,233.34949494182297,229.4078779536191,230.6366828369607,12170446
2025-05-06,227.9805908203125,232.43262707313434,227.4323543313111,231.10930756389027,8869045
2025-05-07,230.6744842529297,231.06203295765368,223.08427003425385,223.08427003425385,9130056
2025-05-08,228.3397674560547,232.36645175279133,226.20353328506914,229.795418812506,11434833
2025-05-09,228.7556610107422,229.64418166987357,223.54743629198492,223.64196529010107,10582438
2025-05-12,243.18936157226562,243.81321834304174,231.46848698623586,231.66697768951002,19791711
2025-05-13,237.79208374023438,242.87743785388216,236.89410156544565,242.87743785388216,11714159
2025-05-14,239.08705139160156,239.79597559027687,237.01699042377373,237.79208780407996,8839105
2025-05-15,242.51824951171875,243.01922145905942,236.89410598819643,239.33280696626414,12083645
2025-05-16,240.38201904296875,242.9246961862327,239.64473901773013,242.9246961862327,6640387
2025-05-19,237.9622344970703,240.78848430168534,237.5179741566736,240.38202690759667,6788784
2025-05-20,236.03396606445312,240.6561514753647,235.65586448725253,239.1437740127632,9366429
2025-05-21,237.1776885986328,238.3025173509805,234.51214099451252,236.03396558478877,5313593
2025-05-22,232.47042846679688,236.20409307558361,231.58190781889778,235.3628369261451,11469037
2025-05-23,233.8126678466797,236.77124963119516,232.14906415156557,232.62168031276735,7437642
2025-05-26,236.53494262695312,237.11153492316714,234.6066606035387,234.88078605521952,3690751
2025-05-27,234.6539306640625,237.24387249291274,234.4081754456129,237.24387249291274,6861143
2025-05-28,233.87881469726562,236.44040050667638,233.43456879761493,235.92051987121295,6205160
2025-05-29,236.44039916992188,237.95277656942864,234.51213168749553,235.97723016583672,11785042
2025-05-30,235.9961395263672,237.3572763052062,234.90912818323596,236.3080679067761,13858429
2025-06-02,234.11512756347656,234.81460465307967,232.7161878073705,234.0395216723142,5846259
2025-06-03,232.73509216308594,235.8354528746847,232.27192315550505,234.41760446060843,8573438
2025-06-04,233.34005737304688,236.1284899074843,233.00922028290134,233.00922028290134,6698150
2025-06-05,234.36090087890625,235.8260138417121,233.35895693958497,233.3778512011228,6468060
2025-06-06,234.9752960205078,236.28916835190694,233.5669091121543,233.5669091121543,4445411
2025-06-09,237.5274200439453,239.5218607883377,235.5707966687634,235.92998956076121,9193904
2025-06-10,240.91136169433594,241.79043526986945,238.03786172911973,239.0492528321261,10739851
2025-06-11,244.73956298828125,247.27277866210773,240.1835363199957,241.99836620570386,17268454
2025-06-12,245.39173889160156,248.59609017385887,242.28194545298726,245.76039332776924,14528657
2025-06-13,245.95889282226562,247.8871748234722,240.08900821796735,241.03424053378612,8692116
2025-06-16,248.49212646484375,250.77957241503506,243.86992679682112,245.7603913456337,10935361
2025-06-17,248.51104736328125,250.91194567455838,247.3295068936256,248.4921531003998,7528454
2025-06-18,247.26332092285156,251.0537117843613,246.73399312750377,248.5015729633475,5016660
2025-06-19,251.03477478027344,251.8476895364026,247.47125948988577,248.45430913234435,14184486
2025-06-20,251.9422149658203,252.56607171972811,248.47319987504505,251.4317814678595,12904674
2025-06-23,248.82293701171875,250.6756130561511,247.4712617697605,249.5413227777721,6214062
2025-06-24,250.45822143554688,253.93666962298641,250.21245178934427,250.95919343620417,6319428
2025-06-25,254.65504455566406,255.1749107967825,251.29001978086484,251.33726985871147,5331739
2025-06-26,253.8137969970703,256.4415419497362,252.556650580888,254.36204795014532,8564099
2025-06-27,250.5338134765625,255.21272497287902,250.01394724195,254.26749265816466,8906108
